{
    "simulation_name": "BBH_SKS_d15_q2.32_sA_0_0_0_sB_0_0_0/Lev3",
    "alternative_names": [
        "PRIVATE:BBH:0140",
        "SXS:BBH:0201"
    ],
    "initial_data_type": "BBH_SKS",
    "object_types": "BHBH",
    "number_of_orbits": 20.016754407,
    "reference_mass_ratio": 2.3162009562988475,
    "reference_chi_eff": 3.0954967317668825e-05,
    "reference_chi1_perp": 5.561100212460861e-08,
    "reference_chi2_perp": 4.674581737449721e-08,
    "reference_eccentricity": 0.0001406,
    "reference_dimensionless_spin1": [
        -9.52726616299e-09,
        5.47925816109e-08,
        6.22617712351e-05
    ],
    "reference_dimensionless_spin2": [
        3.75761298495e-08,
        2.78092907905e-08,
        -4.15578818604e-05
    ],
    "reference_orbital_frequency": [
        -1.33771012017e-09,
        7.48488599872e-10,
        0.0162364724632
    ],
    "reference_mass1": 0.698446912464,
    "reference_mass2": 0.301548494989,
    "reference_time": 390.0,
    "reference_position1": [
        4.60788619361,
        -0.0946815968891,
        1.1204509133e-06
    ],
    "reference_position2": [
        -10.7391024695,
        0.154151736954,
        -1.55446361143e-07
    ],
    "reference_mean_anomaly": 1.826382,
    "keywords": [],
    "point_of_contact_email": "jonathan.blackman.0@gmail.com",
    "authors_emails": [],
    "simulation_bibtex_keys": [
        "Blackman:2015pia",
        "Boyle:2019kee",
        "SXSCatalogWebsite"
    ],
    "code_bibtex_keys": [
        "Ossokine:2013zga",
        "Hemberger:2012jz",
        "Szilagyi:2009qz",
        "Boyle:2009vi",
        "Scheel:2008rj",
        "Boyle:2007ft",
        "Scheel:2006gg",
        "Lindblom:2005qh",
        "Pfeiffer:2002wt",
        "SpECwebsite"
    ],
    "initial_data_bibtex_keys": [
        "Buchman:2012dw",
        "Lovelace:2008tw",
        "Pfeiffer:2007yz",
        "Caudill:2006hw",
        "Cook:2004kt"
    ],
    "quasicircular_bibtex_keys": [
        "Mroue:2012kv",
        "Buonanno:2010yk",
        "Mroue:2010re",
        "Boyle:2007ft"
    ],
    "initial_separation": 15.0,
    "initial_orbital_frequency": 0.01585571,
    "initial_adot": -1.771e-05,
    "object1": "bh",
    "object2": "bh",
    "initial_ADM_energy": 0.9937834627158865,
    "initial_ADM_linear_momentum": [
        3.8425702e-09,
        -1.910895904e-07,
        1.48875583e-08
    ],
    "initial_ADM_angular_momentum": [
        6.344978997e-07,
        4.3689552488e-06,
        0.9303506246517188
    ],
    "initial_mass1": 0.698454581347664,
    "initial_mass2": 0.30154541814978,
    "initial_dimensionless_spin1": [
        -7.7876532e-09,
        -1.1509466e-09,
        -1.109800696e-07
    ],
    "initial_dimensionless_spin2": [
        -3.529991e-10,
        -1.2711474e-09,
        -1.06937269e-07
    ],
    "initial_position1": [
        4.5225440869730695,
        0.0294441531489067,
        0.0
    ],
    "initial_position2": [
        -10.47745591302693,
        0.0294441531489067,
        0.0
    ],
    "relaxation_time": 390.0,
    "common_horizon_time": 5277.14024705,
    "remnant_mass": 0.964781660062,
    "remnant_dimensionless_spin": [
        -5.18799010507e-08,
        4.73041232481e-08,
        0.596285137586
    ],
    "remnant_velocity": [
        -9.59343861037e-06,
        -0.000538677978,
        2.12149148777e-08
    ],
    "metadata_version": 1,
    "spec_revisions": "InitialCommit-23701-g0a6b038",
    "spells_revision": "0a6b038aae4144b0166a51109f932b2a90f86abb",
    "com_parameters": {
        "space_translation": [
            -0.0105796841,
            -0.00233403329,
            -7.21815722e-06
        ],
        "boost_velocity": [
            -1.18983326e-06,
            2.52000097e-06,
            1.2234269e-08
        ]
    },
    "initial_mass_ratio": 2.316250021748751
}