{
    "simulation_name": "0082/Lev3",
    "alternative_names": [
        "PRIVATE:BBH:0784",
        "SXS:BBH:0713"
    ],
    "initial_data_type": "BBH_SKS",
    "object_types": "BHBH",
    "number_of_orbits": 19.2479856863,
    "reference_mass_ratio": 2.0001964223473636,
    "reference_chi_eff": 0.0009505287903704654,
    "reference_chi1_perp": 0.7997710668209292,
    "reference_chi2_perp": 1.6274800192974402e-05,
    "reference_eccentricity": 0.000349,
    "reference_dimensionless_spin1": [
        -0.678040622684,
        -0.423111086213,
        0.0295615765914
    ],
    "reference_dimensionless_spin2": [
        -8.85242410954e-06,
        -2.25799403016e-05,
        -0.000116838357836
    ],
    "reference_orbital_frequency": [
        -0.000983105170523,
        0.00265859060491,
        0.0163358190363
    ],
    "reference_mass1": 0.666767508991,
    "reference_mass2": 0.333351015701,
    "reference_time": 640.0,
    "reference_position1": [
        -2.9045022875,
        -4.11177114473,
        0.515649017381
    ],
    "reference_position2": [
        5.78884243766,
        8.22419781404,
        -0.968807866836
    ],
    "reference_mean_anomaly": 2.318363,
    "keywords": [],
    "point_of_contact_email": "mgiesler@tapir.caltech.edu",
    "authors_emails": [],
    "simulation_bibtex_keys": [
        "Blackman:2017pcm",
        "Boyle:2019kee",
        "SXSCatalogWebsite"
    ],
    "code_bibtex_keys": [
        "Ossokine:2013zga",
        "Hemberger:2012jz",
        "Szilagyi:2009qz",
        "Boyle:2009vi",
        "Scheel:2008rj",
        "Boyle:2007ft",
        "Scheel:2006gg",
        "Lindblom:2005qh",
        "Pfeiffer:2002wt",
        "SpECwebsite"
    ],
    "initial_data_bibtex_keys": [
        "Buchman:2012dw",
        "Lovelace:2008tw",
        "Pfeiffer:2007yz",
        "Caudill:2006hw",
        "Cook:2004kt"
    ],
    "quasicircular_bibtex_keys": [
        "Mroue:2012kv",
        "Buonanno:2010yk",
        "Mroue:2010re",
        "Boyle:2007ft"
    ],
    "initial_separation": 14.9825439453,
    "initial_orbital_frequency": 0.015664133748,
    "initial_adot": 2.47908559063e-05,
    "object1": "bh",
    "object2": "bh",
    "initial_ADM_energy": 0.9934739946481775,
    "initial_ADM_linear_momentum": [
        2.255432e-10,
        1.2575476e-09,
        6.115789e-10
    ],
    "initial_ADM_angular_momentum": [
        -0.3537303040284345,
        -0.0378667950142208,
        0.9807901737994641
    ],
    "initial_mass1": 0.6666666668226141,
    "initial_mass2": 0.3333333333461262,
    "initial_dimensionless_spin1": [
        -0.793014939767,
        -0.105473661263,
        0.000576402165907
    ],
    "initial_dimensionless_spin2": [
        2.147914607e-07,
        -8.365858216e-07,
        2.351689703e-07
    ],
    "initial_position1": [
        5.001441215808959,
        0.0248595605992471,
        -0.0271401474657756
    ],
    "initial_position2": [
        -9.981102729491042,
        0.0248595605992471,
        -0.0271401474657756
    ],
    "relaxation_time": 640.0,
    "common_horizon_time": 5049.45785096,
    "remnant_mass": 0.958284940529,
    "remnant_dimensionless_spin": [
        -0.228760981942,
        -0.0595695824644,
        0.667448852329
    ],
    "remnant_velocity": [
        0.00132247950965,
        0.00072208352627,
        -0.00147043341507
    ],
    "metadata_version": 1,
    "spec_revisions": "InitialCommit-29628-g2cce9e5",
    "spells_revision": "2cce9e5c03773621b7d160cd7247fc453684f921",
    "com_parameters": {
        "space_translation": [
            -0.00390712,
            0.00535944,
            0.00260041
        ],
        "boost_velocity": [
            2.0590255e-05,
            -3.63425832e-05,
            -4.66557117e-06
        ]
    },
    "initial_mass_ratio": 2.000000000391085
}