{
    "simulation_name": "BBH_SKS_d15.9_q2_sA_0_0_0.371_sB_0_0_-0.850/Lev5",
    "alternative_names": [
        "PRIVATE:BBH:0040",
        "SXS:BBH:0252"
    ],
    "initial_data_type": "BBH_SKS",
    "object_types": "BHBH",
    "number_of_orbits": 22.4511431532,
    "reference_mass_ratio": 1.9994398909644873,
    "reference_chi_eff": -0.035583566615756006,
    "reference_chi1_perp": 5.9041599613416656e-08,
    "reference_chi2_perp": 5.268649864226438e-08,
    "reference_eccentricity": 0.0003509,
    "reference_dimensionless_spin1": [
        1.5237556456e-08,
        -6.23715327159e-08,
        0.37145859092
    ],
    "reference_dimensionless_spin2": [
        2.29614196968e-08,
        -3.48126125079e-08,
        -0.849439893697
    ],
    "reference_orbital_frequency": [
        2.97418950097e-11,
        -2.05782270804e-10,
        0.0148804643447
    ],
    "reference_mass1": 0.666629296889,
    "reference_mass2": 0.333408020867,
    "reference_time": 370.0,
    "reference_position1": [
        3.80226316942,
        -4.04846633973,
        -2.85638657932e-06
    ],
    "reference_position2": [
        -7.32546881089,
        7.85349617584,
        -2.66955284582e-06
    ],
    "reference_mean_anomaly": 3.100775,
    "keywords": [],
    "point_of_contact_email": "tonyc@cita.utoronto.ca",
    "authors_emails": [],
    "simulation_bibtex_keys": [
        "Chu:2015kft",
        "Boyle:2019kee",
        "SXSCatalogWebsite"
    ],
    "code_bibtex_keys": [
        "Ossokine:2013zga",
        "Hemberger:2012jz",
        "Szilagyi:2009qz",
        "Boyle:2009vi",
        "Scheel:2008rj",
        "Boyle:2007ft",
        "Scheel:2006gg",
        "Lindblom:2005qh",
        "Pfeiffer:2002wt",
        "SpECwebsite"
    ],
    "initial_data_bibtex_keys": [
        "Buchman:2012dw",
        "Lovelace:2008tw",
        "Pfeiffer:2007yz",
        "Caudill:2006hw",
        "Cook:2004kt"
    ],
    "quasicircular_bibtex_keys": [
        "Mroue:2012kv",
        "Buonanno:2010yk",
        "Mroue:2010re",
        "Boyle:2007ft"
    ],
    "initial_separation": 15.9,
    "initial_orbital_frequency": 0.0141455480257,
    "initial_adot": -0.000219371160366,
    "object1": "bh",
    "object2": "bh",
    "initial_ADM_energy": 0.9938266661288273,
    "initial_ADM_linear_momentum": [
        -1.2931603e-08,
        5.683400771e-07,
        5.9552523e-09
    ],
    "initial_ADM_angular_momentum": [
        3.0227769e-07,
        1.83211811e-06,
        1.073262661846965
    ],
    "initial_mass1": 0.666666665557329,
    "initial_mass2": 0.333333333476616,
    "initial_dimensionless_spin1": [
        -3.84249999999e-12,
        1.23006e-11,
        0.37134600087
    ],
    "initial_dimensionless_spin2": [
        2.36e-14,
        1.21e-14,
        -0.849999994913
    ],
    "initial_position1": [
        5.403026108931616,
        -0.083432820381685,
        0.0
    ],
    "initial_position2": [
        -10.496973891068384,
        -0.083432820381685,
        0.0
    ],
    "relaxation_time": 370.0,
    "common_horizon_time": 6367.26294909,
    "remnant_mass": 0.958652145223,
    "remnant_dimensionless_spin": [
        7.0604758818e-09,
        -2.7357714488e-08,
        0.69059746139
    ],
    "remnant_velocity": [
        0.000421720450733,
        5.42450675762e-06,
        -8.6401181974e-09
    ],
    "metadata_version": 1,
    "spec_revisions": [
        "InitialCommit-23808-ge525bec",
        "InitialCommit-24250-g44478b7"
    ],
    "spells_revision": "InitialCommit-23245-gfd35c55",
    "com_parameters": {
        "space_translation": [
            0.118654878,
            -0.111391227,
            3.16336443e-07
        ],
        "boost_velocity": [
            4.30049734e-06,
            6.95898744e-06,
            -8.41809771e-09
        ]
    },
    "initial_mass_ratio": 1.9999999958122912
}