{
    "simulation_name": "0001/Lev3",
    "alternative_names": [
        "PRIVATE:BBH:0236",
        "SXS:BBH:0326"
    ],
    "initial_data_type": "BBH_SKS",
    "object_types": "BHBH",
    "number_of_orbits": 19.9607902207,
    "reference_mass_ratio": 0.999921017826276,
    "reference_chi_eff": 0.3998448277416133,
    "reference_chi1_perp": 3.0484141871809805e-08,
    "reference_chi2_perp": 3.2412195393729725e-08,
    "reference_eccentricity": 0.0003255,
    "reference_dimensionless_spin1": [
        2.84974506471e-08,
        1.08227563924e-08,
        -0.000101040812844
    ],
    "reference_dimensionless_spin2": [
        -1.71702981736e-08,
        -2.28605598628e-08,
        0.799759107702
    ],
    "reference_orbital_frequency": [
        1.40823460405e-10,
        -2.18248453914e-11,
        0.0165363077084
    ],
    "reference_mass1": 0.500000200026,
    "reference_mass2": 0.500039694248,
    "reference_time": 640.0,
    "reference_position1": [
        -4.63518862039,
        -6.0273300678,
        7.61000031574e-07
    ],
    "reference_position2": [
        4.59967823366,
        6.02080548285,
        6.98257052342e-07
    ],
    "reference_mean_anomaly": 4.110055,
    "keywords": [],
    "point_of_contact_email": "daniel.hemberger@gmail.com",
    "authors_emails": [],
    "simulation_bibtex_keys": [
        "Blackman:2017dfb",
        "Boyle:2019kee",
        "SXSCatalogWebsite"
    ],
    "code_bibtex_keys": [
        "Ossokine:2013zga",
        "Hemberger:2012jz",
        "Szilagyi:2009qz",
        "Boyle:2009vi",
        "Scheel:2008rj",
        "Boyle:2007ft",
        "Scheel:2006gg",
        "Lindblom:2005qh",
        "Pfeiffer:2002wt",
        "SpECwebsite"
    ],
    "initial_data_bibtex_keys": [
        "Buchman:2012dw",
        "Lovelace:2008tw",
        "Pfeiffer:2007yz",
        "Caudill:2006hw",
        "Cook:2004kt"
    ],
    "quasicircular_bibtex_keys": [
        "Mroue:2012kv",
        "Buonanno:2010yk",
        "Mroue:2010re",
        "Boyle:2007ft"
    ],
    "initial_separation": 14.9893798828,
    "initial_orbital_frequency": 0.015444698182,
    "initial_adot": 0.0001657624646705,
    "object1": "bh",
    "object2": "bh",
    "initial_ADM_energy": 0.9925496534442145,
    "initial_ADM_linear_momentum": [
        -2.87454484e-08,
        -8.617108e-09,
        2.5602e-12
    ],
    "initial_ADM_angular_momentum": [
        -7.18708989e-08,
        8.2060733e-08,
        1.285907367682803
    ],
    "initial_mass1": 0.499999982522027,
    "initial_mass2": 0.50000002989664,
    "initial_dimensionless_spin1": [
        -8.71999999999e-13,
        1.4134e-12,
        -7.33978362002e-08
    ],
    "initial_dimensionless_spin2": [
        6.286e-13,
        -6.21500000001e-13,
        0.800000040203
    ],
    "initial_position1": [
        7.517335277156541,
        -0.0024896010985804,
        2.526795e-10
    ],
    "initial_position2": [
        -7.472044605643458,
        -0.0024896010985804,
        2.526795e-10
    ],
    "relaxation_time": 640.0,
    "common_horizon_time": 5085.543046,
    "remnant_mass": 0.937371145039,
    "remnant_dimensionless_spin": [
        6.24402424803e-09,
        -3.70126371059e-09,
        0.802611097803
    ],
    "remnant_velocity": [
        0.000472709123746,
        -0.000134883442282,
        1.01452711101e-08
    ],
    "metadata_version": 1,
    "spec_revisions": [
        "InitialCommit-28949-g1c87ecf",
        "InitialCommit-28977-g3727d27"
    ],
    "spells_revision": "1c87ecf4c8098190e6f3be55c6bc87e46f70a334",
    "com_parameters": {
        "space_translation": [
            -0.000301679596,
            -0.0019065218,
            -2.72567477e-06
        ],
        "boost_velocity": [
            1.55154771e-07,
            1.63654953e-06,
            2.90869137e-09
        ]
    },
    "initial_mass_ratio": 0.9999999052507795
}