{
    "simulation_name": "BBH_SKS_d16.5_q2_sA_0_0_-0.600_sB_0_0_0.600/Lev5",
    "alternative_names": [
        "PRIVATE:BBH:0088",
        "SXS:BBH:0237"
    ],
    "initial_data_type": "BBH_SKS",
    "object_types": "BHBH",
    "number_of_orbits": 22.5593572274,
    "reference_mass_ratio": 1.9999697072873615,
    "reference_chi_eff": -0.20004298207437585,
    "reference_chi1_perp": 3.5330595303974364e-08,
    "reference_chi2_perp": 5.0483325443944814e-08,
    "reference_eccentricity": "<3.7e-05",
    "reference_dimensionless_spin1": [
        -1.15163708256e-08,
        3.51327821416e-08,
        -0.600025546151
    ],
    "reference_dimensionless_spin2": [
        -2.18276022106e-08,
        1.98098090402e-08,
        0.599910029522
    ],
    "reference_orbital_frequency": [
        5.66426352559e-10,
        -4.71890020562e-11,
        0.0143297780484
    ],
    "reference_mass1": 0.66667433683,
    "reference_mass2": 0.333342217335,
    "reference_time": 640.0,
    "reference_position1": [
        -5.13310106131,
        2.27515936862,
        2.74547216228e-06
    ],
    "reference_position2": [
        10.2952048346,
        -4.1488813724,
        2.11446845266e-06
    ],
    "reference_mean_anomaly": 4.501163,
    "keywords": [],
    "point_of_contact_email": "tonyc@cita.utoronto.ca",
    "authors_emails": [],
    "simulation_bibtex_keys": [
        "Chu:2015kft",
        "Boyle:2019kee",
        "SXSCatalogWebsite"
    ],
    "code_bibtex_keys": [
        "Ossokine:2013zga",
        "Hemberger:2012jz",
        "Szilagyi:2009qz",
        "Boyle:2009vi",
        "Scheel:2008rj",
        "Boyle:2007ft",
        "Scheel:2006gg",
        "Lindblom:2005qh",
        "Pfeiffer:2002wt",
        "SpECwebsite"
    ],
    "initial_data_bibtex_keys": [
        "Buchman:2012dw",
        "Lovelace:2008tw",
        "Pfeiffer:2007yz",
        "Caudill:2006hw",
        "Cook:2004kt"
    ],
    "quasicircular_bibtex_keys": [
        "Mroue:2012kv",
        "Buonanno:2010yk",
        "Mroue:2010re",
        "Boyle:2007ft"
    ],
    "initial_separation": 16.5,
    "initial_orbital_frequency": 0.0135931773972,
    "initial_adot": 6.2389888536e-05,
    "object1": "bh",
    "object2": "bh",
    "initial_ADM_energy": 0.9940286233859983,
    "initial_ADM_linear_momentum": [
        -7.5201628e-09,
        -3.09745462e-08,
        -8.7904674e-09
    ],
    "initial_ADM_angular_momentum": [
        -4.742577098e-07,
        -2.8599041897e-06,
        0.8260429220907507
    ],
    "initial_mass1": 0.666666666931848,
    "initial_mass2": 0.333333332669103,
    "initial_dimensionless_spin1": [
        4.36370000001e-12,
        8.10160000001e-12,
        -0.599999998524
    ],
    "initial_dimensionless_spin2": [
        -2.79e-14,
        -4.8e-15,
        0.600000002319
    ],
    "initial_position1": [
        5.54338332010339,
        0.1158019272777437,
        0.0
    ],
    "initial_position2": [
        -10.956616679896609,
        0.1158019272777437,
        0.0
    ],
    "relaxation_time": 640.0,
    "common_horizon_time": 6861.94623799,
    "remnant_mass": 0.967225448239,
    "remnant_dimensionless_spin": [
        2.08074495353e-08,
        9.25648584775e-09,
        0.464553452011
    ],
    "remnant_velocity": [
        -0.000505640504223,
        0.00105594819349,
        4.79518656553e-09
    ],
    "metadata_version": 1,
    "spec_revisions": "InitialCommit-24016-gac5079e",
    "spells_revision": "InitialCommit-23643-gf982f00",
    "com_parameters": {
        "space_translation": [
            -0.00455025565,
            0.0831149799,
            -2.34313493e-07
        ],
        "boost_velocity": [
            1.19444429e-05,
            8.77963905e-06,
            3.33796681e-09
        ]
    },
    "initial_mass_ratio": 2.000000004780926
}