{
    "simulation_name": "0205/Lev3",
    "alternative_names": [
        "PRIVATE:BBH:0511",
        "SXS:BBH:0510"
    ],
    "initial_data_type": "BBH_SKS",
    "object_types": "BHBH",
    "number_of_orbits": 18.0307088159,
    "reference_mass_ratio": 1.711033091651088,
    "reference_chi_eff": -0.2903743481688877,
    "reference_chi1_perp": 0.006655679584112398,
    "reference_chi2_perp": 0.00012390529596007202,
    "reference_eccentricity": 0.0002528,
    "reference_dimensionless_spin1": [
        -0.000175953700252,
        0.00666065140371,
        -0.0238287390109
    ],
    "reference_dimensionless_spin2": [
        -0.000718339368918,
        0.000218146220103,
        -0.746438850253
    ],
    "reference_orbital_frequency": [
        1.7957787718e-05,
        -4.43788118669e-06,
        0.0159228814437
    ],
    "reference_mass1": 0.631168023109,
    "reference_mass2": 0.368881248521,
    "reference_time": 640.0,
    "reference_position1": [
        -4.90967415894,
        -2.99846099118,
        0.00468048948918
    ],
    "reference_position2": [
        8.43797729082,
        5.18194358211,
        -0.00809299177002
    ],
    "reference_mean_anomaly": 2.607565,
    "keywords": [],
    "point_of_contact_email": "daniel.hemberger@gmail.com",
    "authors_emails": [],
    "simulation_bibtex_keys": [
        "Blackman:2017dfb",
        "Boyle:2019kee",
        "SXSCatalogWebsite"
    ],
    "code_bibtex_keys": [
        "Ossokine:2013zga",
        "Hemberger:2012jz",
        "Szilagyi:2009qz",
        "Boyle:2009vi",
        "Scheel:2008rj",
        "Boyle:2007ft",
        "Scheel:2006gg",
        "Lindblom:2005qh",
        "Pfeiffer:2002wt",
        "SpECwebsite"
    ],
    "initial_data_bibtex_keys": [
        "Buchman:2012dw",
        "Lovelace:2008tw",
        "Pfeiffer:2007yz",
        "Caudill:2006hw",
        "Cook:2004kt"
    ],
    "quasicircular_bibtex_keys": [
        "Mroue:2012kv",
        "Buonanno:2010yk",
        "Mroue:2010re",
        "Boyle:2007ft"
    ],
    "initial_separation": 15.4822998047,
    "initial_orbital_frequency": 0.014953526902,
    "initial_adot": -0.0001866392437784,
    "object1": "bh",
    "object2": "bh",
    "initial_ADM_energy": 0.9934065604849116,
    "initial_ADM_linear_momentum": [
        -3.11058252e-08,
        -1.390302113e-07,
        -1.3463e-12
    ],
    "initial_ADM_angular_momentum": [
        0.0011056239717908,
        0.0023547777541546,
        0.9406864298822094
    ],
    "initial_mass1": 0.63117568271157,
    "initial_mass2": 0.368824321993021,
    "initial_dimensionless_spin1": [
        0.002939283468,
        0.00607249396755,
        -0.0239582216606
    ],
    "initial_dimensionless_spin2": [
        -0.000517449533625,
        0.000321675479358,
        -0.746717792096
    ],
    "initial_position1": [
        5.701900990446835,
        0.0153044829249707,
        0.0001097280717202
    ],
    "initial_position2": [
        -9.780398814253164,
        0.0153044829249707,
        0.0001097280717202
    ],
    "relaxation_time": 640.0,
    "common_horizon_time": 5003.41099566,
    "remnant_mass": 0.962585334022,
    "remnant_dimensionless_spin": [
        0.000378031960368,
        0.00180568629977,
        0.58366868128
    ],
    "remnant_velocity": [
        -0.000165248463605,
        -0.00029825500704,
        -5.89923176728e-06
    ],
    "metadata_version": 1,
    "spec_revisions": "InitialCommit-29087-gbf4785c",
    "spells_revision": "bf4785ce24ad399d0fce82459c642899a154ab08",
    "com_parameters": {
        "space_translation": [
            -0.00402373089,
            0.00264912369,
            -1.48221689e-05
        ],
        "boost_velocity": [
            3.26452077e-06,
            -9.72474946e-06,
            -2.37123573e-08
        ]
    },
    "initial_mass_ratio": 1.7113179502394997
}