{
    "simulation_name": "BBH_CFMS_d17_q7_sA_0_0_0.400_sB_0_0_0/Lev3",
    "alternative_names": [
        "PRIVATE:BBH:0016",
        "SXS:BBH:0203"
    ],
    "initial_data_type": "BBH_CFMS",
    "object_types": "BHBH",
    "number_of_orbits": 58.5264820907,
    "reference_mass_ratio": 7.001287493296376,
    "reference_chi_eff": 0.3498827928170385,
    "reference_chi1_perp": 9.402797229922607e-08,
    "reference_chi2_perp": 2.415133659391533e-08,
    "reference_eccentricity": 1.44e-05,
    "reference_dimensionless_spin1": [
        -2.44507540071e-08,
        2.7683472243e-08,
        0.399856443433
    ],
    "reference_dimensionless_spin2": [
        2.31770071407e-08,
        -6.79150796848e-09,
        2.89776520801e-06
    ],
    "reference_orbital_frequency": [
        5.49037734965e-10,
        -1.88095364054e-09,
        0.0132169067307
    ],
    "reference_mass1": 0.875156276108,
    "reference_mass2": 0.124999334329,
    "reference_time": 580.0,
    "reference_position1": [
        0.433734499067,
        2.08833519783,
        1.01269202426e-06
    ],
    "reference_position2": [
        -3.04392739387,
        -14.8541633657,
        -1.25400224504e-06
    ],
    "reference_mean_anomaly": 1.888963,
    "keywords": [],
    "point_of_contact_email": "kevinbarkett@yahoo.com",
    "authors_emails": [],
    "simulation_bibtex_keys": [
        "SXSCatalog",
        "Kumar:2015tha"
    ],
    "code_bibtex_keys": [
        "Ossokine:2013zga",
        "Hemberger:2012jz",
        "Szilagyi:2009qz",
        "Boyle:2009vi",
        "Scheel:2008rj",
        "Boyle:2007ft",
        "Scheel:2006gg",
        "Lindblom:2005qh",
        "Pfeiffer:2002wt",
        "SpECwebsite"
    ],
    "initial_data_bibtex_keys": [
        "Buchman:2012dw",
        "Lovelace:2008tw",
        "Pfeiffer:2007yz",
        "Caudill:2006hw",
        "Cook:2004kt"
    ],
    "quasicircular_bibtex_keys": [
        "Mroue:2012kv",
        "Buonanno:2010yk",
        "Mroue:2010re",
        "Boyle:2007ft"
    ],
    "initial_separation": 17.0005,
    "initial_orbital_frequency": 0.01317135,
    "initial_adot": -9.8403e-06,
    "object1": "bh",
    "object2": "bh",
    "initial_ADM_energy": 0.9972558182470705,
    "initial_ADM_linear_momentum": [
        -5.1810769e-09,
        7.8349863e-09,
        -3.5995704e-09
    ],
    "initial_ADM_angular_momentum": [
        -1.1553728965e-06,
        2.3262031077e-06,
        0.8072253432332651
    ],
    "initial_mass1": 0.874999999920271,
    "initial_mass2": 0.125000000042139,
    "initial_dimensionless_spin1": [
        -9.7e-15,
        3.40000000001e-15,
        0.399999999946
    ],
    "initial_dimensionless_spin2": [
        1.28e-14,
        -4.5e-15,
        2.73235e-11
    ],
    "initial_position1": [
        2.10989951992405,
        0.0106297301645662,
        0.0
    ],
    "initial_position2": [
        -14.89060048007595,
        0.0106297301645662,
        0.0
    ],
    "relaxation_time": 580.0,
    "common_horizon_time": 18432.2036342,
    "remnant_mass": 0.983587014218,
    "remnant_dimensionless_spin": [
        6.53935238659e-10,
        -3.24505971847e-08,
        0.605656242503
    ],
    "remnant_velocity": [
        -2.35123513711e-05,
        0.000235289679154,
        2.0127672498e-08
    ],
    "metadata_version": 1,
    "spec_revisions": [
        "InitialCommit-23616-g8bcb0a7",
        "InitialCommit-23854-gaac9a4f"
    ],
    "spells_revision": "8bcb0a78b9c1050b7953006e3f71c70782ea50fb",
    "com_parameters": {
        "space_translation": [
            -0.0454766529,
            -0.0281964878,
            -2.75605043e-05
        ],
        "boost_velocity": [
            6.89572062e-06,
            7.48676535e-06,
            6.79307587e-09
        ]
    },
    "initial_mass_ratio": 6.9999999970023845
}