{
    "simulation_name": "0074/Lev3",
    "alternative_names": [
        "PRIVATE:BBH:0251",
        "SXS:BBH:0395"
    ],
    "initial_data_type": "BBH_SKS",
    "object_types": "BHBH",
    "number_of_orbits": 19.2178520731,
    "reference_mass_ratio": 0.9999342748393064,
    "reference_chi_eff": 0.18470627269784148,
    "reference_chi1_perp": 0.4180949150735575,
    "reference_chi2_perp": 0.006156610008737582,
    "reference_eccentricity": 0.0005324,
    "reference_dimensionless_spin1": [
        -0.0999114926699,
        0.417409551387,
        -0.419288693816
    ],
    "reference_dimensionless_spin2": [
        0.0355601362826,
        -0.0103346834606,
        0.79890145885
    ],
    "reference_orbital_frequency": [
        0.000839367002396,
        -0.000253976447454,
        0.0162245201611
    ],
    "reference_mass1": 0.50000918329,
    "reference_mass2": 0.500042048634,
    "reference_time": 640.0,
    "reference_position1": [
        -5.69361806942,
        -5.21746434886,
        0.210919776496
    ],
    "reference_position2": [
        5.63105582177,
        5.20516555371,
        -0.211801819785
    ],
    "reference_mean_anomaly": 3.742624,
    "keywords": [],
    "point_of_contact_email": "daniel.hemberger@gmail.com",
    "authors_emails": [],
    "simulation_bibtex_keys": [
        "Blackman:2017dfb",
        "Boyle:2019kee",
        "SXSCatalogWebsite"
    ],
    "code_bibtex_keys": [
        "Ossokine:2013zga",
        "Hemberger:2012jz",
        "Szilagyi:2009qz",
        "Boyle:2009vi",
        "Scheel:2008rj",
        "Boyle:2007ft",
        "Scheel:2006gg",
        "Lindblom:2005qh",
        "Pfeiffer:2002wt",
        "SpECwebsite"
    ],
    "initial_data_bibtex_keys": [
        "Buchman:2012dw",
        "Lovelace:2008tw",
        "Pfeiffer:2007yz",
        "Caudill:2006hw",
        "Cook:2004kt"
    ],
    "quasicircular_bibtex_keys": [
        "Mroue:2012kv",
        "Buonanno:2010yk",
        "Mroue:2010re",
        "Boyle:2007ft"
    ],
    "initial_separation": 15.2029418945,
    "initial_orbital_frequency": 0.015141196759,
    "initial_adot": 0.0001457309966978,
    "object1": "bh",
    "object2": "bh",
    "initial_ADM_energy": 0.9927014124854266,
    "initial_ADM_linear_momentum": [
        -1.464352e-10,
        1.8583485e-09,
        9.24036e-10
    ],
    "initial_ADM_angular_momentum": [
        0.0462850960678651,
        0.08314732325691,
        1.1954023446024649
    ],
    "initial_mass1": 0.50000000539059,
    "initial_mass2": 0.499999996910769,
    "initial_dimensionless_spin1": [
        0.153187652618,
        0.397396257007,
        -0.422621849463
    ],
    "initial_dimensionless_spin2": [
        0.0296866011056,
        -0.0154947381259,
        0.799298833157
    ],
    "initial_position1": [
        7.635986617822671,
        -0.0008548272234211,
        0.0042991234323806
    ],
    "initial_position2": [
        -7.566955276677329,
        -0.0008548272234211,
        0.0042991234323806
    ],
    "relaxation_time": 640.0,
    "common_horizon_time": 5054.96258342,
    "remnant_mass": 0.944303825108,
    "remnant_dimensionless_spin": [
        0.0340078261341,
        0.0519953834372,
        0.741897628975
    ],
    "remnant_velocity": [
        0.000108222517945,
        0.000471714319486,
        -0.00114806337637
    ],
    "metadata_version": 1,
    "spec_revisions": "InitialCommit-28977-g3727d27",
    "spells_revision": "3727d27cb1189c2dffa859c586de4b14bf054cbd",
    "com_parameters": {
        "space_translation": [
            0.00063436,
            -0.00232523,
            -0.00039194
        ],
        "boost_velocity": [
            3.78954908e-07,
            1.79197457e-07,
            -5.59814828e-07
        ]
    },
    "initial_mass_ratio": 1.000000016959642
}