{
    "simulation_name": "0034/Lev3",
    "alternative_names": [
        "PRIVATE:BBH:0262",
        "SXS:BBH:0358"
    ],
    "initial_data_type": "BBH_SKS",
    "object_types": "BHBH",
    "number_of_orbits": 18.3353943587,
    "reference_mass_ratio": 1.0000557367499112,
    "reference_chi_eff": -0.08812219219661974,
    "reference_chi1_perp": 0.5548769362637235,
    "reference_chi2_perp": 0.0075450948118825426,
    "reference_eccentricity": 0.0001397,
    "reference_dimensionless_spin1": [
        -0.0372363021956,
        0.575250161072,
        -0.554517449465
    ],
    "reference_dimensionless_spin2": [
        0.0203046005239,
        -0.0107063543057,
        0.399302796812
    ],
    "reference_orbital_frequency": [
        0.00106586435518,
        -0.000570991743319,
        0.0158202665695
    ],
    "reference_mass1": 0.500031439724,
    "reference_mass2": 0.50000357115,
    "reference_time": 640.0,
    "reference_position1": [
        -6.88264823023,
        -3.80617714409,
        0.323366622907
    ],
    "reference_position2": [
        6.82097103972,
        3.79835662039,
        -0.325426068448
    ],
    "reference_mean_anomaly": 3.574197,
    "keywords": [],
    "point_of_contact_email": "daniel.hemberger@gmail.com",
    "authors_emails": [],
    "simulation_bibtex_keys": [
        "Blackman:2017dfb",
        "Boyle:2019kee",
        "SXSCatalogWebsite"
    ],
    "code_bibtex_keys": [
        "Ossokine:2013zga",
        "Hemberger:2012jz",
        "Szilagyi:2009qz",
        "Boyle:2009vi",
        "Scheel:2008rj",
        "Boyle:2007ft",
        "Scheel:2006gg",
        "Lindblom:2005qh",
        "Pfeiffer:2002wt",
        "SpECwebsite"
    ],
    "initial_data_bibtex_keys": [
        "Buchman:2012dw",
        "Lovelace:2008tw",
        "Pfeiffer:2007yz",
        "Caudill:2006hw",
        "Cook:2004kt"
    ],
    "quasicircular_bibtex_keys": [
        "Mroue:2012kv",
        "Buonanno:2010yk",
        "Mroue:2010re",
        "Boyle:2007ft"
    ],
    "initial_separation": 15.5061645508,
    "initial_orbital_frequency": 0.014939113596,
    "initial_adot": 3.1206710987e-06,
    "object1": "bh",
    "object2": "bh",
    "initial_ADM_energy": 0.9928738434416209,
    "initial_ADM_linear_momentum": [
        -2.9528669e-08,
        -1.10165745e-08,
        1.3770692e-09
    ],
    "initial_ADM_angular_momentum": [
        0.0776597945011312,
        0.0971887490660432,
        1.0800634659607462
    ],
    "initial_mass1": 0.500000037017248,
    "initial_mass2": 0.500000013262689,
    "initial_dimensionless_spin1": [
        0.289375755587,
        0.488113481106,
        -0.563920178733
    ],
    "initial_dimensionless_spin2": [
        0.0171983184542,
        -0.0122879893203,
        0.399441133605
    ],
    "initial_position1": [
        7.780432353105576,
        0.0025301527006497,
        0.0092653890738987
    ],
    "initial_position2": [
        -7.725732197694423,
        0.0025301527006497,
        0.0092653890738987
    ],
    "relaxation_time": 640.0,
    "common_horizon_time": 5028.61251383,
    "remnant_mass": 0.952233262651,
    "remnant_dimensionless_spin": [
        0.0419541857004,
        0.0492749102769,
        0.664448042457
    ],
    "remnant_velocity": [
        -0.00023199089114,
        -0.000565307993241,
        -0.00609163358062
    ],
    "metadata_version": 1,
    "spec_revisions": "InitialCommit-28971-g2d4b796",
    "spells_revision": "2d4b796de925e97fe323094e8c08fb6ad6e8a830",
    "com_parameters": {
        "space_translation": [
            -0.00058104,
            -0.00287563,
            -0.00211197
        ],
        "boost_velocity": [
            3.50740726e-07,
            -1.46314571e-06,
            -7.94926138e-07
        ]
    },
    "initial_mass_ratio": 1.0000000475091169
}