{
    "simulation_name": "BBH_SKS_d16.7_q3_sA_0_0_-0.600_sB_0_0_-0.600/Lev5",
    "alternative_names": [
        "PRIVATE:BBH:0096",
        "SXS:BBH:0264"
    ],
    "initial_data_type": "BBH_SKS",
    "object_types": "BHBH",
    "number_of_orbits": 23.4498502231,
    "reference_mass_ratio": 2.9997245932591845,
    "reference_chi_eff": -0.5999847077623951,
    "reference_chi1_perp": 6.273197627304674e-08,
    "reference_chi2_perp": 6.231125797163038e-08,
    "reference_eccentricity": 0.0002819,
    "reference_dimensionless_spin1": [
        -7.22666706879e-08,
        -1.93292137065e-08,
        -0.600035049386
    ],
    "reference_dimensionless_spin2": [
        -4.56924990059e-08,
        1.80961997229e-08,
        -0.599833696756
    ],
    "reference_orbital_frequency": [
        2.64016755785e-10,
        7.95072407611e-10,
        0.0141026377801
    ],
    "reference_mass1": 0.749977458792,
    "reference_mass2": 0.250015438243,
    "reference_time": 640.0,
    "reference_position1": [
        -3.67430186757,
        2.14599617936,
        -2.71508325806e-06
    ],
    "reference_position2": [
        10.9826629527,
        -6.26793245425,
        -2.5151207944e-06
    ],
    "reference_mean_anomaly": 0.396441,
    "keywords": [],
    "point_of_contact_email": "tonyc@cita.utoronto.ca",
    "authors_emails": [],
    "simulation_bibtex_keys": [
        "Chu:2015kft",
        "Boyle:2019kee",
        "SXSCatalogWebsite"
    ],
    "code_bibtex_keys": [
        "Ossokine:2013zga",
        "Hemberger:2012jz",
        "Szilagyi:2009qz",
        "Boyle:2009vi",
        "Scheel:2008rj",
        "Boyle:2007ft",
        "Scheel:2006gg",
        "Lindblom:2005qh",
        "Pfeiffer:2002wt",
        "SpECwebsite"
    ],
    "initial_data_bibtex_keys": [
        "Buchman:2012dw",
        "Lovelace:2008tw",
        "Pfeiffer:2007yz",
        "Caudill:2006hw",
        "Cook:2004kt"
    ],
    "quasicircular_bibtex_keys": [
        "Mroue:2012kv",
        "Buonanno:2010yk",
        "Mroue:2010re",
        "Boyle:2007ft"
    ],
    "initial_separation": 16.7,
    "initial_orbital_frequency": 0.0135147384559,
    "initial_adot": -0.000136171256539,
    "object1": "bh",
    "object2": "bh",
    "initial_ADM_energy": 0.9950860892897676,
    "initial_ADM_linear_momentum": [
        -6.406058988e-07,
        -3.0620547082e-06,
        5.69644341e-07
    ],
    "initial_ADM_angular_momentum": [
        2.77067746505e-05,
        0.0001778886491064,
        0.5090254676591724
    ],
    "initial_mass1": 0.7500000120896,
    "initial_mass2": 0.24999998647514,
    "initial_dimensionless_spin1": [
        1.04446e-11,
        1.04087e-11,
        -0.599999960557
    ],
    "initial_dimensionless_spin2": [
        2.59e-14,
        3.77000000001e-14,
        -0.600000148905
    ],
    "initial_position1": [
        4.169291576581576,
        0.0380344884438356,
        0.0
    ],
    "initial_position2": [
        -12.530708423418425,
        0.0380344884438356,
        0.0
    ],
    "relaxation_time": 640.0,
    "common_horizon_time": 7451.19766209,
    "remnant_mass": 0.978914336585,
    "remnant_dimensionless_spin": [
        -2.58149185732e-09,
        1.61951017526e-08,
        0.249532268577
    ],
    "remnant_velocity": [
        0.000563341746532,
        0.000676763968983,
        -4.2302492688e-09
    ],
    "metadata_version": 1,
    "spec_revisions": "InitialCommit-23616-g8bcb0a7",
    "spells_revision": "InitialCommit-23245-gfd35c55",
    "com_parameters": {
        "space_translation": [
            -0.03769237,
            -0.00497449079,
            7.42369097e-08
        ],
        "boost_velocity": [
            7.9046271e-07,
            1.79798463e-05,
            -4.28004654e-09
        ]
    },
    "initial_mass_ratio": 3.0000002106567316
}