{
    "simulation_name": "0154/Lev3",
    "alternative_names": [
        "PRIVATE:BBH:0324",
        "SXS:BBH:0465"
    ],
    "initial_data_type": "BBH_SKS",
    "object_types": "BHBH",
    "number_of_orbits": 18.7011721969,
    "reference_mass_ratio": 1.24982320997355,
    "reference_chi_eff": -0.022132044397069082,
    "reference_chi1_perp": 5.978979872889458e-08,
    "reference_chi2_perp": 8.727970695560934e-08,
    "reference_eccentricity": 0.0001104,
    "reference_dimensionless_spin1": [
        2.19289110095e-08,
        5.31395002692e-08,
        0.600073302049
    ],
    "reference_dimensionless_spin2": [
        -4.03467981661e-08,
        -7.33755972434e-08,
        -0.799778727755
    ],
    "reference_orbital_frequency": [
        -1.09418051648e-10,
        -1.84439684534e-11,
        0.0160377088668
    ],
    "reference_mass1": 0.555554244526,
    "reference_mass2": 0.44450626304,
    "reference_time": 640.0,
    "reference_position1": [
        -5.63855633396,
        -3.95100369175,
        -1.46752947525e-05
    ],
    "reference_position2": [
        7.12822239177,
        4.95428908593,
        -1.45779513597e-05
    ],
    "reference_mean_anomaly": 5.276744,
    "keywords": [],
    "point_of_contact_email": "daniel.hemberger@gmail.com",
    "authors_emails": [],
    "simulation_bibtex_keys": [
        "Blackman:2017dfb",
        "Boyle:2019kee",
        "SXSCatalogWebsite"
    ],
    "code_bibtex_keys": [
        "Ossokine:2013zga",
        "Hemberger:2012jz",
        "Szilagyi:2009qz",
        "Boyle:2009vi",
        "Scheel:2008rj",
        "Boyle:2007ft",
        "Scheel:2006gg",
        "Lindblom:2005qh",
        "Pfeiffer:2002wt",
        "SpECwebsite"
    ],
    "initial_data_bibtex_keys": [
        "Buchman:2012dw",
        "Lovelace:2008tw",
        "Pfeiffer:2007yz",
        "Caudill:2006hw",
        "Cook:2004kt"
    ],
    "quasicircular_bibtex_keys": [
        "Mroue:2012kv",
        "Buonanno:2010yk",
        "Mroue:2010re",
        "Boyle:2007ft"
    ],
    "initial_separation": 15.3851928711,
    "initial_orbital_frequency": 0.014857565417,
    "initial_adot": -0.0001112605652679,
    "object1": "bh",
    "object2": "bh",
    "initial_ADM_energy": 0.9929140237746318,
    "initial_ADM_linear_momentum": [
        4.05748036e-08,
        -1.78314831e-08,
        -5.9893e-12
    ],
    "initial_ADM_angular_momentum": [
        -3.784854421e-07,
        1.166340128e-07,
        1.1276690361085728
    ],
    "initial_mass1": 0.555555548281048,
    "initial_mass2": 0.444444455043751,
    "initial_dimensionless_spin1": [
        6.29200000002e-13,
        -7.69700000001e-13,
        0.599999974221
    ],
    "initial_dimensionless_spin2": [
        -1.6183e-12,
        1.463e-13,
        -0.800000043192
    ],
    "initial_position1": [
        6.801872917004121,
        0.0058096057148523,
        4.621028e-10
    ],
    "initial_position2": [
        -8.583319954095877,
        0.0058096057148523,
        4.621028e-10
    ],
    "relaxation_time": 640.0,
    "common_horizon_time": 5046.97012161,
    "remnant_mass": 0.951254233178,
    "remnant_dimensionless_spin": [
        -7.04716767654e-09,
        4.53889559741e-09,
        0.705029766293
    ],
    "remnant_velocity": [
        0.000510464260037,
        0.000725916446059,
        -1.36841164387e-08
    ],
    "metadata_version": 1,
    "spec_revisions": "InitialCommit-28992-g2927f34",
    "spells_revision": "2927f34e8cc941f34696edeebf6ddc873b3bebb5",
    "com_parameters": {
        "space_translation": [
            -0.00239916953,
            0.00463173439,
            1.00819092e-06
        ],
        "boost_velocity": [
            -6.86525479e-07,
            -1.44336225e-05,
            -2.76383692e-08
        ]
    },
    "initial_mass_ratio": 1.2499999538218094
}