{
    "simulation_name": "BBH_CFMS_d11.2_q10_sA_0_0_0_sB_0_0_0/Lev5",
    "alternative_names": [
        "PRIVATE:BBH:0103",
        "SXS:BBH:0303"
    ],
    "initial_data_type": "BBH_CFMS",
    "object_types": "BHBH",
    "number_of_orbits": 19.2666333966,
    "reference_mass_ratio": 9.99994142027153,
    "reference_chi_eff": 8.661891678128952e-07,
    "reference_chi1_perp": 7.247624211317153e-09,
    "reference_chi2_perp": 6.536656867286491e-11,
    "reference_eccentricity": "<5.6e-05",
    "reference_dimensionless_spin1": [
        7.23158744872e-09,
        4.81872399898e-10,
        8.74404515105e-07
    ],
    "reference_dimensionless_spin2": [
        -4.81350538664e-11,
        -4.42254993311e-11,
        7.84036176137e-07
    ],
    "reference_orbital_frequency": [
        4.94520819599e-12,
        -3.64262595131e-11,
        0.0239463822344
    ],
    "reference_mass1": 0.909091752818,
    "reference_mass2": 0.0909097078284,
    "reference_time": 230.0,
    "reference_position1": [
        0.681218107931,
        -0.76213238615,
        -1.11812497463e-09
    ],
    "reference_position2": [
        -6.8679477401,
        7.36937709429,
        1.28101865393e-08
    ],
    "reference_mean_anomaly": 0.364029,
    "keywords": [],
    "point_of_contact_email": "tonyc@cita.utoronto.ca",
    "authors_emails": [],
    "simulation_bibtex_keys": [
        "Chu:2015kft",
        "Boyle:2019kee",
        "SXSCatalogWebsite"
    ],
    "code_bibtex_keys": [
        "Ossokine:2013zga",
        "Hemberger:2012jz",
        "Szilagyi:2009qz",
        "Boyle:2009vi",
        "Scheel:2008rj",
        "Boyle:2007ft",
        "Scheel:2006gg",
        "Lindblom:2005qh",
        "Pfeiffer:2002wt",
        "SpECwebsite"
    ],
    "initial_data_bibtex_keys": [
        "Buchman:2012dw",
        "Lovelace:2008tw",
        "Pfeiffer:2007yz",
        "Caudill:2006hw",
        "Cook:2004kt"
    ],
    "quasicircular_bibtex_keys": [
        "Mroue:2012kv",
        "Buonanno:2010yk",
        "Mroue:2010re",
        "Boyle:2007ft"
    ],
    "initial_separation": 11.2,
    "initial_orbital_frequency": 0.0238304063647,
    "initial_adot": -4.8872674699e-05,
    "object1": "bh",
    "object2": "bh",
    "initial_ADM_energy": 0.9969425094396044,
    "initial_ADM_linear_momentum": [
        9.4803873e-09,
        -1.5347984e-09,
        2.1675636e-09
    ],
    "initial_ADM_angular_momentum": [
        4.744290123e-07,
        -1.3314322284e-06,
        0.3317746801548059
    ],
    "initial_mass1": 0.909090909081519,
    "initial_mass2": 0.0909090909220208,
    "initial_dimensionless_spin1": [
        3.16447093e-08,
        -7.625461e-10,
        -4.85351282e-08
    ],
    "initial_dimensionless_spin2": [
        -6.07943e-11,
        -2.51020000001e-12,
        -4.990117e-10
    ],
    "initial_position1": [
        1.010920927043982,
        0.0139755921026011,
        0.0
    ],
    "initial_position2": [
        -10.189079072956018,
        0.0139755921026011,
        0.0
    ],
    "relaxation_time": 230.0,
    "common_horizon_time": 3688.23691792,
    "remnant_mass": 0.991779446023,
    "remnant_dimensionless_spin": [
        -2.69256187543e-08,
        -5.30904488597e-08,
        0.260611813827
    ],
    "remnant_velocity": [
        0.000219997876997,
        -6.67241069972e-05,
        4.29028672518e-09
    ],
    "metadata_version": 1,
    "spec_revisions": [
        "InitialCommit-22272-g66cd00a",
        "InitialCommit-24016-gac5079e"
    ],
    "spells_revision": "InitialCommit-21916-g19475f2",
    "com_parameters": {
        "space_translation": [
            -0.0149534071,
            0.0044453831,
            4.09998698e-09
        ],
        "boost_velocity": [
            1.34745574e-06,
            -2.98451381e-06,
            -2.86295824e-12
        ]
    },
    "initial_mass_ratio": 9.99999999847442
}