{
    "simulation_name": "BBH_CFMS_d16.3_q2_sA_0_0_-0.300_sB_0_0_0.300/Lev5",
    "alternative_names": [
        "PRIVATE:BBH:0077",
        "SXS:BBH:0242"
    ],
    "initial_data_type": "BBH_CFMS",
    "object_types": "BHBH",
    "number_of_orbits": 23.066165498,
    "reference_mass_ratio": 1.9999707691177517,
    "reference_chi_eff": -0.09999188788987835,
    "reference_chi1_perp": 1.0925412134545038e-12,
    "reference_chi2_perp": 1.6411702818712366e-12,
    "reference_eccentricity": "<4.9e-05",
    "reference_dimensionless_spin1": [
        -2.11622627756e-13,
        -6.6884433761e-15,
        -0.299962121951
    ],
    "reference_dimensionless_spin2": [
        1.4365014641e-12,
        5.28790841352e-13,
        0.299942734926
    ],
    "reference_orbital_frequency": [
        -5.69386832402e-15,
        4.94677548643e-14,
        0.0141655518114
    ],
    "reference_mass1": 0.666702941088,
    "reference_mass2": 0.333356342694,
    "reference_time": 230.0,
    "reference_position1": [
        -5.44533273754,
        -0.505462061897,
        4.12120407421e-11
    ],
    "reference_position2": [
        10.7272889918,
        1.03883940268,
        4.23197739602e-11
    ],
    "reference_mean_anomaly": 1.47981,
    "keywords": [],
    "point_of_contact_email": "tonyc@cita.utoronto.ca",
    "authors_emails": [],
    "simulation_bibtex_keys": [
        "Chu:2015kft",
        "Boyle:2019kee",
        "SXSCatalogWebsite"
    ],
    "code_bibtex_keys": [
        "Ossokine:2013zga",
        "Hemberger:2012jz",
        "Szilagyi:2009qz",
        "Boyle:2009vi",
        "Scheel:2008rj",
        "Boyle:2007ft",
        "Scheel:2006gg",
        "Lindblom:2005qh",
        "Pfeiffer:2002wt",
        "SpECwebsite"
    ],
    "initial_data_bibtex_keys": [
        "Buchman:2012dw",
        "Lovelace:2008tw",
        "Pfeiffer:2007yz",
        "Caudill:2006hw",
        "Cook:2004kt"
    ],
    "quasicircular_bibtex_keys": [
        "Mroue:2012kv",
        "Buonanno:2010yk",
        "Mroue:2010re",
        "Boyle:2007ft"
    ],
    "initial_separation": 16.3,
    "initial_orbital_frequency": 0.0140767091067,
    "initial_adot": -2.91846516643e-05,
    "object1": "bh",
    "object2": "bh",
    "initial_ADM_energy": 0.9940208896172025,
    "initial_ADM_linear_momentum": [
        2.3534927e-09,
        3.23463e-11,
        1.7696572e-09
    ],
    "initial_ADM_angular_momentum": [
        2.7033785272e-06,
        9.416021888e-07,
        0.918498095811824
    ],
    "initial_mass1": 0.666666666488139,
    "initial_mass2": 0.333333333518241,
    "initial_dimensionless_spin1": [
        -7.7e-15,
        2.2e-14,
        -0.299999999953
    ],
    "initial_dimensionless_spin2": [
        -5e-16,
        2.5e-15,
        0.300000000203
    ],
    "initial_position1": [
        5.428768057520365,
        0.0187245489748857,
        0.0
    ],
    "initial_position2": [
        -10.871231942479636,
        0.0187245489748857,
        0.0
    ],
    "relaxation_time": 230.0,
    "common_horizon_time": 6881.40849028,
    "remnant_mass": 0.964621960021,
    "remnant_dimensionless_spin": [
        1.48750860069e-09,
        2.21806437523e-09,
        0.54468348074
    ],
    "remnant_velocity": [
        0.000394361301823,
        -0.000746537846814,
        4.71682020139e-10
    ],
    "metadata_version": 1,
    "spec_revisions": [
        "InitialCommit-22272-g66cd00a",
        "InitialCommit-23906-g40010e4"
    ],
    "spells_revision": "InitialCommit-21916-g19475f2",
    "com_parameters": {
        "space_translation": [
            -0.0226652589,
            0.00996833254,
            9.30697326e-12
        ],
        "boost_velocity": [
            4.97908439e-06,
            -2.8744913e-06,
            8.88470336e-14
        ]
    },
    "initial_mass_ratio": 1.999999998354971
}