{
    "simulation_name": "0271/Lev3",
    "alternative_names": "SXS:BBH:0885",
    "initial_data_type": "BBH_SKS",
    "object_types": "BHBH",
    "number_of_orbits": 19.6793268035,
    "reference_mass_ratio": 1.999725659546328,
    "reference_chi_eff": 0.18932986417052605,
    "reference_chi1_perp": 3.368783106480888e-06,
    "reference_chi2_perp": 0.5629149398377189,
    "reference_eccentricity": 0.0002793,
    "reference_dimensionless_spin1": [
        2.29382033349e-09,
        -3.5316748275e-06,
        -5.82903253949e-06
    ],
    "reference_dimensionless_spin2": [
        -0.264544380623,
        -0.489798174466,
        0.574067837719
    ],
    "reference_orbital_frequency": [
        -0.000528964398101,
        0.000476098264096,
        0.0166532239568
    ],
    "reference_mass1": 0.666682291877,
    "reference_mass2": 0.333386876692,
    "reference_time": 510.0,
    "reference_position1": [
        -2.39886555323,
        4.39311391055,
        -0.192919764511
    ],
    "reference_position2": [
        4.88880532518,
        -8.79845022079,
        0.415695074854
    ],
    "reference_mean_anomaly": 0.982201,
    "keywords": [],
    "point_of_contact_email": "scheel@tapir.caltech.edu",
    "authors_emails": [],
    "simulation_bibtex_keys": [
        "Blackman:2017pcm",
        "Boyle:2019kee",
        "SXSCatalogWebsite"
    ],
    "code_bibtex_keys": [
        "Ossokine:2013zga",
        "Hemberger:2012jz",
        "Szilagyi:2009qz",
        "Boyle:2009vi",
        "Scheel:2008rj",
        "Boyle:2007ft",
        "Scheel:2006gg",
        "Lindblom:2005qh",
        "Pfeiffer:2002wt",
        "SpECwebsite"
    ],
    "initial_data_bibtex_keys": [
        "Buchman:2012dw",
        "Lovelace:2008tw",
        "Pfeiffer:2007yz",
        "Caudill:2006hw",
        "Cook:2004kt"
    ],
    "quasicircular_bibtex_keys": [
        "Mroue:2012kv",
        "Buonanno:2010yk",
        "Mroue:2010re",
        "Boyle:2007ft"
    ],
    "initial_separation": 14.8043823242,
    "initial_orbital_frequency": 0.015702067334,
    "initial_adot": 0.0002852042592734,
    "object1": "bh",
    "object2": "bh",
    "initial_ADM_energy": 0.9933794671941993,
    "initial_ADM_linear_momentum": [
        -3.09336417e-08,
        -1.24409367e-08,
        2.6358339e-09
    ],
    "initial_ADM_angular_momentum": [
        -0.056615710001254,
        -0.0260157842982279,
        1.03300923898118
    ],
    "initial_mass1": 0.6666666892674825,
    "initial_mass2": 0.3333333442446442,
    "initial_dimensionless_spin1": [
        1.0370008e-09,
        -1.5514361e-09,
        -2.50782948e-08
    ],
    "initial_dimensionless_spin2": [
        -0.503626141153,
        -0.255764791508,
        0.566519615083
    ],
    "initial_position1": [
        4.951780699173016,
        0.0197968367009047,
        0.0086591362604974
    ],
    "initial_position2": [
        -9.852601625026985,
        0.0197968367009047,
        0.0086591362604974
    ],
    "relaxation_time": 510.0,
    "common_horizon_time": 5051.84579386,
    "remnant_mass": 0.957780609211,
    "remnant_dimensionless_spin": [
        -0.0333915540819,
        -0.0194145537875,
        0.656371742505
    ],
    "remnant_velocity": [
        -0.000761536808323,
        -0.000214660427913,
        0.00173748357123
    ],
    "metadata_version": 1,
    "spec_revisions": "InitialCommit-29628-g2cce9e5",
    "spells_revision": "2cce9e5c03773621b7d160cd7247fc453684f921",
    "com_parameters": {
        "space_translation": [
            -0.00317013,
            0.00624036,
            -0.00022332
        ],
        "boost_velocity": [
            1.24788934e-05,
            -3.44544476e-05,
            -5.62828483e-08
        ]
    },
    "initial_mass_ratio": 2.0000000023345823
}