{
    "simulation_name": "0029/Lev3",
    "alternative_names": [
        "PRIVATE:BBH:0312",
        "SXS:BBH:0353"
    ],
    "initial_data_type": "BBH_SKS",
    "object_types": "BHBH",
    "number_of_orbits": 18.5635801073,
    "reference_mass_ratio": 1.430982931778751,
    "reference_chi_eff": -0.10450355193845176,
    "reference_chi1_perp": 0.5250730002721339,
    "reference_chi2_perp": 0.006588851554194567,
    "reference_eccentricity": 0.0001441,
    "reference_dimensionless_spin1": [
        -0.00938283467836,
        0.517753172058,
        0.388269764606
    ],
    "reference_dimensionless_spin2": [
        -0.0580759323253,
        0.0157008431815,
        -0.793320520161
    ],
    "reference_orbital_frequency": [
        0.00127967303357,
        -0.000241750001228,
        0.0159763251001
    ],
    "reference_mass1": 0.588677755254,
    "reference_mass2": 0.411379997749,
    "reference_time": 640.0,
    "reference_position1": [
        -5.22125009222,
        -3.63207888755,
        0.362398402931
    ],
    "reference_position2": [
        7.53779334685,
        5.26310610959,
        -0.52497668178
    ],
    "reference_mean_anomaly": 3.82453,
    "keywords": [],
    "point_of_contact_email": "daniel.hemberger@gmail.com",
    "authors_emails": [],
    "simulation_bibtex_keys": [
        "Blackman:2017dfb",
        "Boyle:2019kee",
        "SXSCatalogWebsite"
    ],
    "code_bibtex_keys": [
        "Ossokine:2013zga",
        "Hemberger:2012jz",
        "Szilagyi:2009qz",
        "Boyle:2009vi",
        "Scheel:2008rj",
        "Boyle:2007ft",
        "Scheel:2006gg",
        "Lindblom:2005qh",
        "Pfeiffer:2002wt",
        "SpECwebsite"
    ],
    "initial_data_bibtex_keys": [
        "Buchman:2012dw",
        "Lovelace:2008tw",
        "Pfeiffer:2007yz",
        "Caudill:2006hw",
        "Cook:2004kt"
    ],
    "quasicircular_bibtex_keys": [
        "Mroue:2012kv",
        "Buonanno:2010yk",
        "Mroue:2010re",
        "Boyle:2007ft"
    ],
    "initial_separation": 15.4010009766,
    "initial_orbital_frequency": 0.014925760746,
    "initial_adot": -9.69434398301e-05,
    "object1": "bh",
    "object2": "bh",
    "initial_ADM_energy": 0.993078714469683,
    "initial_ADM_linear_momentum": [
        3.55049758e-08,
        -1.10314675e-08,
        -1.108918e-10
    ],
    "initial_ADM_angular_momentum": [
        0.0804257376090133,
        0.1616968802156421,
        1.0773485371120382
    ],
    "initial_mass1": 0.588661374996544,
    "initial_mass2": 0.411338621132036,
    "initial_dimensionless_spin1": [
        0.252040368876,
        0.4662157958,
        0.371690234467
    ],
    "initial_dimensionless_spin2": [
        -0.0412997577334,
        0.0249901866921,
        -0.7944517975
    ],
    "initial_position1": [
        6.30858685177098,
        0.0105362470859347,
        0.0087558739917511
    ],
    "initial_position2": [
        -9.09241412482902,
        0.0105362470859347,
        0.0087558739917511
    ],
    "relaxation_time": 640.0,
    "common_horizon_time": 5035.06606544,
    "remnant_mass": 0.954593738034,
    "remnant_dimensionless_spin": [
        0.0342076219644,
        0.0798382562061,
        0.703546228523
    ],
    "remnant_velocity": [
        -0.00018502983315,
        -0.000507816706627,
        -0.00209141379782
    ],
    "metadata_version": 1,
    "spec_revisions": [
        "InitialCommit-28971-g2d4b796",
        "InitialCommit-28997-g8de95ad",
        "InitialCommit-29042-gaae6304"
    ],
    "spells_revision": "2d4b796de925e97fe323094e8c08fb6ad6e8a830",
    "com_parameters": {
        "space_translation": [
            -0.0020363,
            0.00161086,
            -0.00202095
        ],
        "boost_velocity": [
            1.09791005e-06,
            1.40502465e-05,
            -1.51245104e-07
        ]
    },
    "initial_mass_ratio": 1.4310870527462312
}