{
    "simulation_name": "0021/Lev3",
    "alternative_names": [
        "PRIVATE:BBH:0486",
        "SXS:BBH:0345"
    ],
    "initial_data_type": "BBH_SKS",
    "object_types": "BHBH",
    "number_of_orbits": 19.2070095534,
    "reference_mass_ratio": 1.6634120593254624,
    "reference_chi_eff": 0.03461753959026487,
    "reference_chi1_perp": 0.5332488818516511,
    "reference_chi2_perp": 0.0019383356464118286,
    "reference_eccentricity": 0.0006764,
    "reference_dimensionless_spin1": [
        -0.0998410637128,
        0.518256907769,
        0.251835186178
    ],
    "reference_dimensionless_spin2": [
        -0.0258036896272,
        0.00253086942329,
        -0.306014636057
    ],
    "reference_orbital_frequency": [
        0.00144496579228,
        -6.17763112506e-05,
        0.016267973153
    ],
    "reference_mass1": 0.624546334625,
    "reference_mass2": 0.375460987627,
    "reference_time": 640.0,
    "reference_position1": [
        -3.9691903711,
        -4.14339728986,
        0.334948205161
    ],
    "reference_position2": [
        6.60613114792,
        6.92747920801,
        -0.562339968829
    ],
    "reference_mean_anomaly": 2.290496,
    "keywords": [],
    "point_of_contact_email": "daniel.hemberger@gmail.com",
    "authors_emails": [],
    "simulation_bibtex_keys": [
        "Blackman:2017dfb",
        "Boyle:2019kee",
        "SXSCatalogWebsite"
    ],
    "code_bibtex_keys": [
        "Ossokine:2013zga",
        "Hemberger:2012jz",
        "Szilagyi:2009qz",
        "Boyle:2009vi",
        "Scheel:2008rj",
        "Boyle:2007ft",
        "Scheel:2006gg",
        "Lindblom:2005qh",
        "Pfeiffer:2002wt",
        "SpECwebsite"
    ],
    "initial_data_bibtex_keys": [
        "Buchman:2012dw",
        "Lovelace:2008tw",
        "Pfeiffer:2007yz",
        "Caudill:2006hw",
        "Cook:2004kt"
    ],
    "quasicircular_bibtex_keys": [
        "Mroue:2012kv",
        "Buonanno:2010yk",
        "Mroue:2010re",
        "Boyle:2007ft"
    ],
    "initial_separation": 15.1420898438,
    "initial_orbital_frequency": 0.015615505801,
    "initial_adot": -1.074508137e-07,
    "object1": "bh",
    "object2": "bh",
    "initial_ADM_energy": 0.9931286208191857,
    "initial_ADM_linear_momentum": [
        -2.3799968e-09,
        -5.46497052e-08,
        -1.7298098e-09
    ],
    "initial_ADM_angular_momentum": [
        0.0572660488350338,
        0.1949722934049507,
        1.0860148009399742
    ],
    "initial_mass1": 0.62455105461554,
    "initial_mass2": 0.375448946825863,
    "initial_dimensionless_spin1": [
        0.153702828545,
        0.51259107602,
        0.23572244994
    ],
    "initial_dimensionless_spin2": [
        -0.0193712501179,
        0.0082099727407,
        -0.306332343476
    ],
    "initial_position1": [
        5.677008212382383,
        0.0166959086287732,
        0.005616034088719
    ],
    "initial_position2": [
        -9.465081631417616,
        0.0166959086287732,
        0.005616034088719
    ],
    "relaxation_time": 640.0,
    "common_horizon_time": 5081.36466776,
    "remnant_mass": 0.954057777714,
    "remnant_dimensionless_spin": [
        0.0247439411422,
        0.110897308297,
        0.71168357473
    ],
    "remnant_velocity": [
        0.000370804086141,
        -0.000421944041588,
        -0.00145272226381
    ],
    "metadata_version": 1,
    "spec_revisions": "InitialCommit-29087-gbf4785c",
    "spells_revision": "bf4785ce24ad399d0fce82459c642899a154ab08",
    "com_parameters": {
        "space_translation": [
            -0.00345398,
            0.00093524,
            -0.00078743
        ],
        "boost_velocity": [
            -9.14751083e-07,
            -1.22921501e-05,
            -4.75917071e-07
        ]
    },
    "initial_mass_ratio": 1.66347797722073
}