{
    "simulation_name": "0308/Lev3",
    "alternative_names": [
        "PRIVATE:BBH:0988",
        "SXS:BBH:0920"
    ],
    "initial_data_type": "BBH_SKS",
    "object_types": "BHBH",
    "number_of_orbits": 16.952706229,
    "reference_mass_ratio": 1.999730539399089,
    "reference_chi_eff": -0.5326263973624143,
    "reference_chi1_perp": 0.02312583468458013,
    "reference_chi2_perp": 0.7997224014331693,
    "reference_eccentricity": 0.0002823,
    "reference_dimensionless_spin1": [
        0.00937489220446,
        -0.0433456489668,
        -0.798805748414
    ],
    "reference_dimensionless_spin2": [
        -0.569127564483,
        -0.56097272895,
        0.0310070984077
    ],
    "reference_orbital_frequency": [
        -0.000414101224477,
        0.00124880410132,
        0.0157315374486
    ],
    "reference_mass1": 0.666648830196,
    "reference_mass2": 0.333369330048,
    "reference_time": 640.0,
    "reference_position1": [
        -4.73125212977,
        -2.32777046848,
        0.0496990441312
    ],
    "reference_position2": [
        9.36690134439,
        4.74563651464,
        -0.140697924002
    ],
    "reference_mean_anomaly": 3.604256,
    "keywords": [],
    "point_of_contact_email": "daniel.hemberger@gmail.com",
    "authors_emails": [],
    "simulation_bibtex_keys": [
        "Blackman:2017pcm",
        "Boyle:2019kee",
        "SXSCatalogWebsite"
    ],
    "code_bibtex_keys": [
        "Ossokine:2013zga",
        "Hemberger:2012jz",
        "Szilagyi:2009qz",
        "Boyle:2009vi",
        "Scheel:2008rj",
        "Boyle:2007ft",
        "Scheel:2006gg",
        "Lindblom:2005qh",
        "Pfeiffer:2002wt",
        "SpECwebsite"
    ],
    "initial_data_bibtex_keys": [
        "Buchman:2012dw",
        "Lovelace:2008tw",
        "Pfeiffer:2007yz",
        "Caudill:2006hw",
        "Cook:2004kt"
    ],
    "quasicircular_bibtex_keys": [
        "Mroue:2012kv",
        "Buonanno:2010yk",
        "Mroue:2010re",
        "Boyle:2007ft"
    ],
    "initial_separation": 15.6192626953,
    "initial_orbital_frequency": 0.014516750825,
    "initial_adot": -6.70528933679e-05,
    "object1": "bh",
    "object2": "bh",
    "initial_ADM_energy": 0.993869509262969,
    "initial_ADM_linear_momentum": [
        2.3934606e-09,
        -1.250496047e-07,
        1.2727803e-09
    ],
    "initial_ADM_angular_momentum": [
        -0.0872239182357325,
        -0.0005867215063386,
        0.6635600019853387
    ],
    "initial_mass1": 0.6666666342393534,
    "initial_mass2": 0.333333337011529,
    "initial_dimensionless_spin1": [
        0.00706189810176,
        -0.037487328874,
        -0.799090036193
    ],
    "initial_dimensionless_spin2": [
        -0.799990104125,
        -0.00364267354677,
        -0.000818626644535
    ],
    "initial_position1": [
        5.242499706889715,
        0.0247854188096166,
        0.0133180434548755
    ],
    "initial_position2": [
        -10.376762988410285,
        0.0247854188096166,
        0.0133180434548755
    ],
    "relaxation_time": 640.0,
    "common_horizon_time": 4858.34765407,
    "remnant_mass": 0.97123622296,
    "remnant_dimensionless_spin": [
        -0.0454306419627,
        0.0108716977121,
        0.36391167537
    ],
    "remnant_velocity": [
        -3.15978626333e-05,
        -0.00111179359179,
        -0.000164990163266
    ],
    "metadata_version": 1,
    "spec_revisions": "InitialCommit-29628-g2cce9e5",
    "spells_revision": "2cce9e5c03773621b7d160cd7247fc453684f921",
    "com_parameters": {
        "space_translation": [
            -0.00142439,
            -0.00341099,
            -0.00159408
        ],
        "boost_velocity": [
            -1.77133584e-06,
            1.6242456e-05,
            -1.39736813e-06
        ]
    },
    "initial_mass_ratio": 1.9999998806488872
}