{
    "simulation_name": "BBH_SKS_d14.3_q1.20_sA_0_0_0.390_sB_0_0_-0.480/Lev4",
    "alternative_names": [
        "PRIVATE:BBH:0372",
        "SXS:BBH:0312"
    ],
    "initial_data_type": "BBH_SKS",
    "object_types": "BHBH",
    "number_of_orbits": 15.2702931051,
    "reference_mass_ratio": 1.2030046231617464,
    "reference_chi_eff": -0.004776491840335627,
    "reference_chi1_perp": 1.3686588353380043e-07,
    "reference_chi2_perp": 1.652566746328905e-07,
    "reference_eccentricity": 0.0003678,
    "reference_dimensionless_spin1": [
        1.45093804073e-07,
        -8.03612056648e-08,
        0.390150308681
    ],
    "reference_dimensionless_spin2": [
        1.42085877437e-07,
        6.99354181931e-09,
        -0.479875258678
    ],
    "reference_orbital_frequency": [
        6.84820667508e-10,
        -1.80472482334e-09,
        0.0181688679679
    ],
    "reference_mass1": 0.546072397713,
    "reference_mass2": 0.453923773192,
    "reference_time": 640.0,
    "reference_position1": [
        1.76414427224,
        -6.2907468276,
        -1.34990469001e-05
    ],
    "reference_position2": [
        -2.12640084427,
        7.51476612069,
        -1.19810944515e-05
    ],
    "reference_mean_anomaly": 3.032072,
    "keywords": [],
    "point_of_contact_email": "glovelace@fullerton.edu",
    "authors_emails": [],
    "simulation_bibtex_keys": [
        "Abbott:2016apu",
        "Boyle:2019kee",
        "SXSCatalogWebsite"
    ],
    "code_bibtex_keys": [
        "Ossokine:2013zga",
        "Hemberger:2012jz",
        "Szilagyi:2009qz",
        "Boyle:2009vi",
        "Scheel:2008rj",
        "Boyle:2007ft",
        "Scheel:2006gg",
        "Lindblom:2005qh",
        "Pfeiffer:2002wt",
        "SpECwebsite"
    ],
    "initial_data_bibtex_keys": [
        "Buchman:2012dw",
        "Lovelace:2008tw",
        "Pfeiffer:2007yz",
        "Caudill:2006hw",
        "Cook:2004kt"
    ],
    "quasicircular_bibtex_keys": [
        "Mroue:2012kv",
        "Buonanno:2010yk",
        "Mroue:2010re",
        "Boyle:2007ft"
    ],
    "initial_separation": 14.2600708008,
    "initial_orbital_frequency": 0.016927451041,
    "initial_adot": -4.66860048906e-05,
    "object1": "bh",
    "object2": "bh",
    "initial_ADM_energy": 0.9923458300674668,
    "initial_ADM_linear_momentum": [
        1.126242e-10,
        -2.711784e-10,
        2.34e-14
    ],
    "initial_ADM_angular_momentum": [
        1.292e-13,
        -9.656e-13,
        1.0909698840370565
    ],
    "initial_mass1": 0.5460797648734099,
    "initial_mass2": 0.4539202081199907,
    "initial_dimensionless_spin1": [
        -5.9496e-12,
        -1.4082e-12,
        0.389999990374
    ],
    "initial_dimensionless_spin2": [
        -4.2e-15,
        -7.00000000001e-14,
        -0.479999989967
    ],
    "initial_position1": [
        6.448446143688794,
        -0.04221665713421,
        0.0
    ],
    "initial_position2": [
        -7.811624657111206,
        -0.04221665713421,
        0.0
    ],
    "relaxation_time": 640.0,
    "common_horizon_time": 3714.30583235,
    "remnant_mass": 0.95146782214,
    "remnant_dimensionless_spin": [
        6.93450873421e-08,
        -7.54904901785e-08,
        0.697209331299
    ],
    "remnant_velocity": [
        -3.6067514333e-05,
        -0.000538084323963,
        -2.51578849581e-08
    ],
    "metadata_version": 1,
    "spec_revisions": "InitialCommit-29055-g422fe48",
    "spells_revision": "422fe48eb7a52d4180fdcfb62c0145913ed74651",
    "com_parameters": {
        "space_translation": [
            -0.00564800938,
            -0.0479083578,
            2.2776471e-06
        ],
        "boost_velocity": [
            5.92303639e-06,
            -2.50807386e-06,
            -2.48494646e-08
        ]
    },
    "initial_mass_ratio": 1.2030303015922514
}