{
    "simulation_name": "0139/Lev3",
    "alternative_names": [
        "PRIVATE:BBH:0330",
        "SXS:BBH:0451"
    ],
    "initial_data_type": "BBH_SKS",
    "object_types": "BHBH",
    "number_of_orbits": 19.3953763885,
    "reference_mass_ratio": 1.749784826290319,
    "reference_chi_eff": 0.14553737219730079,
    "reference_chi1_perp": 2.3186516422428277e-08,
    "reference_chi2_perp": 1.0462637025309613e-08,
    "reference_eccentricity": 8.29e-05,
    "reference_dimensionless_spin1": [
        2.31090251325e-08,
        1.93960262208e-09,
        0.000201870033387
    ],
    "reference_dimensionless_spin2": [
        1.26092738372e-08,
        -7.48226955017e-09,
        0.399843228605
    ],
    "reference_orbital_frequency": [
        3.69917622602e-10,
        -7.15341160723e-10,
        0.0165537186135
    ],
    "reference_mass1": 0.636341891543,
    "reference_mass2": 0.363668653415,
    "reference_time": 640.0,
    "reference_position1": [
        -3.29440260957,
        -4.4304977374,
        -1.35337759723e-05
    ],
    "reference_position2": [
        5.71764821767,
        7.77314732713,
        -1.32078037038e-05
    ],
    "reference_mean_anomaly": 5.29284,
    "keywords": [],
    "point_of_contact_email": "daniel.hemberger@gmail.com",
    "authors_emails": [],
    "simulation_bibtex_keys": [
        "Blackman:2017dfb",
        "Boyle:2019kee",
        "SXSCatalogWebsite"
    ],
    "code_bibtex_keys": [
        "Ossokine:2013zga",
        "Hemberger:2012jz",
        "Szilagyi:2009qz",
        "Boyle:2009vi",
        "Scheel:2008rj",
        "Boyle:2007ft",
        "Scheel:2006gg",
        "Lindblom:2005qh",
        "Pfeiffer:2002wt",
        "SpECwebsite"
    ],
    "initial_data_bibtex_keys": [
        "Buchman:2012dw",
        "Lovelace:2008tw",
        "Pfeiffer:2007yz",
        "Caudill:2006hw",
        "Cook:2004kt"
    ],
    "quasicircular_bibtex_keys": [
        "Mroue:2012kv",
        "Buonanno:2010yk",
        "Mroue:2010re",
        "Boyle:2007ft"
    ],
    "initial_separation": 14.995300293,
    "initial_orbital_frequency": 0.015729980121,
    "initial_adot": 3.75730936017e-05,
    "object1": "bh",
    "object2": "bh",
    "initial_ADM_energy": 0.9931358062639436,
    "initial_ADM_linear_momentum": [
        -2.7492409e-09,
        -2.0224194e-09,
        4.6506e-12
    ],
    "initial_ADM_angular_momentum": [
        7.813056435e-07,
        -6.51981143e-07,
        1.069062808440273
    ],
    "initial_mass1": 0.636363634884383,
    "initial_mass2": 0.363636364316785,
    "initial_dimensionless_spin1": [
        -9.09e-14,
        -2.129e-13,
        -1.09151553e-08
    ],
    "initial_dimensionless_spin2": [
        -1.109e-13,
        1.93e-14,
        0.400000008656
    ],
    "initial_position1": [
        5.465947992209876,
        0.0175937224284007,
        1.023956805e-07
    ],
    "initial_position2": [
        -9.529352300790123,
        0.0175937224284007,
        1.023956805e-07
    ],
    "relaxation_time": 640.0,
    "common_horizon_time": 5061.511557,
    "remnant_mass": 0.955452529948,
    "remnant_dimensionless_spin": [
        1.89142637725e-08,
        -2.14225532222e-08,
        0.67300080021
    ],
    "remnant_velocity": [
        -9.02325225696e-06,
        0.000546302607055,
        -8.88307747255e-09
    ],
    "metadata_version": 1,
    "spec_revisions": "InitialCommit-28992-g2927f34",
    "spells_revision": "2927f34e8cc941f34696edeebf6ddc873b3bebb5",
    "com_parameters": {
        "space_translation": [
            -0.00435731528,
            0.000833502845,
            -4.84502505e-06
        ],
        "boost_velocity": [
            3.49755823e-06,
            -1.5595204e-05,
            -2.13598083e-08
        ]
    },
    "initial_mass_ratio": 1.7499999926575254
}