{
    "simulation_name": "BBH_CFMS_d12.5_q8.27_sA_0_0_0_sB_0_0_0/Lev3",
    "alternative_names": [
        "PRIVATE:BBH:0001",
        "SXS:BBH:0186"
    ],
    "initial_data_type": "BBH_CFMS",
    "object_types": "BHBH",
    "number_of_orbits": 23.6694245629,
    "reference_mass_ratio": 8.267457269062334,
    "reference_chi_eff": 8.980388565120774e-07,
    "reference_chi1_perp": 9.170399720046089e-07,
    "reference_chi2_perp": 2.4326596818905253e-08,
    "reference_eccentricity": "<6.7e-04",
    "reference_dimensionless_spin1": [
        4.42785365279e-07,
        8.0305894734e-07,
        1.01733497846e-06
    ],
    "reference_dimensionless_spin2": [
        1.12044889565e-08,
        2.15926421726e-08,
        -8.82377218943e-08
    ],
    "reference_orbital_frequency": [
        3.49988662641e-09,
        1.10335702806e-09,
        0.0204492952863
    ],
    "reference_mass1": 0.892097164641,
    "reference_mass2": 0.107904659874,
    "reference_time": 160.0,
    "reference_position1": [
        -1.38944085074,
        -0.20821516118,
        3.39915594367e-07
    ],
    "reference_position2": [
        11.4442418412,
        1.93495950262,
        -1.97219935075e-06
    ],
    "reference_mean_anomaly": 1.491532,
    "keywords": [],
    "point_of_contact_email": "jonathan.blackman.0@gmail.com",
    "authors_emails": [],
    "simulation_bibtex_keys": [
        "Blackman:2015pia",
        "Boyle:2019kee",
        "SXSCatalogWebsite"
    ],
    "code_bibtex_keys": [
        "Ossokine:2013zga",
        "Hemberger:2012jz",
        "Szilagyi:2009qz",
        "Boyle:2009vi",
        "Scheel:2008rj",
        "Boyle:2007ft",
        "Scheel:2006gg",
        "Lindblom:2005qh",
        "Pfeiffer:2002wt",
        "SpECwebsite"
    ],
    "initial_data_bibtex_keys": [
        "Buchman:2012dw",
        "Lovelace:2008tw",
        "Pfeiffer:2007yz",
        "Caudill:2006hw",
        "Cook:2004kt"
    ],
    "quasicircular_bibtex_keys": [
        "Mroue:2012kv",
        "Buonanno:2010yk",
        "Mroue:2010re",
        "Boyle:2007ft"
    ],
    "initial_separation": 12.5,
    "initial_orbital_frequency": 0.020442,
    "initial_adot": -3.9e-05,
    "object1": "bh",
    "object2": "bh",
    "initial_ADM_energy": 0.9967326373867674,
    "initial_ADM_linear_momentum": [
        6.93e-13,
        -1.1001e-12,
        2.741e-13
    ],
    "initial_ADM_angular_momentum": [
        6.927765788e-07,
        7.4832248e-09,
        0.4003034052433646
    ],
    "initial_mass1": 0.892096034529347,
    "initial_mass2": 0.107903965471499,
    "initial_dimensionless_spin1": [
        1.205321e-10,
        8.93643e-11,
        1.20129253e-08
    ],
    "initial_dimensionless_spin2": [
        3.7989e-12,
        -5.803e-13,
        -1.545265e-10
    ],
    "initial_position1": [
        1.340105603920795,
        0.014789070271848,
        0.0
    ],
    "initial_position2": [
        -11.159894396079205,
        0.014789070271848,
        0.0
    ],
    "relaxation_time": 160.0,
    "common_horizon_time": 5169.4236053,
    "remnant_mass": 0.989751442771,
    "remnant_dimensionless_spin": [
        1.9010077328e-07,
        3.14905248192e-07,
        0.299744612911
    ],
    "remnant_velocity": [
        -0.000179238073918,
        0.000214885982978,
        2.20415743662e-08
    ],
    "metadata_version": 1,
    "spec_revisions": [
        "InitialCommit-25892-g701103e",
        "InitialCommit-26005-g6814439"
    ],
    "spells_revision": "50f8d867fb88ede341f7fd5eab748c7eeb1cfde0",
    "com_parameters": {
        "space_translation": [
            -0.0186463879,
            -0.00343843859,
            -8.12610076e-06
        ],
        "boost_velocity": [
            1.11338578e-06,
            5.88624013e-06,
            1.47302561e-08
        ]
    },
    "initial_mass_ratio": 8.267499999941885
}