{
    "simulation_name": "0018/Lev3",
    "alternative_names": [
        "PRIVATE:BBH:0272",
        "SXS:BBH:0342"
    ],
    "initial_data_type": "BBH_SKS",
    "object_types": "BHBH",
    "number_of_orbits": 19.596339997,
    "reference_mass_ratio": 1.8638785560106288,
    "reference_chi_eff": 0.15603812714771248,
    "reference_chi1_perp": 0.4595121551793678,
    "reference_chi2_perp": 0.0008080411791233554,
    "reference_eccentricity": 0.0007866,
    "reference_dimensionless_spin1": [
        -0.159039033563,
        0.428013062075,
        0.135249653967
    ],
    "reference_dimensionless_spin2": [
        0.0166447744144,
        0.000892427571607,
        0.213205738991
    ],
    "reference_orbital_frequency": [
        0.00134368800083,
        0.000116755442724,
        0.0166685079375
    ],
    "reference_mass1": 0.650825329081,
    "reference_mass2": 0.349177969231,
    "reference_time": 640.0,
    "reference_position1": [
        -2.71645457024,
        -4.50009364979,
        0.247134546494
    ],
    "reference_position2": [
        5.01830075939,
        8.40906746039,
        -0.46680534489
    ],
    "reference_mean_anomaly": 6.061445,
    "keywords": [],
    "point_of_contact_email": "daniel.hemberger@gmail.com",
    "authors_emails": [],
    "simulation_bibtex_keys": [
        "Blackman:2017dfb",
        "Boyle:2019kee",
        "SXSCatalogWebsite"
    ],
    "code_bibtex_keys": [
        "Ossokine:2013zga",
        "Hemberger:2012jz",
        "Szilagyi:2009qz",
        "Boyle:2009vi",
        "Scheel:2008rj",
        "Boyle:2007ft",
        "Scheel:2006gg",
        "Lindblom:2005qh",
        "Pfeiffer:2002wt",
        "SpECwebsite"
    ],
    "initial_data_bibtex_keys": [
        "Buchman:2012dw",
        "Lovelace:2008tw",
        "Pfeiffer:2007yz",
        "Caudill:2006hw",
        "Cook:2004kt"
    ],
    "quasicircular_bibtex_keys": [
        "Mroue:2012kv",
        "Buonanno:2010yk",
        "Mroue:2010re",
        "Boyle:2007ft"
    ],
    "initial_separation": 14.907043457,
    "initial_orbital_frequency": 0.015928089783,
    "initial_adot": 1.99360255603e-05,
    "object1": "bh",
    "object2": "bh",
    "initial_ADM_energy": 0.9932159545284345,
    "initial_ADM_linear_momentum": [
        6.3508281e-09,
        -6.3309928e-09,
        -3.0299384e-09
    ],
    "initial_ADM_angular_momentum": [
        0.0220861636821116,
        0.1863931076786933,
        1.0731558292763232
    ],
    "initial_mass1": 0.650821773253597,
    "initial_mass2": 0.349178222662051,
    "initial_dimensionless_spin1": [
        0.048107001554,
        0.457333474237,
        0.123700216015
    ],
    "initial_dimensionless_spin2": [
        0.013220012726,
        -0.00364918437743,
        0.213482936515
    ],
    "initial_position1": [
        5.21133527804185,
        0.0197327605898357,
        0.0019014027786396
    ],
    "initial_position2": [
        -9.69570817895815,
        0.0197327605898357,
        0.0019014027786396
    ],
    "relaxation_time": 640.0,
    "common_horizon_time": 5055.7873056,
    "remnant_mass": 0.95485671555,
    "remnant_dimensionless_spin": [
        -0.00310824967487,
        0.114530354376,
        0.698534111143
    ],
    "remnant_velocity": [
        -0.000460127841553,
        0.000424530206528,
        0.000883770510266
    ],
    "metadata_version": 1,
    "spec_revisions": "InitialCommit-28971-g2d4b796",
    "spells_revision": "2d4b796de925e97fe323094e8c08fb6ad6e8a830",
    "com_parameters": {
        "space_translation": [
            -0.00407995,
            0.00067219,
            -0.00122589
        ],
        "boost_velocity": [
            3.50806976e-07,
            -1.72203743e-05,
            -1.02476778e-06
        ]
    },
    "initial_mass_ratio": 1.8638670198040643
}