{
    "simulation_name": "0048/Lev3",
    "alternative_names": [
        "PRIVATE:BBH:0290",
        "SXS:BBH:0370"
    ],
    "initial_data_type": "BBH_SKS",
    "object_types": "BHBH",
    "number_of_orbits": 18.9612328048,
    "reference_mass_ratio": 0.9999978896224,
    "reference_chi_eff": 0.09984058585763622,
    "reference_chi1_perp": 7.428750826007751e-08,
    "reference_chi2_perp": 4.3809488988316225e-08,
    "reference_eccentricity": 7.89e-05,
    "reference_dimensionless_spin1": [
        5.7816219554e-08,
        -4.52377964345e-08,
        -0.200240438521
    ],
    "reference_dimensionless_spin2": [
        -4.26985605186e-08,
        -1.25408113148e-08,
        0.399920976952
    ],
    "reference_orbital_frequency": [
        5.48575161157e-13,
        -1.12622899428e-10,
        0.016102688339
    ],
    "reference_mass1": 0.499995722651,
    "reference_mass2": 0.499996777833,
    "reference_time": 640.0,
    "reference_position1": [
        -6.18343191091,
        -4.68595871201,
        -1.37343316258e-06
    ],
    "reference_position2": [
        6.1526270673,
        4.68314012944,
        -1.30832553589e-06
    ],
    "reference_mean_anomaly": 4.741967,
    "keywords": [],
    "point_of_contact_email": "daniel.hemberger@gmail.com",
    "authors_emails": [],
    "simulation_bibtex_keys": [
        "Blackman:2017dfb",
        "Boyle:2019kee",
        "SXSCatalogWebsite"
    ],
    "code_bibtex_keys": [
        "Ossokine:2013zga",
        "Hemberger:2012jz",
        "Szilagyi:2009qz",
        "Boyle:2009vi",
        "Scheel:2008rj",
        "Boyle:2007ft",
        "Scheel:2006gg",
        "Lindblom:2005qh",
        "Pfeiffer:2002wt",
        "SpECwebsite"
    ],
    "initial_data_bibtex_keys": [
        "Buchman:2012dw",
        "Lovelace:2008tw",
        "Pfeiffer:2007yz",
        "Caudill:2006hw",
        "Cook:2004kt"
    ],
    "quasicircular_bibtex_keys": [
        "Mroue:2012kv",
        "Buonanno:2010yk",
        "Mroue:2010re",
        "Boyle:2007ft"
    ],
    "initial_separation": 15.3168945312,
    "initial_orbital_frequency": 0.015302104347,
    "initial_adot": -4.2331033011e-06,
    "object1": "bh",
    "object2": "bh",
    "initial_ADM_energy": 0.9927201896057625,
    "initial_ADM_linear_momentum": [
        8.9351417e-09,
        2.90713656e-08,
        8.93198e-11
    ],
    "initial_ADM_angular_momentum": [
        2.261262131e-07,
        -5.56640333e-08,
        1.1577149608309734
    ],
    "initial_mass1": 0.500000019007875,
    "initial_mass2": 0.500000021176008,
    "initial_dimensionless_spin1": [
        -3.05548788e-08,
        -6.22812490999e-08,
        -0.200160051366
    ],
    "initial_dimensionless_spin2": [
        -2.3188554e-09,
        1.3683083e-09,
        0.400000000422
    ],
    "initial_position1": [
        7.67451966377614,
        3.59551222677e-05,
        8.29096813e-08
    ],
    "initial_position2": [
        -7.642374867423861,
        3.59551222677e-05,
        8.29096813e-08
    ],
    "relaxation_time": 640.0,
    "common_horizon_time": 5065.98982384,
    "remnant_mass": 0.948664735103,
    "remnant_dimensionless_spin": [
        1.23161210177e-09,
        -1.32338323422e-08,
        0.716312494352
    ],
    "remnant_velocity": [
        0.000374423793214,
        -0.000242725481934,
        3.77894447684e-10
    ],
    "metadata_version": 1,
    "spec_revisions": "InitialCommit-28950-gb189fe3",
    "spells_revision": "b189fe3d837b3733f9792ac7a6ee263ced79a79e",
    "com_parameters": {
        "space_translation": [
            0.000464706917,
            -0.00150863606,
            -9.94460998e-07
        ],
        "boost_velocity": [
            9.79493704e-08,
            1.34498717e-06,
            -1.87213192e-09
        ]
    },
    "initial_mass_ratio": 0.9999999956637344
}