{
    "simulation_name": "0031/Lev3",
    "alternative_names": [
        "PRIVATE:BBH:0326",
        "SXS:BBH:0355"
    ],
    "initial_data_type": "BBH_SKS",
    "object_types": "BHBH",
    "number_of_orbits": 18.39321888,
    "reference_mass_ratio": 1.7496703581031332,
    "reference_chi_eff": -0.0911514316451009,
    "reference_chi1_perp": 1.3451498763582286e-07,
    "reference_chi2_perp": 6.693979241359523e-08,
    "reference_eccentricity": 0.0005512,
    "reference_dimensionless_spin1": [
        -7.9712396084e-09,
        -1.66494642903e-07,
        -0.60033405856
    ],
    "reference_dimensionless_spin2": [
        7.31678124634e-09,
        4.8098634085e-08,
        0.799750317529
    ],
    "reference_orbital_frequency": [
        -1.19294669552e-09,
        1.1452880292e-09,
        0.0161521190367
    ],
    "reference_mass1": 0.636358041051,
    "reference_mass2": 0.363701675635,
    "reference_time": 640.0,
    "reference_position1": [
        -4.36381644659,
        -3.58125614446,
        -5.77784796646e-06
    ],
    "reference_position2": [
        7.53364191464,
        6.30039716846,
        -5.59980975472e-06
    ],
    "reference_mean_anomaly": 2.064023,
    "keywords": [],
    "point_of_contact_email": "daniel.hemberger@gmail.com",
    "authors_emails": [],
    "simulation_bibtex_keys": [
        "Blackman:2017dfb",
        "Boyle:2019kee",
        "SXSCatalogWebsite"
    ],
    "code_bibtex_keys": [
        "Ossokine:2013zga",
        "Hemberger:2012jz",
        "Szilagyi:2009qz",
        "Boyle:2009vi",
        "Scheel:2008rj",
        "Boyle:2007ft",
        "Scheel:2006gg",
        "Lindblom:2005qh",
        "Pfeiffer:2002wt",
        "SpECwebsite"
    ],
    "initial_data_bibtex_keys": [
        "Buchman:2012dw",
        "Lovelace:2008tw",
        "Pfeiffer:2007yz",
        "Caudill:2006hw",
        "Cook:2004kt"
    ],
    "quasicircular_bibtex_keys": [
        "Mroue:2012kv",
        "Buonanno:2010yk",
        "Mroue:2010re",
        "Boyle:2007ft"
    ],
    "initial_separation": 15.2738037109,
    "initial_orbital_frequency": 0.0149647903,
    "initial_adot": 0.0001740563246024,
    "object1": "bh",
    "object2": "bh",
    "initial_ADM_energy": 0.9933667783175596,
    "initial_ADM_linear_momentum": [
        2.82607701e-08,
        -6.12128672e-08,
        -4.7012e-12
    ],
    "initial_ADM_angular_momentum": [
        -3.691959901e-07,
        1.385217262e-07,
        0.8971266389768512
    ],
    "initial_mass1": 0.636363637129383,
    "initial_mass2": 0.36363635671458,
    "initial_dimensionless_spin1": [
        -5.37511778999e-08,
        -2.024064366e-07,
        -0.600480125576
    ],
    "initial_dimensionless_spin2": [
        -1.8479278e-08,
        9.22944210003e-09,
        0.79999996498
    ],
    "initial_position1": [
        5.595882559641386,
        0.0193572887645032,
        -3.9821659e-09
    ],
    "initial_position2": [
        -9.677921151258612,
        0.0193572887645032,
        -3.9821659e-09
    ],
    "relaxation_time": 640.0,
    "common_horizon_time": 5007.28518873,
    "remnant_mass": 0.962722225257,
    "remnant_dimensionless_spin": [
        -5.88207314198e-08,
        6.04095368531e-09,
        0.530894306569
    ],
    "remnant_velocity": [
        0.000255241517652,
        0.00123613600769,
        -2.60670330591e-09
    ],
    "metadata_version": 1,
    "spec_revisions": [
        "InitialCommit-28971-g2d4b796",
        "InitialCommit-29041-g3c13f91"
    ],
    "spells_revision": "2d4b796de925e97fe323094e8c08fb6ad6e8a830",
    "com_parameters": {
        "space_translation": [
            -0.00532525519,
            -0.00264834836,
            7.6130628e-07
        ],
        "boost_velocity": [
            9.16487425e-06,
            -1.36212672e-06,
            -1.18456997e-08
        ]
    },
    "initial_mass_ratio": 1.7500000354168879
}