{
    "simulation_name": "BBH_SKS_d14.7_q2_sA_0_0_0.850_sB_0_0_0.850/Lev5",
    "alternative_names": [
        "PRIVATE:BBH:0031",
        "SXS:BBH:0257"
    ],
    "initial_data_type": "BBH_SKS",
    "object_types": "BHBH",
    "number_of_orbits": 24.7650103367,
    "reference_mass_ratio": 1.9997744481064819,
    "reference_chi_eff": 0.8498201752238596,
    "reference_chi1_perp": 2.6840724542307594e-08,
    "reference_chi2_perp": 3.585856885543957e-08,
    "reference_eccentricity": 0.0001139,
    "reference_dimensionless_spin1": [
        2.64630993726e-08,
        -4.02081921743e-08,
        0.849845342039
    ],
    "reference_dimensionless_spin2": [
        -1.22701166643e-09,
        -2.25151517673e-08,
        0.84976984727
    ],
    "reference_orbital_frequency": [
        6.47523597365e-10,
        -2.7596199198e-10,
        0.0163318468313
    ],
    "reference_mass1": 0.666715949941,
    "reference_mass2": 0.333395573972,
    "reference_time": 260.0,
    "reference_position1": [
        -2.3719004754,
        -4.44331221946,
        6.6554806392e-07
    ],
    "reference_position2": [
        4.74934759717,
        8.98284836836,
        6.10069577098e-07
    ],
    "reference_mean_anomaly": 4.822419,
    "keywords": [],
    "point_of_contact_email": "tonyc@cita.utoronto.ca",
    "authors_emails": [],
    "simulation_bibtex_keys": [
        "Chu:2015kft",
        "Boyle:2019kee",
        "SXSCatalogWebsite"
    ],
    "code_bibtex_keys": [
        "Ossokine:2013zga",
        "Hemberger:2012jz",
        "Szilagyi:2009qz",
        "Boyle:2009vi",
        "Scheel:2008rj",
        "Boyle:2007ft",
        "Scheel:2006gg",
        "Lindblom:2005qh",
        "Pfeiffer:2002wt",
        "SpECwebsite"
    ],
    "initial_data_bibtex_keys": [
        "Buchman:2012dw",
        "Lovelace:2008tw",
        "Pfeiffer:2007yz",
        "Caudill:2006hw",
        "Cook:2004kt"
    ],
    "quasicircular_bibtex_keys": [
        "Mroue:2012kv",
        "Buonanno:2010yk",
        "Mroue:2010re",
        "Boyle:2007ft"
    ],
    "initial_separation": 14.7,
    "initial_orbital_frequency": 0.0152852704884,
    "initial_adot": 0.000486934471543,
    "object1": "bh",
    "object2": "bh",
    "initial_ADM_energy": 0.993248772263347,
    "initial_ADM_linear_momentum": [
        -2.3565659e-08,
        -5.208464915e-07,
        -1.29592075e-08
    ],
    "initial_ADM_angular_momentum": [
        -5.50308106e-07,
        -3.8511378709e-06,
        1.4135283849980629
    ],
    "initial_mass1": 0.666666656093651,
    "initial_mass2": 0.333333344139419,
    "initial_dimensionless_spin1": [
        3.6181e-12,
        7.27800000001e-13,
        0.849999979687
    ],
    "initial_dimensionless_spin2": [
        1.4e-15,
        2.87e-14,
        0.850000042502
    ],
    "initial_position1": [
        4.8945209466790285,
        0.0341049276133846,
        0.0
    ],
    "initial_position2": [
        -9.80547905332097,
        0.0341049276133846,
        0.0
    ],
    "relaxation_time": 260.0,
    "common_horizon_time": 5971.07964649,
    "remnant_mass": 0.919860690484,
    "remnant_dimensionless_spin": [
        3.14031184506e-08,
        -2.43670497702e-08,
        0.917554144526
    ],
    "remnant_velocity": [
        -2.95760926829e-05,
        2.35779262819e-05,
        1.14118684951e-08
    ],
    "metadata_version": 1,
    "spec_revisions": "InitialCommit-23906-g40010e4",
    "spells_revision": "InitialCommit-23245-gfd35c55",
    "com_parameters": {
        "space_translation": [
            -0.000290570414,
            5.32389841e-05,
            -2.26228568e-06
        ],
        "boost_velocity": [
            6.18531936e-06,
            9.37750006e-06,
            9.2665628e-09
        ]
    },
    "initial_mass_ratio": 1.9999999034444422
}