{
    "simulation_name": "BBH_CFMS_d14.5_q5.50_sA_0_0_0_sB_0_0_0/Lev5",
    "alternative_names": [
        "PRIVATE:BBH:0118",
        "SXS:BBH:0296"
    ],
    "initial_data_type": "BBH_CFMS",
    "object_types": "BHBH",
    "number_of_orbits": 27.9334811774,
    "reference_mass_ratio": 5.499985178893151,
    "reference_chi_eff": 2.59936190340684e-07,
    "reference_chi1_perp": 3.645724925892158e-10,
    "reference_chi2_perp": 3.9867431490118805e-12,
    "reference_eccentricity": "<3.3e-05",
    "reference_dimensionless_spin1": [
        -2.01982294948e-10,
        3.03506595955e-10,
        2.51334069115e-07
    ],
    "reference_dimensionless_spin2": [
        -3.10323845292e-12,
        -2.50279950184e-12,
        3.07247729589e-07
    ],
    "reference_orbital_frequency": [
        2.14567925193e-13,
        2.34175861026e-14,
        0.0166771185313
    ],
    "reference_mass1": 0.846153872462,
    "reference_mass2": 0.153846573207,
    "reference_time": 310.0,
    "reference_position1": [
        0.890466403323,
        -2.04728320958,
        8.86138427989e-11
    ],
    "reference_position2": [
        -5.00003585613,
        11.1012980875,
        1.45938182835e-10
    ],
    "reference_mean_anomaly": 0.846846,
    "keywords": [],
    "point_of_contact_email": "tonyc@cita.utoronto.ca",
    "authors_emails": [],
    "simulation_bibtex_keys": [
        "Chu:2015kft",
        "Boyle:2019kee",
        "SXSCatalogWebsite"
    ],
    "code_bibtex_keys": [
        "Ossokine:2013zga",
        "Hemberger:2012jz",
        "Szilagyi:2009qz",
        "Boyle:2009vi",
        "Scheel:2008rj",
        "Boyle:2007ft",
        "Scheel:2006gg",
        "Lindblom:2005qh",
        "Pfeiffer:2002wt",
        "SpECwebsite"
    ],
    "initial_data_bibtex_keys": [
        "Buchman:2012dw",
        "Lovelace:2008tw",
        "Pfeiffer:2007yz",
        "Caudill:2006hw",
        "Cook:2004kt"
    ],
    "quasicircular_bibtex_keys": [
        "Mroue:2012kv",
        "Buonanno:2010yk",
        "Mroue:2010re",
        "Boyle:2007ft"
    ],
    "initial_separation": 14.5,
    "initial_orbital_frequency": 0.0165892593818,
    "initial_adot": -2.90369818627e-05,
    "object1": "bh",
    "object2": "bh",
    "initial_ADM_energy": 0.9960851760475606,
    "initial_ADM_linear_momentum": [
        -2.4301119e-08,
        -1.685393e-09,
        2.0532999e-09
    ],
    "initial_ADM_angular_momentum": [
        5.675085395e-07,
        2.5113377856e-06,
        0.5696428232636099
    ],
    "initial_mass1": 0.846153846083027,
    "initial_mass2": 0.153846153932113,
    "initial_dimensionless_spin1": [
        -1.2863e-12,
        2.4785e-12,
        6.15020100001e-10
    ],
    "initial_dimensionless_spin2": [
        -2.33e-14,
        -1.19e-14,
        7.97946e-11
    ],
    "initial_position1": [
        2.2195169919754805,
        0.0164249749813938,
        0.0
    ],
    "initial_position2": [
        -12.28048300802452,
        0.0164249749813938,
        0.0
    ],
    "relaxation_time": 310.0,
    "common_horizon_time": 7284.95061412,
    "remnant_mass": 0.984048669933,
    "remnant_dimensionless_spin": [
        -7.35881334184e-10,
        1.01874971116e-09,
        0.393370509765
    ],
    "remnant_velocity": [
        -0.000275191697215,
        -0.000321047947837,
        1.51124597076e-10
    ],
    "metadata_version": 1,
    "spec_revisions": [
        "InitialCommit-23643-gf982f00",
        "InitialCommit-24016-gac5079e"
    ],
    "spells_revision": "InitialCommit-21916-g19475f2",
    "com_parameters": {
        "space_translation": [
            -0.0238446595,
            0.00721047238,
            -8.91980464e-10
        ],
        "boost_velocity": [
            3.28439099e-06,
            -3.53525249e-06,
            1.07056141e-12
        ]
    },
    "initial_mass_ratio": 5.499999996466635
}