{
    "simulation_name": "0268/Lev3",
    "alternative_names": [
        "PRIVATE:BBH:0951",
        "SXS:BBH:0882"
    ],
    "initial_data_type": "BBH_SKS",
    "object_types": "BHBH",
    "number_of_orbits": 18.8839759757,
    "reference_mass_ratio": 1.9999326213012438,
    "reference_chi_eff": -0.1318579301382929,
    "reference_chi1_perp": 0.7999664143867826,
    "reference_chi2_perp": 0.003923882959185481,
    "reference_eccentricity": 0.0002003,
    "reference_dimensionless_spin1": [
        -0.756462225104,
        -0.259882078893,
        0.0132975328662
    ],
    "reference_dimensionless_spin2": [
        0.00867280722233,
        -0.0507538880449,
        -0.396427022974
    ],
    "reference_orbital_frequency": [
        -0.000418021779889,
        0.00190703085041,
        0.01602274433
    ],
    "reference_mass1": 0.666651442022,
    "reference_mass2": 0.333336950916,
    "reference_time": 440.0,
    "reference_position1": [
        3.86134600678,
        3.39795546988,
        -0.326208768327
    ],
    "reference_position2": [
        -7.699952209,
        -6.82479814641,
        0.588879918259
    ],
    "reference_mean_anomaly": 1.110578,
    "keywords": [],
    "point_of_contact_email": "scheel@tapir.caltech.edu",
    "authors_emails": [],
    "simulation_bibtex_keys": [
        "Blackman:2017pcm",
        "Boyle:2019kee",
        "SXSCatalogWebsite"
    ],
    "code_bibtex_keys": [
        "Ossokine:2013zga",
        "Hemberger:2012jz",
        "Szilagyi:2009qz",
        "Boyle:2009vi",
        "Scheel:2008rj",
        "Boyle:2007ft",
        "Scheel:2006gg",
        "Lindblom:2005qh",
        "Pfeiffer:2002wt",
        "SpECwebsite"
    ],
    "initial_data_bibtex_keys": [
        "Buchman:2012dw",
        "Lovelace:2008tw",
        "Pfeiffer:2007yz",
        "Caudill:2006hw",
        "Cook:2004kt"
    ],
    "quasicircular_bibtex_keys": [
        "Mroue:2012kv",
        "Buonanno:2010yk",
        "Mroue:2010re",
        "Boyle:2007ft"
    ],
    "initial_separation": 15.1257324219,
    "initial_orbital_frequency": 0.015424641484,
    "initial_adot": -3.40403039714e-05,
    "object1": "bh",
    "object2": "bh",
    "initial_ADM_energy": 0.9935484222795147,
    "initial_ADM_linear_momentum": [
        1.132834025e-07,
        -7.95179004e-08,
        -1.8736604e-09
    ],
    "initial_ADM_angular_momentum": [
        -0.357069942065772,
        -0.0118501272237665,
        0.9440483638628921
    ],
    "initial_mass1": 0.6666666978206435,
    "initial_mass2": 0.3333333201499474,
    "initial_dimensionless_spin1": [
        -0.799173048101,
        -0.0363285916894,
        -0.000180145922319
    ],
    "initial_dimensionless_spin2": [
        -0.00512968001764,
        -0.0400111153552,
        -0.397960839983
    ],
    "initial_position1": [
        5.042912373120155,
        0.0243225840507634,
        -0.0270383705143186
    ],
    "initial_position2": [
        -10.082820048779846,
        0.0243225840507634,
        -0.0270383705143186
    ],
    "relaxation_time": 440.0,
    "common_horizon_time": 5047.99566827,
    "remnant_mass": 0.958657416988,
    "remnant_dimensionless_spin": [
        -0.236518864823,
        -0.0467902800059,
        0.64041495348
    ],
    "remnant_velocity": [
        -0.00290114471097,
        -0.000233827021895,
        0.00453336832431
    ],
    "metadata_version": 1,
    "spec_revisions": "InitialCommit-29628-g2cce9e5",
    "spells_revision": "2cce9e5c03773621b7d160cd7247fc453684f921",
    "com_parameters": {
        "space_translation": [
            -0.00275045,
            -0.00032097,
            -0.00103178
        ],
        "boost_velocity": [
            6.37340917e-06,
            3.04778399e-05,
            7.47505421e-06
        ]
    },
    "initial_mass_ratio": 2.000000172562253
}