{
    "simulation_name": "0202/Lev3",
    "alternative_names": [
        "PRIVATE:BBH:0388",
        "SXS:BBH:0507"
    ],
    "initial_data_type": "BBH_SKS",
    "object_types": "BHBH",
    "number_of_orbits": 20.8312149445,
    "reference_mass_ratio": 1.250109392479842,
    "reference_chi_eff": 0.622096494251829,
    "reference_chi1_perp": 2.7272832443851218e-08,
    "reference_chi2_perp": 3.599433901431734e-08,
    "reference_eccentricity": 4.92e-05,
    "reference_dimensionless_spin1": [
        1.019639043e-08,
        1.76425366685e-09,
        0.799747589575
    ],
    "reference_dimensionless_spin2": [
        2.8028459939e-08,
        4.3642878317e-08,
        0.400013191404
    ],
    "reference_orbital_frequency": [
        2.9960342549e-10,
        6.09553692792e-10,
        0.0169551657897
    ],
    "reference_mass1": 0.555598612782,
    "reference_mass2": 0.444439995511,
    "reference_time": 640.0,
    "reference_position1": [
        -2.56936536975,
        -6.08435807474,
        7.88906820879e-06
    ],
    "reference_position2": [
        3.22391627517,
        7.64073873944,
        7.29326922941e-06
    ],
    "reference_mean_anomaly": 5.16999,
    "keywords": [],
    "point_of_contact_email": "daniel.hemberger@gmail.com",
    "authors_emails": [],
    "simulation_bibtex_keys": [
        "Blackman:2017dfb",
        "Boyle:2019kee",
        "SXSCatalogWebsite"
    ],
    "code_bibtex_keys": [
        "Ossokine:2013zga",
        "Hemberger:2012jz",
        "Szilagyi:2009qz",
        "Boyle:2009vi",
        "Scheel:2008rj",
        "Boyle:2007ft",
        "Scheel:2006gg",
        "Lindblom:2005qh",
        "Pfeiffer:2002wt",
        "SpECwebsite"
    ],
    "initial_data_bibtex_keys": [
        "Buchman:2012dw",
        "Lovelace:2008tw",
        "Pfeiffer:2007yz",
        "Caudill:2006hw",
        "Cook:2004kt"
    ],
    "quasicircular_bibtex_keys": [
        "Mroue:2012kv",
        "Buonanno:2010yk",
        "Mroue:2010re",
        "Boyle:2007ft"
    ],
    "initial_separation": 14.7004394531,
    "initial_orbital_frequency": 0.015783746631,
    "initial_adot": 0.0002083779172728,
    "object1": "bh",
    "object2": "bh",
    "initial_ADM_energy": 0.9924599011161904,
    "initial_ADM_linear_momentum": [
        1.69044688e-08,
        6.75546044e-08,
        -9.447e-13
    ],
    "initial_ADM_angular_momentum": [
        7.9087e-12,
        -3.995e-12,
        1.3807969668287412
    ],
    "initial_mass1": 0.555555566051901,
    "initial_mass2": 0.444444445149899,
    "initial_dimensionless_spin1": [
        -3.99000000002e-14,
        -8.59999999999e-15,
        0.800000009552
    ],
    "initial_dimensionless_spin2": [
        -5.10000000002e-15,
        -8.1e-15,
        0.399999984311
    ],
    "initial_position1": [
        6.520514196846111,
        0.0101423079864257,
        -2.782256e-10
    ],
    "initial_position2": [
        -8.179925256253888,
        0.0101423079864257,
        -2.782256e-10
    ],
    "relaxation_time": 640.0,
    "common_horizon_time": 5090.8320556,
    "remnant_mass": 0.925391132212,
    "remnant_dimensionless_spin": [
        1.78833190883e-08,
        2.99216602841e-08,
        0.870258218463
    ],
    "remnant_velocity": [
        -0.000140032288487,
        8.6494807941e-05,
        2.36031649581e-08
    ],
    "metadata_version": 1,
    "spec_revisions": "InitialCommit-29041-g3c13f91",
    "spells_revision": "3c13f911824a07e91b9d6abdef6397df5e5d90da",
    "com_parameters": {
        "space_translation": [
            -0.00114032634,
            -0.000587222821,
            -5.10548064e-06
        ],
        "boost_velocity": [
            2.32694299e-06,
            9.70579419e-06,
            1.67043724e-08
        ]
    },
    "initial_mass_ratio": 1.2500000216326863
}