{
    "simulation_name": "0328/Lev3",
    "alternative_names": [
        "PRIVATE:BBH:1008",
        "SXS:BBH:0940"
    ],
    "initial_data_type": "BBH_SKS",
    "object_types": "BHBH",
    "number_of_orbits": 18.564129062,
    "reference_mass_ratio": 1.999678349430169,
    "reference_chi_eff": -0.19334063807620747,
    "reference_chi1_perp": 4.5531332901369524e-06,
    "reference_chi2_perp": 0.5504077760119477,
    "reference_eccentricity": 0.0005658,
    "reference_dimensionless_spin1": [
        3.93226591885e-06,
        1.31197392964e-06,
        3.36657740334e-05
    ],
    "reference_dimensionless_spin2": [
        -0.380937842937,
        -0.413622594305,
        -0.568491584756
    ],
    "reference_orbital_frequency": [
        -0.000293326511696,
        0.000746087726059,
        0.0160602993942
    ],
    "reference_mass1": 0.666668683653,
    "reference_mass2": 0.33338795904,
    "reference_time": 450.0,
    "reference_position1": [
        3.42371001175,
        3.84303771425,
        -0.106281560355
    ],
    "reference_position2": [
        -6.85247403466,
        -7.77816407108,
        0.245901089257
    ],
    "reference_mean_anomaly": 5.973777,
    "keywords": [],
    "point_of_contact_email": "scheel@tapir.caltech.edu",
    "authors_emails": [],
    "simulation_bibtex_keys": [
        "Blackman:2017pcm",
        "Boyle:2019kee",
        "SXSCatalogWebsite"
    ],
    "code_bibtex_keys": [
        "Ossokine:2013zga",
        "Hemberger:2012jz",
        "Szilagyi:2009qz",
        "Boyle:2009vi",
        "Scheel:2008rj",
        "Boyle:2007ft",
        "Scheel:2006gg",
        "Lindblom:2005qh",
        "Pfeiffer:2002wt",
        "SpECwebsite"
    ],
    "initial_data_bibtex_keys": [
        "Buchman:2012dw",
        "Lovelace:2008tw",
        "Pfeiffer:2007yz",
        "Caudill:2006hw",
        "Cook:2004kt"
    ],
    "quasicircular_bibtex_keys": [
        "Mroue:2012kv",
        "Buonanno:2010yk",
        "Mroue:2010re",
        "Boyle:2007ft"
    ],
    "initial_separation": 15.2007446289,
    "initial_orbital_frequency": 0.015242547768,
    "initial_adot": -8.10657519442e-05,
    "object1": "bh",
    "object2": "bh",
    "initial_ADM_energy": 0.9936044352523181,
    "initial_ADM_linear_momentum": [
        2.8516936e-09,
        6.8804952e-09,
        -1.0871392e-09
    ],
    "initial_ADM_angular_momentum": [
        -0.0613852872867025,
        -0.0023663617023948,
        0.9307403659516005
    ],
    "initial_mass1": 0.6666666645384342,
    "initial_mass2": 0.3333333282548306,
    "initial_dimensionless_spin1": [
        1.16514666e-08,
        -4.60905099999e-08,
        -1.668082296e-07
    ],
    "initial_dimensionless_spin2": [
        -0.542141944042,
        -0.163648445715,
        -0.565067507603
    ],
    "initial_position1": [
        5.06436847382377,
        0.0194278035662426,
        0.0092829759787993
    ],
    "initial_position2": [
        -10.136376155076231,
        0.0194278035662426,
        0.0092829759787993
    ],
    "relaxation_time": 450.0,
    "common_horizon_time": 5022.70892354,
    "remnant_mass": 0.963864415434,
    "remnant_dimensionless_spin": [
        -0.0434367966232,
        -0.00188724694396,
        0.590096680538
    ],
    "remnant_velocity": [
        -9.7236309e-05,
        0.000354043061413,
        -0.000634376369962
    ],
    "metadata_version": 1,
    "spec_revisions": "InitialCommit-29628-g2cce9e5",
    "spells_revision": "2cce9e5c03773621b7d160cd7247fc453684f921",
    "com_parameters": {
        "space_translation": [
            -0.00181242,
            -0.00074768,
            -0.00018765
        ],
        "boost_velocity": [
            1.72602838e-06,
            -5.46876652e-06,
            1.05208424e-06
        ]
    },
    "initial_mass_ratio": 2.000000024086319
}