{
    "simulation_name": "0247/Lev3",
    "alternative_names": [
        "PRIVATE:BBH:0431",
        "SXS:BBH:0550"
    ],
    "initial_data_type": "BBH_SKS",
    "object_types": "BHBH",
    "number_of_orbits": 19.3362756979,
    "reference_mass_ratio": 1.7497893485232094,
    "reference_chi_eff": 0.16347168025710734,
    "reference_chi1_perp": 8.291661180472825e-08,
    "reference_chi2_perp": 5.680625428722691e-08,
    "reference_eccentricity": 0.0001276,
    "reference_dimensionless_spin1": [
        -2.16835167932e-08,
        -8.25504823309e-08,
        -0.200272386321
    ],
    "reference_dimensionless_spin2": [
        -5.54391557235e-09,
        2.67702462227e-08,
        0.799947173544
    ],
    "reference_orbital_frequency": [
        -1.28227733663e-09,
        6.98105096452e-10,
        0.0165646503662
    ],
    "reference_mass1": 0.636353247302,
    "reference_mass2": 0.36367420332,
    "reference_time": 640.0,
    "reference_position1": [
        -3.28314097018,
        -4.42916301085,
        2.66126411263e-06
    ],
    "reference_position2": [
        5.67188952809,
        7.8100911777,
        2.83866278184e-06
    ],
    "reference_mean_anomaly": 5.388767,
    "keywords": [],
    "point_of_contact_email": "daniel.hemberger@gmail.com",
    "authors_emails": [],
    "simulation_bibtex_keys": [
        "Blackman:2017dfb",
        "Boyle:2019kee",
        "SXSCatalogWebsite"
    ],
    "code_bibtex_keys": [
        "Ossokine:2013zga",
        "Hemberger:2012jz",
        "Szilagyi:2009qz",
        "Boyle:2009vi",
        "Scheel:2008rj",
        "Boyle:2007ft",
        "Scheel:2006gg",
        "Lindblom:2005qh",
        "Pfeiffer:2002wt",
        "SpECwebsite"
    ],
    "initial_data_bibtex_keys": [
        "Buchman:2012dw",
        "Lovelace:2008tw",
        "Pfeiffer:2007yz",
        "Caudill:2006hw",
        "Cook:2004kt"
    ],
    "quasicircular_bibtex_keys": [
        "Mroue:2012kv",
        "Buonanno:2010yk",
        "Mroue:2010re",
        "Boyle:2007ft"
    ],
    "initial_separation": 14.9866943359,
    "initial_orbital_frequency": 0.015386011031,
    "initial_adot": 0.0002174898445106,
    "object1": "bh",
    "object2": "bh",
    "initial_ADM_energy": 0.9931775933685125,
    "initial_ADM_linear_momentum": [
        -2.18395147e-08,
        -1.477713597e-07,
        3.4865e-12
    ],
    "initial_ADM_angular_momentum": [
        -4.6765175e-09,
        -2.6072879e-08,
        1.0405543367202013
    ],
    "initial_mass1": 0.636363655757881,
    "initial_mass2": 0.36363637935776,
    "initial_dimensionless_spin1": [
        -9.10674800001e-09,
        -6.88977119999e-08,
        -0.200160038519
    ],
    "initial_dimensionless_spin2": [
        -6.9427132e-09,
        2.3209551e-09,
        0.800000084027
    ],
    "initial_position1": [
        5.477512030770346,
        0.0168957886284329,
        -9.1179303e-09
    ],
    "initial_position2": [
        -9.509182305129652,
        0.0168957886284329,
        -9.1179303e-09
    ],
    "relaxation_time": 640.0,
    "common_horizon_time": 5047.79347151,
    "remnant_mass": 0.956365426051,
    "remnant_dimensionless_spin": [
        -5.95334662731e-08,
        3.14757169394e-09,
        0.644759642546
    ],
    "remnant_velocity": [
        0.000274227169337,
        0.000860208679851,
        1.65410047058e-08
    ],
    "metadata_version": 1,
    "spec_revisions": "InitialCommit-29089-g8b04a13",
    "spells_revision": "8b04a13a5f37970ac7f06dcc5dbbd046e8370016",
    "com_parameters": {
        "space_translation": [
            -0.00211675684,
            -0.00222096152,
            -3.40116074e-06
        ],
        "boost_velocity": [
            4.03725451e-06,
            1.6728702e-05,
            6.97322927e-09
        ]
    },
    "initial_mass_ratio": 1.7499999776749537
}