{
    "simulation_name": "BBH_SKS_d12.8_q1.31_sA_0_0_0.962_sB_0_0_-0.900/Lev4",
    "alternative_names": [
        "PRIVATE:BBH:0235",
        "SXS:BBH:0306"
    ],
    "initial_data_type": "BBH_SKS",
    "object_types": "BHBH",
    "number_of_orbits": 12.6208540119,
    "reference_mass_ratio": 1.3097838943589781,
    "reference_chi_eff": 0.15580156673724346,
    "reference_chi1_perp": 2.3467361953738954e-09,
    "reference_chi2_perp": 2.0811800833257363e-08,
    "reference_eccentricity": 0.0013506,
    "reference_dimensionless_spin1": [
        3.45812819445e-09,
        -1.30280350261e-08,
        0.961208802868
    ],
    "reference_dimensionless_spin2": [
        1.8249973247e-08,
        1.643082404e-08,
        -0.899107859547
    ],
    "reference_orbital_frequency": [
        5.70634167581e-11,
        -3.32135424688e-10,
        0.0209786686033
    ],
    "reference_mass1": 0.567184775886,
    "reference_mass2": 0.433036914203,
    "reference_time": 420.0,
    "reference_position1": [
        -3.82253106798,
        3.8968869698,
        -1.70122046633e-06
    ],
    "reference_position2": [
        4.85384674562,
        -5.87499358316,
        -1.87952975427e-06
    ],
    "reference_mean_anomaly": 3.232289,
    "keywords": [],
    "point_of_contact_email": "glovelace@fullerton.edu",
    "authors_emails": [],
    "simulation_bibtex_keys": [
        "Lovelace:2016uwp",
        "Boyle:2019kee",
        "SXSCatalogWebsite"
    ],
    "code_bibtex_keys": [
        "Ossokine:2013zga",
        "Hemberger:2012jz",
        "Szilagyi:2009qz",
        "Boyle:2009vi",
        "Scheel:2008rj",
        "Boyle:2007ft",
        "Scheel:2006gg",
        "Lindblom:2005qh",
        "Pfeiffer:2002wt",
        "SpECwebsite"
    ],
    "initial_data_bibtex_keys": [
        "Buchman:2012dw",
        "Lovelace:2008tw",
        "Pfeiffer:2007yz",
        "Caudill:2006hw",
        "Cook:2004kt"
    ],
    "quasicircular_bibtex_keys": [
        "Mroue:2012kv",
        "Buonanno:2010yk",
        "Mroue:2010re",
        "Boyle:2007ft"
    ],
    "initial_separation": 12.8341674805,
    "initial_orbital_frequency": 0.018490144899,
    "initial_adot": 6.99661517735e-05,
    "object1": "bh",
    "object2": "bh",
    "initial_ADM_energy": 0.9918620670646654,
    "initial_ADM_linear_momentum": [
        3.98824e-11,
        4.024754e-10,
        4.661135e-10
    ],
    "initial_ADM_angular_momentum": [
        6.283e-13,
        6.212e-13,
        1.1548870428096505
    ],
    "initial_mass1": 0.5670506259307079,
    "initial_mass2": 0.4329493779234977,
    "initial_dimensionless_spin1": [
        -1.697e-13,
        -5.253e-13,
        0.961672072608
    ],
    "initial_dimensionless_spin2": [
        -3.699e-13,
        -6.60999999999e-14,
        -0.899665299405
    ],
    "initial_position1": [
        5.415009137011347,
        -0.2739070896940823,
        0.0
    ],
    "initial_position2": [
        -7.419158343488653,
        -0.2739070896940823,
        0.0
    ],
    "relaxation_time": 420.0,
    "common_horizon_time": 2606.43202627,
    "remnant_mass": 0.944390411245,
    "remnant_dimensionless_spin": [
        5.58602074964e-09,
        -1.39972052387e-08,
        0.774902290673
    ],
    "remnant_velocity": [
        0.00100783577431,
        0.000495681588681,
        1.1006844541e-08
    ],
    "metadata_version": 1,
    "spec_revisions": "InitialCommit-28781-g5acb654",
    "spells_revision": "5acb654e289e5124493a4a25f18382f99d39c5f4",
    "com_parameters": {
        "space_translation": [
            -0.080294813,
            -0.28277131,
            -5.07974171e-06
        ],
        "boost_velocity": [
            6.19998352e-07,
            -4.35708188e-06,
            1.37318705e-09
        ]
    },
    "initial_mass_ratio": 1.3097388628905846
}