{
    "simulation_name": "BBH_CFMS_d16.4_q2_sA_0_0_0.500_sB_0_0_0.500/Lev5",
    "alternative_names": [
        "PRIVATE:BBH:0051",
        "SXS:BBH:0253"
    ],
    "initial_data_type": "BBH_CFMS",
    "object_types": "BHBH",
    "number_of_orbits": 28.7902073298,
    "reference_mass_ratio": 1.9999341119415266,
    "reference_chi_eff": 0.4995089795912904,
    "reference_chi1_perp": 2.158450531856929e-12,
    "reference_chi2_perp": 2.2660405799628686e-12,
    "reference_eccentricity": "<4.9e-05",
    "reference_dimensionless_spin1": [
        -4.75848204261e-13,
        -1.70056902315e-13,
        0.499537454078
    ],
    "reference_dimensionless_spin2": [
        -3.8660818118e-13,
        2.87834662404e-15,
        0.499452032494
    ],
    "reference_orbital_frequency": [
        1.79072329087e-14,
        -5.64256865137e-14,
        0.013970910354
    ],
    "reference_mass1": 0.66696401816,
    "reference_mass2": 0.333492995683,
    "reference_time": 310.0,
    "reference_position1": [
        -2.2015498463,
        -4.97961078461,
        4.85330640405e-11
    ],
    "reference_position2": [
        4.34380016513,
        9.94543602604,
        1.00422804011e-10
    ],
    "reference_mean_anomaly": 5.413766,
    "keywords": [],
    "point_of_contact_email": "tonyc@cita.utoronto.ca",
    "authors_emails": [],
    "simulation_bibtex_keys": [
        "Chu:2015kft",
        "Boyle:2019kee",
        "SXSCatalogWebsite"
    ],
    "code_bibtex_keys": [
        "Ossokine:2013zga",
        "Hemberger:2012jz",
        "Szilagyi:2009qz",
        "Boyle:2009vi",
        "Scheel:2008rj",
        "Boyle:2007ft",
        "Scheel:2006gg",
        "Lindblom:2005qh",
        "Pfeiffer:2002wt",
        "SpECwebsite"
    ],
    "initial_data_bibtex_keys": [
        "Buchman:2012dw",
        "Lovelace:2008tw",
        "Pfeiffer:2007yz",
        "Caudill:2006hw",
        "Cook:2004kt"
    ],
    "quasicircular_bibtex_keys": [
        "Mroue:2012kv",
        "Buonanno:2010yk",
        "Mroue:2010re",
        "Boyle:2007ft"
    ],
    "initial_separation": 16.4,
    "initial_orbital_frequency": 0.0138487160268,
    "initial_adot": -1.12483750347e-05,
    "object1": "bh",
    "object2": "bh",
    "initial_ADM_energy": 0.994370278447671,
    "initial_ADM_linear_momentum": [
        -7.5268775e-09,
        1.3654174e-09,
        2.934458e-09
    ],
    "initial_ADM_angular_momentum": [
        -5.342084202e-07,
        4.32013793e-07,
        1.2766388142638687
    ],
    "initial_mass1": 0.666666666565613,
    "initial_mass2": 0.333333333440613,
    "initial_dimensionless_spin1": [
        -3.61e-14,
        -1.83e-14,
        0.499999999949
    ],
    "initial_dimensionless_spin2": [
        2.6e-14,
        -1.2e-15,
        0.500000000113
    ],
    "initial_position1": [
        5.453538015665864,
        0.0109235556357279,
        0.0
    ],
    "initial_position2": [
        -10.946461984334135,
        0.0109235556357279,
        0.0
    ],
    "relaxation_time": 310.0,
    "common_horizon_time": 8327.92277636,
    "remnant_mass": 0.94529632193,
    "remnant_dimensionless_spin": [
        1.9677395215e-09,
        9.35498682719e-10,
        0.804636267895
    ],
    "remnant_velocity": [
        -0.000164890594088,
        -9.09748306892e-05,
        1.18516027928e-08
    ],
    "metadata_version": 1,
    "spec_revisions": [
        "InitialCommit-22272-g66cd00a",
        "InitialCommit-24250-g44478b7"
    ],
    "spells_revision": "InitialCommit-21916-g19475f2",
    "com_parameters": {
        "space_translation": [
            -0.0143067638,
            0.00325672402,
            1.15657398e-09
        ],
        "boost_velocity": [
            -1.06540863e-06,
            -1.48279834e-06,
            -5.29817632e-13
        ]
    },
    "initial_mass_ratio": 1.9999999990531612
}