{
    "simulation_name": "0113/Lev3",
    "alternative_names": [
        "PRIVATE:BBH:0808",
        "SXS:BBH:0738"
    ],
    "initial_data_type": "BBH_SKS",
    "object_types": "BHBH",
    "number_of_orbits": 18.3169414214,
    "reference_mass_ratio": 1.9997561550103795,
    "reference_chi_eff": -0.26607797698162283,
    "reference_chi1_perp": 0.39995905176240054,
    "reference_chi2_perp": 0.003772896652193196,
    "reference_eccentricity": 0.0001732,
    "reference_dimensionless_spin1": [
        -0.388542125472,
        -0.0948347883388,
        0.00301669077615
    ],
    "reference_dimensionless_spin2": [
        0.00437996361408,
        -0.0504227922646,
        -0.797956558214
    ],
    "reference_orbital_frequency": [
        -0.00013653296151,
        0.000950154804352,
        0.0159441643229
    ],
    "reference_mass1": 0.666688797059,
    "reference_mass2": 0.333385045666,
    "reference_time": 440.0,
    "reference_position1": [
        4.12261290543,
        3.1201522998,
        -0.163012061067
    ],
    "reference_position2": [
        -8.2734398363,
        -6.34086532753,
        0.294645136453
    ],
    "reference_mean_anomaly": 1.268822,
    "keywords": [],
    "point_of_contact_email": "daniel.hemberger@gmail.com",
    "authors_emails": [],
    "simulation_bibtex_keys": [
        "Blackman:2017pcm",
        "Boyle:2019kee",
        "SXSCatalogWebsite"
    ],
    "code_bibtex_keys": [
        "Ossokine:2013zga",
        "Hemberger:2012jz",
        "Szilagyi:2009qz",
        "Boyle:2009vi",
        "Scheel:2008rj",
        "Boyle:2007ft",
        "Scheel:2006gg",
        "Lindblom:2005qh",
        "Pfeiffer:2002wt",
        "SpECwebsite"
    ],
    "initial_data_bibtex_keys": [
        "Buchman:2012dw",
        "Lovelace:2008tw",
        "Pfeiffer:2007yz",
        "Caudill:2006hw",
        "Cook:2004kt"
    ],
    "quasicircular_bibtex_keys": [
        "Mroue:2012kv",
        "Buonanno:2010yk",
        "Mroue:2010re",
        "Boyle:2007ft"
    ],
    "initial_separation": 15.2805175781,
    "initial_orbital_frequency": 0.015094338487,
    "initial_adot": -0.0002275205779731,
    "object1": "bh",
    "object2": "bh",
    "initial_ADM_energy": 0.993646586181691,
    "initial_ADM_linear_momentum": [
        -2.1284806e-09,
        -2.86312241e-08,
        5.928755e-10
    ],
    "initial_ADM_angular_momentum": [
        -0.1790857261774482,
        0.0075343505579426,
        0.9090912561409603
    ],
    "initial_mass1": 0.6666666649008164,
    "initial_mass2": 0.3333333139585373,
    "initial_dimensionless_spin1": [
        -0.399580732102,
        0.018297403497,
        -0.000217198415621
    ],
    "initial_dimensionless_spin2": [
        -0.00828679764978,
        -0.0387142203167,
        -0.799019755449
    ],
    "initial_position1": [
        5.086924161870899,
        0.0201860204346498,
        -0.0122312884586642
    ],
    "initial_position2": [
        -10.1935934162291,
        0.0201860204346498,
        -0.0122312884586642
    ],
    "relaxation_time": 440.0,
    "common_horizon_time": 4998.38316208,
    "remnant_mass": 0.964128666496,
    "remnant_dimensionless_spin": [
        -0.129870271438,
        -0.0149366637612,
        0.586374891688
    ],
    "remnant_velocity": [
        0.000811170769822,
        -0.000120866434856,
        -0.00160241514674
    ],
    "metadata_version": 1,
    "spec_revisions": "InitialCommit-29628-g2cce9e5",
    "spells_revision": "2cce9e5c03773621b7d160cd7247fc453684f921",
    "com_parameters": {
        "space_translation": [
            -0.00125559,
            0.00023542,
            -0.00029663
        ],
        "boost_velocity": [
            1.43374359e-06,
            -1.47778923e-05,
            1.90437503e-06
        ]
    },
    "initial_mass_ratio": 2.0000001109512318
}