{
    "simulation_name": "0118/Lev3",
    "alternative_names": "SXS:BBH:0742",
    "initial_data_type": "BBH_SKS",
    "object_types": "BHBH",
    "number_of_orbits": 18.0593742845,
    "reference_mass_ratio": 1.9996384728090522,
    "reference_chi_eff": -0.26425673107987374,
    "reference_chi1_perp": 0.001482100590002707,
    "reference_chi2_perp": 0.7996149302052113,
    "reference_eccentricity": 0.0005294,
    "reference_dimensionless_spin1": [
        -0.00244828671177,
        -0.0212628769177,
        -0.399343842652
    ],
    "reference_dimensionless_spin2": [
        -0.792943105146,
        -0.102160892109,
        0.0154126786746
    ],
    "reference_orbital_frequency": [
        5.38187680426e-05,
        0.000882689496946,
        0.0158298436859
    ],
    "reference_mass1": 0.666655271303,
    "reference_mass2": 0.333387900047,
    "reference_time": 400.0,
    "reference_position1": [
        5.22086245001,
        -0.0714516389636,
        -0.0015493854807
    ],
    "reference_position2": [
        -10.4451924077,
        0.0597201366597,
        0.0443982459883
    ],
    "reference_mean_anomaly": 3.816248,
    "keywords": [],
    "point_of_contact_email": "scheel@tapir.caltech.edu",
    "authors_emails": [],
    "simulation_bibtex_keys": [
        "Blackman:2017pcm",
        "Boyle:2019kee",
        "SXSCatalogWebsite"
    ],
    "code_bibtex_keys": [
        "Ossokine:2013zga",
        "Hemberger:2012jz",
        "Szilagyi:2009qz",
        "Boyle:2009vi",
        "Scheel:2008rj",
        "Boyle:2007ft",
        "Scheel:2006gg",
        "Lindblom:2005qh",
        "Pfeiffer:2002wt",
        "SpECwebsite"
    ],
    "initial_data_bibtex_keys": [
        "Buchman:2012dw",
        "Lovelace:2008tw",
        "Pfeiffer:2007yz",
        "Caudill:2006hw",
        "Cook:2004kt"
    ],
    "quasicircular_bibtex_keys": [
        "Mroue:2012kv",
        "Buonanno:2010yk",
        "Mroue:2010re",
        "Boyle:2007ft"
    ],
    "initial_separation": 15.3104248047,
    "initial_orbital_frequency": 0.015064998537,
    "initial_adot": -0.0001647362571262,
    "object1": "bh",
    "object2": "bh",
    "initial_ADM_energy": 0.9936666576508051,
    "initial_ADM_linear_momentum": [
        9.8011418e-09,
        -2.62073266e-08,
        -2.3250437e-09
    ],
    "initial_ADM_angular_momentum": [
        -0.0868618616111627,
        0.0348619071302129,
        0.8227982287288694
    ],
    "initial_mass1": 0.6666666774285904,
    "initial_mass2": 0.3333333446102209,
    "initial_dimensionless_spin1": [
        -0.00388179413629,
        -0.0188904852191,
        -0.399534824027
    ],
    "initial_dimensionless_spin2": [
        -0.754703081136,
        0.265365385284,
        0.0013601327261
    ],
    "initial_position1": [
        5.123593062750576,
        0.0212897449970462,
        0.0122705493036422
    ],
    "initial_position2": [
        -10.186831741949424,
        0.0212897449970462,
        0.0122705493036422
    ],
    "relaxation_time": 400.0,
    "common_horizon_time": 4971.86219127,
    "remnant_mass": 0.966919482459,
    "remnant_dimensionless_spin": [
        -0.0601805632072,
        0.0248963788643,
        0.494962738066
    ],
    "remnant_velocity": [
        0.000555257880756,
        -0.000576565440496,
        0.000830296082073
    ],
    "metadata_version": 1,
    "spec_revisions": "InitialCommit-29628-g2cce9e5",
    "spells_revision": "2cce9e5c03773621b7d160cd7247fc453684f921",
    "com_parameters": {
        "space_translation": [
            -0.0010554,
            0.00292551,
            0.00063497
        ],
        "boost_velocity": [
            1.98412757e-07,
            -5.23364525e-06,
            6.95900276e-07
        ]
    },
    "initial_mass_ratio": 1.999999964624447
}