{
    "simulation_name": "BBH_CFMS_d20_q7_sA_0_0_0.400_sB_0_0_0/Lev3",
    "alternative_names": [
        "PRIVATE:BBH:0018",
        "SXS:BBH:0204"
    ],
    "initial_data_type": "BBH_CFMS",
    "object_types": "BHBH",
    "number_of_orbits": 88.3692985659,
    "reference_mass_ratio": 7.001167835103032,
    "reference_chi_eff": 0.349890834381138,
    "reference_chi1_perp": 6.217940075171e-08,
    "reference_chi2_perp": 2.747612734183627e-08,
    "reference_eccentricity": 2.68e-05,
    "reference_dimensionless_spin1": [
        2.03001281473e-08,
        3.50384549691e-08,
        0.399866999659
    ],
    "reference_dimensionless_spin2": [
        6.50716175176e-09,
        -2.66944140885e-08,
        -6.8648400485e-07
    ],
    "reference_orbital_frequency": [
        2.92253355949e-10,
        -6.91419639205e-10,
        0.0104449933802
    ],
    "reference_mass1": 0.875141531826,
    "reference_mass2": 0.12499936474,
    "reference_time": 620.0,
    "reference_position1": [
        2.44673729604,
        0.451692737579,
        1.27574199193e-06
    ],
    "reference_position2": [
        -17.4212967622,
        -3.38078821033,
        1.5779582711e-06
    ],
    "reference_mean_anomaly": 0.407795,
    "keywords": [],
    "point_of_contact_email": "kbarkett@caltech.edu",
    "authors_emails": [],
    "simulation_bibtex_keys": [
        "SXSCatalog",
        "Kumar:2015tha"
    ],
    "code_bibtex_keys": [
        "Ossokine:2013zga",
        "Hemberger:2012jz",
        "Szilagyi:2009qz",
        "Boyle:2009vi",
        "Scheel:2008rj",
        "Boyle:2007ft",
        "Scheel:2006gg",
        "Lindblom:2005qh",
        "Pfeiffer:2002wt",
        "SpECwebsite"
    ],
    "initial_data_bibtex_keys": [
        "Buchman:2012dw",
        "Lovelace:2008tw",
        "Pfeiffer:2007yz",
        "Caudill:2006hw",
        "Cook:2004kt"
    ],
    "quasicircular_bibtex_keys": [
        "Mroue:2012kv",
        "Buonanno:2010yk",
        "Mroue:2010re",
        "Boyle:2007ft"
    ],
    "initial_separation": 20.0,
    "initial_orbital_frequency": 0.010446,
    "initial_adot": -4.63733e-06,
    "object1": "bh",
    "object2": "bh",
    "initial_ADM_energy": 0.9976505981028917,
    "initial_ADM_linear_momentum": [
        -4.10550747e-08,
        2.06116119e-08,
        9.9919665e-09
    ],
    "initial_ADM_angular_momentum": [
        5.532205836e-06,
        4.47633244527e-05,
        0.8415017262076857
    ],
    "initial_mass1": 0.874999999283332,
    "initial_mass2": 0.12499999965886,
    "initial_dimensionless_spin1": [
        -1.18e-14,
        1.6e-15,
        0.400000000583
    ],
    "initial_dimensionless_spin2": [
        6e-16,
        6e-16,
        -8.54000000002e-13
    ],
    "initial_position1": [
        2.4844300044846936,
        0.0093443633956847,
        0.0
    ],
    "initial_position2": [
        -17.515569995515307,
        0.0093443633956847,
        0.0
    ],
    "relaxation_time": 620.0,
    "common_horizon_time": 34708.5220801,
    "remnant_mass": 0.983624149242,
    "remnant_dimensionless_spin": [
        1.28618696803e-08,
        -1.99453459309e-09,
        0.605613530645
    ],
    "remnant_velocity": [
        0.000156959552653,
        0.000210992609871,
        1.74121266697e-08
    ],
    "metadata_version": 1,
    "spec_revisions": [
        "InitialCommit-23744-g011cbd7",
        "InitialCommit-24551-g50f8d86"
    ],
    "spells_revision": "011cbd7cc7b6ed54407681ad283ab2a209d63abb",
    "com_parameters": {
        "space_translation": [
            -0.100274141,
            -0.0591063984,
            -1.68519578e-05
        ],
        "boost_velocity": [
            1.21468855e-05,
            8.06196845e-06,
            3.03559913e-09
        ]
    },
    "initial_mass_ratio": 7.000000013370497
}