{
    "simulation_name": "0124/Lev3",
    "alternative_names": [
        "PRIVATE:BBH:0252",
        "SXS:BBH:0440"
    ],
    "initial_data_type": "BBH_SKS",
    "object_types": "BHBH",
    "number_of_orbits": 19.2724658334,
    "reference_mass_ratio": 1.5001019147342143,
    "reference_chi_eff": 0.16000384028769732,
    "reference_chi1_perp": 2.9088278274377498e-08,
    "reference_chi2_perp": 2.1301999330786937e-08,
    "reference_eccentricity": 0.0006448,
    "reference_dimensionless_spin1": [
        1.22721044642e-08,
        2.63750853962e-08,
        -7.89224863575e-05
    ],
    "reference_dimensionless_spin2": [
        3.20019631795e-08,
        -1.63702559623e-08,
        0.400144299241
    ],
    "reference_orbital_frequency": [
        4.38976712372e-10,
        -6.84275853024e-10,
        0.0164128060609
    ],
    "reference_mass1": 0.600004009354,
    "reference_mass2": 0.399975497305,
    "reference_time": 640.0,
    "reference_position1": [
        -4.11108830534,
        -4.51295747498,
        1.8369487174e-05
    ],
    "reference_position2": [
        6.13155774082,
        6.81259615634,
        1.85677177369e-05
    ],
    "reference_mean_anomaly": 5.868633,
    "keywords": [],
    "point_of_contact_email": "daniel.hemberger@gmail.com",
    "authors_emails": [],
    "simulation_bibtex_keys": [
        "Blackman:2017dfb",
        "Boyle:2019kee",
        "SXSCatalogWebsite"
    ],
    "code_bibtex_keys": [
        "Ossokine:2013zga",
        "Hemberger:2012jz",
        "Szilagyi:2009qz",
        "Boyle:2009vi",
        "Scheel:2008rj",
        "Boyle:2007ft",
        "Scheel:2006gg",
        "Lindblom:2005qh",
        "Pfeiffer:2002wt",
        "SpECwebsite"
    ],
    "initial_data_bibtex_keys": [
        "Buchman:2012dw",
        "Lovelace:2008tw",
        "Pfeiffer:2007yz",
        "Caudill:2006hw",
        "Cook:2004kt"
    ],
    "quasicircular_bibtex_keys": [
        "Mroue:2012kv",
        "Buonanno:2010yk",
        "Mroue:2010re",
        "Boyle:2007ft"
    ],
    "initial_separation": 15.1096801758,
    "initial_orbital_frequency": 0.015564063709,
    "initial_adot": 2.73140505408e-05,
    "object1": "bh",
    "object2": "bh",
    "initial_ADM_energy": 0.9929150975821197,
    "initial_ADM_linear_momentum": [
        3.4088834e-09,
        -1.449122e-08,
        -3.7496e-12
    ],
    "initial_ADM_angular_momentum": [
        1.904007865e-07,
        -6.13514168e-08,
        1.1197038517836009
    ],
    "initial_mass1": 0.599999995710087,
    "initial_mass2": 0.400000002278815,
    "initial_dimensionless_spin1": [
        1.63816944e-08,
        2.31861316e-08,
        -8.69596437999e-08
    ],
    "initial_dimensionless_spin2": [
        5.3261e-12,
        -3.8495e-12,
        0.399999994919
    ],
    "initial_position1": [
        6.05650393359938,
        0.0132214235212111,
        -1.1530195e-09
    ],
    "initial_position2": [
        -9.05317624220062,
        0.0132214235212111,
        -1.1530195e-09
    ],
    "relaxation_time": 640.0,
    "common_horizon_time": 5057.36552581,
    "remnant_mass": 0.95166489327,
    "remnant_dimensionless_spin": [
        2.62199074139e-08,
        -2.56834448679e-08,
        0.699312666935
    ],
    "remnant_velocity": [
        0.000286889688127,
        0.000414228607969,
        4.09876788667e-08
    ],
    "metadata_version": 1,
    "spec_revisions": "InitialCommit-28977-g3727d27",
    "spells_revision": "3727d27cb1189c2dffa859c586de4b14bf054cbd",
    "com_parameters": {
        "space_translation": [
            -0.00134947,
            -0.00114239373,
            -7.16276305e-06
        ],
        "boost_velocity": [
            2.47619434e-07,
            7.11090676e-06,
            3.82541053e-08
        ]
    },
    "initial_mass_ratio": 1.4999999807296613
}