{
    "simulation_name": "BBH_CFMS_d11.5_q8.50_sA_0_0_0_sB_0_0_0/Lev5",
    "alternative_names": [
        "PRIVATE:BBH:0104",
        "SXS:BBH:0300"
    ],
    "initial_data_type": "BBH_CFMS",
    "object_types": "BHBH",
    "number_of_orbits": 18.6952706415,
    "reference_mass_ratio": 8.49995612788066,
    "reference_chi_eff": 8.564492608729561e-07,
    "reference_chi1_perp": 1.1177994134999781e-08,
    "reference_chi2_perp": 1.0673181094136847e-11,
    "reference_eccentricity": "<6.0e-05",
    "reference_dimensionless_spin1": [
        1.11623181234e-08,
        5.91786610519e-10,
        8.72017732937e-07
    ],
    "reference_dimensionless_spin2": [
        -8.75834479498e-12,
        -6.1010650382e-12,
        7.24117931329e-07
    ],
    "reference_orbital_frequency": [
        7.87335011087e-12,
        -5.00266825132e-11,
        0.0231094233201
    ],
    "reference_mass1": 0.894737488905,
    "reference_mass2": 0.1052637773,
    "reference_time": 230.0,
    "reference_position1": [
        0.622309467801,
        -1.04446027749,
        -2.2509762735e-09
    ],
    "reference_position2": [
        -5.39126067949,
        8.63270557593,
        2.07467177667e-08
    ],
    "reference_mean_anomaly": 3.028975,
    "keywords": [],
    "point_of_contact_email": "tonyc@cita.utoronto.ca",
    "authors_emails": [],
    "simulation_bibtex_keys": [
        "Chu:2015kft",
        "Boyle:2019kee",
        "SXSCatalogWebsite"
    ],
    "code_bibtex_keys": [
        "Ossokine:2013zga",
        "Hemberger:2012jz",
        "Szilagyi:2009qz",
        "Boyle:2009vi",
        "Scheel:2008rj",
        "Boyle:2007ft",
        "Scheel:2006gg",
        "Lindblom:2005qh",
        "Pfeiffer:2002wt",
        "SpECwebsite"
    ],
    "initial_data_bibtex_keys": [
        "Buchman:2012dw",
        "Lovelace:2008tw",
        "Pfeiffer:2007yz",
        "Caudill:2006hw",
        "Cook:2004kt"
    ],
    "quasicircular_bibtex_keys": [
        "Mroue:2012kv",
        "Buonanno:2010yk",
        "Mroue:2010re",
        "Boyle:2007ft"
    ],
    "initial_separation": 11.5,
    "initial_orbital_frequency": 0.0229722486111,
    "initial_adot": -5.21550860723e-05,
    "object1": "bh",
    "object2": "bh",
    "initial_ADM_energy": 0.9965838262673746,
    "initial_ADM_linear_momentum": [
        -8.988677e-10,
        -3.4473652e-09,
        7.968985e-10
    ],
    "initial_ADM_angular_momentum": [
        2.567911116e-07,
        5.867827691e-07,
        0.3811451919149372
    ],
    "initial_mass1": 0.894736842123688,
    "initial_mass2": 0.10526315788495,
    "initial_dimensionless_spin1": [
        1.07270191e-08,
        -4.877588e-10,
        2.45175092e-08
    ],
    "initial_dimensionless_spin2": [
        -8.11682e-11,
        -1.915e-12,
        -1.193687e-10
    ],
    "initial_position1": [
        1.2023454065865977,
        0.015159346520217,
        0.0
    ],
    "initial_position2": [
        -10.297654593413402,
        0.015159346520217,
        0.0
    ],
    "relaxation_time": 230.0,
    "common_horizon_time": 3676.15670962,
    "remnant_mass": 0.990118245833,
    "remnant_dimensionless_spin": [
        5.71744775707e-08,
        2.31510561873e-08,
        0.293728084623
    ],
    "remnant_velocity": [
        -0.000198530569583,
        0.000158090758406,
        5.45466329243e-09
    ],
    "metadata_version": 1,
    "spec_revisions": [
        "InitialCommit-22272-g66cd00a",
        "InitialCommit-24016-gac5079e"
    ],
    "spells_revision": "InitialCommit-21916-g19475f2",
    "com_parameters": {
        "space_translation": [
            -0.0169759844,
            0.00479247491,
            -4.81987758e-10
        ],
        "boost_velocity": [
            1.79221635e-06,
            -3.24594887e-06,
            1.71763741e-12
        ]
    },
    "initial_mass_ratio": 8.500000000965324
}