{
    "simulation_name": "0147/Lev3",
    "alternative_names": [
        "PRIVATE:BBH:0303",
        "SXS:BBH:0459"
    ],
    "initial_data_type": "BBH_SKS",
    "object_types": "BHBH",
    "number_of_orbits": 18.3015786699,
    "reference_mass_ratio": 0.9999973097655519,
    "reference_chi_eff": -0.10008519038425223,
    "reference_chi1_perp": 2.757058957725208e-08,
    "reference_chi2_perp": 2.0439404202469755e-08,
    "reference_eccentricity": 6.5e-05,
    "reference_dimensionless_spin1": [
        2.54479801783e-08,
        1.08297666268e-08,
        0.199908553657
    ],
    "reference_dimensionless_spin2": [
        -2.08756034404e-08,
        -2.36273373379e-09,
        -0.400078127372
    ],
    "reference_orbital_frequency": [
        3.04668322953e-11,
        -5.21208491858e-11,
        0.0158237109323
    ],
    "reference_mass1": 0.500000430178,
    "reference_mass2": 0.5000017753,
    "reference_time": 640.0,
    "reference_position1": [
        -6.95556989854,
        -3.61151379408,
        4.41753929329e-06
    ],
    "reference_position2": [
        6.98940449313,
        3.61280744377,
        4.41448555712e-06
    ],
    "reference_mean_anomaly": 5.155306,
    "keywords": [],
    "point_of_contact_email": "daniel.hemberger@gmail.com",
    "authors_emails": [],
    "simulation_bibtex_keys": [
        "Blackman:2017dfb",
        "Boyle:2019kee",
        "SXSCatalogWebsite"
    ],
    "code_bibtex_keys": [
        "Ossokine:2013zga",
        "Hemberger:2012jz",
        "Szilagyi:2009qz",
        "Boyle:2009vi",
        "Scheel:2008rj",
        "Boyle:2007ft",
        "Scheel:2006gg",
        "Lindblom:2005qh",
        "Pfeiffer:2002wt",
        "SpECwebsite"
    ],
    "initial_data_bibtex_keys": [
        "Buchman:2012dw",
        "Lovelace:2008tw",
        "Pfeiffer:2007yz",
        "Caudill:2006hw",
        "Cook:2004kt"
    ],
    "quasicircular_bibtex_keys": [
        "Mroue:2012kv",
        "Buonanno:2010yk",
        "Mroue:2010re",
        "Boyle:2007ft"
    ],
    "initial_separation": 15.5377197266,
    "initial_orbital_frequency": 0.015056402672,
    "initial_adot": -5.67514827465e-05,
    "object1": "bh",
    "object2": "bh",
    "initial_ADM_energy": 0.9928581546803101,
    "initial_ADM_linear_momentum": [
        8.22017917e-08,
        1.188648153e-07,
        -1.221957e-10
    ],
    "initial_ADM_angular_momentum": [
        6.86189072e-08,
        -1.273476731e-07,
        1.0725162233405727
    ],
    "initial_mass1": 0.499999996292488,
    "initial_mass2": 0.500000018848876,
    "initial_dimensionless_spin1": [
        -2.152e-13,
        8.45999999998e-14,
        0.200000022066
    ],
    "initial_dimensionless_spin2": [
        3.564e-13,
        -1.499e-13,
        -0.400000011114
    ],
    "initial_position1": [
        7.752550871791328,
        -0.0011716060989486,
        1.2446018512e-06
    ],
    "initial_position2": [
        -7.785168854808672,
        -0.0011716060989486,
        1.2446018512e-06
    ],
    "relaxation_time": 640.0,
    "common_horizon_time": 5039.39609294,
    "remnant_mass": 0.954118741553,
    "remnant_dimensionless_spin": [
        2.13276092791e-09,
        -1.05081055033e-09,
        0.655276336608
    ],
    "remnant_velocity": [
        -8.64037507868e-05,
        -0.000467064541918,
        1.75780551762e-08
    ],
    "metadata_version": 1,
    "spec_revisions": "InitialCommit-28950-gb189fe3",
    "spells_revision": "b189fe3d837b3733f9792ac7a6ee263ced79a79e",
    "com_parameters": {
        "space_translation": [
            0.000570007467,
            0.00170815627,
            -3.18815177e-06
        ],
        "boost_velocity": [
            -9.28098673e-07,
            -4.74243396e-07,
            8.26587763e-09
        ]
    },
    "initial_mass_ratio": 0.9999999548872256
}