{
    "simulation_name": "BBH_CFMS_d16.5_q2_sA_0_0_-0.300_sB_0_0_0/Lev5",
    "alternative_names": [
        "PRIVATE:BBH:0079",
        "SXS:BBH:0241"
    ],
    "initial_data_type": "BBH_CFMS",
    "object_types": "BHBH",
    "number_of_orbits": 23.1148671225,
    "reference_mass_ratio": 2.0001067972423447,
    "reference_chi_eff": -0.1999782219568946,
    "reference_chi1_perp": 3.5183617351357972e-12,
    "reference_chi2_perp": 2.877413834484829e-10,
    "reference_eccentricity": "<5.1e-05",
    "reference_dimensionless_spin1": [
        3.08224923049e-13,
        4.22059562241e-13,
        -0.299962133468
    ],
    "reference_dimensionless_spin2": [
        2.71417789808e-10,
        9.55378813014e-11,
        2.79071344433e-07
    ],
    "reference_orbital_frequency": [
        2.91580007248e-14,
        -1.7719874101e-13,
        0.0139373697261
    ],
    "reference_mass1": 0.666703018963,
    "reference_mass2": 0.333333709921,
    "reference_time": 230.0,
    "reference_position1": [
        -5.52733583165,
        -0.229239062183,
        -5.25051049568e-11
    ],
    "reference_position2": [
        10.9107651325,
        0.482020894517,
        -7.78519098354e-11
    ],
    "reference_mean_anomaly": 5.225203,
    "keywords": [],
    "point_of_contact_email": "tonyc@cita.utoronto.ca",
    "authors_emails": [],
    "simulation_bibtex_keys": [
        "Chu:2015kft",
        "Boyle:2019kee",
        "SXSCatalogWebsite"
    ],
    "code_bibtex_keys": [
        "Ossokine:2013zga",
        "Hemberger:2012jz",
        "Szilagyi:2009qz",
        "Boyle:2009vi",
        "Scheel:2008rj",
        "Boyle:2007ft",
        "Scheel:2006gg",
        "Lindblom:2005qh",
        "Pfeiffer:2002wt",
        "SpECwebsite"
    ],
    "initial_data_bibtex_keys": [
        "Buchman:2012dw",
        "Lovelace:2008tw",
        "Pfeiffer:2007yz",
        "Caudill:2006hw",
        "Cook:2004kt"
    ],
    "quasicircular_bibtex_keys": [
        "Mroue:2012kv",
        "Buonanno:2010yk",
        "Mroue:2010re",
        "Boyle:2007ft"
    ],
    "initial_separation": 16.5,
    "initial_orbital_frequency": 0.0138510558343,
    "initial_adot": -3.63715601496e-05,
    "object1": "bh",
    "object2": "bh",
    "initial_ADM_energy": 0.9940743881701902,
    "initial_ADM_linear_momentum": [
        3.646166e-09,
        -4.4462786e-09,
        -4.859159e-10
    ],
    "initial_ADM_angular_momentum": [
        -3.958711189e-06,
        1.4751280326e-06,
        0.8932706768726422
    ],
    "initial_mass1": 0.666666666648468,
    "initial_mass2": 0.333333333351367,
    "initial_dimensionless_spin1": [
        -4.76e-14,
        -1.87e-14,
        -0.299999999971
    ],
    "initial_dimensionless_spin2": [
        2.05722e-11,
        2.5437e-12,
        6.382139e-10
    ],
    "initial_position1": [
        5.492639731027477,
        0.0151848664034009,
        0.0
    ],
    "initial_position2": [
        -11.007360268972523,
        0.0151848664034009,
        0.0
    ],
    "relaxation_time": 230.0,
    "common_horizon_time": 7041.23080677,
    "remnant_mass": 0.965887285406,
    "remnant_dimensionless_spin": [
        -1.06435870995e-09,
        -4.49777677914e-11,
        0.526308386718
    ],
    "remnant_velocity": [
        0.000479889983241,
        -0.000587644607552,
        2.02805459902e-10
    ],
    "metadata_version": 1,
    "spec_revisions": [
        "InitialCommit-22272-g66cd00a",
        "InitialCommit-23906-g40010e4"
    ],
    "spells_revision": "InitialCommit-21916-g19475f2",
    "com_parameters": {
        "space_translation": [
            -0.0223186044,
            0.00637180271,
            -5.80672858e-10
        ],
        "boost_velocity": [
            3.37590512e-06,
            -2.95120152e-06,
            3.84311926e-13
        ]
    },
    "initial_mass_ratio": 1.999999999837202
}