{
    "simulation_name": "0056/Lev3",
    "alternative_names": [
        "PRIVATE:BBH:0451",
        "SXS:BBH:0378"
    ],
    "initial_data_type": "BBH_SKS",
    "object_types": "BHBH",
    "number_of_orbits": 19.9285281149,
    "reference_mass_ratio": 1.9996357926568145,
    "reference_chi_eff": 0.2669537710753879,
    "reference_chi1_perp": 0.20000078452321132,
    "reference_chi2_perp": 0.000826654608702156,
    "reference_eccentricity": 0.0003635,
    "reference_dimensionless_spin1": [
        -0.0940972457553,
        0.176460797452,
        0.00282164305089
    ],
    "reference_dimensionless_spin2": [
        0.0275526014132,
        0.00465249870063,
        0.799088800252
    ],
    "reference_orbital_frequency": [
        0.00060008625757,
        0.000106112784084,
        0.0169435693024
    ],
    "reference_mass1": 0.666672000093,
    "reference_mass2": 0.333396712812,
    "reference_time": 640.0,
    "reference_position1": [
        -1.91826896978,
        -4.59983121778,
        0.094952706233
    ],
    "reference_position2": [
        3.74409667175,
        9.18320154947,
        -0.19190915269
    ],
    "reference_mean_anomaly": 0.296337,
    "keywords": [],
    "point_of_contact_email": "daniel.hemberger@gmail.com",
    "authors_emails": [],
    "simulation_bibtex_keys": [
        "Blackman:2017dfb",
        "Boyle:2019kee",
        "SXSCatalogWebsite"
    ],
    "code_bibtex_keys": [
        "Ossokine:2013zga",
        "Hemberger:2012jz",
        "Szilagyi:2009qz",
        "Boyle:2009vi",
        "Scheel:2008rj",
        "Boyle:2007ft",
        "Scheel:2006gg",
        "Lindblom:2005qh",
        "Pfeiffer:2002wt",
        "SpECwebsite"
    ],
    "initial_data_bibtex_keys": [
        "Buchman:2012dw",
        "Lovelace:2008tw",
        "Pfeiffer:2007yz",
        "Caudill:2006hw",
        "Cook:2004kt"
    ],
    "quasicircular_bibtex_keys": [
        "Mroue:2012kv",
        "Buonanno:2010yk",
        "Mroue:2010re",
        "Boyle:2007ft"
    ],
    "initial_separation": 14.7239990234,
    "initial_orbital_frequency": 0.015732876155,
    "initial_adot": 0.0002470470222577,
    "object1": "bh",
    "object2": "bh",
    "initial_ADM_energy": 0.9933297208202587,
    "initial_ADM_linear_momentum": [
        1.32850043e-08,
        -5.77737637e-08,
        2.239829e-10
    ],
    "initial_ADM_angular_momentum": [
        -0.001196391887098,
        0.0845348280296336,
        1.0543375153392849
    ],
    "initial_mass1": 0.666666672714242,
    "initial_mass2": 0.333333339578667,
    "initial_dimensionless_spin1": [
        -0.00869492545607,
        0.199809239861,
        0.000807993245891
    ],
    "initial_dimensionless_spin2": [
        0.023136403184,
        -0.00395136773805,
        0.799655634122
    ],
    "initial_position1": [
        4.92875719692487,
        0.0199141088719458,
        -0.0002762402287716
    ],
    "initial_position2": [
        -9.795241826475129,
        0.0199141088719458,
        -0.0002762402287716
    ],
    "relaxation_time": 640.0,
    "common_horizon_time": 5059.6913233,
    "remnant_mass": 0.956375854784,
    "remnant_dimensionless_spin": [
        -0.0100822925235,
        0.0553151093401,
        0.671842902168
    ],
    "remnant_velocity": [
        0.000205596037391,
        -0.000717301136199,
        3.45627464556e-05
    ],
    "metadata_version": 1,
    "spec_revisions": "InitialCommit-28977-g3727d27",
    "spells_revision": "3727d27cb1189c2dffa859c586de4b14bf054cbd",
    "com_parameters": {
        "space_translation": [
            -0.00467062387,
            8.848401e-06,
            -0.000467545969
        ],
        "boost_velocity": [
            -2.64252612e-06,
            -2.95910827e-05,
            -5.57107229e-07
        ]
    },
    "initial_mass_ratio": 1.9999999806707243
}