{
    "simulation_name": "0010/Lev3",
    "alternative_names": [
        "PRIVATE:BBH:0414",
        "SXS:BBH:0334"
    ],
    "initial_data_type": "BBH_SKS",
    "object_types": "BHBH",
    "number_of_orbits": 16.1568658078,
    "reference_mass_ratio": 1.9998058172312685,
    "reference_chi_eff": -0.8002932258086249,
    "reference_chi1_perp": 3.494916837210087e-07,
    "reference_chi2_perp": 3.252944437073589e-08,
    "reference_eccentricity": 0.0004419,
    "reference_dimensionless_spin1": [
        -1.01667332655e-07,
        -3.26673639547e-07,
        -0.800616864829
    ],
    "reference_dimensionless_spin2": [
        5.42885048694e-08,
        -4.45691320214e-08,
        -0.799646010613
    ],
    "reference_orbital_frequency": [
        -1.5888061707e-09,
        5.76522374926e-10,
        0.0152107255537
    ],
    "reference_mass1": 0.666661191133,
    "reference_mass2": 0.333362962238,
    "reference_time": 420.0,
    "reference_position1": [
        5.41432562667,
        0.0974549498888,
        2.49481275397e-06
    ],
    "reference_position2": [
        -10.8051311851,
        -0.264759762009,
        8.14370352212e-07
    ],
    "reference_mean_anomaly": 0.487423,
    "keywords": [],
    "point_of_contact_email": "daniel.hemberger@gmail.com",
    "authors_emails": [],
    "simulation_bibtex_keys": [
        "Blackman:2017dfb",
        "Boyle:2019kee",
        "SXSCatalogWebsite"
    ],
    "code_bibtex_keys": [
        "Ossokine:2013zga",
        "Hemberger:2012jz",
        "Szilagyi:2009qz",
        "Boyle:2009vi",
        "Scheel:2008rj",
        "Boyle:2007ft",
        "Scheel:2006gg",
        "Lindblom:2005qh",
        "Pfeiffer:2002wt",
        "SpECwebsite"
    ],
    "initial_data_bibtex_keys": [
        "Buchman:2012dw",
        "Lovelace:2008tw",
        "Pfeiffer:2007yz",
        "Caudill:2006hw",
        "Cook:2004kt"
    ],
    "quasicircular_bibtex_keys": [
        "Mroue:2012kv",
        "Buonanno:2010yk",
        "Mroue:2010re",
        "Boyle:2007ft"
    ],
    "initial_separation": 15.9217529297,
    "initial_orbital_frequency": 0.0142262282,
    "initial_adot": -0.0003218276656704,
    "object1": "bh",
    "object2": "bh",
    "initial_ADM_energy": 0.9940174935550883,
    "initial_ADM_linear_momentum": [
        -1.25700595e-08,
        -3.89972643e-08,
        -2.9753e-12
    ],
    "initial_ADM_angular_momentum": [
        -3.77820796e-07,
        2.119495279e-07,
        0.5914988922060895
    ],
    "initial_mass1": 0.666666666457789,
    "initial_mass2": 0.333333323381148,
    "initial_dimensionless_spin1": [
        -1.479643323e-07,
        -2.35240064999e-07,
        -0.800640144976
    ],
    "initial_dimensionless_spin2": [
        1.91668356e-08,
        -1.73060131e-08,
        -0.800000006252
    ],
    "initial_position1": [
        5.329559577482286,
        0.0243973026744606,
        -5.8127532e-09
    ],
    "initial_position2": [
        -10.592193352217715,
        0.0243973026744606,
        -5.8127532e-09
    ],
    "relaxation_time": 420.0,
    "common_horizon_time": 4790.5625955,
    "remnant_mass": 0.973535038217,
    "remnant_dimensionless_spin": [
        -5.2329706305e-08,
        -2.55188314874e-08,
        0.30576202546
    ],
    "remnant_velocity": [
        0.000738571303169,
        -0.000514569670878,
        3.05953529847e-08
    ],
    "metadata_version": 1,
    "spec_revisions": "InitialCommit-28968-g15de10c",
    "spells_revision": "15de10c073d7ccbe3fd862cd19ed40c070bc6f83",
    "com_parameters": {
        "space_translation": [
            -0.00240157464,
            -0.00328542552,
            -3.55557935e-06
        ],
        "boost_velocity": [
            9.35543947e-06,
            1.49247364e-05,
            1.09598687e-08
        ]
    },
    "initial_mass_ratio": 2.0000000590864806
}