{
    "simulation_name": "0011/Lev3",
    "alternative_names": [
        "PRIVATE:BBH:0415",
        "SXS:BBH:0335"
    ],
    "initial_data_type": "BBH_SKS",
    "object_types": "BHBH",
    "number_of_orbits": 17.7908815792,
    "reference_mass_ratio": 1.9998267177096114,
    "reference_chi_eff": -0.2670661406806553,
    "reference_chi1_perp": 2.3080572110350433e-07,
    "reference_chi2_perp": 7.04116377140376e-08,
    "reference_eccentricity": 0.0007099,
    "reference_dimensionless_spin1": [
        3.78523595952e-08,
        -2.39785846839e-07,
        -0.800515276369
    ],
    "reference_dimensionless_spin2": [
        -6.2995656278e-08,
        7.71846694568e-08,
        0.799739693408
    ],
    "reference_orbital_frequency": [
        -9.0763067501e-10,
        1.82880508811e-10,
        0.0160962899335
    ],
    "reference_mass1": 0.66669406057,
    "reference_mass2": 0.333375914356,
    "reference_time": 640.0,
    "reference_position1": [
        -4.13965717879,
        -3.17389571968,
        -4.30979057701e-05
    ],
    "reference_position2": [
        8.11019439403,
        6.35742759128,
        -4.25154580239e-05
    ],
    "reference_mean_anomaly": 1.847013,
    "keywords": [],
    "point_of_contact_email": "daniel.hemberger@gmail.com",
    "authors_emails": [],
    "simulation_bibtex_keys": [
        "Blackman:2017dfb",
        "Boyle:2019kee",
        "SXSCatalogWebsite"
    ],
    "code_bibtex_keys": [
        "Ossokine:2013zga",
        "Hemberger:2012jz",
        "Szilagyi:2009qz",
        "Boyle:2009vi",
        "Scheel:2008rj",
        "Boyle:2007ft",
        "Scheel:2006gg",
        "Lindblom:2005qh",
        "Pfeiffer:2002wt",
        "SpECwebsite"
    ],
    "initial_data_bibtex_keys": [
        "Buchman:2012dw",
        "Lovelace:2008tw",
        "Pfeiffer:2007yz",
        "Caudill:2006hw",
        "Cook:2004kt"
    ],
    "quasicircular_bibtex_keys": [
        "Mroue:2012kv",
        "Buonanno:2010yk",
        "Mroue:2010re",
        "Boyle:2007ft"
    ],
    "initial_separation": 15.3354492188,
    "initial_orbital_frequency": 0.014799601748,
    "initial_adot": 0.0001442465594364,
    "object1": "bh",
    "object2": "bh",
    "initial_ADM_energy": 0.9937252475216379,
    "initial_ADM_linear_momentum": [
        -4.23915754e-08,
        -6.2380081e-08,
        -1.17858e-11
    ],
    "initial_ADM_angular_momentum": [
        -2.65115164e-08,
        -1.303996e-10,
        0.7360041548255961
    ],
    "initial_mass1": 0.666666659251647,
    "initial_mass2": 0.33333334910622,
    "initial_dimensionless_spin1": [
        -6.48981158999e-08,
        -2.72461952101e-07,
        -0.800640153056
    ],
    "initial_dimensionless_spin2": [
        -2.54237536e-08,
        1.2964374e-08,
        0.79999999911
    ],
    "initial_position1": [
        5.161514776545714,
        0.0250009311695328,
        -1.46256034e-08
    ],
    "initial_position2": [
        -10.173934442254286,
        0.0250009311695328,
        -1.46256034e-08
    ],
    "relaxation_time": 640.0,
    "common_horizon_time": 4937.00613681,
    "remnant_mass": 0.968749289185,
    "remnant_dimensionless_spin": [
        -4.6055303264e-08,
        -4.39042083683e-08,
        0.410385385715
    ],
    "remnant_velocity": [
        -0.00120761997059,
        -0.000739060815801,
        -7.22918787561e-08
    ],
    "metadata_version": 1,
    "spec_revisions": "InitialCommit-28949-g1c87ecf",
    "spells_revision": "1c87ecf4c8098190e6f3be55c6bc87e46f70a334",
    "com_parameters": {
        "space_translation": [
            -0.00262029778,
            -0.00406583082,
            1.3899311e-05
        ],
        "boost_velocity": [
            -1.1630661e-05,
            -1.26641655e-05,
            -9.62276754e-08
        ]
    },
    "initial_mass_ratio": 1.9999998831176267
}