{
    "simulation_name": "0257/Lev3",
    "alternative_names": [
        "PRIVATE:BBH:0405",
        "SXS:BBH:0559"
    ],
    "initial_data_type": "BBH_SKS",
    "object_types": "BHBH",
    "number_of_orbits": 19.4496779026,
    "reference_mass_ratio": 1.2498470333551803,
    "reference_chi_eff": 0.24445798968625485,
    "reference_chi1_perp": 6.321785988533272e-08,
    "reference_chi2_perp": 1.5913453292299344e-08,
    "reference_eccentricity": 8.6e-05,
    "reference_dimensionless_spin1": [
        2.66932625846e-08,
        -5.8117468597e-08,
        -0.200029263751
    ],
    "reference_dimensionless_spin2": [
        7.62895892471e-09,
        2.15223256469e-08,
        0.799999064759
    ],
    "reference_orbital_frequency": [
        4.51618609217e-10,
        3.04524256574e-10,
        0.0163482676904
    ],
    "reference_mass1": 0.555543004805,
    "reference_mass2": 0.444488797412,
    "reference_time": 640.0,
    "reference_position1": [
        -4.7643429977,
        -4.88062460812,
        -6.76409815296e-06
    ],
    "reference_position2": [
        5.89691004713,
        6.11239395715,
        -7.26338414664e-06
    ],
    "reference_mean_anomaly": 5.490739,
    "keywords": [],
    "point_of_contact_email": "daniel.hemberger@gmail.com",
    "authors_emails": [],
    "simulation_bibtex_keys": [
        "Blackman:2017dfb",
        "Boyle:2019kee",
        "SXSCatalogWebsite"
    ],
    "code_bibtex_keys": [
        "Ossokine:2013zga",
        "Hemberger:2012jz",
        "Szilagyi:2009qz",
        "Boyle:2009vi",
        "Scheel:2008rj",
        "Boyle:2007ft",
        "Scheel:2006gg",
        "Lindblom:2005qh",
        "Pfeiffer:2002wt",
        "SpECwebsite"
    ],
    "initial_data_bibtex_keys": [
        "Buchman:2012dw",
        "Lovelace:2008tw",
        "Pfeiffer:2007yz",
        "Caudill:2006hw",
        "Cook:2004kt"
    ],
    "quasicircular_bibtex_keys": [
        "Mroue:2012kv",
        "Buonanno:2010yk",
        "Mroue:2010re",
        "Boyle:2007ft"
    ],
    "initial_separation": 15.1213378906,
    "initial_orbital_frequency": 0.015240960134,
    "initial_adot": 0.0001773845333,
    "object1": "bh",
    "object2": "bh",
    "initial_ADM_energy": 0.9927420020940714,
    "initial_ADM_linear_momentum": [
        2.00722952e-08,
        -4.0382554e-08,
        -8.9328e-12
    ],
    "initial_ADM_angular_momentum": [
        -7.4240213e-09,
        -1.85712741e-08,
        1.1794324592650318
    ],
    "initial_mass1": 0.555555576516472,
    "initial_mass2": 0.444444431938573,
    "initial_dimensionless_spin1": [
        -2.0140214e-08,
        -6.64517528001e-08,
        -0.200160061956
    ],
    "initial_dimensionless_spin2": [
        -5.61920600001e-09,
        2.5749152e-09,
        0.799999959186
    ],
    "initial_position1": [
        6.748963805625531,
        0.0060127380236535,
        -5.9079899e-09
    ],
    "initial_position2": [
        -8.372374084974467,
        0.0060127380236535,
        -5.9079899e-09
    ],
    "relaxation_time": 640.0,
    "common_horizon_time": 5081.21279452,
    "remnant_mass": 0.946598248021,
    "remnant_dimensionless_spin": [
        2.27790041576e-08,
        4.71399364172e-09,
        0.729380527175
    ],
    "remnant_velocity": [
        -0.000553672560073,
        0.0005525557894,
        1.86485446445e-09
    ],
    "metadata_version": 1,
    "spec_revisions": "InitialCommit-29089-g8b04a13",
    "spells_revision": "8b04a13a5f37970ac7f06dcc5dbbd046e8370016",
    "com_parameters": {
        "space_translation": [
            -0.00101279473,
            -0.00173729726,
            -2.20365342e-06
        ],
        "boost_velocity": [
            -1.41776294e-07,
            1.64989006e-06,
            -1.17936745e-08
        ]
    },
    "initial_mass_ratio": 1.2500000823348278
}