{
    "simulation_name": "BBH_CFMS_d15.3_q3_sA_0_0_0_sB_0_0_-0.300/Lev5",
    "alternative_names": [
        "PRIVATE:BBH:0066",
        "SXS:BBH:0276"
    ],
    "initial_data_type": "BBH_CFMS",
    "object_types": "BHBH",
    "number_of_orbits": 22.9911968448,
    "reference_mass_ratio": 2.999772118632745,
    "reference_chi_eff": -0.07498597016201335,
    "reference_chi1_perp": 4.3262620363156987e-10,
    "reference_chi2_perp": 1.4786136766277156e-11,
    "reference_eccentricity": "NaN",
    "reference_dimensionless_spin1": [
        -4.31465681269e-10,
        -3.16669918953e-11,
        2.56425928924e-07
    ],
    "reference_dimensionless_spin2": [
        -3.20908644508e-13,
        -1.39876941135e-12,
        -0.299927561962
    ],
    "reference_orbital_frequency": [
        -9.07679757371e-14,
        8.33633723522e-13,
        0.015588210616
    ],
    "reference_mass1": 0.750000004798,
    "reference_mass2": 0.250018993156,
    "reference_time": 350.0,
    "reference_position1": [
        2.40277263718,
        -2.94698374472,
        4.25678675564e-10
    ],
    "reference_position2": [
        -7.25399783288,
        8.75292131949,
        -2.56244426011e-10
    ],
    "reference_mean_anomaly": "NaN",
    "keywords": [],
    "point_of_contact_email": "tonyc@cita.utoronto.ca",
    "authors_emails": [],
    "simulation_bibtex_keys": [
        "Chu:2015kft",
        "Boyle:2019kee",
        "SXSCatalogWebsite"
    ],
    "code_bibtex_keys": [
        "Ossokine:2013zga",
        "Hemberger:2012jz",
        "Szilagyi:2009qz",
        "Boyle:2009vi",
        "Scheel:2008rj",
        "Boyle:2007ft",
        "Scheel:2006gg",
        "Lindblom:2005qh",
        "Pfeiffer:2002wt",
        "SpECwebsite"
    ],
    "initial_data_bibtex_keys": [
        "Buchman:2012dw",
        "Lovelace:2008tw",
        "Pfeiffer:2007yz",
        "Caudill:2006hw",
        "Cook:2004kt"
    ],
    "quasicircular_bibtex_keys": [
        "Mroue:2012kv",
        "Buonanno:2010yk",
        "Mroue:2010re",
        "Boyle:2007ft"
    ],
    "initial_separation": 15.3,
    "initial_orbital_frequency": 0.0153909550113,
    "initial_adot": -4.56239341881e-05,
    "object1": "bh",
    "object2": "bh",
    "initial_ADM_energy": 0.994633489854092,
    "initial_ADM_linear_momentum": [
        -1.384012e-10,
        -9.9467e-12,
        1.0870784e-09
    ],
    "initial_ADM_angular_momentum": [
        -3.479793199e-07,
        2.460303917e-07,
        0.8195304417148073
    ],
    "initial_mass1": 0.750000000092492,
    "initial_mass2": 0.249999999874713,
    "initial_dimensionless_spin1": [
        -7.61793900001e-10,
        7.43283e-11,
        2.02961078e-08
    ],
    "initial_dimensionless_spin2": [
        -1.019e-13,
        -6.9e-15,
        -0.299999999643
    ],
    "initial_position1": [
        3.8124441088902974,
        0.0145344206999312,
        0.0
    ],
    "initial_position2": [
        -11.487555891109704,
        0.0145344206999312,
        0.0
    ],
    "relaxation_time": 350.0,
    "common_horizon_time": 6331.32745753,
    "remnant_mass": 0.971993533875,
    "remnant_dimensionless_spin": [
        1.29570327523e-09,
        -1.20874752532e-09,
        0.531070451995
    ],
    "remnant_velocity": [
        -0.00015722317085,
        -0.000528952078911,
        2.13790107514e-09
    ],
    "metadata_version": 1,
    "spec_revisions": [
        "InitialCommit-22272-g66cd00a",
        "InitialCommit-23906-g40010e4"
    ],
    "spells_revision": "InitialCommit-21916-g19475f2",
    "com_parameters": {
        "space_translation": [
            -0.0209895525,
            0.00303792503,
            -9.91411034e-10
        ],
        "boost_velocity": [
            9.99532031e-08,
            -1.6760285e-06,
            1.45945208e-12
        ]
    },
    "initial_mass_ratio": 3.000000001873412
}