{
    "simulation_name": "BBH_CFMS_d14.8_q3_sA_0_0_0.300_sB_0_0_-0.300/Lev5",
    "alternative_names": [
        "PRIVATE:BBH:0059",
        "SXS:BBH:0281"
    ],
    "initial_data_type": "BBH_CFMS",
    "object_types": "BHBH",
    "number_of_orbits": 23.2064834303,
    "reference_mass_ratio": 2.999929472441967,
    "reference_chi_eff": 0.14999033081948707,
    "reference_chi1_perp": 4.529031617150741e-13,
    "reference_chi2_perp": 9.013129727073307e-13,
    "reference_eccentricity": "<4.8e-05",
    "reference_dimensionless_spin1": [
        2.94941772563e-15,
        -4.75790408215e-14,
        0.299966146612
    ],
    "reference_dimensionless_spin2": [
        -3.52188869723e-13,
        -4.10507310372e-13,
        -0.29992653913
    ],
    "reference_orbital_frequency": [
        8.833063274e-15,
        -2.53964065271e-14,
        0.0161757535172
    ],
    "reference_mass1": 0.750039812047,
    "reference_mass2": 0.250019148429,
    "reference_time": 220.0,
    "reference_position1": [
        -3.43075035334,
        -1.40992084653,
        3.85452327415e-11
    ],
    "reference_position2": [
        10.1867221334,
        4.23019596086,
        3.99643136621e-11
    ],
    "reference_mean_anomaly": 5.394559,
    "keywords": [],
    "point_of_contact_email": "tonyc@cita.utoronto.ca",
    "authors_emails": [],
    "simulation_bibtex_keys": [
        "Chu:2015kft",
        "Boyle:2019kee",
        "SXSCatalogWebsite"
    ],
    "code_bibtex_keys": [
        "Ossokine:2013zga",
        "Hemberger:2012jz",
        "Szilagyi:2009qz",
        "Boyle:2009vi",
        "Scheel:2008rj",
        "Boyle:2007ft",
        "Scheel:2006gg",
        "Lindblom:2005qh",
        "Pfeiffer:2002wt",
        "SpECwebsite"
    ],
    "initial_data_bibtex_keys": [
        "Buchman:2012dw",
        "Lovelace:2008tw",
        "Pfeiffer:2007yz",
        "Caudill:2006hw",
        "Cook:2004kt"
    ],
    "quasicircular_bibtex_keys": [
        "Mroue:2012kv",
        "Buonanno:2010yk",
        "Mroue:2010re",
        "Boyle:2007ft"
    ],
    "initial_separation": 14.8,
    "initial_orbital_frequency": 0.0160790461418,
    "initial_adot": -4.52558583297e-05,
    "object1": "bh",
    "object2": "bh",
    "initial_ADM_energy": 0.9944703143695648,
    "initial_ADM_linear_momentum": [
        2.80991727e-08,
        -4.7529699e-09,
        1.11587316e-08
    ],
    "initial_ADM_angular_momentum": [
        -2.8442471494e-06,
        2.134293287e-06,
        0.9696725270661506
    ],
    "initial_mass1": 0.750000000089002,
    "initial_mass2": 0.249999999791986,
    "initial_dimensionless_spin1": [
        5e-15,
        7.4e-15,
        0.299999999952
    ],
    "initial_dimensionless_spin2": [
        0.0,
        1e-16,
        -0.299999999944
    ],
    "initial_position1": [
        3.683085020324122,
        0.0113148443743705,
        0.0
    ],
    "initial_position2": [
        -11.11691497967588,
        0.0113148443743705,
        0.0
    ],
    "relaxation_time": 220.0,
    "common_horizon_time": 6009.98751537,
    "remnant_mass": 0.9667286237,
    "remnant_dimensionless_spin": [
        9.72856523303e-10,
        -3.14311860467e-09,
        0.66191704394
    ],
    "remnant_velocity": [
        0.000322665170132,
        -0.000171689133756,
        1.91449381384e-09
    ],
    "metadata_version": 1,
    "spec_revisions": [
        "InitialCommit-22272-g66cd00a",
        "InitialCommit-23906-g40010e4"
    ],
    "spells_revision": "InitialCommit-21916-g19475f2",
    "com_parameters": {
        "space_translation": [
            -0.0187627911,
            -0.00189492814,
            4.64652842e-10
        ],
        "boost_velocity": [
            -1.67872561e-06,
            -8.467902e-07,
            -4.84293297e-13
        ]
    },
    "initial_mass_ratio": 3.0000000028521763
}