{
    "simulation_name": "0044/Lev3",
    "alternative_names": [
        "PRIVATE:BBH:0748",
        "SXS:BBH:0677"
    ],
    "initial_data_type": "BBH_SKS",
    "object_types": "BHBH",
    "number_of_orbits": 18.9586367374,
    "reference_mass_ratio": 1.666597829861855,
    "reference_chi_eff": 0.001899063609859129,
    "reference_chi1_perp": 1.7843979145540826e-05,
    "reference_chi2_perp": 0.799760891871464,
    "reference_eccentricity": 0.0006634,
    "reference_dimensionless_spin1": [
        -5.89087026684e-06,
        -1.43663259191e-06,
        -0.000191616386604
    ],
    "reference_dimensionless_spin2": [
        -0.71535433654,
        -0.356418847055,
        0.0296686781317
    ],
    "reference_orbital_frequency": [
        -0.000184522754241,
        0.00147344162161,
        0.0162035845821
    ],
    "reference_mass1": 0.625025655139,
    "reference_mass2": 0.37503088264,
    "reference_time": 640.0,
    "reference_position1": [
        -4.1422016505,
        -3.97608458571,
        0.297973353756
    ],
    "reference_position2": [
        6.90207990365,
        6.68956907523,
        -0.546117452536
    ],
    "reference_mean_anomaly": 2.268482,
    "keywords": [],
    "point_of_contact_email": "sfield@astro.cornell.edu",
    "authors_emails": [],
    "simulation_bibtex_keys": [
        "Blackman:2017pcm",
        "Boyle:2019kee",
        "SXSCatalogWebsite"
    ],
    "code_bibtex_keys": [
        "Ossokine:2013zga",
        "Hemberger:2012jz",
        "Szilagyi:2009qz",
        "Boyle:2009vi",
        "Scheel:2008rj",
        "Boyle:2007ft",
        "Scheel:2006gg",
        "Lindblom:2005qh",
        "Pfeiffer:2002wt",
        "SpECwebsite"
    ],
    "initial_data_bibtex_keys": [
        "Buchman:2012dw",
        "Lovelace:2008tw",
        "Pfeiffer:2007yz",
        "Caudill:2006hw",
        "Cook:2004kt"
    ],
    "quasicircular_bibtex_keys": [
        "Mroue:2012kv",
        "Buonanno:2010yk",
        "Mroue:2010re",
        "Boyle:2007ft"
    ],
    "initial_separation": 15.1876831055,
    "initial_orbital_frequency": 0.015204008141,
    "initial_adot": -8.2445017473e-05,
    "object1": "bh",
    "object2": "bh",
    "initial_ADM_energy": 0.9931990199096282,
    "initial_ADM_linear_momentum": [
        1.33287102e-08,
        -5.25939132e-08,
        1.502175e-09
    ],
    "initial_ADM_angular_momentum": [
        -0.1108949435287172,
        0.0394554039547863,
        1.039750056138621
    ],
    "initial_mass1": 0.625000000785596,
    "initial_mass2": 0.3750000067228421,
    "initial_dimensionless_spin1": [
        3.10174928999e-08,
        -8.62999476e-08,
        -1.446377878e-07
    ],
    "initial_dimensionless_spin2": [
        -0.778164406389,
        0.185613457479,
        0.00230518885786
    ],
    "initial_position1": [
        5.700659428871176,
        0.0147643111225827,
        0.0154534299110844
    ],
    "initial_position2": [
        -9.487023676628823,
        0.0147643111225827,
        0.0154534299110844
    ],
    "relaxation_time": 640.0,
    "common_horizon_time": 5057.46563065,
    "remnant_mass": 0.957059298566,
    "remnant_dimensionless_spin": [
        -0.0777863655186,
        0.0259514710734,
        0.654290885038
    ],
    "remnant_velocity": [
        0.000132320912821,
        -0.000339664607411,
        -0.000221931113559
    ],
    "metadata_version": 1,
    "spec_revisions": "InitialCommit-29628-g2cce9e5",
    "spells_revision": "2cce9e5c03773621b7d160cd7247fc453684f921",
    "com_parameters": {
        "space_translation": [
            -0.00193565649,
            -0.00139600635,
            7.87884752e-05
        ],
        "boost_velocity": [
            5.3411747e-06,
            6.40641284e-06,
            -1.62447026e-07
        ]
    },
    "initial_mass_ratio": 1.6666666388822917
}