{
    "simulation_name": "BBH_SKS_d14.4_q3_sA_0_0_0.400_sB_0_0_0.600/Lev5",
    "alternative_names": [
        "PRIVATE:BBH:0024",
        "SXS:BBH:0285"
    ],
    "initial_data_type": "BBH_SKS",
    "object_types": "BHBH",
    "number_of_orbits": 23.7777654934,
    "reference_mass_ratio": 2.9997949159993498,
    "reference_chi_eff": 0.4499502965611764,
    "reference_chi1_perp": 9.334560585137307e-08,
    "reference_chi2_perp": 1.491870842840564e-08,
    "reference_eccentricity": 0.000122,
    "reference_dimensionless_spin1": [
        -3.7723670979e-08,
        -6.27763944957e-08,
        0.399970909169
    ],
    "reference_dimensionless_spin2": [
        5.33670883608e-09,
        4.30664204771e-08,
        0.599878208765
    ],
    "reference_orbital_frequency": [
        -2.43260774915e-10,
        1.07715413849e-09,
        0.0173205012902
    ],
    "reference_mass1": 0.749988453967,
    "reference_mass2": 0.250013242561,
    "reference_time": 640.0,
    "reference_position1": [
        -0.435994407746,
        -3.56952682889,
        7.71553757158e-06
    ],
    "reference_position2": [
        1.35951061136,
        10.9204533227,
        6.83962954268e-06
    ],
    "reference_mean_anomaly": 4.760864,
    "keywords": [],
    "point_of_contact_email": "tonyc@cita.utoronto.ca",
    "authors_emails": [],
    "simulation_bibtex_keys": [
        "Chu:2015kft",
        "Boyle:2019kee",
        "SXSCatalogWebsite"
    ],
    "code_bibtex_keys": [
        "Ossokine:2013zga",
        "Hemberger:2012jz",
        "Szilagyi:2009qz",
        "Boyle:2009vi",
        "Scheel:2008rj",
        "Boyle:2007ft",
        "Scheel:2006gg",
        "Lindblom:2005qh",
        "Pfeiffer:2002wt",
        "SpECwebsite"
    ],
    "initial_data_bibtex_keys": [
        "Buchman:2012dw",
        "Lovelace:2008tw",
        "Pfeiffer:2007yz",
        "Caudill:2006hw",
        "Cook:2004kt"
    ],
    "quasicircular_bibtex_keys": [
        "Mroue:2012kv",
        "Buonanno:2010yk",
        "Mroue:2010re",
        "Boyle:2007ft"
    ],
    "initial_separation": 14.4,
    "initial_orbital_frequency": 0.0163439198583,
    "initial_adot": 0.000194695579871,
    "object1": "bh",
    "object2": "bh",
    "initial_ADM_energy": 0.9941965179196189,
    "initial_ADM_linear_momentum": [
        5.866355277e-07,
        2.3959776223e-06,
        2.404499468e-07
    ],
    "initial_ADM_angular_momentum": [
        1.10028034595e-05,
        6.67227446709e-05,
        1.0620964837060154
    ],
    "initial_mass1": 0.750000014491598,
    "initial_mass2": 0.249999986955105,
    "initial_dimensionless_spin1": [
        1.22887e-11,
        4.04168000001e-11,
        0.399999949552
    ],
    "initial_dimensionless_spin2": [
        2.8e-14,
        2.67e-14,
        0.600000197569
    ],
    "initial_position1": [
        3.6340082027233147,
        0.0545596792680471,
        0.0
    ],
    "initial_position2": [
        -10.765991797276685,
        0.0545596792680471,
        0.0
    ],
    "relaxation_time": 640.0,
    "common_horizon_time": 5803.70658367,
    "remnant_mass": 0.960857812414,
    "remnant_dimensionless_spin": [
        -1.68793757073e-08,
        1.21594059785e-08,
        0.730046325206
    ],
    "remnant_velocity": [
        -0.000291423602841,
        -6.87038532087e-05,
        1.61340328415e-08
    ],
    "metadata_version": 1,
    "spec_revisions": "InitialCommit-23245-gfd35c55",
    "spells_revision": "InitialCommit-22529-g5f7bd68",
    "com_parameters": {
        "space_translation": [
            0.0224763672,
            0.0113029987,
            -2.42084043e-06
        ],
        "boost_velocity": [
            6.26205445e-06,
            1.67312795e-05,
            1.5576006e-08
        ]
    },
    "initial_mass_ratio": 3.0000002145051434
}