{
    "simulation_name": "0053/Lev3",
    "alternative_names": [
        "PRIVATE:BBH:0343",
        "SXS:BBH:0375"
    ],
    "initial_data_type": "BBH_SKS",
    "object_types": "BHBH",
    "number_of_orbits": 18.6650319585,
    "reference_mass_ratio": 1.999761694897383,
    "reference_chi_eff": -0.1333615507360069,
    "reference_chi1_perp": 2.3036581141331895e-07,
    "reference_chi2_perp": 1.4805718238661526e-07,
    "reference_eccentricity": 0.0006961,
    "reference_dimensionless_spin1": [
        1.77371032035e-07,
        -1.46983504515e-07,
        -6.90351522463e-05
    ],
    "reference_dimensionless_spin2": [
        5.83631999632e-09,
        -6.80074720306e-08,
        -0.399914817617
    ],
    "reference_orbital_frequency": [
        -1.93576801437e-10,
        -3.28656339042e-09,
        0.016419986555
    ],
    "reference_mass1": 0.666609811709,
    "reference_mass2": 0.333344624717,
    "reference_time": 640.0,
    "reference_position1": [
        -3.37374360347,
        -3.78486571289,
        -8.37619784104e-05
    ],
    "reference_position2": [
        6.74674965261,
        7.67665760632,
        -8.13485710961e-05
    ],
    "reference_mean_anomaly": 5.658144,
    "keywords": [],
    "point_of_contact_email": "daniel.hemberger@gmail.com",
    "authors_emails": [],
    "simulation_bibtex_keys": [
        "Blackman:2017dfb",
        "Boyle:2019kee",
        "SXSCatalogWebsite"
    ],
    "code_bibtex_keys": [
        "Ossokine:2013zga",
        "Hemberger:2012jz",
        "Szilagyi:2009qz",
        "Boyle:2009vi",
        "Scheel:2008rj",
        "Boyle:2007ft",
        "Scheel:2006gg",
        "Lindblom:2005qh",
        "Pfeiffer:2002wt",
        "SpECwebsite"
    ],
    "initial_data_bibtex_keys": [
        "Buchman:2012dw",
        "Lovelace:2008tw",
        "Pfeiffer:2007yz",
        "Caudill:2006hw",
        "Cook:2004kt"
    ],
    "quasicircular_bibtex_keys": [
        "Mroue:2012kv",
        "Buonanno:2010yk",
        "Mroue:2010re",
        "Boyle:2007ft"
    ],
    "initial_separation": 15.1446533203,
    "initial_orbital_frequency": 0.015614311585,
    "initial_adot": -8.66863415911e-05,
    "object1": "bh",
    "object2": "bh",
    "initial_ADM_energy": 0.993518248415295,
    "initial_ADM_linear_momentum": [
        5.0416051e-09,
        2.86024895e-08,
        -3.5782e-12
    ],
    "initial_ADM_angular_momentum": [
        -2.2492335913e-06,
        6.516375093e-07,
        0.9452322309478121
    ],
    "initial_mass1": 0.666666653770087,
    "initial_mass2": 0.333333339714279,
    "initial_dimensionless_spin1": [
        -6.85099999999e-13,
        1.1952e-12,
        -1.036851661e-07
    ],
    "initial_dimensionless_spin2": [
        -1.458e-13,
        9.59999999996e-15,
        -0.400000033474
    ],
    "initial_position1": [
        5.0486403377223,
        0.0204188210590519,
        1.5306888e-09
    ],
    "initial_position2": [
        -10.096012982577701,
        0.0204188210590519,
        1.5306888e-09
    ],
    "relaxation_time": 640.0,
    "common_horizon_time": 5003.13063514,
    "remnant_mass": 0.963139584699,
    "remnant_dimensionless_spin": [
        5.67280827746e-08,
        -1.60881644211e-07,
        0.599332365438
    ],
    "remnant_velocity": [
        -0.000350547982219,
        0.000258234342574,
        -1.74827374231e-07
    ],
    "metadata_version": 1,
    "spec_revisions": "InitialCommit-28977-g3727d27",
    "spells_revision": "3727d27cb1189c2dffa859c586de4b14bf054cbd",
    "com_parameters": {
        "space_translation": [
            -0.00321483351,
            -0.000753726372,
            3.74360447e-05
        ],
        "boost_velocity": [
            7.15146471e-06,
            1.66222421e-05,
            -1.96656215e-07
        ]
    },
    "initial_mass_ratio": 1.9999999230245888
}