{
    "simulation_name": "0042/Lev3",
    "alternative_names": [
        "PRIVATE:BBH:0342",
        "SXS:BBH:0365"
    ],
    "initial_data_type": "BBH_SKS",
    "object_types": "BHBH",
    "number_of_orbits": 19.9726587231,
    "reference_mass_ratio": 0.9999272135260122,
    "reference_chi_eff": 0.40062445358995846,
    "reference_chi1_perp": 0.5999812651804175,
    "reference_chi2_perp": 0.0025787001692062455,
    "reference_eccentricity": 0.0001864,
    "reference_dimensionless_spin1": [
        -0.17186760736,
        0.57462169732,
        0.0158464039425
    ],
    "reference_dimensionless_spin2": [
        0.0571766765421,
        -0.00550606241595,
        0.797689026921
    ],
    "reference_orbital_frequency": [
        0.00115595743418,
        -6.59047856579e-05,
        0.0164570757179
    ],
    "reference_mass1": 0.500004875248,
    "reference_mass2": 0.500041271489,
    "reference_time": 600.0,
    "reference_position1": [
        -7.34014959122,
        -1.98636306272,
        0.515767370385
    ],
    "reference_position2": [
        7.30272667375,
        2.00154006396,
        -0.496789177398
    ],
    "reference_mean_anomaly": 3.282534,
    "keywords": [],
    "point_of_contact_email": "daniel.hemberger@gmail.com",
    "authors_emails": [],
    "simulation_bibtex_keys": [
        "Blackman:2017dfb",
        "Boyle:2019kee",
        "SXSCatalogWebsite"
    ],
    "code_bibtex_keys": [
        "Ossokine:2013zga",
        "Hemberger:2012jz",
        "Szilagyi:2009qz",
        "Boyle:2009vi",
        "Scheel:2008rj",
        "Boyle:2007ft",
        "Scheel:2006gg",
        "Lindblom:2005qh",
        "Pfeiffer:2002wt",
        "SpECwebsite"
    ],
    "initial_data_bibtex_keys": [
        "Buchman:2012dw",
        "Lovelace:2008tw",
        "Pfeiffer:2007yz",
        "Caudill:2006hw",
        "Cook:2004kt"
    ],
    "quasicircular_bibtex_keys": [
        "Mroue:2012kv",
        "Buonanno:2010yk",
        "Mroue:2010re",
        "Boyle:2007ft"
    ],
    "initial_separation": 14.979309082,
    "initial_orbital_frequency": 0.015483845614,
    "initial_adot": 0.0002226250366275,
    "object1": "bh",
    "object2": "bh",
    "initial_ADM_energy": 0.9925529843388006,
    "initial_ADM_linear_momentum": [
        1.94796367e-08,
        -3.7635861e-09,
        2.9054734e-09
    ],
    "initial_ADM_angular_momentum": [
        0.0517498133930719,
        0.1308344688184308,
        1.2863080064073342
    ],
    "initial_mass1": 0.500000006238422,
    "initial_mass2": 0.499999982630073,
    "initial_dimensionless_spin1": [
        0.159769818438,
        0.578322914565,
        0.00387240253925
    ],
    "initial_dimensionless_spin2": [
        0.0461002345174,
        -0.0180819786201,
        0.798465907201
    ],
    "initial_position1": [
        7.512290026731744,
        -0.001732636230267,
        0.0037481052798572
    ],
    "initial_position2": [
        -7.467019055268256,
        -0.001732636230267,
        0.0037481052798572
    ],
    "relaxation_time": 600.0,
    "common_horizon_time": 5081.86607559,
    "remnant_mass": 0.93375674144,
    "remnant_dimensionless_spin": [
        0.0314409204519,
        0.089304270916,
        0.800675143662
    ],
    "remnant_velocity": [
        0.000548952564202,
        0.000597608713942,
        0.00719028091605
    ],
    "metadata_version": 1,
    "spec_revisions": [
        "InitialCommit-28971-g2d4b796",
        "InitialCommit-29041-g3c13f91"
    ],
    "spells_revision": "2d4b796de925e97fe323094e8c08fb6ad6e8a830",
    "com_parameters": {
        "space_translation": [
            -0.00110327,
            -0.00200645,
            -0.00183181
        ],
        "boost_velocity": [
            8.92121439e-07,
            1.55993925e-06,
            4.46611004e-07
        ]
    },
    "initial_mass_ratio": 1.0000000472166997
}