{
    "simulation_name": "BBH_SKS_d15.6_q1_sA_0_0_0.600_sB_0_0_0.600/Lev5",
    "alternative_names": [
        "PRIVATE:BBH:0082",
        "SXS:BBH:0228"
    ],
    "initial_data_type": "BBH_SKS",
    "object_types": "BHBH",
    "number_of_orbits": 23.4759857693,
    "reference_mass_ratio": 0.999999853543027,
    "reference_chi_eff": 0.5999911082110004,
    "reference_chi1_perp": 6.2373678350329176e-09,
    "reference_chi2_perp": 6.57215615207699e-09,
    "reference_eccentricity": 0.0003081,
    "reference_dimensionless_spin1": [
        5.27192013466e-09,
        -3.78013247023e-09,
        0.599991103591
    ],
    "reference_dimensionless_spin2": [
        -5.42230799214e-09,
        3.25397846532e-09,
        0.599991112831
    ],
    "reference_orbital_frequency": [
        5.11501301967e-12,
        -3.88531847476e-12,
        0.0154258205207
    ],
    "reference_mass1": 0.500003432951,
    "reference_mass2": 0.50000350618,
    "reference_time": 610.0,
    "reference_position1": [
        -7.79895280261,
        1.41640602748,
        -9.13029568402e-07
    ],
    "reference_position2": [
        7.7989869917,
        -1.41632560891,
        -9.18915137313e-07
    ],
    "reference_mean_anomaly": 3.793262,
    "keywords": [],
    "point_of_contact_email": "tonyc@cita.utoronto.ca",
    "authors_emails": [],
    "simulation_bibtex_keys": [
        "Chu:2015kft",
        "Boyle:2019kee",
        "SXSCatalogWebsite"
    ],
    "code_bibtex_keys": [
        "Ossokine:2013zga",
        "Hemberger:2012jz",
        "Szilagyi:2009qz",
        "Boyle:2009vi",
        "Scheel:2008rj",
        "Boyle:2007ft",
        "Scheel:2006gg",
        "Lindblom:2005qh",
        "Pfeiffer:2002wt",
        "SpECwebsite"
    ],
    "initial_data_bibtex_keys": [
        "Buchman:2012dw",
        "Lovelace:2008tw",
        "Pfeiffer:2007yz",
        "Caudill:2006hw",
        "Cook:2004kt"
    ],
    "quasicircular_bibtex_keys": [
        "Mroue:2012kv",
        "Buonanno:2010yk",
        "Mroue:2010re",
        "Boyle:2007ft"
    ],
    "initial_separation": 15.6,
    "initial_orbital_frequency": 0.0145562594098,
    "initial_adot": 0.000167702883765,
    "object1": "bh",
    "object2": "bh",
    "initial_ADM_energy": 0.9927467844352994,
    "initial_ADM_linear_momentum": [
        -3.90293556e-08,
        5.08679043e-08,
        -2.5753263e-09
    ],
    "initial_ADM_angular_momentum": [
        -1.344142198e-07,
        -8.417474592e-07,
        1.3948911114871936
    ],
    "initial_mass1": 0.499999988832575,
    "initial_mass2": 0.499999994505167,
    "initial_dimensionless_spin1": [
        8.98000000001e-14,
        2.833e-13,
        0.60000001579
    ],
    "initial_dimensionless_spin2": [
        -3.774e-13,
        1.686e-13,
        0.599999972008
    ],
    "initial_position1": [
        7.800002582013394,
        2.7405908414e-06,
        0.0
    ],
    "initial_position2": [
        -7.799997417986606,
        2.7405908414e-06,
        0.0
    ],
    "relaxation_time": 610.0,
    "common_horizon_time": 6228.98509648,
    "remnant_mass": 0.926837471344,
    "remnant_dimensionless_spin": [
        1.40244354821e-10,
        -2.27670595925e-10,
        0.857810953343
    ],
    "remnant_velocity": [
        3.85127436792e-08,
        6.91826008769e-08,
        2.56617579556e-10
    ],
    "metadata_version": 1,
    "spec_revisions": "InitialCommit-23245-gfd35c55",
    "spells_revision": "InitialCommit-22529-g5f7bd68",
    "com_parameters": {
        "space_translation": [
            -3.4370394e-06,
            -1.5740365e-07,
            -7.14705115e-07
        ],
        "boost_velocity": [
            3.69737845e-08,
            6.65170768e-08,
            -1.3349456e-09
        ]
    },
    "initial_mass_ratio": 0.9999999886548159
}