{
    "simulation_name": "0026/Lev3",
    "alternative_names": [
        "PRIVATE:BBH:0245",
        "SXS:BBH:0350"
    ],
    "initial_data_type": "BBH_SKS",
    "object_types": "BHBH",
    "number_of_orbits": 17.3836402264,
    "reference_mass_ratio": 1.0903421050081252,
    "reference_chi_eff": -0.40420190230198366,
    "reference_chi1_perp": 0.46886940528968507,
    "reference_chi2_perp": 0.007925202443360525,
    "reference_eccentricity": 0.0004422,
    "reference_dimensionless_spin1": [
        0.0803358386417,
        0.467589940817,
        -0.244309496344
    ],
    "reference_dimensionless_spin2": [
        -0.0238834734906,
        0.0163562623258,
        -0.566374903679
    ],
    "reference_orbital_frequency": [
        0.00085356933354,
        -0.000510425462635,
        0.0153770996417
    ],
    "reference_mass1": 0.521621584295,
    "reference_mass2": 0.47840176207,
    "reference_time": 640.0,
    "reference_position1": [
        -7.4637741529,
        -1.71433618732,
        0.358018261361
    ],
    "reference_position2": [
        8.15591041991,
        1.87291571461,
        -0.389941972186
    ],
    "reference_mean_anomaly": 1.595441,
    "keywords": [],
    "point_of_contact_email": "daniel.hemberger@gmail.com",
    "authors_emails": [],
    "simulation_bibtex_keys": [
        "Blackman:2017dfb",
        "Boyle:2019kee",
        "SXSCatalogWebsite"
    ],
    "code_bibtex_keys": [
        "Ossokine:2013zga",
        "Hemberger:2012jz",
        "Szilagyi:2009qz",
        "Boyle:2009vi",
        "Scheel:2008rj",
        "Boyle:2007ft",
        "Scheel:2006gg",
        "Lindblom:2005qh",
        "Pfeiffer:2002wt",
        "SpECwebsite"
    ],
    "initial_data_bibtex_keys": [
        "Buchman:2012dw",
        "Lovelace:2008tw",
        "Pfeiffer:2007yz",
        "Caudill:2006hw",
        "Cook:2004kt"
    ],
    "quasicircular_bibtex_keys": [
        "Mroue:2012kv",
        "Buonanno:2010yk",
        "Mroue:2010re",
        "Boyle:2007ft"
    ],
    "initial_separation": 15.8653564453,
    "initial_orbital_frequency": 0.0146105834,
    "initial_adot": -7.19562645851e-05,
    "object1": "bh",
    "object2": "bh",
    "initial_ADM_energy": 0.9930855743566659,
    "initial_ADM_linear_momentum": [
        5.5868107e-09,
        -7.99109996e-08,
        1.627872e-09
    ],
    "initial_ADM_angular_momentum": [
        0.0838302594327503,
        0.0877195367496327,
        0.9448338374642686
    ],
    "initial_mass1": 0.521612819300737,
    "initial_mass2": 0.478387187271483,
    "initial_dimensionless_spin1": [
        0.320768877869,
        0.3450828773,
        -0.250715415249
    ],
    "initial_dimensionless_spin2": [
        -0.0174097971709,
        0.0171432773254,
        -0.56669350569
    ],
    "initial_position1": [
        7.58266687773912,
        0.0023484537168631,
        0.0101688978121356
    ],
    "initial_position2": [
        -8.28268956756088,
        0.0023484537168631,
        0.0101688978121356
    ],
    "relaxation_time": 640.0,
    "common_horizon_time": 5000.97293365,
    "remnant_mass": 0.960295958521,
    "remnant_dimensionless_spin": [
        0.0356305575185,
        0.0688139273441,
        0.569213274388
    ],
    "remnant_velocity": [
        -0.000373175031647,
        -2.1948255496e-05,
        -0.00188963306854
    ],
    "metadata_version": 1,
    "spec_revisions": "InitialCommit-28971-g2d4b796",
    "spells_revision": "2d4b796de925e97fe323094e8c08fb6ad6e8a830",
    "com_parameters": {
        "space_translation": [
            -0.00066029,
            0.00082115,
            -0.00118321
        ],
        "boost_velocity": [
            8.02352171e-07,
            -1.18084161e-06,
            9.75163581e-07
        ]
    },
    "initial_mass_ratio": 1.0903570019836748
}