{
    "simulation_name": "0068/Lev3",
    "alternative_names": [
        "PRIVATE:BBH:0240",
        "SXS:BBH:0389"
    ],
    "initial_data_type": "BBH_SKS",
    "object_types": "BHBH",
    "number_of_orbits": 18.6324970547,
    "reference_mass_ratio": 0.9999998681404403,
    "reference_chi_eff": -5.3054187557453615e-05,
    "reference_chi1_perp": 4.0309227935876734e-08,
    "reference_chi2_perp": 4.2058495670703664e-08,
    "reference_eccentricity": 8.92e-05,
    "reference_dimensionless_spin1": [
        3.46263353037e-08,
        2.06361619088e-08,
        -5.32285340701e-05
    ],
    "reference_dimensionless_spin2": [
        -3.66347674189e-08,
        -2.06593825701e-08,
        -5.28798410678e-05
    ],
    "reference_orbital_frequency": [
        -2.83603737648e-11,
        4.45498290434e-11,
        0.0159578851085
    ],
    "reference_mass1": 0.499994020186,
    "reference_mass2": 0.499994086115,
    "reference_time": 640.0,
    "reference_position1": [
        -6.60614501939,
        -4.14457583349,
        1.02580689932e-07
    ],
    "reference_position2": [
        6.60630752997,
        4.14466539601,
        1.02920698206e-07
    ],
    "reference_mean_anomaly": 5.583432,
    "keywords": [],
    "point_of_contact_email": "daniel.hemberger@gmail.com",
    "authors_emails": [],
    "simulation_bibtex_keys": [
        "Blackman:2017dfb",
        "Boyle:2019kee",
        "SXSCatalogWebsite"
    ],
    "code_bibtex_keys": [
        "Ossokine:2013zga",
        "Hemberger:2012jz",
        "Szilagyi:2009qz",
        "Boyle:2009vi",
        "Scheel:2008rj",
        "Boyle:2007ft",
        "Scheel:2006gg",
        "Lindblom:2005qh",
        "Pfeiffer:2002wt",
        "SpECwebsite"
    ],
    "initial_data_bibtex_keys": [
        "Buchman:2012dw",
        "Lovelace:2008tw",
        "Pfeiffer:2007yz",
        "Caudill:2006hw",
        "Cook:2004kt"
    ],
    "quasicircular_bibtex_keys": [
        "Mroue:2012kv",
        "Buonanno:2010yk",
        "Mroue:2010re",
        "Boyle:2007ft"
    ],
    "initial_separation": 15.4285888672,
    "initial_orbital_frequency": 0.015245842108,
    "initial_adot": -3.72135644865e-05,
    "object1": "bh",
    "object2": "bh",
    "initial_ADM_energy": 0.9927863368490886,
    "initial_ADM_linear_momentum": [
        -2.940568e-10,
        1.2680514e-09,
        -1.73795e-11
    ],
    "initial_ADM_angular_momentum": [
        -3.472882808e-07,
        5.73110254e-08,
        1.1151508460218669
    ],
    "initial_mass1": 0.500000000109298,
    "initial_mass2": 0.499999999935841,
    "initial_dimensionless_spin1": [
        3.050286e-10,
        -8.25094999999e-10,
        -4.33000729999e-08
    ],
    "initial_dimensionless_spin2": [
        -3.837e-13,
        -6.11500000001e-13,
        -1.02785723e-08
    ],
    "initial_position1": [
        7.714294417830596,
        6.0305374e-09,
        -3.602627e-10
    ],
    "initial_position2": [
        -7.714294449369405,
        6.0305374e-09,
        -3.602627e-10
    ],
    "relaxation_time": 640.0,
    "common_horizon_time": 5057.70063665,
    "remnant_mass": 0.951607832512,
    "remnant_dimensionless_spin": [
        -1.46471451785e-09,
        1.81750795159e-09,
        0.686422540775
    ],
    "remnant_velocity": [
        1.61219047709e-07,
        9.31485677205e-08,
        5.42861768487e-09
    ],
    "metadata_version": 1,
    "spec_revisions": "InitialCommit-28971-g2d4b796",
    "spells_revision": "2d4b796de925e97fe323094e8c08fb6ad6e8a830",
    "com_parameters": {
        "space_translation": [
            -2.12387684e-05,
            -1.38374957e-05,
            -2.45055831e-06
        ],
        "boost_velocity": [
            1.61350735e-07,
            9.2463782e-08,
            2.18221275e-09
        ]
    },
    "initial_mass_ratio": 1.000000000346914
}