{
    "simulation_name": "0083/Lev3",
    "alternative_names": [
        "PRIVATE:BBH:0454",
        "SXS:BBH:0404"
    ],
    "initial_data_type": "BBH_SKS",
    "object_types": "BHBH",
    "number_of_orbits": 17.794891729,
    "reference_mass_ratio": 1.499847639800146,
    "reference_chi_eff": -0.3198844480502735,
    "reference_chi1_perp": 8.931224187276062e-08,
    "reference_chi2_perp": 1.1082384630521761e-07,
    "reference_eccentricity": 0.0002054,
    "reference_dimensionless_spin1": [
        -8.79619211828e-08,
        1.54653124044e-08,
        -2.40141393725e-05
    ],
    "reference_dimensionless_spin2": [
        -6.79971089081e-08,
        -4.76801261173e-10,
        -0.799626364917
    ],
    "reference_orbital_frequency": [
        -5.580823416e-10,
        1.08777295697e-09,
        0.0157434480214
    ],
    "reference_mass1": 0.599998598478,
    "reference_mass2": 0.400039699071,
    "reference_time": 640.0,
    "reference_position1": [
        -5.70906525549,
        -2.62970736743,
        9.44684280066e-06
    ],
    "reference_position2": [
        8.61953992348,
        4.00885740076,
        9.49608806772e-06
    ],
    "reference_mean_anomaly": 3.698038,
    "keywords": [],
    "point_of_contact_email": "daniel.hemberger@gmail.com",
    "authors_emails": [],
    "simulation_bibtex_keys": [
        "Blackman:2017dfb",
        "Boyle:2019kee",
        "SXSCatalogWebsite"
    ],
    "code_bibtex_keys": [
        "Ossokine:2013zga",
        "Hemberger:2012jz",
        "Szilagyi:2009qz",
        "Boyle:2009vi",
        "Scheel:2008rj",
        "Boyle:2007ft",
        "Scheel:2006gg",
        "Lindblom:2005qh",
        "Pfeiffer:2002wt",
        "SpECwebsite"
    ],
    "initial_data_bibtex_keys": [
        "Buchman:2012dw",
        "Lovelace:2008tw",
        "Pfeiffer:2007yz",
        "Caudill:2006hw",
        "Cook:2004kt"
    ],
    "quasicircular_bibtex_keys": [
        "Mroue:2012kv",
        "Buonanno:2010yk",
        "Mroue:2010re",
        "Boyle:2007ft"
    ],
    "initial_separation": 15.6251831055,
    "initial_orbital_frequency": 0.014710396347,
    "initial_adot": -0.0002090531842823,
    "object1": "bh",
    "object2": "bh",
    "initial_ADM_energy": 0.9932678530681347,
    "initial_ADM_linear_momentum": [
        -3.5717065e-09,
        8.8617711e-09,
        -2.2617e-12
    ],
    "initial_ADM_angular_momentum": [
        -6.67133509e-08,
        1.807113148e-07,
        0.960802245693811
    ],
    "initial_mass1": 0.600000000887877,
    "initial_mass2": 0.399999990449569,
    "initial_dimensionless_spin1": [
        -5.10322000001e-11,
        1.9429e-12,
        -4.731756e-08
    ],
    "initial_dimensionless_spin2": [
        1.169e-13,
        4.33e-14,
        -0.799999961789
    ],
    "initial_position1": [
        6.23653059772495,
        0.0108925812028562,
        -8.176242e-10
    ],
    "initial_position2": [
        -9.38865250777505,
        0.0108925812028562,
        -8.176242e-10
    ],
    "relaxation_time": 640.0,
    "common_horizon_time": 4994.53138519,
    "remnant_mass": 0.960991790834,
    "remnant_dimensionless_spin": [
        -5.21273058057e-08,
        4.13968600543e-08,
        0.589799261481
    ],
    "remnant_velocity": [
        -0.000177257464745,
        0.00029468945763,
        1.97547396687e-08
    ],
    "metadata_version": 1,
    "spec_revisions": [
        "InitialCommit-28971-g2d4b796",
        "InitialCommit-28997-g8de95ad"
    ],
    "spells_revision": "2d4b796de925e97fe323094e8c08fb6ad6e8a830",
    "com_parameters": {
        "space_translation": [
            -0.00200205035,
            0.000764809697,
            -3.23488694e-06
        ],
        "boost_velocity": [
            4.02685453e-06,
            1.25668078e-05,
            1.79968388e-08
        ]
    },
    "initial_mass_ratio": 1.5000000380338094
}