{
    "simulation_name": "BBH_SKS_d14.3_q1.23_sA_0_0_0.310_sB_0_0_-0.460/Lev4",
    "alternative_names": [
        "PRIVATE:BBH:0527",
        "SXS:BBH:0314"
    ],
    "initial_data_type": "BBH_SKS",
    "object_types": "BHBH",
    "number_of_orbits": 15.096021306,
    "reference_mass_ratio": 1.2278018383675253,
    "reference_chi_eff": -0.03555596046602299,
    "reference_chi1_perp": 5.096215559640058e-08,
    "reference_chi2_perp": 5.49591323110822e-08,
    "reference_eccentricity": 0.0001054,
    "reference_dimensionless_spin1": [
        -4.47682682421e-08,
        -3.86861534605e-08,
        0.310072260694
    ],
    "reference_dimensionless_spin2": [
        -4.11174536722e-08,
        -9.23447280983e-09,
        -0.459918925798
    ],
    "reference_orbital_frequency": [
        -4.74551195356e-10,
        -1.94408497466e-10,
        0.0182032966791
    ],
    "reference_mass1": 0.551125842577,
    "reference_mass2": 0.448871980278,
    "reference_time": 640.0,
    "reference_position1": [
        1.8231179716,
        -6.18210463387,
        -2.08810821341e-05
    ],
    "reference_position2": [
        -2.23845072846,
        7.56105903772,
        -2.08401903368e-05
    ],
    "reference_mean_anomaly": 1.256789,
    "keywords": [],
    "point_of_contact_email": "glovelace@fullerton.edu",
    "authors_emails": [],
    "simulation_bibtex_keys": [
        "Abbott:2016apu",
        "Boyle:2019kee",
        "SXSCatalogWebsite"
    ],
    "code_bibtex_keys": [
        "Ossokine:2013zga",
        "Hemberger:2012jz",
        "Szilagyi:2009qz",
        "Boyle:2009vi",
        "Scheel:2008rj",
        "Boyle:2007ft",
        "Scheel:2006gg",
        "Lindblom:2005qh",
        "Pfeiffer:2002wt",
        "SpECwebsite"
    ],
    "initial_data_bibtex_keys": [
        "Buchman:2012dw",
        "Lovelace:2008tw",
        "Pfeiffer:2007yz",
        "Caudill:2006hw",
        "Cook:2004kt"
    ],
    "quasicircular_bibtex_keys": [
        "Mroue:2012kv",
        "Buonanno:2010yk",
        "Mroue:2010re",
        "Boyle:2007ft"
    ],
    "initial_separation": 14.2600708008,
    "initial_orbital_frequency": 0.01696815737,
    "initial_adot": -6.20021589911e-05,
    "object1": "bh",
    "object2": "bh",
    "initial_ADM_energy": 0.9923676034389478,
    "initial_ADM_linear_momentum": [
        -4.91271e-11,
        1.699055e-10,
        3.37e-14
    ],
    "initial_ADM_angular_momentum": [
        -2.881e-13,
        1.056e-12,
        1.0743715682167987
    ],
    "initial_mass1": 0.5511363711576232,
    "initial_mass2": 0.4488636417392227,
    "initial_dimensionless_spin1": [
        -3.355e-13,
        8.626e-13,
        0.310000003985
    ],
    "initial_dimensionless_spin2": [
        -2.563e-13,
        5.73999999998e-14,
        -0.460000004806
    ],
    "initial_position1": [
        6.38669995508495,
        -0.0332863745996463,
        0.0
    ],
    "initial_position2": [
        -7.8733708457150495,
        -0.0332863745996463,
        0.0
    ],
    "relaxation_time": 640.0,
    "common_horizon_time": 3676.98144688,
    "remnant_mass": 0.952554810242,
    "remnant_dimensionless_spin": [
        -3.24886602149e-08,
        -1.64995118536e-08,
        0.686319899068
    ],
    "remnant_velocity": [
        -0.000411706839427,
        -0.000173756940885,
        -4.76633426654e-08
    ],
    "metadata_version": 1,
    "spec_revisions": "InitialCommit-29089-g8b04a13",
    "spells_revision": "8b04a13a5f37970ac7f06dcc5dbbd046e8370016",
    "com_parameters": {
        "space_translation": [
            0.00197174331,
            -0.0401592874,
            9.36722289e-06
        ],
        "boost_velocity": [
            -1.31946087e-07,
            6.56662309e-06,
            -4.72068478e-08
        ]
    },
    "initial_mass_ratio": 1.22784810331735
}