{
    "simulation_name": "0030/Lev3",
    "alternative_names": [
        "PRIVATE:BBH:0325",
        "SXS:BBH:0354"
    ],
    "initial_data_type": "BBH_SKS",
    "object_types": "BHBH",
    "number_of_orbits": 18.941680505,
    "reference_mass_ratio": 1.9997969471442436,
    "reference_chi_eff": -0.00015991448501777484,
    "reference_chi1_perp": 3.13703205215914e-07,
    "reference_chi2_perp": 7.053480763273133e-08,
    "reference_eccentricity": 0.0001174,
    "reference_dimensionless_spin1": [
        2.45227736159e-07,
        -1.44655569237e-07,
        -0.200242586132
    ],
    "reference_dimensionless_spin2": [
        -2.19083111024e-08,
        -1.74175747563e-08,
        0.399964801451
    ],
    "reference_orbital_frequency": [
        9.05076349118e-10,
        -3.01126881706e-09,
        0.0165598443605
    ],
    "reference_mass1": 0.66660064432,
    "reference_mass2": 0.333334164387,
    "reference_time": 640.0,
    "reference_position1": [
        -3.005516508,
        -4.05643326017,
        -4.59872260815e-05
    ],
    "reference_position2": [
        5.95645278961,
        8.18990128239,
        -4.42501482291e-05
    ],
    "reference_mean_anomaly": 5.496135,
    "keywords": [],
    "point_of_contact_email": "daniel.hemberger@gmail.com",
    "authors_emails": [],
    "simulation_bibtex_keys": [
        "Blackman:2017dfb",
        "Boyle:2019kee",
        "SXSCatalogWebsite"
    ],
    "code_bibtex_keys": [
        "Ossokine:2013zga",
        "Hemberger:2012jz",
        "Szilagyi:2009qz",
        "Boyle:2009vi",
        "Scheel:2008rj",
        "Boyle:2007ft",
        "Scheel:2006gg",
        "Lindblom:2005qh",
        "Pfeiffer:2002wt",
        "SpECwebsite"
    ],
    "initial_data_bibtex_keys": [
        "Buchman:2012dw",
        "Lovelace:2008tw",
        "Pfeiffer:2007yz",
        "Caudill:2006hw",
        "Cook:2004kt"
    ],
    "quasicircular_bibtex_keys": [
        "Mroue:2012kv",
        "Buonanno:2010yk",
        "Mroue:2010re",
        "Boyle:2007ft"
    ],
    "initial_separation": 15.0189208984,
    "initial_orbital_frequency": 0.015710796493,
    "initial_adot": 2.86628761707e-05,
    "object1": "bh",
    "object2": "bh",
    "initial_ADM_energy": 0.9934508266938714,
    "initial_ADM_linear_momentum": [
        3.3452957e-09,
        -7.43625711e-08,
        -2.9914e-12
    ],
    "initial_ADM_angular_momentum": [
        -3.65966255e-08,
        2.17093736e-08,
        0.937947203433128
    ],
    "initial_mass1": 0.666666667205481,
    "initial_mass2": 0.333333324464794,
    "initial_dimensionless_spin1": [
        -7.77534280001e-09,
        -6.90555871001e-08,
        -0.200160037273
    ],
    "initial_dimensionless_spin2": [
        -3.6671888e-09,
        1.185353e-09,
        0.399999987964
    ],
    "initial_position1": [
        5.026187354274929,
        0.0213709351836035,
        8.2321369e-09
    ],
    "initial_position2": [
        -9.99273354412507,
        0.0213709351836035,
        8.2321369e-09
    ],
    "relaxation_time": 640.0,
    "common_horizon_time": 5009.78846261,
    "remnant_mass": 0.962510502512,
    "remnant_dimensionless_spin": [
        1.19381296198e-07,
        -1.63022966557e-07,
        0.582951940559
    ],
    "remnant_velocity": [
        7.69172936567e-05,
        -0.000763396405258,
        -8.34032050034e-08
    ],
    "metadata_version": 1,
    "spec_revisions": [
        "InitialCommit-28971-g2d4b796",
        "InitialCommit-28997-g8de95ad"
    ],
    "spells_revision": "2d4b796de925e97fe323094e8c08fb6ad6e8a830",
    "com_parameters": {
        "space_translation": [
            -0.0013038678,
            -0.00284826065,
            1.99279163e-05
        ],
        "boost_velocity": [
            9.7965326e-06,
            1.74034017e-05,
            -1.06932594e-07
        ]
    },
    "initial_mass_ratio": 2.00000005482768
}