{
    "simulation_name": "0088/Lev3",
    "alternative_names": [
        "PRIVATE:BBH:0489",
        "SXS:BBH:0409"
    ],
    "initial_data_type": "BBH_SKS",
    "object_types": "BHBH",
    "number_of_orbits": 20.6373237532,
    "reference_mass_ratio": 1.2498547722093902,
    "reference_chi_eff": 0.577869225676802,
    "reference_chi1_perp": 9.974601638250035e-09,
    "reference_chi2_perp": 1.7001080655206117e-08,
    "reference_eccentricity": 0.000553,
    "reference_dimensionless_spin1": [
        7.074716868e-09,
        -2.99929328635e-09,
        0.400139285381
    ],
    "reference_dimensionless_spin2": [
        2.14312578448e-08,
        2.76462904403e-08,
        0.80000583972
    ],
    "reference_orbital_frequency": [
        5.1838140258e-10,
        2.30319866762e-10,
        0.0168223739368
    ],
    "reference_mass1": 0.555546608165,
    "reference_mass2": 0.444488928248,
    "reference_time": 640.0,
    "reference_position1": [
        -3.02475674184,
        -5.92874057012,
        -5.5937787936e-06
    ],
    "reference_position2": [
        3.75577403666,
        7.42558764211,
        -5.98555870377e-06
    ],
    "reference_mean_anomaly": 2.897149,
    "keywords": [],
    "point_of_contact_email": "daniel.hemberger@gmail.com",
    "authors_emails": [],
    "simulation_bibtex_keys": [
        "Blackman:2017dfb",
        "Boyle:2019kee",
        "SXSCatalogWebsite"
    ],
    "code_bibtex_keys": [
        "Ossokine:2013zga",
        "Hemberger:2012jz",
        "Szilagyi:2009qz",
        "Boyle:2009vi",
        "Scheel:2008rj",
        "Boyle:2007ft",
        "Scheel:2006gg",
        "Lindblom:2005qh",
        "Pfeiffer:2002wt",
        "SpECwebsite"
    ],
    "initial_data_bibtex_keys": [
        "Buchman:2012dw",
        "Lovelace:2008tw",
        "Pfeiffer:2007yz",
        "Caudill:2006hw",
        "Cook:2004kt"
    ],
    "quasicircular_bibtex_keys": [
        "Mroue:2012kv",
        "Buonanno:2010yk",
        "Mroue:2010re",
        "Boyle:2007ft"
    ],
    "initial_separation": 14.7593994141,
    "initial_orbital_frequency": 0.015643420173,
    "initial_adot": 0.0002536707014942,
    "object1": "bh",
    "object2": "bh",
    "initial_ADM_energy": 0.9925095221983081,
    "initial_ADM_linear_momentum": [
        -1.27729536e-08,
        -4.3256077e-08,
        -4.8628e-12
    ],
    "initial_ADM_angular_momentum": [
        -3.150732e-09,
        1.172872331e-07,
        1.3404893944793024
    ],
    "initial_mass1": 0.555555525147747,
    "initial_mass2": 0.444444441765611,
    "initial_dimensionless_spin1": [
        7.97400000001e-13,
        -3.64439999999e-12,
        0.399999985051
    ],
    "initial_dimensionless_spin2": [
        -5.89039999998e-12,
        5.94879999998e-12,
        0.80000003486
    ],
    "initial_position1": [
        6.570494485884459,
        0.0059405226581032,
        -7.377242e-10
    ],
    "initial_position2": [
        -8.188904928215543,
        0.0059405226581032,
        -7.377242e-10
    ],
    "relaxation_time": 640.0,
    "common_horizon_time": 5108.43832745,
    "remnant_mass": 0.930829945139,
    "remnant_dimensionless_spin": [
        2.36876285658e-08,
        1.14541838759e-08,
        0.840290421813
    ],
    "remnant_velocity": [
        -0.000138092154814,
        -0.000173639172505,
        -2.20430765807e-10
    ],
    "metadata_version": 1,
    "spec_revisions": "InitialCommit-28977-g3727d27",
    "spells_revision": "3727d27cb1189c2dffa859c586de4b14bf054cbd",
    "com_parameters": {
        "space_translation": [
            -0.000843543882,
            -0.00122647876,
            3.77201023e-08
        ],
        "boost_velocity": [
            2.98247146e-07,
            1.35736524e-06,
            -1.1170576e-08
        ]
    },
    "initial_mass_ratio": 1.2499999391166494
}