{
    "simulation_name": "0139/Lev3",
    "alternative_names": [
        "PRIVATE:BBH:0829",
        "SXS:BBH:0760"
    ],
    "initial_data_type": "BBH_SKS",
    "object_types": "BHBH",
    "number_of_orbits": 18.7159194297,
    "reference_mass_ratio": 1.0000868570312573,
    "reference_chi_eff": 0.00013567786500222226,
    "reference_chi1_perp": 0.799849414630676,
    "reference_chi2_perp": 5.8419029578083e-06,
    "reference_eccentricity": 0.000615,
    "reference_dimensionless_spin1": [
        -0.545334950487,
        -0.584309822137,
        0.030838419225
    ],
    "reference_dimensionless_spin2": [
        -1.859893148e-06,
        -6.04073092079e-08,
        -4.28402654642e-05
    ],
    "reference_orbital_frequency": [
        -0.000816755920671,
        0.00158968706422,
        0.0158395454345
    ],
    "reference_mass1": 0.500040611818,
    "reference_mass2": 0.499997183547,
    "reference_time": 640.0,
    "reference_position1": [
        -6.62337374171,
        -4.14114808528,
        0.090622418346
    ],
    "reference_position2": [
        6.61392107895,
        4.13521596617,
        -0.0574367518229
    ],
    "reference_mean_anomaly": 2.521553,
    "keywords": [],
    "point_of_contact_email": "sfield@astro.cornell.edu",
    "authors_emails": [],
    "simulation_bibtex_keys": [
        "Blackman:2017pcm",
        "Boyle:2019kee",
        "SXSCatalogWebsite"
    ],
    "code_bibtex_keys": [
        "Ossokine:2013zga",
        "Hemberger:2012jz",
        "Szilagyi:2009qz",
        "Boyle:2009vi",
        "Scheel:2008rj",
        "Boyle:2007ft",
        "Scheel:2006gg",
        "Lindblom:2005qh",
        "Pfeiffer:2002wt",
        "SpECwebsite"
    ],
    "initial_data_bibtex_keys": [
        "Buchman:2012dw",
        "Lovelace:2008tw",
        "Pfeiffer:2007yz",
        "Caudill:2006hw",
        "Cook:2004kt"
    ],
    "quasicircular_bibtex_keys": [
        "Mroue:2012kv",
        "Buonanno:2010yk",
        "Mroue:2010re",
        "Boyle:2007ft"
    ],
    "initial_separation": 15.4167480469,
    "initial_orbital_frequency": 0.014978502175,
    "initial_adot": 9.47086803888e-05,
    "object1": "bh",
    "object2": "bh",
    "initial_ADM_energy": 0.9928315615398721,
    "initial_ADM_linear_momentum": [
        -3.748421e-10,
        -7.160536e-10,
        7.110098e-10
    ],
    "initial_ADM_angular_momentum": [
        -0.1957935834943586,
        -0.0337532311668979,
        1.1147198678667176
    ],
    "initial_mass1": 0.4999999936668039,
    "initial_mass2": 0.5000000136465027,
    "initial_dimensionless_spin1": [
        -0.77676682085,
        -0.19139183026,
        0.00052690858916
    ],
    "initial_dimensionless_spin2": [
        1.84795141e-08,
        1.45526916e-08,
        -1.188398621e-07
    ],
    "initial_position1": [
        7.7082907466828114,
        0.0029016331010645,
        -0.022483111834424
    ],
    "initial_position2": [
        -7.708457300217189,
        0.0029016331010645,
        -0.022483111834424
    ],
    "relaxation_time": 640.0,
    "common_horizon_time": 5073.27971014,
    "remnant_mass": 0.950333837365,
    "remnant_dimensionless_spin": [
        -0.116467813562,
        -0.00842600207131,
        0.699542412223
    ],
    "remnant_velocity": [
        6.89633601041e-05,
        0.000251688439273,
        -0.00208436404524
    ],
    "metadata_version": 1,
    "spec_revisions": "InitialCommit-29628-g2cce9e5",
    "spells_revision": "2cce9e5c03773621b7d160cd7247fc453684f921",
    "com_parameters": {
        "space_translation": [
            0.00020082,
            -0.00029712,
            0.00155207
        ],
        "boost_velocity": [
            4.97384328e-07,
            -1.46585721e-06,
            -1.27235862e-06
        ]
    },
    "initial_mass_ratio": 0.9999999600406035
}