{
    "simulation_name": "0118/Lev3",
    "alternative_names": [
        "PRIVATE:BBH:0506",
        "SXS:BBH:0435"
    ],
    "initial_data_type": "BBH_SKS",
    "object_types": "BHBH",
    "number_of_orbits": 20.8520037916,
    "reference_mass_ratio": 1.7496622020233084,
    "reference_chi_eff": 0.545473361296936,
    "reference_chi1_perp": 6.833260773370203e-08,
    "reference_chi2_perp": 6.5437860310746e-08,
    "reference_eccentricity": 0.0001007,
    "reference_dimensionless_spin1": [
        -5.57806118283e-08,
        8.18156802557e-08,
        0.400069974645
    ],
    "reference_dimensionless_spin2": [
        2.07824599283e-08,
        1.54840287864e-08,
        0.799880170968
    ],
    "reference_orbital_frequency": [
        -7.32857878988e-10,
        1.09054165138e-09,
        0.0171279250466
    ],
    "reference_mass1": 0.636341294839,
    "reference_mass2": 0.363693799925,
    "reference_time": 610.0,
    "reference_position1": [
        -3.75640589364,
        -3.82521379302,
        3.29038128818e-06
    ],
    "reference_position2": [
        6.55235540659,
        6.76456979633,
        3.05720983683e-06
    ],
    "reference_mean_anomaly": 2.47152,
    "keywords": [],
    "point_of_contact_email": "daniel.hemberger@gmail.com",
    "authors_emails": [],
    "simulation_bibtex_keys": [
        "Blackman:2017dfb",
        "Boyle:2019kee",
        "SXSCatalogWebsite"
    ],
    "code_bibtex_keys": [
        "Ossokine:2013zga",
        "Hemberger:2012jz",
        "Szilagyi:2009qz",
        "Boyle:2009vi",
        "Scheel:2008rj",
        "Boyle:2007ft",
        "Scheel:2006gg",
        "Lindblom:2005qh",
        "Pfeiffer:2002wt",
        "SpECwebsite"
    ],
    "initial_data_bibtex_keys": [
        "Buchman:2012dw",
        "Lovelace:2008tw",
        "Pfeiffer:2007yz",
        "Caudill:2006hw",
        "Cook:2004kt"
    ],
    "quasicircular_bibtex_keys": [
        "Mroue:2012kv",
        "Buonanno:2010yk",
        "Mroue:2010re",
        "Boyle:2007ft"
    ],
    "initial_separation": 14.5556030273,
    "initial_orbital_frequency": 0.015900674315,
    "initial_adot": 0.0002850733465695,
    "object1": "bh",
    "object2": "bh",
    "initial_ADM_energy": 0.9929082860125396,
    "initial_ADM_linear_momentum": [
        2.09951795e-08,
        -7.5198003e-09,
        6.4479e-11
    ],
    "initial_ADM_angular_momentum": [
        -3.198787062e-07,
        1.074050044e-07,
        1.2561864947154766
    ],
    "initial_mass1": 0.636363660508477,
    "initial_mass2": 0.363636355544414,
    "initial_dimensionless_spin1": [
        -3.39999999999e-15,
        -2.024e-13,
        0.40000000379
    ],
    "initial_dimensionless_spin2": [
        -3.827e-13,
        3.993e-13,
        0.800000046949
    ],
    "initial_position1": [
        5.3016320065430484,
        0.0167137418733236,
        2.77681854e-08
    ],
    "initial_position2": [
        -9.253971020756952,
        0.0167137418733236,
        2.77681854e-08
    ],
    "relaxation_time": 610.0,
    "common_horizon_time": 5093.98654357,
    "remnant_mass": 0.940755436815,
    "remnant_dimensionless_spin": [
        -4.01393613252e-08,
        5.11496271992e-08,
        0.806429358401
    ],
    "remnant_velocity": [
        6.71339491127e-05,
        -0.000269798015905,
        1.93360068486e-08
    ],
    "metadata_version": 1,
    "spec_revisions": "InitialCommit-28977-g3727d27",
    "spells_revision": "3727d27cb1189c2dffa859c586de4b14bf054cbd",
    "com_parameters": {
        "space_translation": [
            -0.00302077295,
            0.000163451174,
            5.32212157e-07
        ],
        "boost_velocity": [
            3.8645295e-06,
            8.33513896e-06,
            4.44216272e-09
        ]
    },
    "initial_mass_ratio": 1.7500001053408218
}