{
    "simulation_name": "BBH_CFMS_d15.9_q3.50_sA_0_0_0_sB_0_0_0/Lev4",
    "alternative_names": [
        "PRIVATE:BBH:0120",
        "SXS:BBH:0294"
    ],
    "initial_data_type": "BBH_CFMS",
    "object_types": "BHBH",
    "number_of_orbits": 28.0432575672,
    "reference_mass_ratio": 3.499994041547383,
    "reference_chi_eff": 2.583961400186013e-07,
    "reference_chi1_perp": 4.543307895632777e-10,
    "reference_chi2_perp": 1.5641882731923984e-11,
    "reference_eccentricity": 4.34e-05,
    "reference_dimensionless_spin1": [
        4.47782192791e-10,
        -7.68607529114e-11,
        2.31274300383e-07
    ],
    "reference_dimensionless_spin2": [
        4.08165186396e-12,
        -1.50999691554e-11,
        3.53322417139e-07
    ],
    "reference_orbital_frequency": [
        -2.54179693833e-14,
        -6.32010741294e-13,
        0.0146592290347
    ],
    "reference_mass1": 0.777777580587,
    "reference_mass2": 0.222222544197,
    "reference_time": 320.0,
    "reference_position1": [
        -0.219924416018,
        -3.52994619463,
        -1.61060390505e-10
    ],
    "reference_position2": [
        0.643892231841,
        12.2561013317,
        5.21029236489e-10
    ],
    "reference_mean_anomaly": 0.496114,
    "keywords": [],
    "point_of_contact_email": "tonyc@cita.utoronto.ca",
    "authors_emails": [],
    "simulation_bibtex_keys": [
        "Chu:2015kft",
        "Boyle:2019kee",
        "SXSCatalogWebsite"
    ],
    "code_bibtex_keys": [
        "Ossokine:2013zga",
        "Hemberger:2012jz",
        "Szilagyi:2009qz",
        "Boyle:2009vi",
        "Scheel:2008rj",
        "Boyle:2007ft",
        "Scheel:2006gg",
        "Lindblom:2005qh",
        "Pfeiffer:2002wt",
        "SpECwebsite"
    ],
    "initial_data_bibtex_keys": [
        "Buchman:2012dw",
        "Lovelace:2008tw",
        "Pfeiffer:2007yz",
        "Caudill:2006hw",
        "Cook:2004kt"
    ],
    "quasicircular_bibtex_keys": [
        "Mroue:2012kv",
        "Buonanno:2010yk",
        "Mroue:2010re",
        "Boyle:2007ft"
    ],
    "initial_separation": 15.9,
    "initial_orbital_frequency": 0.0145592190968,
    "initial_adot": -2.75206128603e-05,
    "object1": "bh",
    "object2": "bh",
    "initial_ADM_energy": 0.9951860962569189,
    "initial_ADM_linear_momentum": [
        -7.9303272e-09,
        -1.7404778e-09,
        -3.3710274e-09
    ],
    "initial_ADM_angular_momentum": [
        1.705514153e-07,
        -9.046574864e-07,
        0.781794397859473
    ],
    "initial_mass1": 0.777777777791007,
    "initial_mass2": 0.222222222209113,
    "initial_dimensionless_spin1": [
        8.27091e-11,
        -2.53425000001e-11,
        3.5372158e-09
    ],
    "initial_dimensionless_spin2": [
        -9.321e-13,
        -7.3447e-12,
        8.810426e-10
    ],
    "initial_position1": [
        3.5207480358385057,
        0.016722814095305,
        0.0
    ],
    "initial_position2": [
        -12.379251964161494,
        0.016722814095305,
        0.0
    ],
    "relaxation_time": 320.0,
    "common_horizon_time": 8150.72169053,
    "remnant_mass": 0.97493239554,
    "remnant_dimensionless_spin": [
        7.86083438542e-10,
        -8.05221118883e-10,
        0.504184017448
    ],
    "remnant_velocity": [
        0.000103772544731,
        -0.000559649923088,
        1.05746910544e-09
    ],
    "metadata_version": 1,
    "spec_revisions": [
        "InitialCommit-23643-gf982f00",
        "InitialCommit-24016-gac5079e"
    ],
    "spells_revision": "InitialCommit-21916-g19475f2",
    "com_parameters": {
        "space_translation": [
            -0.0244517033,
            0.00673981815,
            -2.04978429e-09
        ],
        "boost_velocity": [
            2.53697123e-06,
            -3.11101252e-06,
            1.5056542e-12
        ]
    },
    "initial_mass_ratio": 3.5000000002660014
}