{
    "simulation_name": "BBH_SKS_d13.5_q4.50_sA_0_0_0_sB_0_0_0/Lev3",
    "alternative_names": [
        "PRIVATE:BBH:0136",
        "SXS:BBH:0190"
    ],
    "initial_data_type": "BBH_SKS",
    "object_types": "BHBH",
    "number_of_orbits": 20.0974043975,
    "reference_mass_ratio": 4.498773344733116,
    "reference_chi_eff": -2.32622731272734e-05,
    "reference_chi1_perp": 9.145248001041247e-08,
    "reference_chi2_perp": 9.466987665807803e-08,
    "reference_eccentricity": "<3.5e-05",
    "reference_dimensionless_spin1": [
        -3.69432425099e-08,
        8.36602079448e-08,
        -3.10587804758e-05
    ],
    "reference_dimensionless_spin2": [
        5.44882171841e-08,
        7.74191616401e-08,
        1.18124463214e-05
    ],
    "reference_orbital_frequency": [
        3.61932179287e-09,
        5.97369631012e-10,
        0.0187436546148
    ],
    "reference_mass1": 0.818141639858,
    "reference_mass2": 0.18185882621,
    "reference_time": 340.0,
    "reference_position1": [
        2.49840969029,
        0.0794232212561,
        6.27754904809e-06
    ],
    "reference_position2": [
        -11.3591261076,
        -0.463385280469,
        8.9706811859e-06
    ],
    "reference_mean_anomaly": 6.252896,
    "keywords": [],
    "point_of_contact_email": "jonathan.blackman.0@gmail.com",
    "authors_emails": [],
    "simulation_bibtex_keys": [
        "Blackman:2015pia",
        "Boyle:2019kee",
        "SXSCatalogWebsite"
    ],
    "code_bibtex_keys": [
        "Ossokine:2013zga",
        "Hemberger:2012jz",
        "Szilagyi:2009qz",
        "Boyle:2009vi",
        "Scheel:2008rj",
        "Boyle:2007ft",
        "Scheel:2006gg",
        "Lindblom:2005qh",
        "Pfeiffer:2002wt",
        "SpECwebsite"
    ],
    "initial_data_bibtex_keys": [
        "Buchman:2012dw",
        "Lovelace:2008tw",
        "Pfeiffer:2007yz",
        "Caudill:2006hw",
        "Cook:2004kt"
    ],
    "quasicircular_bibtex_keys": [
        "Mroue:2012kv",
        "Buonanno:2010yk",
        "Mroue:2010re",
        "Boyle:2007ft"
    ],
    "initial_separation": 13.5,
    "initial_orbital_frequency": 0.01836619,
    "initial_adot": 1.0834717e-05,
    "object1": "bh",
    "object2": "bh",
    "initial_ADM_energy": 0.9952134266955643,
    "initial_ADM_linear_momentum": [
        1.4953049e-09,
        -7.3568347e-09,
        9.62006e-10
    ],
    "initial_ADM_angular_momentum": [
        -6.22292982974e-05,
        -0.000424695436825,
        0.6346648004114472
    ],
    "initial_mass1": 0.818140536345187,
    "initial_mass2": 0.181859562988873,
    "initial_dimensionless_spin1": [
        6.3081e-12,
        -8.88940000001e-12,
        -2.9487072e-09
    ],
    "initial_dimensionless_spin2": [
        5.42259999999e-12,
        2.01832e-11,
        -1.577698008e-07
    ],
    "initial_position1": [
        2.453777282013002,
        0.0354011866536579,
        0.0
    ],
    "initial_position2": [
        -11.046222717986998,
        0.0354011866536579,
        0.0
    ],
    "relaxation_time": 340.0,
    "common_horizon_time": 4712.70803808,
    "remnant_mass": 0.980305971293,
    "remnant_dimensionless_spin": [
        7.35269444282e-08,
        5.61591824437e-08,
        0.442647946792
    ],
    "remnant_velocity": [
        0.00017507243913,
        -0.000439143159319,
        3.97952410249e-08
    ],
    "metadata_version": 1,
    "spec_revisions": "InitialCommit-23956-g9058fb8",
    "spells_revision": "9058fb83d071c95c1991f31915c59199e8029863",
    "com_parameters": {
        "space_translation": [
            -0.0109015008,
            -0.00402912072,
            -7.25810043e-06
        ],
        "boost_velocity": [
            2.20313013e-06,
            9.59992728e-06,
            3.26371968e-08
        ]
    },
    "initial_mass_ratio": 4.498749050635542
}