{
    "simulation_name": "BBH_SKS_d16.5_q2_sA_0_0_0_sB_0_0_-0.600/Lev5",
    "alternative_names": [
        "PRIVATE:BBH:0089",
        "SXS:BBH:0244"
    ],
    "initial_data_type": "BBH_SKS",
    "object_types": "BHBH",
    "number_of_orbits": 23.1676493125,
    "reference_mass_ratio": 1.9999587788929418,
    "reference_chi_eff": -0.19999990876116194,
    "reference_chi1_perp": 3.4930373539918685e-08,
    "reference_chi2_perp": 1.79818966927723e-07,
    "reference_eccentricity": 3.36e-05,
    "reference_dimensionless_spin1": [
        8.84371821024e-09,
        -3.37865518835e-08,
        -5.83816592072e-05
    ],
    "reference_dimensionless_spin2": [
        8.36458040106e-08,
        7.94105266683e-08,
        -0.599874721154
    ],
    "reference_orbital_frequency": [
        2.1503140459e-09,
        -8.37768419215e-10,
        0.0142238533416
    ],
    "reference_mass1": 0.666669712529,
    "reference_mass2": 0.333341726622,
    "reference_time": 500.0,
    "reference_position1": [
        4.14548524977,
        3.76379635717,
        4.34028471042e-06
    ],
    "reference_position2": [
        -8.14703873709,
        -7.68271342433,
        5.52444080222e-06
    ],
    "reference_mean_anomaly": 1.983175,
    "keywords": [],
    "point_of_contact_email": "tonyc@cita.utoronto.ca",
    "authors_emails": [],
    "simulation_bibtex_keys": [
        "Chu:2015kft",
        "Boyle:2019kee",
        "SXSCatalogWebsite"
    ],
    "code_bibtex_keys": [
        "Ossokine:2013zga",
        "Hemberger:2012jz",
        "Szilagyi:2009qz",
        "Boyle:2009vi",
        "Scheel:2008rj",
        "Boyle:2007ft",
        "Scheel:2006gg",
        "Lindblom:2005qh",
        "Pfeiffer:2002wt",
        "SpECwebsite"
    ],
    "initial_data_bibtex_keys": [
        "Buchman:2012dw",
        "Lovelace:2008tw",
        "Pfeiffer:2007yz",
        "Caudill:2006hw",
        "Cook:2004kt"
    ],
    "quasicircular_bibtex_keys": [
        "Mroue:2012kv",
        "Buonanno:2010yk",
        "Mroue:2010re",
        "Boyle:2007ft"
    ],
    "initial_separation": 16.5,
    "initial_orbital_frequency": 0.01375066538,
    "initial_adot": -0.0001020032336,
    "object1": "bh",
    "object2": "bh",
    "initial_ADM_energy": 0.9940077778816796,
    "initial_ADM_linear_momentum": [
        8.53823885e-08,
        4.295094502e-07,
        1.6631851e-09
    ],
    "initial_ADM_angular_momentum": [
        9.6144743e-08,
        5.885200971e-07,
        0.9572899350905734
    ],
    "initial_mass1": 0.666666666334672,
    "initial_mass2": 0.333333330487368,
    "initial_dimensionless_spin1": [
        -1.6514117e-09,
        -8.97109999999e-11,
        -1.67513539e-08
    ],
    "initial_dimensionless_spin2": [
        -3.194e-13,
        -5.1e-14,
        -0.599999979401
    ],
    "initial_position1": [
        5.545266975461097,
        -0.010265881833151,
        0.0
    ],
    "initial_position2": [
        -10.954733024538903,
        -0.010265881833151,
        0.0
    ],
    "relaxation_time": 500.0,
    "common_horizon_time": 6990.44812694,
    "remnant_mass": 0.964095012486,
    "remnant_dimensionless_spin": [
        1.05273753905e-07,
        -3.76098994709e-08,
        0.587011833544
    ],
    "remnant_velocity": [
        0.000191998956207,
        -0.000338254767301,
        1.46449949339e-08
    ],
    "metadata_version": 1,
    "spec_revisions": "InitialCommit-24016-gac5079e",
    "spells_revision": "InitialCommit-23643-gf982f00",
    "com_parameters": {
        "space_translation": [
            0.0433207291,
            -0.038112743,
            -2.09188739e-06
        ],
        "boost_velocity": [
            5.32809454e-06,
            1.53584466e-05,
            1.30836063e-08
        ]
    },
    "initial_mass_ratio": 2.000000016079808
}