{
    "simulation_name": "BBH_SKS_d15.4_q1.50_sA_0_0_0.991_sB_0.141_0_0.141_v2/Lev4",
    "alternative_names": [
        "PRIVATE:BBH:0142",
        "SXS:BBH:0179",
        "S^{0.99}_{0.20}"
    ],
    "initial_data_type": "BBH_SKS",
    "object_types": "BHBH",
    "number_of_orbits": 23.7507875769,
    "reference_mass_ratio": 1.5002936407486323,
    "reference_chi_eff": 0.6521691570367171,
    "reference_chi1_perp": 0.006767948518285378,
    "reference_chi2_perp": 0.13826223035073693,
    "reference_eccentricity": 0.0329656,
    "reference_dimensionless_spin1": [
        -0.000585802571927,
        -0.00112230935968,
        0.990619770052
    ],
    "reference_dimensionless_spin2": [
        0.128243210878,
        0.0513144153085,
        0.144555203451
    ],
    "reference_orbital_frequency": [
        2.98209702669e-05,
        -0.000110141054684,
        0.0147882605386
    ],
    "reference_mass1": 0.60012742986,
    "reference_mass2": 0.400006647739,
    "reference_time": 380.0,
    "reference_position1": [
        5.70511521567,
        -2.38475030364,
        -0.064851512128
    ],
    "reference_position2": [
        -9.54073916115,
        2.94715934371,
        0.0056035842898
    ],
    "reference_mean_anomaly": 3.252983,
    "keywords": [],
    "point_of_contact_email": "mgiesler@tapir.caltech.edu",
    "authors_emails": [],
    "simulation_bibtex_keys": [
        "Scheel:2014ina",
        "Boyle:2019kee",
        "SXSCatalogWebsite"
    ],
    "code_bibtex_keys": [
        "Ossokine:2013zga",
        "Hemberger:2012jz",
        "Szilagyi:2009qz",
        "Boyle:2009vi",
        "Scheel:2008rj",
        "Boyle:2007ft",
        "Scheel:2006gg",
        "Lindblom:2005qh",
        "Pfeiffer:2002wt",
        "SpECwebsite"
    ],
    "initial_data_bibtex_keys": [
        "Buchman:2012dw",
        "Lovelace:2008tw",
        "Pfeiffer:2007yz",
        "Caudill:2006hw",
        "Cook:2004kt"
    ],
    "quasicircular_bibtex_keys": [
        "Mroue:2012kv",
        "Buonanno:2010yk",
        "Mroue:2010re",
        "Boyle:2007ft"
    ],
    "initial_separation": 15.366,
    "initial_orbital_frequency": 0.0145,
    "initial_adot": 0.0,
    "object1": "bh",
    "object2": "bh",
    "initial_ADM_energy": 0.9930085634902724,
    "initial_ADM_linear_momentum": [
        -6.48993919e-08,
        -9.346596959e-07,
        -0.0001009361812672
    ],
    "initial_ADM_angular_momentum": [
        0.0228463278184012,
        -0.0012280349891774,
        1.419639995973427
    ],
    "initial_mass1": 0.599987734320917,
    "initial_mass2": 0.400000032764143,
    "initial_dimensionless_spin1": [
        1.29515e-11,
        -4.47469999999e-12,
        0.990996935962
    ],
    "initial_dimensionless_spin2": [
        0.141421050138,
        -3.371336e-10,
        0.141421042374
    ],
    "initial_position1": [
        5.734852322604122,
        -0.2338767556880059,
        0.0
    ],
    "initial_position2": [
        -9.631147677395877,
        -0.2338767556880059,
        0.0
    ],
    "relaxation_time": 380.0,
    "common_horizon_time": 6093.73679252,
    "remnant_mass": 0.921563492731,
    "remnant_dimensionless_spin": [
        0.0120211001294,
        -0.00133687832775,
        0.896838318629
    ],
    "remnant_velocity": [
        -0.00014288174129,
        0.000233352537033,
        0.00322287683896
    ],
    "metadata_version": 1,
    "spec_revisions": [
        "InitialCommit-25906-g8f084a1",
        "InitialCommit-25909-g9fb09d4"
    ],
    "spells_revision": "db46f2d498b7248e14c5d4a7838d18074177a764",
    "com_parameters": {
        "space_translation": [
            -0.38061935,
            -0.26343398,
            0.00523996
        ],
        "boost_velocity": [
            4.98353915e-06,
            -1.95250239e-06,
            -0.000102634984
        ]
    },
    "initial_mass_ratio": 1.499969212939278
}