{
    "simulation_name": "0196/Lev3",
    "alternative_names": [
        "PRIVATE:BBH:0386",
        "SXS:BBH:0503"
    ],
    "initial_data_type": "BBH_SKS",
    "object_types": "BHBH",
    "number_of_orbits": 18.670564804,
    "reference_mass_ratio": 1.2498811981430507,
    "reference_chi_eff": 0.022044011142017848,
    "reference_chi1_perp": 2.47498637996186e-07,
    "reference_chi2_perp": 1.633289396690412e-08,
    "reference_eccentricity": 0.0002713,
    "reference_dimensionless_spin1": [
        5.97880048113e-11,
        -2.23252233617e-07,
        -0.600308998951
    ],
    "reference_dimensionless_spin2": [
        -2.52614017618e-09,
        -4.6214173111e-08,
        0.799911337065
    ],
    "reference_orbital_frequency": [
        -2.1226810628e-10,
        -6.31386388334e-10,
        0.0157171306396
    ],
    "reference_mass1": 0.555568319224,
    "reference_mass2": 0.444496901025,
    "reference_time": 390.0,
    "reference_position1": [
        6.84960421259,
        -1.59305723082,
        6.01765245512e-06
    ],
    "reference_position2": [
        -8.51014743065,
        1.9162323878,
        5.95118563492e-06
    ],
    "reference_mean_anomaly": 4.433203,
    "keywords": [],
    "point_of_contact_email": "daniel.hemberger@gmail.com",
    "authors_emails": [],
    "simulation_bibtex_keys": [
        "Blackman:2017dfb",
        "Boyle:2019kee",
        "SXSCatalogWebsite"
    ],
    "code_bibtex_keys": [
        "Ossokine:2013zga",
        "Hemberger:2012jz",
        "Szilagyi:2009qz",
        "Boyle:2009vi",
        "Scheel:2008rj",
        "Boyle:2007ft",
        "Scheel:2006gg",
        "Lindblom:2005qh",
        "Pfeiffer:2002wt",
        "SpECwebsite"
    ],
    "initial_data_bibtex_keys": [
        "Buchman:2012dw",
        "Lovelace:2008tw",
        "Pfeiffer:2007yz",
        "Caudill:2006hw",
        "Cook:2004kt"
    ],
    "quasicircular_bibtex_keys": [
        "Mroue:2012kv",
        "Buonanno:2010yk",
        "Mroue:2010re",
        "Boyle:2007ft"
    ],
    "initial_separation": 15.364074707,
    "initial_orbital_frequency": 0.014856905236,
    "initial_adot": 0.0001198814415559,
    "object1": "bh",
    "object2": "bh",
    "initial_ADM_energy": 0.9929091809286267,
    "initial_ADM_linear_momentum": [
        3.38129764e-08,
        -3.79513766e-08,
        2.482e-12
    ],
    "initial_ADM_angular_momentum": [
        -2.85522721e-08,
        -5.04756448e-08,
        1.0723873678963427
    ],
    "initial_mass1": 0.555555560085611,
    "initial_mass2": 0.444444442438013,
    "initial_dimensionless_spin1": [
        -8.16124198001e-08,
        -1.924111179e-07,
        -0.600480129082
    ],
    "initial_dimensionless_spin2": [
        -1.50605524e-08,
        9.16017150002e-09,
        0.799999972606
    ],
    "initial_position1": [
        6.869605878252485,
        0.0081834998692692,
        -1.6391331e-09
    ],
    "initial_position2": [
        -8.494468828747515,
        0.0081834998692692,
        -1.6391331e-09
    ],
    "relaxation_time": 390.0,
    "common_horizon_time": 5049.86080632,
    "remnant_mass": 0.95351593798,
    "remnant_dimensionless_spin": [
        -4.47629125554e-09,
        -7.58251354682e-08,
        0.65065672028
    ],
    "remnant_velocity": [
        -0.00109825939242,
        -0.000428513620822,
        3.96899887466e-08
    ],
    "metadata_version": 1,
    "spec_revisions": "InitialCommit-29041-g3c13f91",
    "spells_revision": "3c13f911824a07e91b9d6abdef6397df5e5d90da",
    "com_parameters": {
        "space_translation": [
            0.000936253677,
            0.000814963756,
            -6.65898828e-06
        ],
        "boost_velocity": [
            4.49573232e-06,
            -4.49560402e-06,
            2.8477315e-08
        ]
    },
    "initial_mass_ratio": 1.2500000158357132
}