{
    "simulation_name": "BBH_CFMS_d16.9_q2.50_sA_0_0_0_sB_0_0_0/Lev5",
    "alternative_names": [
        "PRIVATE:BBH:0121",
        "SXS:BBH:0259"
    ],
    "initial_data_type": "BBH_CFMS",
    "object_types": "BHBH",
    "number_of_orbits": 28.5624651835,
    "reference_mass_ratio": 2.4999968155813836,
    "reference_chi_eff": 1.3773336697761884e-07,
    "reference_chi1_perp": 2.9445199972025056e-11,
    "reference_chi2_perp": 2.0349474541985587e-10,
    "reference_eccentricity": "<4.9e-05",
    "reference_dimensionless_spin1": [
        2.87371557694e-11,
        -6.41838797937e-12,
        9.3726223667e-08
    ],
    "reference_dimensionless_spin2": [
        -1.13218762582e-10,
        1.69090575695e-10,
        2.47751085117e-07
    ],
    "reference_orbital_frequency": [
        5.43186913681e-14,
        -3.17529636125e-14,
        0.0134607277038
    ],
    "reference_mass1": 0.714285675605,
    "reference_mass2": 0.285714634176,
    "reference_time": 350.0,
    "reference_position1": [
        -0.195506935944,
        -4.81715849397,
        1.03507290853e-10
    ],
    "reference_position2": [
        0.403529257661,
        11.9766275333,
        1.40705399717e-10
    ],
    "reference_mean_anomaly": 6.252298,
    "keywords": [],
    "point_of_contact_email": "tonyc@cita.utoronto.ca",
    "authors_emails": [],
    "simulation_bibtex_keys": [
        "Chu:2015kft",
        "Boyle:2019kee",
        "SXSCatalogWebsite"
    ],
    "code_bibtex_keys": [
        "Ossokine:2013zga",
        "Hemberger:2012jz",
        "Szilagyi:2009qz",
        "Boyle:2009vi",
        "Scheel:2008rj",
        "Boyle:2007ft",
        "Scheel:2006gg",
        "Lindblom:2005qh",
        "Pfeiffer:2002wt",
        "SpECwebsite"
    ],
    "initial_data_bibtex_keys": [
        "Buchman:2012dw",
        "Lovelace:2008tw",
        "Pfeiffer:2007yz",
        "Caudill:2006hw",
        "Cook:2004kt"
    ],
    "quasicircular_bibtex_keys": [
        "Mroue:2012kv",
        "Buonanno:2010yk",
        "Mroue:2010re",
        "Boyle:2007ft"
    ],
    "initial_separation": 16.9,
    "initial_orbital_frequency": 0.0133496501267,
    "initial_adot": -2.58402386254e-05,
    "object1": "bh",
    "object2": "bh",
    "initial_ADM_energy": 0.9946028536885814,
    "initial_ADM_linear_momentum": [
        -2.3825063e-09,
        -5.1021641e-09,
        4.9181165e-09
    ],
    "initial_ADM_angular_momentum": [
        -5.2396292894e-06,
        1.1038165576e-06,
        0.9442524412001874
    ],
    "initial_mass1": 0.714285714244312,
    "initial_mass2": 0.285714285761299,
    "initial_dimensionless_spin1": [
        2.90910000001e-11,
        -1.11652e-11,
        9.83932629999e-09
    ],
    "initial_dimensionless_spin2": [
        -1.31971999999e-11,
        4.78284e-11,
        9.004248e-10
    ],
    "initial_position1": [
        4.81677978296543,
        0.0147842799656646,
        0.0
    ],
    "initial_position2": [
        -12.083220217034569,
        0.0147842799656646,
        0.0
    ],
    "relaxation_time": 350.0,
    "common_horizon_time": 8931.88757549,
    "remnant_mass": 0.966732213783,
    "remnant_dimensionless_spin": [
        1.00305848206e-11,
        -6.92017658493e-10,
        0.580731153894
    ],
    "remnant_velocity": [
        -0.000182594769659,
        0.000527023415473,
        4.89360056259e-11
    ],
    "metadata_version": 1,
    "spec_revisions": [
        "InitialCommit-23643-gf982f00",
        "InitialCommit-24016-gac5079e"
    ],
    "spells_revision": "InitialCommit-21916-g19475f2",
    "com_parameters": {
        "space_translation": [
            -0.022008431,
            0.00536357541,
            8.36655247e-11
        ],
        "boost_velocity": [
            1.94925202e-06,
            -2.33199633e-06,
            1.86212964e-13
        ]
    },
    "initial_mass_ratio": 2.499999999443726
}