{
    "simulation_name": "BBH_SKS_d15.8_q1_sA_0_0_0.650_sB_0_0_0.250/Lev5",
    "alternative_names": [
        "PRIVATE:BBH:0037",
        "SXS:BBH:0229"
    ],
    "initial_data_type": "BBH_SKS",
    "object_types": "BHBH",
    "number_of_orbits": 23.1092424424,
    "reference_mass_ratio": 1.000025889564589,
    "reference_chi_eff": 0.44998207308885113,
    "reference_chi1_perp": 1.14806104015728e-08,
    "reference_chi2_perp": 1.0437355094639474e-08,
    "reference_eccentricity": 0.0003121,
    "reference_dimensionless_spin1": [
        9.24483481766e-09,
        -2.39216026759e-09,
        0.649960086792
    ],
    "reference_dimensionless_spin2": [
        -9.85702513189e-09,
        5.36266444961e-09,
        0.249998882042
    ],
    "reference_orbital_frequency": [
        -3.76170972752e-11,
        2.85825035128e-11,
        0.0148791501904
    ],
    "reference_mass1": 0.500011002076,
    "reference_mass2": 0.499998057344,
    "reference_time": 290.0,
    "reference_position1": [
        -3.44303349964,
        -7.44436888216,
        -5.22060249076e-07
    ],
    "reference_position2": [
        3.2838999969,
        7.35221348354,
        -5.33477275826e-07
    ],
    "reference_mean_anomaly": 5.912902,
    "keywords": [],
    "point_of_contact_email": "tonyc@cita.utoronto.ca",
    "authors_emails": [],
    "simulation_bibtex_keys": [
        "Chu:2015kft",
        "Boyle:2019kee",
        "SXSCatalogWebsite"
    ],
    "code_bibtex_keys": [
        "Ossokine:2013zga",
        "Hemberger:2012jz",
        "Szilagyi:2009qz",
        "Boyle:2009vi",
        "Scheel:2008rj",
        "Boyle:2007ft",
        "Scheel:2006gg",
        "Lindblom:2005qh",
        "Pfeiffer:2002wt",
        "SpECwebsite"
    ],
    "initial_data_bibtex_keys": [
        "Buchman:2012dw",
        "Lovelace:2008tw",
        "Pfeiffer:2007yz",
        "Caudill:2006hw",
        "Cook:2004kt"
    ],
    "quasicircular_bibtex_keys": [
        "Mroue:2012kv",
        "Buonanno:2010yk",
        "Mroue:2010re",
        "Boyle:2007ft"
    ],
    "initial_separation": 15.8,
    "initial_orbital_frequency": 0.0144240246743,
    "initial_adot": 0.000112872929966,
    "object1": "bh",
    "object2": "bh",
    "initial_ADM_energy": 0.9928541978934512,
    "initial_ADM_linear_momentum": [
        -1.0576085e-08,
        6.71962258e-08,
        1.7059368e-09
    ],
    "initial_ADM_angular_momentum": [
        8.24396844e-08,
        5.07774587e-07,
        1.3314956410783232
    ],
    "initial_mass1": 0.500000001239343,
    "initial_mass2": 0.500000001014768,
    "initial_dimensionless_spin1": [
        -2.413e-13,
        5.415e-13,
        0.65000001381
    ],
    "initial_dimensionless_spin2": [
        6.07199999999e-13,
        -7.085e-13,
        0.249999993381
    ],
    "initial_position1": [
        7.8014682315189265,
        -0.0473846415711396,
        0.0
    ],
    "initial_position2": [
        -7.998531768481074,
        -0.0473846415711396,
        0.0
    ],
    "relaxation_time": 290.0,
    "common_horizon_time": 6298.84104449,
    "remnant_mass": 0.935155023986,
    "remnant_dimensionless_spin": [
        -1.80499608702e-09,
        1.88698571015e-09,
        0.817298505478
    ],
    "remnant_velocity": [
        -0.000218949168584,
        -8.07174659299e-05,
        2.80029749922e-10
    ],
    "metadata_version": 1,
    "spec_revisions": "InitialCommit-23918-gd9c410e",
    "spells_revision": "InitialCommit-22529-g5f7bd68",
    "com_parameters": {
        "space_translation": [
            -0.0863718495,
            -0.0488252836,
            -5.58999042e-07
        ],
        "boost_velocity": [
            -1.67757369e-06,
            1.3970864e-09,
            -1.72479896e-09
        ]
    },
    "initial_mass_ratio": 1.0000000004491498
}