{
    "simulation_name": "0380/Lev3",
    "alternative_names": [
        "PRIVATE:BBH:1058",
        "SXS:BBH:0991"
    ],
    "initial_data_type": "BBH_SKS",
    "object_types": "BHBH",
    "number_of_orbits": 19.3020294231,
    "reference_mass_ratio": 1.9999129254028356,
    "reference_chi_eff": 0.0003094752093248774,
    "reference_chi1_perp": 0.79981523580828,
    "reference_chi2_perp": 0.7996842198156737,
    "reference_eccentricity": 0.0006844,
    "reference_dimensionless_spin1": [
        -0.670551631394,
        -0.435038274079,
        0.0288120886924
    ],
    "reference_dimensionless_spin2": [
        -0.318672463742,
        -0.723392579848,
        0.121337526121
    ],
    "reference_orbital_frequency": [
        -0.00183592874722,
        0.00371081266422,
        0.0160999582053
    ],
    "reference_mass1": 0.666753842355,
    "reference_mass2": 0.33339143614,
    "reference_time": 640.0,
    "reference_position1": [
        -2.81194278526,
        -4.14697798061,
        0.639323302644
    ],
    "reference_position2": [
        5.60432812246,
        8.28623806482,
        -1.26662337518
    ],
    "reference_mean_anomaly": 4.399189,
    "keywords": [],
    "point_of_contact_email": "daniel.hemberger@gmail.com",
    "authors_emails": [],
    "simulation_bibtex_keys": [
        "Blackman:2017pcm",
        "Boyle:2019kee",
        "SXSCatalogWebsite"
    ],
    "code_bibtex_keys": [
        "Ossokine:2013zga",
        "Hemberger:2012jz",
        "Szilagyi:2009qz",
        "Boyle:2009vi",
        "Scheel:2008rj",
        "Boyle:2007ft",
        "Scheel:2006gg",
        "Lindblom:2005qh",
        "Pfeiffer:2002wt",
        "SpECwebsite"
    ],
    "initial_data_bibtex_keys": [
        "Buchman:2012dw",
        "Lovelace:2008tw",
        "Pfeiffer:2007yz",
        "Caudill:2006hw",
        "Cook:2004kt"
    ],
    "quasicircular_bibtex_keys": [
        "Mroue:2012kv",
        "Buonanno:2010yk",
        "Mroue:2010re",
        "Boyle:2007ft"
    ],
    "initial_separation": 14.9602050781,
    "initial_orbital_frequency": 0.015348731202,
    "initial_adot": 0.0002646071995628,
    "object1": "bh",
    "object2": "bh",
    "initial_ADM_energy": 0.9935078859100558,
    "initial_ADM_linear_momentum": [
        4.2623664e-09,
        -6.24066585e-08,
        7.0581228e-09
    ],
    "initial_ADM_angular_momentum": [
        -0.4364285144366109,
        -0.0630247471027905,
        0.97600634079966
    ],
    "initial_mass1": 0.6666666584812588,
    "initial_mass2": 0.33333332788478,
    "initial_dimensionless_spin1": [
        -0.790850404677,
        -0.119802262535,
        -0.0141535701756
    ],
    "initial_dimensionless_spin2": [
        -0.742105731168,
        -0.296758033287,
        0.0348029749421
    ],
    "initial_position1": [
        4.9954467928898785,
        0.0234014352546116,
        -0.0142544503048542
    ],
    "initial_position2": [
        -9.96475828521012,
        0.0234014352546116,
        -0.0142544503048542
    ],
    "relaxation_time": 640.0,
    "common_horizon_time": 5036.89334723,
    "remnant_mass": 0.958515298898,
    "remnant_dimensionless_spin": [
        -0.278794101365,
        -0.0728810876201,
        0.680584970203
    ],
    "remnant_velocity": [
        0.000638433221246,
        0.000809565261686,
        -0.000972532480651
    ],
    "metadata_version": 1,
    "spec_revisions": "InitialCommit-29628-g2cce9e5",
    "spells_revision": "2cce9e5c03773621b7d160cd7247fc453684f921",
    "com_parameters": {
        "space_translation": [
            -0.00335776,
            0.00474817,
            0.00262175
        ],
        "boost_velocity": [
            1.81390067e-05,
            -4.16072437e-05,
            -1.08343084e-05
        ]
    },
    "initial_mass_ratio": 2.0000000081350966
}