{
    "simulation_name": "BBH_SKS_d14.3_q3_sA_0_0_0.731_sB_0_0_-0.850/Lev5",
    "alternative_names": [
        "PRIVATE:BBH:0123",
        "SXS:BBH:0292"
    ],
    "initial_data_type": "BBH_SKS",
    "object_types": "BHBH",
    "number_of_orbits": 23.9461276356,
    "reference_mass_ratio": 2.9992660996605207,
    "reference_chi_eff": 0.33612137028794764,
    "reference_chi1_perp": 1.8964510774310395e-08,
    "reference_chi2_perp": 1.2414463382132933e-07,
    "reference_eccentricity": 0.0001521,
    "reference_dimensionless_spin1": [
        2.29869914762e-08,
        -4.30235394678e-08,
        0.731358901349
    ],
    "reference_dimensionless_spin2": [
        1.95790445661e-08,
        -4.1447784758e-08,
        -0.849301157937
    ],
    "reference_orbital_frequency": [
        6.7388670919e-10,
        -1.46552697386e-09,
        0.0174947411458
    ],
    "reference_mass1": 0.750012268439,
    "reference_mass2": 0.250065263807,
    "reference_time": 580.0,
    "reference_position1": [
        -3.06956629451,
        -1.95892027233,
        -1.62303951784e-05
    ],
    "reference_position2": [
        9.39357603279,
        5.54641641671,
        -1.60817489438e-05
    ],
    "reference_mean_anomaly": 1.425936,
    "keywords": [],
    "point_of_contact_email": "tonyc@cita.utoronto.ca",
    "authors_emails": [],
    "simulation_bibtex_keys": [
        "Chu:2015kft",
        "Boyle:2019kee",
        "SXSCatalogWebsite"
    ],
    "code_bibtex_keys": [
        "Ossokine:2013zga",
        "Hemberger:2012jz",
        "Szilagyi:2009qz",
        "Boyle:2009vi",
        "Scheel:2008rj",
        "Boyle:2007ft",
        "Scheel:2006gg",
        "Lindblom:2005qh",
        "Pfeiffer:2002wt",
        "SpECwebsite"
    ],
    "initial_data_bibtex_keys": [
        "Buchman:2012dw",
        "Lovelace:2008tw",
        "Pfeiffer:2007yz",
        "Caudill:2006hw",
        "Cook:2004kt"
    ],
    "quasicircular_bibtex_keys": [
        "Mroue:2012kv",
        "Buonanno:2010yk",
        "Mroue:2010re",
        "Boyle:2007ft"
    ],
    "initial_separation": 14.3,
    "initial_orbital_frequency": 0.0162104805005,
    "initial_adot": -0.000214358333294,
    "object1": "bh",
    "object2": "bh",
    "initial_ADM_energy": 0.9942312478509315,
    "initial_ADM_linear_momentum": [
        -3.60021774e-07,
        1.9499580565e-06,
        -7.93636916e-07
    ],
    "initial_ADM_angular_momentum": [
        -3.58137205231e-05,
        -0.000217561867446,
        1.1587055726104352
    ],
    "initial_mass1": 0.750000045371509,
    "initial_mass2": 0.249999916356069,
    "initial_dimensionless_spin1": [
        -1.0482e-12,
        2.77983e-11,
        0.731320056516
    ],
    "initial_dimensionless_spin2": [
        8.94999999999e-14,
        -1.23e-14,
        -0.84999978275
    ],
    "initial_position1": [
        3.5661220009632104,
        -0.0834909400523429,
        0.0
    ],
    "initial_position2": [
        -10.73387799903679,
        -0.0834909400523429,
        0.0
    ],
    "relaxation_time": 580.0,
    "common_horizon_time": 5615.84741428,
    "remnant_mass": 0.95604528336,
    "remnant_dimensionless_spin": [
        -2.86384864525e-08,
        -8.26804234851e-08,
        0.826624315506
    ],
    "remnant_velocity": [
        0.000214506633231,
        -0.000173578545437,
        -5.33310237628e-08
    ],
    "metadata_version": 1,
    "spec_revisions": [
        "InitialCommit-23906-g40010e4",
        "InitialCommit-25973-ga3ed793"
    ],
    "spells_revision": "InitialCommit-22529-g5f7bd68",
    "com_parameters": {
        "space_translation": [
            0.00937292281,
            -0.121788966,
            5.88016162e-06
        ],
        "boost_velocity": [
            5.19704448e-06,
            7.10646593e-06,
            -3.71703701e-08
        ]
    },
    "initial_mass_ratio": 3.0000011852136046
}