{
    "simulation_name": "BBH_SKS_d16.1_q1_sA_0_0_-0.500_sB_0_0_0.900/Lev5",
    "alternative_names": [
        "PRIVATE:BBH:0041",
        "SXS:BBH:0219"
    ],
    "initial_data_type": "BBH_SKS",
    "object_types": "BHBH",
    "number_of_orbits": 22.3788800568,
    "reference_mass_ratio": 0.9998370812422609,
    "reference_chi_eff": 0.19996897242089107,
    "reference_chi1_perp": 1.2818573948104328e-08,
    "reference_chi2_perp": 1.1200329405681085e-08,
    "reference_eccentricity": 0.0003404,
    "reference_dimensionless_spin1": [
        -2.205727413e-09,
        7.44106342796e-09,
        -0.49997637681
    ],
    "reference_dimensionless_spin2": [
        2.08507840678e-09,
        1.87395481718e-08,
        0.899800287425
    ],
    "reference_orbital_frequency": [
        -4.6197123129e-11,
        1.42809623651e-10,
        0.0148355716393
    ],
    "reference_mass1": 0.49999853759,
    "reference_mass2": 0.500080010004,
    "reference_time": 640.0,
    "reference_position1": [
        -7.94074450404,
        1.00875567437,
        -1.06745260352e-07
    ],
    "reference_position2": [
        8.31738585987,
        -0.574631007425,
        -4.08764330399e-08
    ],
    "reference_mean_anomaly": 3.783893,
    "keywords": [],
    "point_of_contact_email": "tonyc@cita.utoronto.ca",
    "authors_emails": [],
    "simulation_bibtex_keys": [
        "Chu:2015kft",
        "Boyle:2019kee",
        "SXSCatalogWebsite"
    ],
    "code_bibtex_keys": [
        "Ossokine:2013zga",
        "Hemberger:2012jz",
        "Szilagyi:2009qz",
        "Boyle:2009vi",
        "Scheel:2008rj",
        "Boyle:2007ft",
        "Scheel:2006gg",
        "Lindblom:2005qh",
        "Pfeiffer:2002wt",
        "SpECwebsite"
    ],
    "initial_data_bibtex_keys": [
        "Buchman:2012dw",
        "Lovelace:2008tw",
        "Pfeiffer:2007yz",
        "Caudill:2006hw",
        "Cook:2004kt"
    ],
    "quasicircular_bibtex_keys": [
        "Mroue:2012kv",
        "Buonanno:2010yk",
        "Mroue:2010re",
        "Boyle:2007ft"
    ],
    "initial_separation": 16.1,
    "initial_orbital_frequency": 0.0137887055601,
    "initial_adot": 0.000207024285868,
    "object1": "bh",
    "object2": "bh",
    "initial_ADM_energy": 0.9931006849791131,
    "initial_ADM_linear_momentum": [
        -2.7954118e-09,
        -9.9989046e-09,
        4.841722e-09
    ],
    "initial_ADM_angular_momentum": [
        2.442885107e-07,
        1.4993252185e-06,
        1.2247986653649714
    ],
    "initial_mass1": 0.500000001918224,
    "initial_mass2": 0.499999999966202,
    "initial_dimensionless_spin1": [
        6.892e-13,
        -6.266e-13,
        -0.500000000088
    ],
    "initial_dimensionless_spin2": [
        -3.345e-13,
        -1.676e-13,
        0.900000002346
    ],
    "initial_position1": [
        8.307070775320014,
        0.1916654730144744,
        0.0
    ],
    "initial_position2": [
        -7.7929292246799875,
        0.1916654730144744,
        0.0
    ],
    "relaxation_time": 640.0,
    "common_horizon_time": 6345.4047275,
    "remnant_mass": 0.945047957162,
    "remnant_dimensionless_spin": [
        -2.27396507648e-09,
        1.09672899157e-08,
        0.744055534762
    ],
    "remnant_velocity": [
        -1.76884553483e-05,
        0.000985097812489,
        2.49225389385e-09
    ],
    "metadata_version": 1,
    "spec_revisions": "InitialCommit-23918-gd9c410e",
    "spells_revision": "InitialCommit-22529-g5f7bd68",
    "com_parameters": {
        "space_translation": [
            0.21204942,
            0.192082525,
            -8.56020902e-07
        ],
        "boost_velocity": [
            8.4659633e-07,
            2.27363128e-06,
            5.16469597e-10
        ]
    },
    "initial_mass_ratio": 1.0000000039040442
}