{
    "simulation_name": "BBH_CFMS_d15.8_q3_sA_0_0_-0.300_sB_0_0_-0.300/Lev5",
    "alternative_names": [
        "PRIVATE:BBH:0075",
        "SXS:BBH:0270"
    ],
    "initial_data_type": "BBH_CFMS",
    "object_types": "BHBH",
    "number_of_orbits": 22.797269405,
    "reference_mass_ratio": 2.99993152665945,
    "reference_chi_eff": -0.2999555843228775,
    "reference_chi1_perp": 4.3315336315747575e-13,
    "reference_chi2_perp": 8.626715383846471e-13,
    "reference_eccentricity": 3.66e-05,
    "reference_dimensionless_spin1": [
        2.0588696155e-14,
        -5.51982892933e-14,
        -0.299964616889
    ],
    "reference_dimensionless_spin2": [
        -3.41549932393e-13,
        -4.55773746131e-13,
        -0.299928487243
    ],
    "reference_orbital_frequency": [
        3.93215622948e-15,
        -1.80893833819e-14,
        0.0148171938748
    ],
    "reference_mass1": 0.750039567945,
    "reference_mass2": 0.250018895858,
    "reference_time": 210.0,
    "reference_position1": [
        -3.98894901387,
        0.200127361834,
        6.01436548901e-14
    ],
    "reference_position2": [
        11.7571970288,
        -0.559947690729,
        -5.04646397379e-12
    ],
    "reference_mean_anomaly": 5.105279,
    "keywords": [],
    "point_of_contact_email": "tonyc@cita.utoronto.ca",
    "authors_emails": [],
    "simulation_bibtex_keys": [
        "Chu:2015kft",
        "Boyle:2019kee",
        "SXSCatalogWebsite"
    ],
    "code_bibtex_keys": [
        "Ossokine:2013zga",
        "Hemberger:2012jz",
        "Szilagyi:2009qz",
        "Boyle:2009vi",
        "Scheel:2008rj",
        "Boyle:2007ft",
        "Scheel:2006gg",
        "Lindblom:2005qh",
        "Pfeiffer:2002wt",
        "SpECwebsite"
    ],
    "initial_data_bibtex_keys": [
        "Buchman:2012dw",
        "Lovelace:2008tw",
        "Pfeiffer:2007yz",
        "Caudill:2006hw",
        "Cook:2004kt"
    ],
    "quasicircular_bibtex_keys": [
        "Mroue:2012kv",
        "Buonanno:2010yk",
        "Mroue:2010re",
        "Boyle:2007ft"
    ],
    "initial_separation": 15.8,
    "initial_orbital_frequency": 0.0147521364918,
    "initial_adot": -4.57686342614e-05,
    "object1": "bh",
    "object2": "bh",
    "initial_ADM_energy": 0.9948692381748476,
    "initial_ADM_linear_momentum": [
        -4.7797195e-09,
        2.3802125e-09,
        -2.6947857e-09
    ],
    "initial_ADM_angular_momentum": [
        1.978549686e-07,
        -3.349952413e-07,
        0.6690700497934783
    ],
    "initial_mass1": 0.750000000144901,
    "initial_mass2": 0.249999999803497,
    "initial_dimensionless_spin1": [
        5.3e-15,
        3.29000000001e-14,
        -0.299999999984
    ],
    "initial_dimensionless_spin2": [
        3.05999999999e-14,
        8e-16,
        -0.299999999857
    ],
    "initial_position1": [
        3.9401446526378603,
        0.016170984947222,
        0.0
    ],
    "initial_position2": [
        -11.85985534736214,
        0.016170984947222,
        0.0
    ],
    "relaxation_time": 210.0,
    "common_horizon_time": 6651.60376771,
    "remnant_mass": 0.975777819893,
    "remnant_dimensionless_spin": [
        -1.22561441154e-09,
        -2.44287387692e-10,
        0.396917497982
    ],
    "remnant_velocity": [
        -0.000718994630675,
        1.62977508914e-05,
        7.1970526454e-10
    ],
    "metadata_version": 1,
    "spec_revisions": [
        "InitialCommit-22272-g66cd00a",
        "InitialCommit-23906-g40010e4"
    ],
    "spells_revision": "InitialCommit-21916-g19475f2",
    "com_parameters": {
        "space_translation": [
            -0.0260756277,
            0.00446348029,
            -1.18579002e-09
        ],
        "boost_velocity": [
            2.28907868e-06,
            -2.62884651e-06,
            1.14300001e-12
        ]
    },
    "initial_mass_ratio": 3.00000000293764
}