{
    "simulation_name": "BBH_SKS_d17.9_q2_sA_0_0_-0.600_sB_0_0_-0.600/Lev5",
    "alternative_names": [
        "PRIVATE:BBH:0100",
        "SXS:BBH:0235"
    ],
    "initial_data_type": "BBH_SKS",
    "object_types": "BHBH",
    "number_of_orbits": 25.0613307836,
    "reference_mass_ratio": 1.9999458363671456,
    "reference_chi_eff": -0.5999839922845858,
    "reference_chi1_perp": 3.595851242603628e-08,
    "reference_chi2_perp": 6.672410047931545e-08,
    "reference_eccentricity": 6.1e-05,
    "reference_dimensionless_spin1": [
        -9.93933393959e-09,
        -1.27693926636e-09,
        -0.600036651953
    ],
    "reference_dimensionless_spin2": [
        -3.51686243501e-08,
        -3.14823488257e-08,
        -0.5998786758
    ],
    "reference_orbital_frequency": [
        -5.49109699485e-10,
        9.59739230456e-11,
        0.0127350096969
    ],
    "reference_mass1": 0.666669869914,
    "reference_mass2": 0.333343962517,
    "reference_time": 640.0,
    "reference_position1": [
        -1.19777741807,
        5.93472532955,
        8.02776269881e-06
    ],
    "reference_position2": [
        2.41324414523,
        -11.8287686294,
        8.31733288803e-06
    ],
    "reference_mean_anomaly": 4.534615,
    "keywords": [],
    "point_of_contact_email": "tonyc@cita.utoronto.ca",
    "authors_emails": [],
    "simulation_bibtex_keys": [
        "Chu:2015kft",
        "Boyle:2019kee",
        "SXSCatalogWebsite"
    ],
    "code_bibtex_keys": [
        "Ossokine:2013zga",
        "Hemberger:2012jz",
        "Szilagyi:2009qz",
        "Boyle:2009vi",
        "Scheel:2008rj",
        "Boyle:2007ft",
        "Scheel:2006gg",
        "Lindblom:2005qh",
        "Pfeiffer:2002wt",
        "SpECwebsite"
    ],
    "initial_data_bibtex_keys": [
        "Buchman:2012dw",
        "Lovelace:2008tw",
        "Pfeiffer:2007yz",
        "Caudill:2006hw",
        "Cook:2004kt"
    ],
    "quasicircular_bibtex_keys": [
        "Mroue:2012kv",
        "Buonanno:2010yk",
        "Mroue:2010re",
        "Boyle:2007ft"
    ],
    "initial_separation": 17.9,
    "initial_orbital_frequency": 0.0122260451235,
    "initial_adot": -0.000127171228021,
    "object1": "bh",
    "object2": "bh",
    "initial_ADM_energy": 0.9944948214377338,
    "initial_ADM_linear_momentum": [
        -7.68178255e-08,
        -3.95755422e-07,
        2.46070074e-08
    ],
    "initial_ADM_angular_momentum": [
        1.7720477561e-06,
        9.1295306501e-06,
        0.7376430221150915
    ],
    "initial_mass1": 0.666666669325653,
    "initial_mass2": 0.333333324503949,
    "initial_dimensionless_spin1": [
        2.4455e-12,
        -3.9973e-12,
        -0.60000000858
    ],
    "initial_dimensionless_spin2": [
        -6e-16,
        -1.66e-14,
        -0.599999977928
    ],
    "initial_position1": [
        5.961651982853577,
        0.0292359096350337,
        0.0
    ],
    "initial_position2": [
        -11.93834801714642,
        0.0292359096350337,
        0.0
    ],
    "relaxation_time": 640.0,
    "common_horizon_time": 8644.44440365,
    "remnant_mass": 0.971288786643,
    "remnant_dimensionless_spin": [
        -3.15340429964e-08,
        3.65526001074e-09,
        0.387705563983
    ],
    "remnant_velocity": [
        0.000153405867903,
        -0.000774299084345,
        1.82900551123e-08
    ],
    "metadata_version": 1,
    "spec_revisions": "InitialCommit-23643-gf982f00",
    "spells_revision": "InitialCommit-22529-g5f7bd68",
    "com_parameters": {
        "space_translation": [
            -0.0320812734,
            -0.00226074207,
            -3.06980788e-06
        ],
        "boost_velocity": [
            4.67660766e-06,
            9.32472422e-06,
            1.57951555e-08
        ]
    },
    "initial_mass_ratio": 2.000000060953267
}