{
    "simulation_name": "0006/Lev3",
    "alternative_names": [
        "PRIVATE:BBH:0341",
        "SXS:BBH:0331"
    ],
    "initial_data_type": "BBH_SKS",
    "object_types": "BHBH",
    "number_of_orbits": 18.2607723826,
    "reference_mass_ratio": 1.9997429345523323,
    "reference_chi_eff": -0.2666365020575247,
    "reference_chi1_perp": 1.9845050241315027e-07,
    "reference_chi2_perp": 1.1396552939123807e-07,
    "reference_eccentricity": 0.0001533,
    "reference_dimensionless_spin1": [
        1.96376086029e-07,
        2.8583989582e-08,
        -0.000123623232039
    ],
    "reference_dimensionless_spin2": [
        -1.50025923758e-07,
        5.36959014449e-08,
        -0.799593748456
    ],
    "reference_orbital_frequency": [
        7.65787015793e-10,
        -6.92962552622e-10,
        0.0162213664488
    ],
    "reference_mass1": 0.666651468244,
    "reference_mass2": 0.333368582894,
    "reference_time": 640.0,
    "reference_position1": [
        -3.81860002549,
        -3.4028818413,
        -5.81264482535e-05
    ],
    "reference_position2": [
        7.66218557225,
        6.92997341927,
        -5.82270288544e-05
    ],
    "reference_mean_anomaly": 3.973204,
    "keywords": [],
    "point_of_contact_email": "daniel.hemberger@gmail.com",
    "authors_emails": [],
    "simulation_bibtex_keys": [
        "Blackman:2017dfb",
        "Boyle:2019kee",
        "SXSCatalogWebsite"
    ],
    "code_bibtex_keys": [
        "Ossokine:2013zga",
        "Hemberger:2012jz",
        "Szilagyi:2009qz",
        "Boyle:2009vi",
        "Scheel:2008rj",
        "Boyle:2007ft",
        "Scheel:2006gg",
        "Lindblom:2005qh",
        "Pfeiffer:2002wt",
        "SpECwebsite"
    ],
    "initial_data_bibtex_keys": [
        "Buchman:2012dw",
        "Lovelace:2008tw",
        "Pfeiffer:2007yz",
        "Caudill:2006hw",
        "Cook:2004kt"
    ],
    "quasicircular_bibtex_keys": [
        "Mroue:2012kv",
        "Buonanno:2010yk",
        "Mroue:2010re",
        "Boyle:2007ft"
    ],
    "initial_separation": 15.2864379883,
    "initial_orbital_frequency": 0.015118955699,
    "initial_adot": -0.0002308047023972,
    "object1": "bh",
    "object2": "bh",
    "initial_ADM_energy": 0.9936424427807209,
    "initial_ADM_linear_momentum": [
        -9.7104171e-09,
        -1.000204156e-07,
        -5.3114e-12
    ],
    "initial_ADM_angular_momentum": [
        -2.741027462e-07,
        2.292212564e-07,
        0.9092450452874427
    ],
    "initial_mass1": 0.666666680515436,
    "initial_mass2": 0.333333341938653,
    "initial_dimensionless_spin1": [
        -4.338e-13,
        -2.1744e-12,
        -9.56168074e-08
    ],
    "initial_dimensionless_spin2": [
        -3.672e-13,
        -1.643e-13,
        -0.800000014484
    ],
    "initial_position1": [
        5.088674911002959,
        0.0192546442992806,
        -1.0762303e-09
    ],
    "initial_position2": [
        -10.19776307729704,
        0.0192546442992806,
        -1.0762303e-09
    ],
    "relaxation_time": 640.0,
    "common_horizon_time": 4985.12066709,
    "remnant_mass": 0.96493148021,
    "remnant_dimensionless_spin": [
        7.69554748491e-08,
        -4.66337431537e-09,
        0.574565321988
    ],
    "remnant_velocity": [
        0.000368509105414,
        -0.00013345460968,
        -1.62064497943e-07
    ],
    "metadata_version": 1,
    "spec_revisions": "InitialCommit-28977-g3727d27",
    "spells_revision": "3727d27cb1189c2dffa859c586de4b14bf054cbd",
    "com_parameters": {
        "space_translation": [
            -0.00171271411,
            0.000196089309,
            4.35273196e-05
        ],
        "boost_velocity": [
            -1.99664308e-07,
            1.97787047e-05,
            -1.60317783e-07
        ]
    },
    "initial_mass_ratio": 1.9999999899143903
}