{
    "simulation_name": "BBH_SKS_d14.2_q3_sA_0_0_0.600_sB_0_0_0.400/Lev5",
    "alternative_names": [
        "PRIVATE:BBH:0021",
        "SXS:BBH:0290"
    ],
    "initial_data_type": "BBH_SKS",
    "object_types": "BHBH",
    "number_of_orbits": 24.1700006439,
    "reference_mass_ratio": 2.9999892570368463,
    "reference_chi_eff": 0.5500156769016421,
    "reference_chi1_perp": 2.8937936970105505e-08,
    "reference_chi2_perp": 3.919589824035476e-08,
    "reference_eccentricity": 0.000114,
    "reference_dimensionless_spin1": [
        2.48445957526e-08,
        -1.72649560204e-08,
        0.600038321843
    ],
    "reference_dimensionless_spin2": [
        -2.33338393557e-08,
        1.45436361263e-08,
        0.399948279469
    ],
    "reference_orbital_frequency": [
        -6.94735476609e-11,
        -7.93848133063e-10,
        0.017578374284
    ],
    "reference_mass1": 0.750001282834,
    "reference_mass2": 0.250001322863,
    "reference_time": 580.0,
    "reference_position1": [
        -3.01207147615,
        -2.00721432665,
        -1.8121883704e-05
    ],
    "reference_position2": [
        8.9555825957,
        6.08864515241,
        -1.77089718953e-05
    ],
    "reference_mean_anomaly": 2.582717,
    "keywords": [],
    "point_of_contact_email": "tonyc@cita.utoronto.ca",
    "authors_emails": [],
    "simulation_bibtex_keys": [
        "Chu:2015kft",
        "Boyle:2019kee",
        "SXSCatalogWebsite"
    ],
    "code_bibtex_keys": [
        "Ossokine:2013zga",
        "Hemberger:2012jz",
        "Szilagyi:2009qz",
        "Boyle:2009vi",
        "Scheel:2008rj",
        "Boyle:2007ft",
        "Scheel:2006gg",
        "Lindblom:2005qh",
        "Pfeiffer:2002wt",
        "SpECwebsite"
    ],
    "initial_data_bibtex_keys": [
        "Buchman:2012dw",
        "Lovelace:2008tw",
        "Pfeiffer:2007yz",
        "Caudill:2006hw",
        "Cook:2004kt"
    ],
    "quasicircular_bibtex_keys": [
        "Mroue:2012kv",
        "Buonanno:2010yk",
        "Mroue:2010re",
        "Boyle:2007ft"
    ],
    "initial_separation": 14.2,
    "initial_orbital_frequency": 0.0167507383792,
    "initial_adot": 0.000138277356879,
    "object1": "bh",
    "object2": "bh",
    "initial_ADM_energy": 0.9940918877493213,
    "initial_ADM_linear_momentum": [
        -1.561090659e-07,
        -2.732581752e-07,
        -8.98896515e-08
    ],
    "initial_ADM_angular_momentum": [
        -4.3448807973e-06,
        -2.43062326842e-05,
        1.1545010035214511
    ],
    "initial_mass1": 0.750000002788688,
    "initial_mass2": 0.249999998848166,
    "initial_dimensionless_spin1": [
        -4.17371e-11,
        2.37656e-11,
        0.600000016907
    ],
    "initial_dimensionless_spin2": [
        4.33e-14,
        -3.03e-14,
        0.399999958697
    ],
    "initial_position1": [
        3.511510150948674,
        0.0182510442796613,
        0.0
    ],
    "initial_position2": [
        -10.688489849051326,
        0.0182510442796613,
        0.0
    ],
    "relaxation_time": 580.0,
    "common_horizon_time": 5719.12599772,
    "remnant_mass": 0.954909999008,
    "remnant_dimensionless_spin": [
        6.37956259052e-09,
        -3.03735401663e-08,
        0.806965869892
    ],
    "remnant_velocity": [
        0.000162685265944,
        -7.23689339203e-05,
        -4.4041744014e-08
    ],
    "metadata_version": 1,
    "spec_revisions": [
        "InitialCommit-23245-gfd35c55",
        "InitialCommit-24016-gac5079e",
        "InitialCommit-23616-g8bcb0a7"
    ],
    "spells_revision": "InitialCommit-22529-g5f7bd68",
    "com_parameters": {
        "space_translation": [
            -0.039768347,
            -0.0235843561,
            6.26435096e-06
        ],
        "boost_velocity": [
            5.8567853e-06,
            5.48490617e-06,
            -4.12264328e-08
        ]
    },
    "initial_mass_ratio": 3.0000000249767598
}