{
    "simulation_name": "0085/Lev3",
    "alternative_names": [
        "PRIVATE:BBH:0787",
        "SXS:BBH:0716"
    ],
    "initial_data_type": "BBH_SKS",
    "object_types": "BHBH",
    "number_of_orbits": 19.4244727156,
    "reference_mass_ratio": 1.9995769670810157,
    "reference_chi_eff": 0.004894012189821887,
    "reference_chi1_perp": 0.8000724186282657,
    "reference_chi2_perp": 0.7996053334772355,
    "reference_eccentricity": 0.0004816,
    "reference_dimensionless_spin1": [
        -0.670299926013,
        -0.433588424818,
        0.0531060180501
    ],
    "reference_dimensionless_spin2": [
        -0.642542168412,
        -0.470451086964,
        0.0727026621517
    ],
    "reference_orbital_frequency": [
        -0.00136857349159,
        0.00399100269314,
        0.0160284758183
    ],
    "reference_mass1": 0.666629795793,
    "reference_mass2": 0.333385414399,
    "reference_time": 640.0,
    "reference_position1": [
        -2.91516648788,
        -4.04503287595,
        0.772737058519
    ],
    "reference_position2": [
        5.76138214877,
        8.17294882378,
        -1.52863606167
    ],
    "reference_mean_anomaly": 3.608801,
    "keywords": [],
    "point_of_contact_email": "daniel.hemberger@gmail.com",
    "authors_emails": [],
    "simulation_bibtex_keys": [
        "Blackman:2017pcm",
        "Boyle:2019kee",
        "SXSCatalogWebsite"
    ],
    "code_bibtex_keys": [
        "Ossokine:2013zga",
        "Hemberger:2012jz",
        "Szilagyi:2009qz",
        "Boyle:2009vi",
        "Scheel:2008rj",
        "Boyle:2007ft",
        "Scheel:2006gg",
        "Lindblom:2005qh",
        "Pfeiffer:2002wt",
        "SpECwebsite"
    ],
    "initial_data_bibtex_keys": [
        "Buchman:2012dw",
        "Lovelace:2008tw",
        "Pfeiffer:2007yz",
        "Caudill:2006hw",
        "Cook:2004kt"
    ],
    "quasicircular_bibtex_keys": [
        "Mroue:2012kv",
        "Buonanno:2010yk",
        "Mroue:2010re",
        "Boyle:2007ft"
    ],
    "initial_separation": 14.9591674805,
    "initial_orbital_frequency": 0.01527270346,
    "initial_adot": 4.41493788682e-05,
    "object1": "bh",
    "object2": "bh",
    "initial_ADM_energy": 0.9935075339353916,
    "initial_ADM_linear_momentum": [
        -1.045514835e-07,
        -7.46580161e-08,
        1.30948105e-08
    ],
    "initial_ADM_angular_momentum": [
        -0.4424221881261091,
        -0.0196707308872277,
        0.9807941790709259
    ],
    "initial_mass1": 0.6666666740771088,
    "initial_mass2": 0.3333333760129114,
    "initial_dimensionless_spin1": [
        -0.790835405803,
        -0.120514731116,
        0.00737887330351
    ],
    "initial_dimensionless_spin2": [
        -0.794503345636,
        0.0935053798652,
        -0.00448462477871
    ],
    "initial_position1": [
        4.993359062162728,
        0.0233201686066851,
        -0.0136340741882644
    ],
    "initial_position2": [
        -9.965808418337271,
        0.0233201686066851,
        -0.0136340741882644
    ],
    "relaxation_time": 640.0,
    "common_horizon_time": 5076.91833922,
    "remnant_mass": 0.956061134382,
    "remnant_dimensionless_spin": [
        -0.280686193023,
        -0.0373761182496,
        0.678694194097
    ],
    "remnant_velocity": [
        0.000630996558166,
        0.000834105138922,
        -0.00195326181914
    ],
    "metadata_version": 1,
    "spec_revisions": "InitialCommit-29628-g2cce9e5",
    "spells_revision": "2cce9e5c03773621b7d160cd7247fc453684f921",
    "com_parameters": {
        "space_translation": [
            -0.00135212,
            -0.00250249,
            0.00122801
        ],
        "boost_velocity": [
            -1.18912074e-05,
            1.78044554e-05,
            -1.64007733e-06
        ]
    },
    "initial_mass_ratio": 1.9999997661538877
}