{
    "simulation_name": "BBH_SKS_d16.2_q3_sA_0_0_-0.400_sB_0_0_-0.600/Lev5",
    "alternative_names": [
        "PRIVATE:BBH:0124",
        "SXS:BBH:0268"
    ],
    "initial_data_type": "BBH_SKS",
    "object_types": "BHBH",
    "number_of_orbits": 22.8601253109,
    "reference_mass_ratio": 2.9996816125842383,
    "reference_chi_eff": -0.44999330851579805,
    "reference_chi1_perp": 1.5801077657802723e-07,
    "reference_chi2_perp": 6.948591486830049e-08,
    "reference_eccentricity": 0.0001555,
    "reference_dimensionless_spin1": [
        -1.31544976454e-07,
        4.9678247237e-08,
        -0.400039351712
    ],
    "reference_dimensionless_spin2": [
        -4.96486145098e-08,
        -8.25511326043e-09,
        -0.599839274216
    ],
    "reference_orbital_frequency": [
        4.90758725998e-12,
        1.40191888338e-09,
        0.0147344295712
    ],
    "reference_mass1": 0.749972334921,
    "reference_mass2": 0.250017312429,
    "reference_time": 640.0,
    "reference_position1": [
        -4.0388139394,
        0.571113287527,
        6.57536437347e-06
    ],
    "reference_position2": [
        12.213055962,
        -1.59602578564,
        6.77614552388e-06
    ],
    "reference_mean_anomaly": 0.378791,
    "keywords": [],
    "point_of_contact_email": "tonyc@cita.utoronto.ca",
    "authors_emails": [],
    "simulation_bibtex_keys": [
        "Chu:2015kft",
        "Boyle:2019kee",
        "SXSCatalogWebsite"
    ],
    "code_bibtex_keys": [
        "Ossokine:2013zga",
        "Hemberger:2012jz",
        "Szilagyi:2009qz",
        "Boyle:2009vi",
        "Scheel:2008rj",
        "Boyle:2007ft",
        "Scheel:2006gg",
        "Lindblom:2005qh",
        "Pfeiffer:2002wt",
        "SpECwebsite"
    ],
    "initial_data_bibtex_keys": [
        "Buchman:2012dw",
        "Lovelace:2008tw",
        "Pfeiffer:2007yz",
        "Caudill:2006hw",
        "Cook:2004kt"
    ],
    "quasicircular_bibtex_keys": [
        "Mroue:2012kv",
        "Buonanno:2010yk",
        "Mroue:2010re",
        "Boyle:2007ft"
    ],
    "initial_separation": 16.2,
    "initial_orbital_frequency": 0.0141256102791,
    "initial_adot": -0.000126357782531,
    "object1": "bh",
    "object2": "bh",
    "initial_ADM_energy": 0.9949243102134616,
    "initial_ADM_linear_momentum": [
        -1.7605823e-06,
        -4.0376090504e-06,
        -5.631834247e-07
    ],
    "initial_ADM_angular_momentum": [
        -3.21902531638e-05,
        -0.0001994753435412,
        0.6077703074378596
    ],
    "initial_mass1": 0.749999996317434,
    "initial_mass2": 0.249999993508086,
    "initial_dimensionless_spin1": [
        7.2508e-12,
        3.92313e-11,
        -0.400000050406
    ],
    "initial_dimensionless_spin2": [
        -8.6e-15,
        2.68999999999e-14,
        -0.599999771844
    ],
    "initial_position1": [
        4.074694660262561,
        0.021496334610419,
        0.0
    ],
    "initial_position2": [
        -12.125305339737437,
        0.021496334610419,
        0.0
    ],
    "relaxation_time": 640.0,
    "common_horizon_time": 6912.15622829,
    "remnant_mass": 0.977209437838,
    "remnant_dimensionless_spin": [
        -2.619163607e-08,
        6.4584532529e-08,
        0.341246943449
    ],
    "remnant_velocity": [
        -0.00069370479685,
        -0.000196539375545,
        1.57575417978e-08
    ],
    "metadata_version": 1,
    "spec_revisions": "InitialCommit-23245-gfd35c55",
    "spells_revision": "InitialCommit-22529-g5f7bd68",
    "com_parameters": {
        "space_translation": [
            -0.000815629561,
            -0.0185343516,
            -3.37257385e-06
        ],
        "boost_velocity": [
            4.6978218e-06,
            1.77567894e-05,
            1.51392786e-08
        ]
    },
    "initial_mass_ratio": 3.0000000631727057
}