{
    "simulation_name": "0230/Lev3",
    "alternative_names": [
        "PRIVATE:BBH:0390",
        "SXS:BBH:0535"
    ],
    "initial_data_type": "BBH_SKS",
    "object_types": "BHBH",
    "number_of_orbits": 17.9468295019,
    "reference_mass_ratio": 1.2499038332944936,
    "reference_chi_eff": -0.24448735662746185,
    "reference_chi1_perp": 8.158180327340045e-08,
    "reference_chi2_perp": 7.106569688701446e-08,
    "reference_eccentricity": 0.0004965,
    "reference_dimensionless_spin1": [
        5.52429864709e-08,
        -5.56812950686e-08,
        0.19983738201
    ],
    "reference_dimensionless_spin2": [
        1.19481827243e-08,
        -3.85177020541e-08,
        -0.799850550678
    ],
    "reference_orbital_frequency": [
        -7.84780389126e-10,
        -5.25543816891e-10,
        0.0156960889823
    ],
    "reference_mass1": 0.555562470799,
    "reference_mass2": 0.444484172302,
    "reference_time": 640.0,
    "reference_position1": [
        -6.43306018756,
        -2.75832213831,
        -1.42181800422e-05
    ],
    "reference_position2": [
        8.10905755621,
        3.47223241042,
        -1.3282482095e-05
    ],
    "reference_mean_anomaly": 2.080629,
    "keywords": [],
    "point_of_contact_email": "daniel.hemberger@gmail.com",
    "authors_emails": [],
    "simulation_bibtex_keys": [
        "Blackman:2017dfb",
        "Boyle:2019kee",
        "SXSCatalogWebsite"
    ],
    "code_bibtex_keys": [
        "Ossokine:2013zga",
        "Hemberger:2012jz",
        "Szilagyi:2009qz",
        "Boyle:2009vi",
        "Scheel:2008rj",
        "Boyle:2007ft",
        "Scheel:2006gg",
        "Lindblom:2005qh",
        "Pfeiffer:2002wt",
        "SpECwebsite"
    ],
    "initial_data_bibtex_keys": [
        "Buchman:2012dw",
        "Lovelace:2008tw",
        "Pfeiffer:2007yz",
        "Caudill:2006hw",
        "Cook:2004kt"
    ],
    "quasicircular_bibtex_keys": [
        "Mroue:2012kv",
        "Buonanno:2010yk",
        "Mroue:2010re",
        "Boyle:2007ft"
    ],
    "initial_separation": 15.6427612305,
    "initial_orbital_frequency": 0.0146808675457,
    "initial_adot": -0.000179962736683,
    "object1": "bh",
    "object2": "bh",
    "initial_ADM_energy": 0.9930630488432447,
    "initial_ADM_linear_momentum": [
        2.2178706e-09,
        -9.3799497e-09,
        -1.023e-13
    ],
    "initial_ADM_angular_momentum": [
        1.80502e-11,
        -2.2e-11,
        1.0211906431348519
    ],
    "initial_mass1": 0.555555553673333,
    "initial_mass2": 0.444444448422196,
    "initial_dimensionless_spin1": [
        -2.51e-14,
        6.4e-14,
        0.199999999043
    ],
    "initial_dimensionless_spin2": [
        9.35999999998e-14,
        -2.01e-14,
        -0.799999997982
    ],
    "initial_position1": [
        6.9283616596827216,
        0.0044982325457873,
        -8.338551e-10
    ],
    "initial_position2": [
        -8.714399570817278,
        0.0044982325457873,
        -8.338551e-10
    ],
    "relaxation_time": 640.0,
    "common_horizon_time": 5019.21440489,
    "remnant_mass": 0.957414837546,
    "remnant_dimensionless_spin": [
        -1.67230742374e-08,
        -2.93579642756e-08,
        0.625333323862
    ],
    "remnant_velocity": [
        -0.000462470775229,
        0.000377881202741,
        -1.39241616733e-08
    ],
    "metadata_version": 1,
    "spec_revisions": "InitialCommit-29087-gbf4785c",
    "spells_revision": "bf4785ce24ad399d0fce82459c642899a154ab08",
    "com_parameters": {
        "space_translation": [
            -0.000300765412,
            0.00171602217,
            3.37310102e-06
        ],
        "boost_velocity": [
            4.72958442e-07,
            1.13482336e-06,
            -2.95818033e-08
        ]
    },
    "initial_mass_ratio": 1.249999984577573
}