{
    "simulation_name": "BBH_SKS_d18_q1_sA_0_0_-0.625_sB_0_0_-0.250/Lev5",
    "alternative_names": [
        "PRIVATE:BBH:0045",
        "SXS:BBH:0214"
    ],
    "initial_data_type": "BBH_SKS",
    "object_types": "BHBH",
    "number_of_orbits": 24.413543851,
    "reference_mass_ratio": 1.0000222379468393,
    "reference_chi_eff": -0.4374694319476751,
    "reference_chi1_perp": 1.8108851078075694e-08,
    "reference_chi2_perp": 6.010164608035796e-09,
    "reference_eccentricity": 0.0002089,
    "reference_dimensionless_spin1": [
        1.74984922956e-08,
        5.60814921664e-10,
        -0.624943094889
    ],
    "reference_dimensionless_spin2": [
        -4.2412283759e-09,
        -4.31096298221e-09,
        -0.249991599977
    ],
    "reference_orbital_frequency": [
        1.23343564327e-11,
        -8.96119930447e-12,
        0.0126369947012
    ],
    "reference_mass1": 0.500009706058,
    "reference_mass2": 0.499998587116,
    "reference_time": 640.0,
    "reference_position1": [
        -1.2865929251,
        9.08447083281,
        -4.87451395588e-06
    ],
    "reference_position2": [
        1.13425400771,
        -8.99450316211,
        -4.88969706568e-06
    ],
    "reference_mean_anomaly": 2.757674,
    "keywords": [],
    "point_of_contact_email": "tonyc@cita.utoronto.ca",
    "authors_emails": [],
    "simulation_bibtex_keys": [
        "Chu:2015kft",
        "Boyle:2019kee",
        "SXSCatalogWebsite"
    ],
    "code_bibtex_keys": [
        "Ossokine:2013zga",
        "Hemberger:2012jz",
        "Szilagyi:2009qz",
        "Boyle:2009vi",
        "Scheel:2008rj",
        "Boyle:2007ft",
        "Scheel:2006gg",
        "Lindblom:2005qh",
        "Pfeiffer:2002wt",
        "SpECwebsite"
    ],
    "initial_data_bibtex_keys": [
        "Buchman:2012dw",
        "Lovelace:2008tw",
        "Pfeiffer:2007yz",
        "Caudill:2006hw",
        "Cook:2004kt"
    ],
    "quasicircular_bibtex_keys": [
        "Mroue:2012kv",
        "Buonanno:2010yk",
        "Mroue:2010re",
        "Boyle:2007ft"
    ],
    "initial_separation": 18.0,
    "initial_orbital_frequency": 0.0121839960716,
    "initial_adot": -9.66658097593e-05,
    "object1": "bh",
    "object2": "bh",
    "initial_ADM_energy": 0.9937883132895159,
    "initial_ADM_linear_momentum": [
        3.0766906e-09,
        6.01875589e-08,
        -1.4382846e-09
    ],
    "initial_ADM_angular_momentum": [
        -1.029163168e-07,
        -4.356256812e-07,
        0.9808806513837461
    ],
    "initial_mass1": 0.49999998921575,
    "initial_mass2": 0.499999996377784,
    "initial_dimensionless_spin1": [
        3.321e-13,
        -1.169e-13,
        -0.624999926877
    ],
    "initial_dimensionless_spin2": [
        -1.803e-13,
        4.65300000002e-13,
        -0.25000003201
    ],
    "initial_position1": [
        8.931345946759372,
        0.0359751790029456,
        0.0
    ],
    "initial_position2": [
        -9.068654053240628,
        0.0359751790029456,
        0.0
    ],
    "relaxation_time": 640.0,
    "common_horizon_time": 8348.23861307,
    "remnant_mass": 0.961092983542,
    "remnant_dimensionless_spin": [
        1.89127457451e-09,
        -6.8158847649e-10,
        0.547769643033
    ],
    "remnant_velocity": [
        -9.84731076617e-06,
        0.000307007780527,
        -6.67776156975e-09
    ],
    "metadata_version": 1,
    "spec_revisions": "InitialCommit-23918-gd9c410e",
    "spells_revision": "InitialCommit-22529-g5f7bd68",
    "com_parameters": {
        "space_translation": [
            -0.079866748,
            0.0332221372,
            -4.81519692e-07
        ],
        "boost_velocity": [
            5.30323322e-07,
            9.57105986e-08,
            -8.11903193e-09
        ]
    },
    "initial_mass_ratio": 0.999999985675932
}