{
    "simulation_name": "BBH_SKS_d14.5_q3_sA_0_0_0.600_sB_0_0_-0.600/Lev5",
    "alternative_names": [
        "PRIVATE:BBH:0056",
        "SXS:BBH:0287"
    ],
    "initial_data_type": "BBH_SKS",
    "object_types": "BHBH",
    "number_of_orbits": 23.5310945612,
    "reference_mass_ratio": 2.9998972059878755,
    "reference_chi_eff": 0.30004782118925455,
    "reference_chi1_perp": 1.6863745967503576e-07,
    "reference_chi2_perp": 5.359024244279389e-08,
    "reference_eccentricity": 7.18e-05,
    "reference_dimensionless_spin1": [
        -3.79250961403e-09,
        -2.07907059263e-07,
        0.600009437459
    ],
    "reference_dimensionless_spin2": [
        4.71846448416e-08,
        6.37277810122e-10,
        -0.599806193362
    ],
    "reference_orbital_frequency": [
        -2.85063017791e-10,
        -1.10533773769e-09,
        0.0168371783655
    ],
    "reference_mass1": 0.750012326793,
    "reference_mass2": 0.250012675533,
    "reference_time": 330.0,
    "reference_position1": [
        2.63344505384,
        -2.62348203723,
        -1.16518522496e-06
    ],
    "reference_position2": [
        -8.12235848756,
        7.70328698818,
        -6.69348837497e-07
    ],
    "reference_mean_anomaly": 3.12904,
    "keywords": [],
    "point_of_contact_email": "tonyc@cita.utoronto.ca",
    "authors_emails": [],
    "simulation_bibtex_keys": [
        "Chu:2015kft",
        "Boyle:2019kee",
        "SXSCatalogWebsite"
    ],
    "code_bibtex_keys": [
        "Ossokine:2013zga",
        "Hemberger:2012jz",
        "Szilagyi:2009qz",
        "Boyle:2009vi",
        "Scheel:2008rj",
        "Boyle:2007ft",
        "Scheel:2006gg",
        "Lindblom:2005qh",
        "Pfeiffer:2002wt",
        "SpECwebsite"
    ],
    "initial_data_bibtex_keys": [
        "Buchman:2012dw",
        "Lovelace:2008tw",
        "Pfeiffer:2007yz",
        "Caudill:2006hw",
        "Cook:2004kt"
    ],
    "quasicircular_bibtex_keys": [
        "Mroue:2012kv",
        "Buonanno:2010yk",
        "Mroue:2010re",
        "Boyle:2007ft"
    ],
    "initial_separation": 14.5,
    "initial_orbital_frequency": 0.016294259702,
    "initial_adot": -6.85957414435e-05,
    "object1": "bh",
    "object2": "bh",
    "initial_ADM_energy": 0.9942518165687385,
    "initial_ADM_linear_momentum": [
        -1.428977576e-07,
        -1.053350976e-07,
        9.58667265e-08
    ],
    "initial_ADM_angular_momentum": [
        5.5562106918e-06,
        2.51085679632e-05,
        1.1060210179407648
    ],
    "initial_mass1": 0.749999995238548,
    "initial_mass2": 0.250000006844949,
    "initial_dimensionless_spin1": [
        4.05941000001e-11,
        -2.19632999999e-11,
        0.599999967624
    ],
    "initial_dimensionless_spin2": [
        1.1e-14,
        -4.93e-14,
        -0.600000113608
    ],
    "initial_position1": [
        3.58255842361202,
        -0.0273698654277761,
        0.0
    ],
    "initial_position2": [
        -10.91744157638798,
        -0.0273698654277761,
        0.0
    ],
    "relaxation_time": 330.0,
    "common_horizon_time": 5801.21812216,
    "remnant_mass": 0.959773474089,
    "remnant_dimensionless_spin": [
        -1.0648201389e-08,
        -1.18261129096e-07,
        0.779838768872
    ],
    "remnant_velocity": [
        0.000148999531282,
        0.000237079988701,
        -7.47790540409e-09
    ],
    "metadata_version": 1,
    "spec_revisions": "InitialCommit-23643-gf982f00",
    "spells_revision": "InitialCommit-23245-gfd35c55",
    "com_parameters": {
        "space_translation": [
            -0.0298768902,
            -0.0675922239,
            1.59262753e-06
        ],
        "boost_velocity": [
            6.91980678e-06,
            8.6959263e-06,
            -7.3147945e-09
        ]
    },
    "initial_mass_ratio": 2.999999898814807
}