{
    "simulation_name": "0267/Lev3",
    "alternative_names": [
        "PRIVATE:BBH:0950",
        "SXS:BBH:0881"
    ],
    "initial_data_type": "BBH_SKS",
    "object_types": "BHBH",
    "number_of_orbits": 18.0823724847,
    "reference_mass_ratio": 1.0000649428378285,
    "reference_chi_eff": -0.197600791437537,
    "reference_chi1_perp": 0.7998247958825594,
    "reference_chi2_perp": 0.010689307722031485,
    "reference_eccentricity": 0.0005998,
    "reference_dimensionless_spin1": [
        -0.791164392922,
        -0.114442394354,
        0.0265155758275
    ],
    "reference_dimensionless_spin2": [
        -0.00839202542618,
        -0.0349975315303,
        -0.398375236488
    ],
    "reference_orbital_frequency": [
        0.000175403256604,
        0.00175837609315,
        0.0155639367192
    ],
    "reference_mass1": 0.500033442886,
    "reference_mass2": 0.500000971404,
    "reference_time": 640.0,
    "reference_position1": [
        -7.32015378812,
        -2.96735942558,
        0.439324823448
    ],
    "reference_position2": [
        7.33408513004,
        2.96385915896,
        -0.395921067494
    ],
    "reference_mean_anomaly": 1.862725,
    "keywords": [],
    "point_of_contact_email": "sfield@astro.cornell.edu",
    "authors_emails": [],
    "simulation_bibtex_keys": [
        "Blackman:2017pcm",
        "Boyle:2019kee",
        "SXSCatalogWebsite"
    ],
    "code_bibtex_keys": [
        "Ossokine:2013zga",
        "Hemberger:2012jz",
        "Szilagyi:2009qz",
        "Boyle:2009vi",
        "Scheel:2008rj",
        "Boyle:2007ft",
        "Scheel:2006gg",
        "Lindblom:2005qh",
        "Pfeiffer:2002wt",
        "SpECwebsite"
    ],
    "initial_data_bibtex_keys": [
        "Buchman:2012dw",
        "Lovelace:2008tw",
        "Pfeiffer:2007yz",
        "Caudill:2006hw",
        "Cook:2004kt"
    ],
    "quasicircular_bibtex_keys": [
        "Mroue:2012kv",
        "Buonanno:2010yk",
        "Mroue:2010re",
        "Boyle:2007ft"
    ],
    "initial_separation": 15.6409912109,
    "initial_orbital_frequency": 0.014704318657,
    "initial_adot": -0.0001694344438426,
    "object1": "bh",
    "object2": "bh",
    "initial_ADM_energy": 0.9929613066555227,
    "initial_ADM_linear_momentum": [
        -1.72477786e-08,
        -1.121736092e-07,
        -5.3399752e-09
    ],
    "initial_ADM_angular_momentum": [
        -0.1871529026754433,
        0.0834478964945129,
        1.0296027798189433
    ],
    "initial_mass1": 0.5000000578159223,
    "initial_mass2": 0.5000000432293351,
    "initial_dimensionless_spin1": [
        -0.731842815059,
        0.323115616489,
        0.000575176047691
    ],
    "initial_dimensionless_spin2": [
        -0.011420116186,
        -0.0251557313927,
        -0.399044828957
    ],
    "initial_position1": [
        7.810503899149111,
        0.0016477011395471,
        -0.0201671459480315
    ],
    "initial_position2": [
        -7.830487311750888,
        0.0016477011395471,
        -0.0201671459480315
    ],
    "relaxation_time": 640.0,
    "common_horizon_time": 5050.37499101,
    "remnant_mass": 0.954595534287,
    "remnant_dimensionless_spin": [
        -0.101245967868,
        0.0368501632507,
        0.639184791182
    ],
    "remnant_velocity": [
        -0.00017500928747,
        7.53618889698e-05,
        0.00162235784804
    ],
    "metadata_version": 1,
    "spec_revisions": "InitialCommit-29628-g2cce9e5",
    "spells_revision": "2cce9e5c03773621b7d160cd7247fc453684f921",
    "com_parameters": {
        "space_translation": [
            0.00010569,
            0.00062983,
            0.00119614
        ],
        "boost_velocity": [
            1.51513865e-07,
            -1.03191766e-06,
            -1.4903345e-06
        ]
    },
    "initial_mass_ratio": 1.0000000291731719
}