{
    "simulation_name": "0161/Lev3",
    "alternative_names": [
        "PRIVATE:BBH:0851",
        "SXS:BBH:0782"
    ],
    "initial_data_type": "BBH_SKS",
    "object_types": "BHBH",
    "number_of_orbits": 17.751632672,
    "reference_mass_ratio": 1.0000892789833289,
    "reference_chi_eff": -0.2880570279760954,
    "reference_chi1_perp": 0.5548876625508481,
    "reference_chi2_perp": 2.439444245996851e-06,
    "reference_eccentricity": 0.000469,
    "reference_dimensionless_spin1": [
        -0.439228812184,
        -0.363616334296,
        -0.560889489953
    ],
    "reference_dimensionless_spin2": [
        -8.56502236714e-07,
        -1.14745302959e-06,
        -3.67589511076e-05
    ],
    "reference_orbital_frequency": [
        -0.000387076984021,
        0.00119487518766,
        0.0155136137648
    ],
    "reference_mass1": 0.50004050977,
    "reference_mass2": 0.499995870647,
    "reference_time": 640.0,
    "reference_position1": [
        -7.57284132335,
        -2.50894480099,
        0.0162385536338
    ],
    "reference_position2": [
        7.53149043655,
        2.50841219821,
        0.00666140385177
    ],
    "reference_mean_anomaly": 1.656817,
    "keywords": [],
    "point_of_contact_email": "sfield@astro.cornell.edu",
    "authors_emails": [],
    "simulation_bibtex_keys": [
        "Blackman:2017pcm",
        "Boyle:2019kee",
        "SXSCatalogWebsite"
    ],
    "code_bibtex_keys": [
        "Ossokine:2013zga",
        "Hemberger:2012jz",
        "Szilagyi:2009qz",
        "Boyle:2009vi",
        "Scheel:2008rj",
        "Boyle:2007ft",
        "Scheel:2006gg",
        "Lindblom:2005qh",
        "Pfeiffer:2002wt",
        "SpECwebsite"
    ],
    "initial_data_bibtex_keys": [
        "Buchman:2012dw",
        "Lovelace:2008tw",
        "Pfeiffer:2007yz",
        "Caudill:2006hw",
        "Cook:2004kt"
    ],
    "quasicircular_bibtex_keys": [
        "Mroue:2012kv",
        "Buonanno:2010yk",
        "Mroue:2010re",
        "Boyle:2007ft"
    ],
    "initial_separation": 15.7365722656,
    "initial_orbital_frequency": 0.014607526713,
    "initial_adot": -0.0001045449602673,
    "object1": "bh",
    "object2": "bh",
    "initial_ADM_energy": 0.9930223734595724,
    "initial_ADM_linear_momentum": [
        -4.3993233e-09,
        2.17555211e-08,
        -2.4881856e-09
    ],
    "initial_ADM_angular_momentum": [
        -0.1419704186291897,
        -0.0034698207766817,
        0.9943758125605787
    ],
    "initial_mass1": 0.5000000011783229,
    "initial_mass2": 0.4999999998374194,
    "initial_dimensionless_spin1": [
        -0.562587067276,
        -0.060202363205,
        -0.565571348474
    ],
    "initial_dimensionless_spin2": [
        -2.142677252e-07,
        1.125598115e-07,
        7.03013491501e-07
    ],
    "initial_position1": [
        7.885039000621014,
        0.0035171604095819,
        -0.0163756947426033
    ],
    "initial_position2": [
        -7.851533264978985,
        0.0035171604095819,
        -0.0163756947426033
    ],
    "relaxation_time": 640.0,
    "common_horizon_time": 5021.09673213,
    "remnant_mass": 0.957672497114,
    "remnant_dimensionless_spin": [
        -0.0748769353264,
        -0.0167069290094,
        0.606201282318
    ],
    "remnant_velocity": [
        0.000141084956594,
        -0.000404995796241,
        -0.00167162437474
    ],
    "metadata_version": 1,
    "spec_revisions": "InitialCommit-29628-g2cce9e5",
    "spells_revision": "2cce9e5c03773621b7d160cd7247fc453684f921",
    "com_parameters": {
        "space_translation": [
            -3.80823091e-05,
            -0.00100462137,
            0.00124325171
        ],
        "boost_velocity": [
            2.56903275e-07,
            -1.60443201e-06,
            -7.6955291e-07
        ]
    },
    "initial_mass_ratio": 1.000000002681807
}