{
    "simulation_name": "0052/Lev3",
    "alternative_names": [
        "PRIVATE:BBH:0475",
        "SXS:BBH:0374"
    ],
    "initial_data_type": "BBH_SKS",
    "object_types": "BHBH",
    "number_of_orbits": 20.8209545077,
    "reference_mass_ratio": 1.9998615073106685,
    "reference_chi_eff": 0.38666056521383874,
    "reference_chi1_perp": 0.5511554850884149,
    "reference_chi2_perp": 7.647041998959792e-06,
    "reference_eccentricity": "<1.9e-04",
    "reference_dimensionless_spin1": [
        -0.264475500773,
        0.469897527197,
        0.591074031378
    ],
    "reference_dimensionless_spin2": [
        5.28336572464e-06,
        -2.58663020456e-06,
        9.97638969957e-05
    ],
    "reference_orbital_frequency": [
        0.00165714577268,
        0.000640459238411,
        0.0171393245898
    ],
    "reference_mass1": 0.666644909586,
    "reference_mass2": 0.333345537753,
    "reference_time": 640.0,
    "reference_position1": [
        -1.05975446224,
        -4.76496123238,
        0.276975207993
    ],
    "reference_position2": [
        2.09175674601,
        9.60273073985,
        -0.564623564405
    ],
    "reference_mean_anomaly": 5.376308,
    "keywords": [],
    "point_of_contact_email": "daniel.hemberger@gmail.com",
    "authors_emails": [],
    "simulation_bibtex_keys": [
        "Blackman:2017dfb",
        "Boyle:2019kee",
        "SXSCatalogWebsite"
    ],
    "code_bibtex_keys": [
        "Ossokine:2013zga",
        "Hemberger:2012jz",
        "Szilagyi:2009qz",
        "Boyle:2009vi",
        "Scheel:2008rj",
        "Boyle:2007ft",
        "Scheel:2006gg",
        "Lindblom:2005qh",
        "Pfeiffer:2002wt",
        "SpECwebsite"
    ],
    "initial_data_bibtex_keys": [
        "Buchman:2012dw",
        "Lovelace:2008tw",
        "Pfeiffer:2007yz",
        "Caudill:2006hw",
        "Cook:2004kt"
    ],
    "quasicircular_bibtex_keys": [
        "Mroue:2012kv",
        "Buonanno:2010yk",
        "Mroue:2010re",
        "Boyle:2007ft"
    ],
    "initial_separation": 14.5482788086,
    "initial_orbital_frequency": 0.016356284678,
    "initial_adot": 7.14031948251e-05,
    "object1": "bh",
    "object2": "bh",
    "initial_ADM_energy": 0.9931851632633578,
    "initial_ADM_linear_momentum": [
        -1.8390391e-09,
        1.6268763e-09,
        -5.48776e-11
    ],
    "initial_ADM_angular_momentum": [
        -0.0182293747823493,
        0.2467100328939223,
        1.2078687574638147
    ],
    "initial_mass1": 0.666666668756282,
    "initial_mass2": 0.333333335445042,
    "initial_dimensionless_spin1": [
        -0.0405966422839,
        0.558111558519,
        0.571719379849
    ],
    "initial_dimensionless_spin2": [
        3.3705564e-09,
        1.92359217e-08,
        -1.247776747e-07
    ],
    "initial_position1": [
        4.837044851899631,
        0.0231261961667457,
        -0.0017155071457122
    ],
    "initial_position2": [
        -9.711233956700369,
        0.0231261961667457,
        -0.0017155071457122
    ],
    "relaxation_time": 640.0,
    "common_horizon_time": 5100.14972549,
    "remnant_mass": 0.944460974624,
    "remnant_dimensionless_spin": [
        -0.0024054314107,
        0.162949677576,
        0.814854994452
    ],
    "remnant_velocity": [
        4.00425039058e-05,
        -0.000509977535484,
        -0.00357773052495
    ],
    "metadata_version": 1,
    "spec_revisions": "InitialCommit-28977-g3727d27",
    "spells_revision": "3727d27cb1189c2dffa859c586de4b14bf054cbd",
    "com_parameters": {
        "space_translation": [
            -0.00225012073,
            2.66257105e-05,
            -0.00132902065
        ],
        "boost_velocity": [
            -1.43233181e-06,
            3.97157832e-06,
            8.74670296e-07
        ]
    },
    "initial_mass_ratio": 1.999999993598594
}