{
    "simulation_name": "0005/Lev3",
    "alternative_names": [
        "PRIVATE:BBH:0709",
        "SXS:BBH:0638"
    ],
    "initial_data_type": "BBH_SKS",
    "object_types": "BHBH",
    "number_of_orbits": 18.7355737715,
    "reference_mass_ratio": 1.000080228073516,
    "reference_chi_eff": 0.00222725385552187,
    "reference_chi1_perp": 0.7998157982595294,
    "reference_chi2_perp": 1.7850044205924074e-06,
    "reference_eccentricity": 0.0005645,
    "reference_dimensionless_spin1": [
        -0.769249737953,
        -0.217269729824,
        0.0278194700149
    ],
    "reference_dimensionless_spin2": [
        -4.66702427503e-07,
        8.72164212275e-07,
        -7.50201963122e-06
    ],
    "reference_orbital_frequency": [
        -3.12827465876e-05,
        0.00181101697752,
        0.0158352155963
    ],
    "reference_mass1": 0.500038209839,
    "reference_mass2": 0.499998095955,
    "reference_time": 640.0,
    "reference_position1": [
        -6.62507716765,
        -4.11411258664,
        0.479308370744
    ],
    "reference_position2": [
        6.61553327593,
        4.10857181995,
        -0.434933580176
    ],
    "reference_mean_anomaly": 2.189704,
    "keywords": [],
    "point_of_contact_email": "sfield@astro.cornell.edu",
    "authors_emails": [],
    "simulation_bibtex_keys": [
        "Blackman:2017pcm",
        "Boyle:2019kee",
        "SXSCatalogWebsite"
    ],
    "code_bibtex_keys": [
        "Ossokine:2013zga",
        "Hemberger:2012jz",
        "Szilagyi:2009qz",
        "Boyle:2009vi",
        "Scheel:2008rj",
        "Boyle:2007ft",
        "Scheel:2006gg",
        "Lindblom:2005qh",
        "Pfeiffer:2002wt",
        "SpECwebsite"
    ],
    "initial_data_bibtex_keys": [
        "Buchman:2012dw",
        "Lovelace:2008tw",
        "Pfeiffer:2007yz",
        "Caudill:2006hw",
        "Cook:2004kt"
    ],
    "quasicircular_bibtex_keys": [
        "Mroue:2012kv",
        "Buonanno:2010yk",
        "Mroue:2010re",
        "Boyle:2007ft"
    ],
    "initial_separation": 15.4167480469,
    "initial_orbital_frequency": 0.014971403053,
    "initial_adot": -9.13665152784e-05,
    "object1": "bh",
    "object2": "bh",
    "initial_ADM_energy": 0.9928254732768004,
    "initial_ADM_linear_momentum": [
        -1.0047438e-09,
        2.1706767e-09,
        -3.04983e-10
    ],
    "initial_ADM_angular_momentum": [
        -0.193363304117188,
        0.0661301971105387,
        1.1147785219577895
    ],
    "initial_mass1": 0.5000000023067788,
    "initial_mass2": 0.4999999964335479,
    "initial_dimensionless_spin1": [
        -0.767524195802,
        0.225614461387,
        0.00159229877774
    ],
    "initial_dimensionless_spin2": [
        6.07415526001e-08,
        -7.23991266e-08,
        -1.68783787e-07
    ],
    "initial_position1": [
        7.709092265500247,
        0.0029156790331436,
        -0.0217025555418159
    ],
    "initial_position2": [
        -7.707655781399754,
        0.0029156790331436,
        -0.0217025555418159
    ],
    "relaxation_time": 640.0,
    "common_horizon_time": 5077.9136087,
    "remnant_mass": 0.949211215402,
    "remnant_dimensionless_spin": [
        -0.109222697646,
        0.0489448457732,
        0.696349956681
    ],
    "remnant_velocity": [
        0.000655802208907,
        0.000229365208731,
        -0.00461496426874
    ],
    "metadata_version": 1,
    "spec_revisions": "InitialCommit-29628-g2cce9e5",
    "spells_revision": "2cce9e5c03773621b7d160cd7247fc453684f921",
    "com_parameters": {
        "space_translation": [
            0.00033931,
            -0.00024519,
            0.00014286
        ],
        "boost_velocity": [
            9.68933595e-08,
            -1.71617337e-06,
            -9.85367937e-07
        ]
    },
    "initial_mass_ratio": 1.0000000117464618
}