{
    "simulation_name": "BBH_SKS_d17.1_q1_sA_0_0_0.500_sB_0_0_-0.900/Lev5",
    "alternative_names": [
        "PRIVATE:BBH:0047",
        "SXS:BBH:0226"
    ],
    "initial_data_type": "BBH_SKS",
    "object_types": "BHBH",
    "number_of_orbits": 22.8967199681,
    "reference_mass_ratio": 0.9998331700611472,
    "reference_chi_eff": -0.19990650784692565,
    "reference_chi1_perp": 6.101947481222288e-09,
    "reference_chi2_perp": 4.2549730505396204e-08,
    "reference_eccentricity": 0.0002809,
    "reference_dimensionless_spin1": [
        4.0056547153e-11,
        8.12092399734e-10,
        0.500006785023
    ],
    "reference_dimensionless_spin2": [
        -2.05421612313e-08,
        2.25955982076e-08,
        -0.899703034225
    ],
    "reference_orbital_frequency": [
        -1.12788266266e-10,
        1.39146016653e-10,
        0.0134002386249
    ],
    "reference_mass1": 0.499999011957,
    "reference_mass2": 0.50008244068,
    "reference_time": 300.0,
    "reference_position1": [
        -5.52805616333,
        -6.76430674272,
        -1.51347816375e-06
    ],
    "reference_position2": [
        5.99149703269,
        6.4497624055,
        -1.55373227173e-06
    ],
    "reference_mean_anomaly": 5.401301,
    "keywords": [],
    "point_of_contact_email": "tonyc@cita.utoronto.ca",
    "authors_emails": [],
    "simulation_bibtex_keys": [
        "Chu:2015kft",
        "Boyle:2019kee",
        "SXSCatalogWebsite"
    ],
    "code_bibtex_keys": [
        "Ossokine:2013zga",
        "Hemberger:2012jz",
        "Szilagyi:2009qz",
        "Boyle:2009vi",
        "Scheel:2008rj",
        "Boyle:2007ft",
        "Scheel:2006gg",
        "Lindblom:2005qh",
        "Pfeiffer:2002wt",
        "SpECwebsite"
    ],
    "initial_data_bibtex_keys": [
        "Buchman:2012dw",
        "Lovelace:2008tw",
        "Pfeiffer:2007yz",
        "Caudill:2006hw",
        "Cook:2004kt"
    ],
    "quasicircular_bibtex_keys": [
        "Mroue:2012kv",
        "Buonanno:2010yk",
        "Mroue:2010re",
        "Boyle:2007ft"
    ],
    "initial_separation": 17.1,
    "initial_orbital_frequency": 0.0127197345958,
    "initial_adot": -0.000163230698481,
    "object1": "bh",
    "object2": "bh",
    "initial_ADM_energy": 0.9935357679604886,
    "initial_ADM_linear_momentum": [
        -4.1668031e-09,
        -5.52622601e-08,
        -1.673454e-09
    ],
    "initial_ADM_angular_momentum": [
        -6.70625041e-08,
        -4.848646646e-07,
        1.067366606190618
    ],
    "initial_mass1": 0.499999997074533,
    "initial_mass2": 0.500000006005882,
    "initial_dimensionless_spin1": [
        4.97599999999e-13,
        3.05e-14,
        0.499999988819
    ],
    "initial_dimensionless_spin2": [
        -1.89e-13,
        -3.774e-13,
        -0.900000007855
    ],
    "initial_position1": [
        8.704227266511397,
        -0.1838262264146255,
        0.0
    ],
    "initial_position2": [
        -8.395772733488604,
        -0.1838262264146255,
        0.0
    ],
    "relaxation_time": 300.0,
    "common_horizon_time": 7209.22825345,
    "remnant_mass": 0.956236544718,
    "remnant_dimensionless_spin": [
        -7.40711150119e-09,
        1.08523642043e-08,
        0.622857568162
    ],
    "remnant_velocity": [
        -4.29724681485e-05,
        0.00111043560202,
        -4.95553174168e-09
    ],
    "metadata_version": 1,
    "spec_revisions": [
        "InitialCommit-23918-gd9c410e",
        "InitialCommit-23998-g09003e6"
    ],
    "spells_revision": "InitialCommit-22529-g5f7bd68",
    "com_parameters": {
        "space_translation": [
            0.192355168,
            -0.174623606,
            5.87272622e-09
        ],
        "boost_velocity": [
            -8.52334547e-07,
            -1.17246494e-06,
            -6.38081379e-09
        ]
    },
    "initial_mass_ratio": 0.9999999821373022
}