{
    "simulation_name": "BBH_CFMS_d11.4_q9_sA_0_0_0_sB_0_0_0/Lev5",
    "alternative_names": [
        "PRIVATE:BBH:0160",
        "SXS:BBH:0301"
    ],
    "initial_data_type": "BBH_CFMS",
    "object_types": "BHBH",
    "number_of_orbits": 18.9273639792,
    "reference_mass_ratio": 8.99995135238133,
    "reference_chi_eff": 8.730519152491046e-07,
    "reference_chi1_perp": 1.0648304832143787e-08,
    "reference_chi2_perp": 1.93767677934296e-10,
    "reference_eccentricity": "<5.7e-05",
    "reference_dimensionless_spin1": [
        -1.06306963395e-08,
        -6.12123236292e-10,
        8.87386321041e-07
    ],
    "reference_dimensionless_spin2": [
        -1.75944951698e-10,
        -8.11733625985e-11,
        7.44042960438e-07
    ],
    "reference_orbital_frequency": [
        -7.46101681257e-12,
        4.94992264471e-11,
        0.0233799826724
    ],
    "reference_mass1": 0.900000709934,
    "reference_mass2": 0.100000619414,
    "reference_time": 230.0,
    "reference_position1": [
        0.646085417442,
        -0.94518823204,
        2.07062214489e-09
    ],
    "reference_position2": [
        -5.90227792249,
        8.25769678384,
        -1.95030952274e-08
    ],
    "reference_mean_anomaly": 4.305888,
    "keywords": [],
    "point_of_contact_email": "tonyc@cita.utoronto.ca",
    "authors_emails": [],
    "simulation_bibtex_keys": [
        "Chu:2015kft",
        "Boyle:2019kee",
        "SXSCatalogWebsite"
    ],
    "code_bibtex_keys": [
        "Ossokine:2013zga",
        "Hemberger:2012jz",
        "Szilagyi:2009qz",
        "Boyle:2009vi",
        "Scheel:2008rj",
        "Boyle:2007ft",
        "Scheel:2006gg",
        "Lindblom:2005qh",
        "Pfeiffer:2002wt",
        "SpECwebsite"
    ],
    "initial_data_bibtex_keys": [
        "Buchman:2012dw",
        "Lovelace:2008tw",
        "Pfeiffer:2007yz",
        "Caudill:2006hw",
        "Cook:2004kt"
    ],
    "quasicircular_bibtex_keys": [
        "Mroue:2012kv",
        "Buonanno:2010yk",
        "Mroue:2010re",
        "Boyle:2007ft"
    ],
    "initial_separation": 11.4,
    "initial_orbital_frequency": 0.023252572318,
    "initial_adot": -5.09680528558e-05,
    "object1": "bh",
    "object2": "bh",
    "initial_ADM_energy": 0.9967142149584871,
    "initial_ADM_linear_momentum": [
        -2.5541442e-09,
        5.7168596e-09,
        -2.9169547e-09
    ],
    "initial_ADM_angular_momentum": [
        -3.114102536e-07,
        -5.437033205e-07,
        0.3632518876839605
    ],
    "initial_mass1": 0.900000000030348,
    "initial_mass2": 0.0999999999703412,
    "initial_dimensionless_spin1": [
        -8.783574e-09,
        3.335497e-10,
        2.21488837e-08
    ],
    "initial_dimensionless_spin2": [
        -7.21746e-11,
        1.55442e-11,
        -1.921429e-10
    ],
    "initial_position1": [
        1.132142772299493,
        0.0147460315260269,
        0.0
    ],
    "initial_position2": [
        -10.267857227700507,
        0.0147460315260269,
        0.0
    ],
    "relaxation_time": 230.0,
    "common_horizon_time": 3689.06844779,
    "remnant_mass": 0.990736982246,
    "remnant_dimensionless_spin": [
        -1.92475963008e-08,
        2.34228844678e-08,
        0.281861172745
    ],
    "remnant_velocity": [
        -0.000171131618021,
        -0.000180496722561,
        7.31575330253e-09
    ],
    "metadata_version": 1,
    "spec_revisions": [
        "InitialCommit-22272-g66cd00a",
        "InitialCommit-24016-gac5079e"
    ],
    "spells_revision": "InitialCommit-21916-g19475f2",
    "com_parameters": {
        "space_translation": [
            -0.0169038053,
            0.00374069907,
            3.89687901e-09
        ],
        "boost_velocity": [
            2.21831043e-06,
            -2.34650193e-06,
            -3.65943306e-12
        ]
    },
    "initial_mass_ratio": 9.000000002972772
}