{
    "simulation_name": "NonPrecessing/Lev3",
    "alternative_names": "SXS:BBH:0317",
    "initial_data_type": "BBH_SKS",
    "object_types": "BHBH",
    "number_of_orbits": 46.8958560059,
    "reference_mass_ratio": 3.3270666070720694,
    "reference_chi_eff": 0.2982555533138586,
    "reference_chi1_perp": 1.2236117003936456e-07,
    "reference_chi2_perp": 4.6294636202364417e-07,
    "reference_eccentricity": 0.000809,
    "reference_dimensionless_spin1": [
        2.65062604317e-07,
        -1.79094978377e-07,
        0.522629038036
    ],
    "reference_dimensionless_spin2": [
        1.32195478606e-07,
        2.51400275163e-07,
        -0.448249975218
    ],
    "reference_orbital_frequency": [
        7.63915514464e-09,
        -1.90397501917e-09,
        0.0115981907759
    ],
    "reference_mass1": 0.768897228443,
    "reference_mass2": 0.231103647522,
    "reference_time": 640.0,
    "reference_position1": [
        1.94097735423,
        3.8536799216,
        -7.6029921374e-05
    ],
    "reference_position2": [
        -6.61025098575,
        -13.120421419,
        -7.31841417452e-05
    ],
    "reference_mean_anomaly": 3.526936,
    "keywords": [],
    "point_of_contact_email": "serguei.ossokine@aei.mpg.de",
    "authors_emails": [],
    "simulation_bibtex_keys": [
        "Abbott:2016nmj",
        "Boyle:2019kee",
        "SXSCatalogWebsite"
    ],
    "code_bibtex_keys": [
        "Ossokine:2013zga",
        "Hemberger:2012jz",
        "Szilagyi:2009qz",
        "Boyle:2009vi",
        "Scheel:2008rj",
        "Boyle:2007ft",
        "Scheel:2006gg",
        "Lindblom:2005qh",
        "Pfeiffer:2002wt",
        "SpECwebsite"
    ],
    "initial_data_bibtex_keys": [
        "Buchman:2012dw",
        "Lovelace:2008tw",
        "Pfeiffer:2007yz",
        "Caudill:2006hw",
        "Cook:2004kt"
    ],
    "quasicircular_bibtex_keys": [
        "Mroue:2012kv",
        "Buonanno:2010yk",
        "Mroue:2010re",
        "Boyle:2007ft"
    ],
    "initial_separation": 18.7482299805,
    "initial_orbital_frequency": 0.011366139153,
    "initial_adot": -1.46945975678e-05,
    "object1": "bh",
    "object2": "bh",
    "initial_ADM_energy": 0.9956651806810696,
    "initial_ADM_linear_momentum": [
        -3.9439501e-09,
        5.31251917e-08,
        -3.873477e-10
    ],
    "initial_ADM_angular_momentum": [
        -5.86464e-11,
        -1.771553e-10,
        1.1313856493556056
    ],
    "initial_mass1": 0.7688835747751933,
    "initial_mass2": 0.2311161751593711,
    "initial_dimensionless_spin1": [
        -2.1664e-12,
        -2.219e-13,
        0.522672727799
    ],
    "initial_dimensionless_spin2": [
        2.598e-13,
        -3.931e-13,
        -0.44825692404
    ],
    "initial_position1": [
        4.2852509662696505,
        -0.0152785770105971,
        0.0
    ],
    "initial_position2": [
        -14.46297901423035,
        -0.0152785770105971,
        0.0
    ],
    "relaxation_time": 640.0,
    "common_horizon_time": 16572.5485215,
    "remnant_mass": 0.964219441542,
    "remnant_dimensionless_spin": [
        5.41627984513e-07,
        -2.15023016835e-07,
        0.746182715979
    ],
    "remnant_velocity": [
        -0.000165024451822,
        -0.000167872985967,
        -4.46502806468e-07
    ],
    "metadata_version": 1,
    "spec_revisions": "InitialCommit-28378-g6b98228",
    "spells_revision": "6b98228c6f6ed0e3d50c10a36a955a67c59ddd43",
    "com_parameters": {
        "space_translation": [
            -0.04977651,
            -0.03798738,
            0.00027075
        ],
        "boost_velocity": [
            -2.19208193e-06,
            1.09600632e-05,
            -4.26769217e-07
        ]
    },
    "initial_mass_ratio": 3.3268271865653416
}