{
    "simulation_name": "BBH_SKS_d16.5_q1_sA_0_0_-0.800_sB_0_0_0.800/Lev5",
    "alternative_names": [
        "PRIVATE:BBH:0093",
        "SXS:BBH:0213"
    ],
    "initial_data_type": "BBH_SKS",
    "object_types": "BHBH",
    "number_of_orbits": 22.3030090972,
    "reference_mass_ratio": 1.0000037326256006,
    "reference_chi_eff": 2.538243039567813e-05,
    "reference_chi1_perp": 1.1866589611660846e-08,
    "reference_chi2_perp": 1.1436161398432973e-08,
    "reference_eccentricity": 0.0001435,
    "reference_dimensionless_spin1": [
        1.24247125046e-08,
        -9.77377267791e-09,
        -0.79984246617
    ],
    "reference_dimensionless_spin2": [
        -8.71236062391e-09,
        1.23135174191e-08,
        0.799896216638
    ],
    "reference_orbital_frequency": [
        -5.78128068765e-11,
        4.09046065892e-11,
        0.0143462528198
    ],
    "reference_mass1": 0.500030853977,
    "reference_mass2": 0.500028987556,
    "reference_time": 640.0,
    "reference_position1": [
        -7.72436258452,
        3.46228443462,
        6.13109506339e-07
    ],
    "reference_position2": [
        7.71028922909,
        -3.00721129708,
        6.93754448037e-07
    ],
    "reference_mean_anomaly": 3.627195,
    "keywords": [],
    "point_of_contact_email": "tonyc@cita.utoronto.ca",
    "authors_emails": [],
    "simulation_bibtex_keys": [
        "Chu:2015kft",
        "Boyle:2019kee",
        "SXSCatalogWebsite"
    ],
    "code_bibtex_keys": [
        "Ossokine:2013zga",
        "Hemberger:2012jz",
        "Szilagyi:2009qz",
        "Boyle:2009vi",
        "Scheel:2008rj",
        "Boyle:2007ft",
        "Scheel:2006gg",
        "Lindblom:2005qh",
        "Pfeiffer:2002wt",
        "SpECwebsite"
    ],
    "initial_data_bibtex_keys": [
        "Buchman:2012dw",
        "Lovelace:2008tw",
        "Pfeiffer:2007yz",
        "Caudill:2006hw",
        "Cook:2004kt"
    ],
    "quasicircular_bibtex_keys": [
        "Mroue:2012kv",
        "Buonanno:2010yk",
        "Mroue:2010re",
        "Boyle:2007ft"
    ],
    "initial_separation": 16.5,
    "initial_orbital_frequency": 0.0132920857192,
    "initial_adot": 2.2274000839e-05,
    "object1": "bh",
    "object2": "bh",
    "initial_ADM_energy": 0.9932745632648998,
    "initial_ADM_linear_momentum": [
        -8.6675737e-09,
        -3.80702357e-08,
        2.438882e-10
    ],
    "initial_ADM_angular_momentum": [
        6.88376e-09,
        7.7120448e-08,
        1.143564937508253
    ],
    "initial_mass1": 0.500000000292473,
    "initial_mass2": 0.49999999967363,
    "initial_dimensionless_spin1": [
        -2.529e-13,
        -1.763e-13,
        -0.800000002228
    ],
    "initial_dimensionless_spin2": [
        -4.82799999998e-13,
        -6.73299999999e-13,
        0.799999997776
    ],
    "initial_position1": [
        8.317373838188159,
        0.1956532875549819,
        0.0
    ],
    "initial_position2": [
        -8.182626161811841,
        0.1956532875549819,
        0.0
    ],
    "relaxation_time": 640.0,
    "common_horizon_time": 6611.52586102,
    "remnant_mass": 0.95115120339,
    "remnant_dimensionless_spin": [
        -2.16697731234e-09,
        2.11765302898e-09,
        0.684135542002
    ],
    "remnant_velocity": [
        0.00070133162883,
        0.000994488665379,
        3.00432061445e-09
    ],
    "metadata_version": 1,
    "spec_revisions": "InitialCommit-23245-gfd35c55",
    "spells_revision": "InitialCommit-22529-g5f7bd68",
    "com_parameters": {
        "space_translation": [
            0.0175572169,
            0.190372162,
            -8.0649708e-07
        ],
        "boost_velocity": [
            1.09531955e-06,
            9.37481166e-07,
            1.67928611e-09
        ]
    },
    "initial_mass_ratio": 1.0000000012376862
}