{
    "simulation_name": "BBH_SKS_d15.9_q3_sA_0_0_-0.600_sB_0_0_0.400/Lev5",
    "alternative_names": [
        "PRIVATE:BBH:0085",
        "SXS:BBH:0266"
    ],
    "initial_data_type": "BBH_SKS",
    "object_types": "BHBH",
    "number_of_orbits": 22.0235292325,
    "reference_mass_ratio": 2.9999778390595275,
    "reference_chi_eff": -0.3499976614414631,
    "reference_chi1_perp": 2.4974330841939078e-08,
    "reference_chi2_perp": 4.2935171035742274e-08,
    "reference_eccentricity": 0.0001705,
    "reference_dimensionless_spin1": [
        2.49970513039e-08,
        2.10119011547e-08,
        -0.599972302918
    ],
    "reference_dimensionless_spin2": [
        2.72373816668e-09,
        3.45809481847e-08,
        0.399920723315
    ],
    "reference_orbital_frequency": [
        -3.96287304307e-11,
        -3.04534116541e-10,
        0.0148765041018
    ],
    "reference_mass1": 0.750002430751,
    "reference_mass2": 0.250002657015,
    "reference_time": 320.0,
    "reference_position1": [
        0.0210142794659,
        -4.01624497692,
        -3.04877774741e-06
    ],
    "reference_position2": [
        -0.342392951438,
        12.2464356139,
        -2.71683553402e-06
    ],
    "reference_mean_anomaly": 0.013602,
    "keywords": [],
    "point_of_contact_email": "tonyc@cita.utoronto.ca",
    "authors_emails": [],
    "simulation_bibtex_keys": [
        "Chu:2015kft",
        "Boyle:2019kee",
        "SXSCatalogWebsite"
    ],
    "code_bibtex_keys": [
        "Ossokine:2013zga",
        "Hemberger:2012jz",
        "Szilagyi:2009qz",
        "Boyle:2009vi",
        "Scheel:2008rj",
        "Boyle:2007ft",
        "Scheel:2006gg",
        "Lindblom:2005qh",
        "Pfeiffer:2002wt",
        "SpECwebsite"
    ],
    "initial_data_bibtex_keys": [
        "Buchman:2012dw",
        "Lovelace:2008tw",
        "Pfeiffer:2007yz",
        "Caudill:2006hw",
        "Cook:2004kt"
    ],
    "quasicircular_bibtex_keys": [
        "Mroue:2012kv",
        "Buonanno:2010yk",
        "Mroue:2010re",
        "Boyle:2007ft"
    ],
    "initial_separation": 15.9,
    "initial_orbital_frequency": 0.0144786437451,
    "initial_adot": 3.36197924349e-05,
    "object1": "bh",
    "object2": "bh",
    "initial_ADM_energy": 0.9948284338618828,
    "initial_ADM_linear_momentum": [
        -8.84330595e-08,
        1.005635706e-07,
        -2.418305153e-07
    ],
    "initial_ADM_angular_momentum": [
        -1.05208714695e-05,
        -7.14485983411e-05,
        0.5474547362948711
    ],
    "initial_mass1": 0.749999994437084,
    "initial_mass2": 0.250000003549334,
    "initial_dimensionless_spin1": [
        4.51759999999e-12,
        -3.0442e-12,
        -0.599999987278
    ],
    "initial_dimensionless_spin2": [
        -1.034e-13,
        7.78e-14,
        0.400000039479
    ],
    "initial_position1": [
        3.969738820904029,
        0.0883162933214205,
        0.0
    ],
    "initial_position2": [
        -11.930261179095972,
        0.0883162933214205,
        0.0
    ],
    "relaxation_time": 320.0,
    "common_horizon_time": 6494.51865315,
    "remnant_mass": 0.977427812962,
    "remnant_dimensionless_spin": [
        2.99457369358e-09,
        -4.37682203467e-09,
        0.28435493428
    ],
    "remnant_velocity": [
        -9.44533390573e-05,
        -0.000955315136114,
        -1.81105543657e-08
    ],
    "metadata_version": 1,
    "spec_revisions": "InitialCommit-23860-gd8f0b1e",
    "spells_revision": "InitialCommit-22529-g5f7bd68",
    "com_parameters": {
        "space_translation": [
            -0.0447312228,
            0.0456835754,
            2.56609814e-06
        ],
        "boost_velocity": [
            1.2002418e-05,
            5.90301994e-06,
            -1.72821406e-08
        ]
    },
    "initial_mass_ratio": 2.999999935156329
}