{
    "simulation_name": "BBH_SKS_d14.3_q1.27_sA_0_0_0.320_sB_0_0_-0.560/Lev3",
    "alternative_names": [
        "PRIVATE:BBH:0528",
        "SXS:BBH:0315"
    ],
    "initial_data_type": "BBH_SKS",
    "object_types": "BHBH",
    "number_of_orbits": 14.9206401885,
    "reference_mass_ratio": 1.2718145442646138,
    "reference_chi_eff": -0.0673561325687746,
    "reference_chi1_perp": 2.355664125137904e-08,
    "reference_chi2_perp": 6.275325281012322e-08,
    "reference_eccentricity": 0.0004605,
    "reference_dimensionless_spin1": [
        -5.52783429404e-09,
        2.35928074314e-08,
        0.320013016037
    ],
    "reference_dimensionless_spin2": [
        -8.9957207754e-09,
        -5.69221586002e-08,
        -0.560017849765
    ],
    "reference_orbital_frequency": [
        -6.65725439965e-10,
        4.8489852957e-11,
        0.0182633597238
    ],
    "reference_mass1": 0.55981637031,
    "reference_mass2": 0.440171385706,
    "reference_time": 640.0,
    "reference_position1": [
        1.95706149363,
        -6.01880173243,
        -2.64813052264e-06
    ],
    "reference_position2": [
        -2.45115859369,
        7.5936086954,
        -2.84495783653e-06
    ],
    "reference_mean_anomaly": 5.636972,
    "keywords": [],
    "point_of_contact_email": "glovelace@fullerton.edu",
    "authors_emails": [],
    "simulation_bibtex_keys": [
        "Abbott:2016apu",
        "Boyle:2019kee",
        "SXSCatalogWebsite"
    ],
    "code_bibtex_keys": [
        "Ossokine:2013zga",
        "Hemberger:2012jz",
        "Szilagyi:2009qz",
        "Boyle:2009vi",
        "Scheel:2008rj",
        "Boyle:2007ft",
        "Scheel:2006gg",
        "Lindblom:2005qh",
        "Pfeiffer:2002wt",
        "SpECwebsite"
    ],
    "initial_data_bibtex_keys": [
        "Buchman:2012dw",
        "Lovelace:2008tw",
        "Pfeiffer:2007yz",
        "Caudill:2006hw",
        "Cook:2004kt"
    ],
    "quasicircular_bibtex_keys": [
        "Mroue:2012kv",
        "Buonanno:2010yk",
        "Mroue:2010re",
        "Boyle:2007ft"
    ],
    "initial_separation": 14.2600708008,
    "initial_orbital_frequency": 0.016924267329,
    "initial_adot": -9.21417392451e-05,
    "object1": "bh",
    "object2": "bh",
    "initial_ADM_energy": 0.9924088895145382,
    "initial_ADM_linear_momentum": [
        -3.96325e-11,
        2.455279e-10,
        -3.02e-14
    ],
    "initial_ADM_angular_momentum": [
        -1.218e-12,
        2.7852e-12,
        1.0617302318073365
    ],
    "initial_mass1": 0.5598290657100364,
    "initial_mass2": 0.440170943369031,
    "initial_dimensionless_spin1": [
        -3.0274e-12,
        7.13049999999e-12,
        0.320000003087
    ],
    "initial_dimensionless_spin2": [
        -6.54599999998e-13,
        2.381e-13,
        -0.560000003183
    ],
    "initial_position1": [
        6.276891994480577,
        -0.0410941302992688,
        0.0
    ],
    "initial_position2": [
        -7.9831788063194224,
        -0.0410941302992688,
        0.0
    ],
    "relaxation_time": 640.0,
    "common_horizon_time": 3635.30364464,
    "remnant_mass": 0.953428173569,
    "remnant_dimensionless_spin": [
        -2.57747572345e-08,
        1.1464149518e-09,
        0.679660425548
    ],
    "remnant_velocity": [
        -0.000394045000358,
        0.000298618893517,
        -4.40212509101e-09
    ],
    "metadata_version": 1,
    "spec_revisions": "InitialCommit-29089-g8b04a13",
    "spells_revision": "8b04a13a5f37970ac7f06dcc5dbbd046e8370016",
    "com_parameters": {
        "space_translation": [
            0.0177941735,
            -0.0466407322,
            4.20051712e-07
        ],
        "boost_velocity": [
            3.41431522e-06,
            -9.65077092e-06,
            -5.18952087e-09
        ]
    },
    "initial_mass_ratio": 1.2718446643141692
}