{
    "simulation_name": "BBH_CFMS_d17.1_q7_sA_0_0_-0.400_sB_0_0_0/Lev3",
    "alternative_names": [
        "PRIVATE:BBH:0004",
        "SXS:BBH:0205"
    ],
    "initial_data_type": "BBH_CFMS",
    "object_types": "BHBH",
    "number_of_orbits": 44.887104,
    "reference_mass_ratio": 7.001091748004365,
    "reference_chi_eff": -0.34988542305493275,
    "reference_chi1_perp": 2.6564901421941338e-08,
    "reference_chi2_perp": 3.0621341749233404e-08,
    "reference_eccentricity": 6.72e-05,
    "reference_dimensionless_spin1": [
        1.27306749279e-08,
        1.60278661407e-08,
        -0.39986107182
    ],
    "reference_dimensionless_spin2": [
        6.46555110981e-09,
        2.99310285668e-08,
        -1.32088465666e-06
    ],
    "reference_orbital_frequency": [
        4.51462212836e-10,
        -6.42543303801e-10,
        0.0132531362027
    ],
    "reference_mass1": 0.875145353054,
    "reference_mass2": 0.125001269024,
    "reference_time": 610.0,
    "reference_position1": [
        -0.434672806018,
        2.12401256933,
        -3.24856263948e-06
    ],
    "reference_position2": [
        3.11688782071,
        -14.8838848159,
        -4.19412796112e-06
    ],
    "reference_mean_anomaly": 1.180747,
    "keywords": [],
    "point_of_contact_email": "kbarkett@caltech.edu",
    "authors_emails": [],
    "simulation_bibtex_keys": [
        "SXSCatalog",
        "Kumar:2015tha"
    ],
    "code_bibtex_keys": [
        "Ossokine:2013zga",
        "Hemberger:2012jz",
        "Szilagyi:2009qz",
        "Boyle:2009vi",
        "Scheel:2008rj",
        "Boyle:2007ft",
        "Scheel:2006gg",
        "Lindblom:2005qh",
        "Pfeiffer:2002wt",
        "SpECwebsite"
    ],
    "initial_data_bibtex_keys": [
        "Buchman:2012dw",
        "Lovelace:2008tw",
        "Pfeiffer:2007yz",
        "Caudill:2006hw",
        "Cook:2004kt"
    ],
    "quasicircular_bibtex_keys": [
        "Mroue:2012kv",
        "Buonanno:2010yk",
        "Mroue:2010re",
        "Boyle:2007ft"
    ],
    "initial_separation": 17.1036,
    "initial_orbital_frequency": 0.01318125,
    "initial_adot": -1.476e-05,
    "object1": "bh",
    "object2": "bh",
    "initial_ADM_energy": 0.9973410028292163,
    "initial_ADM_linear_momentum": [
        -1.47350829e-08,
        -2.11179037e-08,
        5.4311522e-09
    ],
    "initial_ADM_angular_momentum": [
        -1.6706080845e-06,
        -3.498259425e-07,
        0.2100464366572205
    ],
    "initial_mass1": 0.875000000024707,
    "initial_mass2": 0.12500000000662,
    "initial_dimensionless_spin1": [
        -2.1e-14,
        -2.90000000001e-15,
        -0.399999999984
    ],
    "initial_dimensionless_spin2": [
        3.302e-13,
        -2.8e-14,
        -9.55721000001e-11
    ],
    "initial_position1": [
        2.129073032181412,
        0.0149713992233839,
        0.0
    ],
    "initial_position2": [
        -14.974526967818587,
        0.0149713992233839,
        0.0
    ],
    "relaxation_time": 610.0,
    "common_horizon_time": 15020.979413,
    "remnant_mass": 0.990201785109,
    "remnant_dimensionless_spin": [
        6.33839858379e-09,
        8.78261825043e-09,
        0.0619513253405
    ],
    "remnant_velocity": [
        -0.000347691100549,
        -0.000143479592231,
        4.40095123693e-09
    ],
    "metadata_version": 1,
    "spec_revisions": "InitialCommit-22984-ga2e3e4d",
    "spells_revision": "a2e3e4d07afa0cb611bf48cdc304e4e699419e98",
    "com_parameters": {
        "space_translation": [
            -0.0442059519,
            -0.0169114192,
            -1.37131927e-05
        ],
        "boost_velocity": [
            9.88896329e-06,
            7.10076216e-06,
            -3.70339691e-09
        ]
    },
    "initial_mass_ratio": 6.999999999826936
}