{
    "simulation_name": "0298/Lev3",
    "alternative_names": [
        "PRIVATE:BBH:0516",
        "SXS:BBH:0599"
    ],
    "initial_data_type": "BBH_SKS",
    "object_types": "BHBH",
    "number_of_orbits": 19.6789423564,
    "reference_mass_ratio": 1.9998784941090149,
    "reference_chi_eff": 0.13326566729841235,
    "reference_chi1_perp": 4.748693664267599e-08,
    "reference_chi2_perp": 5.701037108741073e-08,
    "reference_eccentricity": 0.0005784,
    "reference_dimensionless_spin1": [
        -2.65740750231e-08,
        5.04570776828e-08,
        0.199855451192
    ],
    "reference_dimensionless_spin2": [
        -4.75161707197e-08,
        3.1504633631e-08,
        9.41905622539e-05
    ],
    "reference_orbital_frequency": [
        8.73186662778e-10,
        1.72221856106e-09,
        0.0164587832206
    ],
    "reference_mass1": 0.666606946034,
    "reference_mass2": 0.333323723415,
    "reference_time": 390.0,
    "reference_position1": [
        5.05044283875,
        0.28387173174,
        1.54224999211e-05
    ],
    "reference_position2": [
        -10.1377597055,
        -0.607532244209,
        1.63215535247e-05
    ],
    "reference_mean_anomaly": 5.251407,
    "keywords": [],
    "point_of_contact_email": "daniel.hemberger@gmail.com",
    "authors_emails": [],
    "simulation_bibtex_keys": [
        "Blackman:2017dfb",
        "Boyle:2019kee",
        "SXSCatalogWebsite"
    ],
    "code_bibtex_keys": [
        "Ossokine:2013zga",
        "Hemberger:2012jz",
        "Szilagyi:2009qz",
        "Boyle:2009vi",
        "Scheel:2008rj",
        "Boyle:2007ft",
        "Scheel:2006gg",
        "Lindblom:2005qh",
        "Pfeiffer:2002wt",
        "SpECwebsite"
    ],
    "initial_data_bibtex_keys": [
        "Buchman:2012dw",
        "Lovelace:2008tw",
        "Pfeiffer:2007yz",
        "Caudill:2006hw",
        "Cook:2004kt"
    ],
    "quasicircular_bibtex_keys": [
        "Mroue:2012kv",
        "Buonanno:2010yk",
        "Mroue:2010re",
        "Boyle:2007ft"
    ],
    "initial_separation": 14.8474121094,
    "initial_orbital_frequency": 0.0160373923247,
    "initial_adot": -8.7764552872e-06,
    "object1": "bh",
    "object2": "bh",
    "initial_ADM_energy": 0.9933474671053107,
    "initial_ADM_linear_momentum": [
        -1.7715091e-09,
        -2.8369468e-09,
        -3.155e-13
    ],
    "initial_ADM_angular_momentum": [
        -3.15123e-11,
        -4.657724e-10,
        1.0610283371960167
    ],
    "initial_mass1": 0.666666668165518,
    "initial_mass2": 0.33333333786361,
    "initial_dimensionless_spin1": [
        7.99999999999e-14,
        -1.647e-13,
        0.199999971533
    ],
    "initial_dimensionless_spin2": [
        -3.40639e-11,
        -8.416152e-10,
        -2.15483877e-07
    ],
    "initial_position1": [
        4.94965957481422,
        0.0209201245149951,
        -4.88388501e-08
    ],
    "initial_position2": [
        -9.89775253458578,
        0.0209201245149951,
        -4.88388501e-08
    ],
    "relaxation_time": 390.0,
    "common_horizon_time": 5072.59421422,
    "remnant_mass": 0.957256181834,
    "remnant_dimensionless_spin": [
        1.03181593891e-08,
        8.44828578967e-08,
        0.686624265098
    ],
    "remnant_velocity": [
        -0.000337687580655,
        8.52203246519e-05,
        1.11375822402e-07
    ],
    "metadata_version": 1,
    "spec_revisions": "InitialCommit-29089-g8b04a13",
    "spells_revision": "8b04a13a5f37970ac7f06dcc5dbbd046e8370016",
    "com_parameters": {
        "space_translation": [
            -0.000254724978,
            -0.00224441449,
            -2.12707376e-05
        ],
        "boost_velocity": [
            6.64084061e-06,
            2.14148126e-05,
            7.96920287e-08
        ]
    },
    "initial_mass_ratio": 1.9999999773148942
}