{
    "simulation_name": "BBH_SKS_d16.6_q2_sA_0_0_-0.871_sB_0_0_0.850/Lev5",
    "alternative_names": [
        "PRIVATE:BBH:0043",
        "SXS:BBH:0233"
    ],
    "initial_data_type": "BBH_SKS",
    "object_types": "BHBH",
    "number_of_orbits": 21.962011228,
    "reference_mass_ratio": 1.9997379888532913,
    "reference_chi_eff": -0.2975720749994229,
    "reference_chi1_perp": 1.5951510667627703e-07,
    "reference_chi2_perp": 5.514370498484666e-08,
    "reference_eccentricity": 9.61e-05,
    "reference_dimensionless_spin1": [
        3.55867079121e-08,
        5.48734699462e-08,
        -0.871278761122
    ],
    "reference_dimensionless_spin2": [
        6.5822951133e-08,
        -3.68484074795e-08,
        0.849690979699
    ],
    "reference_orbital_frequency": [
        2.01905170553e-09,
        -7.31181655004e-10,
        0.0142317753009
    ],
    "reference_mass1": 0.666710483167,
    "reference_mass2": 0.3333989187,
    "reference_time": 640.0,
    "reference_position1": [
        -5.05429417591,
        2.77083054782,
        9.65662908325e-06
    ],
    "reference_position2": [
        10.03224198,
        -4.66155003931,
        7.13446188094e-06
    ],
    "reference_mean_anomaly": 0.647731,
    "keywords": [],
    "point_of_contact_email": "tonyc@cita.utoronto.ca",
    "authors_emails": [],
    "simulation_bibtex_keys": [
        "Chu:2015kft",
        "Boyle:2019kee",
        "SXSCatalogWebsite"
    ],
    "code_bibtex_keys": [
        "Ossokine:2013zga",
        "Hemberger:2012jz",
        "Szilagyi:2009qz",
        "Boyle:2009vi",
        "Scheel:2008rj",
        "Boyle:2007ft",
        "Scheel:2006gg",
        "Lindblom:2005qh",
        "Pfeiffer:2002wt",
        "SpECwebsite"
    ],
    "initial_data_bibtex_keys": [
        "Buchman:2012dw",
        "Lovelace:2008tw",
        "Pfeiffer:2007yz",
        "Caudill:2006hw",
        "Cook:2004kt"
    ],
    "quasicircular_bibtex_keys": [
        "Mroue:2012kv",
        "Buonanno:2010yk",
        "Mroue:2010re",
        "Boyle:2007ft"
    ],
    "initial_separation": 16.6,
    "initial_orbital_frequency": 0.0130561286398,
    "initial_adot": 0.000150834474646,
    "object1": "bh",
    "object2": "bh",
    "initial_ADM_energy": 0.9941777867600382,
    "initial_ADM_linear_momentum": [
        9.27330026e-08,
        3.814222594e-07,
        -8.41113286e-08
    ],
    "initial_ADM_angular_momentum": [
        -3.378156831e-06,
        -2.58866725703e-05,
        0.7397950512899927
    ],
    "initial_mass1": 0.666666683390048,
    "initial_mass2": 0.333333316591865,
    "initial_dimensionless_spin1": [
        1.3001e-12,
        -1.0717e-12,
        -0.871346019829
    ],
    "initial_dimensionless_spin2": [
        -7.5e-15,
        1.175e-13,
        0.849999957912
    ],
    "initial_position1": [
        5.567921275637427,
        0.2646008259090273,
        0.0
    ],
    "initial_position2": [
        -11.032078724362574,
        0.2646008259090273,
        0.0
    ],
    "relaxation_time": 640.0,
    "common_horizon_time": 6779.52095123,
    "remnant_mass": 0.969345639159,
    "remnant_dimensionless_spin": [
        9.16033225564e-08,
        -3.14307912137e-08,
        0.389877236144
    ],
    "remnant_velocity": [
        -0.000232362902693,
        -0.00140822545097,
        2.07418540643e-08
    ],
    "metadata_version": 1,
    "spec_revisions": "InitialCommit-24212-gba7d0f6",
    "spells_revision": "InitialCommit-23906-g40010e4",
    "com_parameters": {
        "space_translation": [
            -0.0324252452,
            0.228175791,
            -3.29773315e-06
        ],
        "boost_velocity": [
            1.27014534e-05,
            1.23644472e-05,
            1.77711986e-08
        ]
    },
    "initial_mass_ratio": 2.0000001506189617
}