{
    "simulation_name": "BBH_SKS_d12.2_q9.99_sA_0_0_0_sB_0_0_0/Lev3",
    "alternative_names": [
        "PRIVATE:BBH:0130",
        "SXS:BBH:0185"
    ],
    "initial_data_type": "BBH_SKS",
    "object_types": "BHBH",
    "number_of_orbits": 24.9066623497,
    "reference_mass_ratio": 9.989508574413412,
    "reference_chi_eff": 1.034079482782446e-05,
    "reference_chi1_perp": 3.748851203717467e-08,
    "reference_chi2_perp": 1.328798861728897e-07,
    "reference_eccentricity": 0.0002928,
    "reference_dimensionless_spin1": [
        -2.55867731889e-08,
        2.73996214743e-08,
        1.2811356145e-05
    ],
    "reference_dimensionless_spin2": [
        -6.2137521252e-08,
        -1.17455775383e-07,
        -1.43388986515e-05
    ],
    "reference_orbital_frequency": [
        -1.28248215035e-09,
        -1.6996522444e-10,
        0.0214182623881
    ],
    "reference_mass1": 0.909021288352,
    "reference_mass2": 0.0909975982883,
    "reference_time": 350.0,
    "reference_position1": [
        0.440511060246,
        1.0460400207,
        3.87906840503e-06
    ],
    "reference_position2": [
        -4.35547219093,
        -10.5861038783,
        3.49958744088e-06
    ],
    "reference_mean_anomaly": 4.018315,
    "keywords": [],
    "point_of_contact_email": "jonathan.blackman.0@gmail.com",
    "authors_emails": [],
    "simulation_bibtex_keys": [
        "Blackman:2015pia",
        "Boyle:2019kee",
        "SXSCatalogWebsite"
    ],
    "code_bibtex_keys": [
        "Ossokine:2013zga",
        "Hemberger:2012jz",
        "Szilagyi:2009qz",
        "Boyle:2009vi",
        "Scheel:2008rj",
        "Boyle:2007ft",
        "Scheel:2006gg",
        "Lindblom:2005qh",
        "Pfeiffer:2002wt",
        "SpECwebsite"
    ],
    "initial_data_bibtex_keys": [
        "Buchman:2012dw",
        "Lovelace:2008tw",
        "Pfeiffer:2007yz",
        "Caudill:2006hw",
        "Cook:2004kt"
    ],
    "quasicircular_bibtex_keys": [
        "Mroue:2012kv",
        "Buonanno:2010yk",
        "Mroue:2010re",
        "Boyle:2007ft"
    ],
    "initial_separation": 12.2,
    "initial_orbital_frequency": 0.0211239,
    "initial_adot": 6.5281334e-05,
    "object1": "bh",
    "object2": "bh",
    "initial_ADM_energy": 0.997097069810319,
    "initial_ADM_linear_momentum": [
        -1.447903223e-07,
        7.712615599e-07,
        3.986015e-10
    ],
    "initial_ADM_angular_momentum": [
        -0.0061940564505561,
        -0.0343045382883765,
        0.7838516606384018
    ],
    "initial_mass1": 0.908994002205013,
    "initial_mass2": 0.0909984319501517,
    "initial_dimensionless_spin1": [
        -5.423952e-10,
        6.57615800001e-10,
        1.577757341e-07
    ],
    "initial_dimensionless_spin2": [
        1.10715e-11,
        3.824e-13,
        -9.63315282e-08
    ],
    "initial_position1": [
        1.1088541057048256,
        0.0268205985285677,
        0.0
    ],
    "initial_position2": [
        -11.091145894295174,
        0.0268205985285677,
        0.0
    ],
    "relaxation_time": 350.0,
    "common_horizon_time": 5290.60569874,
    "remnant_mass": 0.991749353904,
    "remnant_dimensionless_spin": [
        -3.15940077553e-08,
        1.40882146887e-08,
        0.260847097572
    ],
    "remnant_velocity": [
        -0.000164190356226,
        -0.00010263079868,
        3.21411700634e-08
    ],
    "metadata_version": 1,
    "spec_revisions": "InitialCommit-23887-gdb46f2d",
    "spells_revision": "db46f2d498b7248e14c5d4a7838d18074177a764",
    "com_parameters": {
        "space_translation": [
            -0.0116016394,
            -0.00522037017,
            -1.07724231e-05
        ],
        "boost_velocity": [
            1.79205123e-06,
            6.60569482e-06,
            2.1147415e-08
        ]
    },
    "initial_mass_ratio": 9.989117204821216
}