{
    "simulation_name": "0334/Lev3",
    "alternative_names": [
        "PRIVATE:BBH:1014",
        "SXS:BBH:0946"
    ],
    "initial_data_type": "BBH_SKS",
    "object_types": "BHBH",
    "number_of_orbits": 16.4385302283,
    "reference_mass_ratio": 1.999885188518103,
    "reference_chi_eff": -0.726714084204122,
    "reference_chi1_perp": 0.016778464992337542,
    "reference_chi2_perp": 0.5494332871274076,
    "reference_eccentricity": 0.0004379,
    "reference_dimensionless_spin1": [
        0.00327154633457,
        -0.0301740514727,
        -0.799185392062
    ],
    "reference_dimensionless_spin2": [
        -0.433722189782,
        -0.360132192615,
        -0.56710153575
    ],
    "reference_orbital_frequency": [
        -0.000200281602307,
        0.000880801688574,
        0.0154960645413
    ],
    "reference_mass1": 0.666713958214,
    "reference_mass2": 0.33337611681,
    "reference_time": 640.0,
    "reference_position1": [
        -5.10573406882,
        -1.58030329477,
        0.0158393527139
    ],
    "reference_position2": [
        10.1566716086,
        3.19639427917,
        -0.0584081584357
    ],
    "reference_mean_anomaly": 1.923072,
    "keywords": [],
    "point_of_contact_email": "daniel.hemberger@gmail.com",
    "authors_emails": [],
    "simulation_bibtex_keys": [
        "Blackman:2017pcm",
        "Boyle:2019kee",
        "SXSCatalogWebsite"
    ],
    "code_bibtex_keys": [
        "Ossokine:2013zga",
        "Hemberger:2012jz",
        "Szilagyi:2009qz",
        "Boyle:2009vi",
        "Scheel:2008rj",
        "Boyle:2007ft",
        "Scheel:2006gg",
        "Lindblom:2005qh",
        "Pfeiffer:2002wt",
        "SpECwebsite"
    ],
    "initial_data_bibtex_keys": [
        "Buchman:2012dw",
        "Lovelace:2008tw",
        "Pfeiffer:2007yz",
        "Caudill:2006hw",
        "Cook:2004kt"
    ],
    "quasicircular_bibtex_keys": [
        "Mroue:2012kv",
        "Buonanno:2010yk",
        "Mroue:2010re",
        "Boyle:2007ft"
    ],
    "initial_separation": 15.8322753906,
    "initial_orbital_frequency": 0.014318119131,
    "initial_adot": -0.0002651933841899,
    "object1": "bh",
    "object2": "bh",
    "initial_ADM_energy": 0.9939815127518524,
    "initial_ADM_linear_momentum": [
        -2.92990591e-08,
        -3.60313301e-08,
        3.6393188e-09
    ],
    "initial_ADM_angular_momentum": [
        -0.0626208214846272,
        0.0047122670076368,
        0.613238921816543
    ],
    "initial_mass1": 0.6666666865601193,
    "initial_mass2": 0.3333333916491044,
    "initial_dimensionless_spin1": [
        0.0022944479146,
        -0.0257863478869,
        -0.799580992082
    ],
    "initial_dimensionless_spin2": [
        -0.563318488463,
        0.0466896590658,
        -0.566119602051
    ],
    "initial_position1": [
        5.303769383452616,
        0.024539807305025,
        0.0092974409402777
    ],
    "initial_position2": [
        -10.528506007147383,
        0.024539807305025,
        0.0092974409402777
    ],
    "relaxation_time": 640.0,
    "common_horizon_time": 4832.53896562,
    "remnant_mass": 0.972819630217,
    "remnant_dimensionless_spin": [
        -0.025078294042,
        0.0100108192038,
        0.324621694798
    ],
    "remnant_velocity": [
        0.000375785678248,
        0.000983539621913,
        -0.00073800259813
    ],
    "metadata_version": 1,
    "spec_revisions": "InitialCommit-29628-g2cce9e5",
    "spells_revision": "2cce9e5c03773621b7d160cd7247fc453684f921",
    "com_parameters": {
        "space_translation": [
            -0.00550848,
            -0.00051384,
            -0.00060633
        ],
        "boost_velocity": [
            3.32124397e-06,
            -2.02871287e-05,
            2.58973271e-07
        ]
    },
    "initial_mass_ratio": 1.9999997097857822
}