{
    "simulation_name": "BBH_SKS_d15.4_q3_sA_0_0_0_sB_0_0_-0.600/Lev5",
    "alternative_names": [
        "PRIVATE:BBH:0071",
        "SXS:BBH:0275"
    ],
    "initial_data_type": "BBH_SKS",
    "object_types": "BHBH",
    "number_of_orbits": 22.5973937246,
    "reference_mass_ratio": 2.999872660508078,
    "reference_chi_eff": -0.14997688480358168,
    "reference_chi1_perp": 5.0786503683178805e-09,
    "reference_chi2_perp": 5.266150339104079e-08,
    "reference_eccentricity": 0.0001062,
    "reference_dimensionless_spin1": [
        -3.3376188101e-09,
        3.82700984582e-09,
        -2.97878523957e-05
    ],
    "reference_dimensionless_spin2": [
        2.35835535671e-09,
        3.616926284e-08,
        -0.59979908147
    ],
    "reference_orbital_frequency": [
        -5.65365928422e-11,
        4.31537080234e-10,
        0.0156947365078
    ],
    "reference_mass1": 0.750002560368,
    "reference_mass2": 0.250011465567,
    "reference_time": 500.0,
    "reference_position1": [
        0.449592872179,
        3.86083286803,
        -6.81143657185e-06
    ],
    "reference_position2": [
        -1.11933828425,
        -11.7418747937,
        -6.38808159021e-06
    ],
    "reference_mean_anomaly": 4.831663,
    "keywords": [],
    "point_of_contact_email": "tonyc@cita.utoronto.ca",
    "authors_emails": [],
    "simulation_bibtex_keys": [
        "Chu:2015kft",
        "Boyle:2019kee",
        "SXSCatalogWebsite"
    ],
    "code_bibtex_keys": [
        "Ossokine:2013zga",
        "Hemberger:2012jz",
        "Szilagyi:2009qz",
        "Boyle:2009vi",
        "Scheel:2008rj",
        "Boyle:2007ft",
        "Scheel:2006gg",
        "Lindblom:2005qh",
        "Pfeiffer:2002wt",
        "SpECwebsite"
    ],
    "initial_data_bibtex_keys": [
        "Buchman:2012dw",
        "Lovelace:2008tw",
        "Pfeiffer:2007yz",
        "Caudill:2006hw",
        "Cook:2004kt"
    ],
    "quasicircular_bibtex_keys": [
        "Mroue:2012kv",
        "Buonanno:2010yk",
        "Mroue:2010re",
        "Boyle:2007ft"
    ],
    "initial_separation": 15.4,
    "initial_orbital_frequency": 0.0151405630054,
    "initial_adot": -0.000115258141366,
    "object1": "bh",
    "object2": "bh",
    "initial_ADM_energy": 0.9946357600609536,
    "initial_ADM_linear_momentum": [
        6.753635928e-07,
        3.6935870162e-06,
        -1.883910375e-07
    ],
    "initial_ADM_angular_momentum": [
        -1.64646745964e-05,
        -7.30032139236e-05,
        0.8034200361045918
    ],
    "initial_mass1": 0.749999970618425,
    "initial_mass2": 0.249999983046357,
    "initial_dimensionless_spin1": [
        5.6543317e-09,
        1.4031131e-09,
        -3.11359057e-08
    ],
    "initial_dimensionless_spin2": [
        3.956e-13,
        2.02e-14,
        -0.599999383177
    ],
    "initial_position1": [
        3.8826916721535913,
        0.005280424213429,
        0.0
    ],
    "initial_position2": [
        -11.51730832784641,
        0.005280424213429,
        0.0
    ],
    "relaxation_time": 500.0,
    "common_horizon_time": 6259.807732,
    "remnant_mass": 0.97265856586,
    "remnant_dimensionless_spin": [
        -2.3223656641e-09,
        1.67197452387e-08,
        0.521343385042
    ],
    "remnant_velocity": [
        -7.15281318621e-05,
        0.000544875003104,
        -1.6687581703e-08
    ],
    "metadata_version": 1,
    "spec_revisions": "InitialCommit-23860-gd8f0b1e",
    "spells_revision": "InitialCommit-22529-g5f7bd68",
    "com_parameters": {
        "space_translation": [
            0.0252834296,
            -0.0319137871,
            1.48219921e-06
        ],
        "boost_velocity": [
            8.9691614e-06,
            1.53338647e-05,
            -1.58849701e-08
        ]
    },
    "initial_mass_ratio": 3.000000085917422
}