{
    "simulation_name": "0076/Lev3",
    "alternative_names": [
        "PRIVATE:BBH:0247",
        "SXS:BBH:0397"
    ],
    "initial_data_type": "BBH_SKS",
    "object_types": "BHBH",
    "number_of_orbits": 16.5632857437,
    "reference_mass_ratio": 1.5000164284347153,
    "reference_chi_eff": -0.6402306212003046,
    "reference_chi1_perp": 2.965345666610636e-07,
    "reference_chi2_perp": 1.1894596025264692e-08,
    "reference_eccentricity": 0.000327,
    "reference_dimensionless_spin1": [
        -8.89520871733e-08,
        -2.97783033363e-07,
        -0.800477735367
    ],
    "reference_dimensionless_spin2": [
        1.20808826478e-08,
        -4.66985241136e-09,
        -0.399857317341
    ],
    "reference_orbital_frequency": [
        -7.07981745922e-10,
        5.60648180542e-10,
        0.0152829175207
    ],
    "reference_mass1": 0.600023610371,
    "reference_mass2": 0.400011359207,
    "reference_time": 640.0,
    "reference_position1": [
        -6.40611425411,
        -0.947875221129,
        1.44058776117e-05
    ],
    "reference_position2": [
        9.57319661666,
        1.48772490465,
        1.50567707162e-05
    ],
    "reference_mean_anomaly": 3.467728,
    "keywords": [],
    "point_of_contact_email": "daniel.hemberger@gmail.com",
    "authors_emails": [],
    "simulation_bibtex_keys": [
        "Blackman:2017dfb",
        "Boyle:2019kee",
        "SXSCatalogWebsite"
    ],
    "code_bibtex_keys": [
        "Ossokine:2013zga",
        "Hemberger:2012jz",
        "Szilagyi:2009qz",
        "Boyle:2009vi",
        "Scheel:2008rj",
        "Boyle:2007ft",
        "Scheel:2006gg",
        "Lindblom:2005qh",
        "Pfeiffer:2002wt",
        "SpECwebsite"
    ],
    "initial_data_bibtex_keys": [
        "Buchman:2012dw",
        "Lovelace:2008tw",
        "Pfeiffer:2007yz",
        "Caudill:2006hw",
        "Cook:2004kt"
    ],
    "quasicircular_bibtex_keys": [
        "Mroue:2012kv",
        "Buonanno:2010yk",
        "Mroue:2010re",
        "Boyle:2007ft"
    ],
    "initial_separation": 16.0082397461,
    "initial_orbital_frequency": 0.014348217021,
    "initial_adot": -0.0001931952813305,
    "object1": "bh",
    "object2": "bh",
    "initial_ADM_energy": 0.9934808322564955,
    "initial_ADM_linear_momentum": [
        -1.78643873e-08,
        -5.6919028e-09,
        -1.54125e-11
    ],
    "initial_ADM_angular_momentum": [
        9.38564702e-07,
        2.314817904e-07,
        0.7611897607122351
    ],
    "initial_mass1": 0.600000004795709,
    "initial_mass2": 0.400000001389347,
    "initial_dimensionless_spin1": [
        -1.781699786e-07,
        -2.129096261e-07,
        -0.800640157826
    ],
    "initial_dimensionless_spin2": [
        7.73494930002e-09,
        -8.24623190003e-09,
        -0.399999996576
    ],
    "initial_position1": [
        6.427275940002434,
        0.0174239549490143,
        -5.5027989e-09
    ],
    "initial_position2": [
        -9.580963806097564,
        0.0174239549490143,
        -5.5027989e-09
    ],
    "relaxation_time": 640.0,
    "common_horizon_time": 4889.13519689,
    "remnant_mass": 0.967543669508,
    "remnant_dimensionless_spin": [
        -5.6416658958e-08,
        -2.85573159412e-08,
        0.42398165838
    ],
    "remnant_velocity": [
        -0.000497896519782,
        0.000679261178537,
        4.51036645659e-08
    ],
    "metadata_version": 1,
    "spec_revisions": "InitialCommit-28971-g2d4b796",
    "spells_revision": "2d4b796de925e97fe323094e8c08fb6ad6e8a830",
    "com_parameters": {
        "space_translation": [
            -0.00397106403,
            -0.00114882032,
            -9.32014257e-06
        ],
        "boost_velocity": [
            9.23797664e-06,
            1.21434953e-05,
            3.19290984e-08
        ]
    },
    "initial_mass_ratio": 1.5000000067792214
}