{
    "simulation_name": "BBH_CFMS_d11.3_q9.50_sA_0_0_0_sB_0_0_0/Lev5",
    "alternative_names": [
        "PRIVATE:BBH:0159",
        "SXS:BBH:0302"
    ],
    "initial_data_type": "BBH_CFMS",
    "object_types": "BHBH",
    "number_of_orbits": 19.1168847051,
    "reference_mass_ratio": 9.499946405694457,
    "reference_chi_eff": 8.92114606915538e-07,
    "reference_chi1_perp": 9.306479994727584e-09,
    "reference_chi2_perp": 1.314952393234507e-10,
    "reference_eccentricity": "<5.4e-05",
    "reference_dimensionless_spin1": [
        -9.28893162025e-09,
        -5.71245924026e-10,
        9.05591356723e-07
    ],
    "reference_dimensionless_spin2": [
        3.65327640955e-12,
        -1.31443022458e-10,
        7.64086206008e-07
    ],
    "reference_orbital_frequency": [
        -6.50457578581e-12,
        4.49701568125e-11,
        0.0236562524646
    ],
    "reference_mass1": 0.904762680918,
    "reference_mass2": 0.0952387142285,
    "reference_time": 230.0,
    "reference_position1": [
        0.665516152058,
        -0.851533396321,
        1.75878019952e-09
    ],
    "reference_position2": [
        -6.39465061045,
        7.83829791979,
        -1.67017290202e-08
    ],
    "reference_mean_anomaly": 3.815116,
    "keywords": [],
    "point_of_contact_email": "tonyc@cita.utoronto.ca",
    "authors_emails": [],
    "simulation_bibtex_keys": [
        "Chu:2015kft",
        "Boyle:2019kee",
        "SXSCatalogWebsite"
    ],
    "code_bibtex_keys": [
        "Ossokine:2013zga",
        "Hemberger:2012jz",
        "Szilagyi:2009qz",
        "Boyle:2009vi",
        "Scheel:2008rj",
        "Boyle:2007ft",
        "Scheel:2006gg",
        "Lindblom:2005qh",
        "Pfeiffer:2002wt",
        "SpECwebsite"
    ],
    "initial_data_bibtex_keys": [
        "Buchman:2012dw",
        "Lovelace:2008tw",
        "Pfeiffer:2007yz",
        "Caudill:2006hw",
        "Cook:2004kt"
    ],
    "quasicircular_bibtex_keys": [
        "Mroue:2012kv",
        "Buonanno:2010yk",
        "Mroue:2010re",
        "Boyle:2007ft"
    ],
    "initial_separation": 11.3,
    "initial_orbital_frequency": 0.0235388057182,
    "initial_adot": -5.02498691451e-05,
    "object1": "bh",
    "object2": "bh",
    "initial_ADM_energy": 0.9968334173051242,
    "initial_ADM_linear_momentum": [
        2.1706529e-09,
        2.5787387e-09,
        3.9613177e-09
    ],
    "initial_ADM_angular_momentum": [
        1.0184369278e-06,
        9.347402554e-07,
        0.3468587272423396
    ],
    "initial_mass1": 0.904761904735445,
    "initial_mass2": 0.0952380952765374,
    "initial_dimensionless_spin1": [
        -5.0584124e-09,
        1.592257e-10,
        1.70806994999e-08
    ],
    "initial_dimensionless_spin2": [
        -2.46298e-11,
        -3.13770000001e-11,
        -1.865113e-10
    ],
    "initial_position1": [
        1.068639822941095,
        0.0143507450650155,
        0.0
    ],
    "initial_position2": [
        -10.231360177058907,
        0.0143507450650155,
        0.0
    ],
    "relaxation_time": 230.0,
    "common_horizon_time": 3693.40957691,
    "remnant_mass": 0.991292307366,
    "remnant_dimensionless_spin": [
        -5.51184486891e-08,
        -1.59717287894e-09,
        0.270839461504
    ],
    "remnant_velocity": [
        9.68882443961e-05,
        -0.000224619666604,
        5.75990131539e-09
    ],
    "metadata_version": 1,
    "spec_revisions": [
        "InitialCommit-22272-g66cd00a",
        "InitialCommit-24016-gac5079e"
    ],
    "spells_revision": "InitialCommit-21916-g19475f2",
    "com_parameters": {
        "space_translation": [
            -0.016268706,
            0.00494924683,
            -5.65849145e-09
        ],
        "boost_velocity": [
            2.0671478e-06,
            -3.45688861e-06,
            3.93174497e-12
        ]
    },
    "initial_mass_ratio": 9.499999995887567
}