{
    "simulation_name": "BBH_SKS_d16.2_q1_sA_0_0_-0.400_sB_0_0_0.800/Lev5",
    "alternative_names": [
        "PRIVATE:BBH:0087",
        "SXS:BBH:0221"
    ],
    "initial_data_type": "BBH_SKS",
    "object_types": "BHBH",
    "number_of_orbits": 22.7298715328,
    "reference_mass_ratio": 0.9999301423707629,
    "reference_chi_eff": 0.19997829397875597,
    "reference_chi1_perp": 6.287298188434277e-09,
    "reference_chi2_perp": 1.1472667915826794e-08,
    "reference_eccentricity": 0.0002855,
    "reference_dimensionless_spin1": [
        1.14853627983e-09,
        2.08819267298e-09,
        -0.400001421475
    ],
    "reference_dimensionless_spin2": [
        -2.85086485842e-09,
        1.58299629286e-08,
        0.799916096272
    ],
    "reference_orbital_frequency": [
        -1.66393737838e-10,
        1.13467548454e-10,
        0.0143986123843
    ],
    "reference_mass1": 0.499994878037,
    "reference_mass2": 0.500029808934,
    "reference_time": 290.0,
    "reference_position1": [
        -4.32128683005,
        -6.91865668907,
        -1.01272387574e-06
    ],
    "reference_position2": [
        4.57895358418,
        7.15593343972,
        -1.02078471967e-06
    ],
    "reference_mean_anomaly": 5.484695,
    "keywords": [],
    "point_of_contact_email": "tonyc@cita.utoronto.ca",
    "authors_emails": [],
    "simulation_bibtex_keys": [
        "Chu:2015kft",
        "Boyle:2019kee",
        "SXSCatalogWebsite"
    ],
    "code_bibtex_keys": [
        "Ossokine:2013zga",
        "Hemberger:2012jz",
        "Szilagyi:2009qz",
        "Boyle:2009vi",
        "Scheel:2008rj",
        "Boyle:2007ft",
        "Scheel:2006gg",
        "Lindblom:2005qh",
        "Pfeiffer:2002wt",
        "SpECwebsite"
    ],
    "initial_data_bibtex_keys": [
        "Buchman:2012dw",
        "Lovelace:2008tw",
        "Pfeiffer:2007yz",
        "Caudill:2006hw",
        "Cook:2004kt"
    ],
    "quasicircular_bibtex_keys": [
        "Mroue:2012kv",
        "Buonanno:2010yk",
        "Mroue:2010re",
        "Boyle:2007ft"
    ],
    "initial_separation": 16.2,
    "initial_orbital_frequency": 0.0138343636449,
    "initial_adot": 0.00012628272046,
    "object1": "bh",
    "object2": "bh",
    "initial_ADM_energy": 0.9930876172098358,
    "initial_ADM_linear_momentum": [
        -1.12248018e-08,
        -7.60873479e-08,
        7.336641e-10
    ],
    "initial_ADM_angular_momentum": [
        4.14962414e-08,
        2.239876141e-07,
        1.2274943725660281
    ],
    "initial_mass1": 0.500000000751998,
    "initial_mass2": 0.500000001389733,
    "initial_dimensionless_spin1": [
        -1.2224e-12,
        1.762e-13,
        -0.399999996788
    ],
    "initial_dimensionless_spin2": [
        -8.7e-15,
        3.624e-13,
        0.800000005429
    ],
    "initial_position1": [
        8.288819899003622,
        0.1278835900189057,
        0.0
    ],
    "initial_position2": [
        -7.911180100996377,
        0.1278835900189057,
        0.0
    ],
    "relaxation_time": 290.0,
    "common_horizon_time": 6501.97828457,
    "remnant_mass": 0.945139846766,
    "remnant_dimensionless_spin": [
        -8.439096043e-09,
        8.30954571908e-09,
        0.744674418318
    ],
    "remnant_velocity": [
        -0.000653803551639,
        -0.000522201597216,
        -3.07892381163e-09
    ],
    "metadata_version": 1,
    "spec_revisions": "InitialCommit-23245-gfd35c55",
    "spells_revision": "InitialCommit-22529-g5f7bd68",
    "com_parameters": {
        "space_translation": [
            0.153911593,
            0.127600824,
            -2.21102245e-07
        ],
        "boost_velocity": [
            1.51051869e-06,
            2.81799774e-06,
            -4.47114466e-09
        ]
    },
    "initial_mass_ratio": 0.99999999872453
}