{
    "simulation_name": "0064/Lev3",
    "alternative_names": [
        "PRIVATE:BBH:0329",
        "SXS:BBH:0385"
    ],
    "initial_data_type": "BBH_SKS",
    "object_types": "BHBH",
    "number_of_orbits": 20.6241693567,
    "reference_mass_ratio": 1.4999928523728552,
    "reference_chi_eff": 0.480002302446803,
    "reference_chi1_perp": 4.928188926598358e-08,
    "reference_chi2_perp": 5.854067682965508e-08,
    "reference_eccentricity": 5.69e-05,
    "reference_dimensionless_spin1": [
        3.3093486926e-08,
        -2.83969072737e-08,
        0.80007627199
    ],
    "reference_dimensionless_spin2": [
        -1.74046776701e-08,
        -5.58882812238e-08,
        -0.000106364098602
    ],
    "reference_orbital_frequency": [
        -3.33965592158e-10,
        -7.32992976257e-10,
        0.0169225604729
    ],
    "reference_mass1": 0.600026341139,
    "reference_mass2": 0.400019466886,
    "reference_time": 640.0,
    "reference_position1": [
        -2.4007545502,
        -5.45451653791,
        -2.33542467777e-05
    ],
    "reference_position2": [
        3.61829782698,
        8.20436079271,
        -2.26438331522e-05
    ],
    "reference_mean_anomaly": 0.847548,
    "keywords": [],
    "point_of_contact_email": "daniel.hemberger@gmail.com",
    "authors_emails": [],
    "simulation_bibtex_keys": [
        "Blackman:2017dfb",
        "Boyle:2019kee",
        "SXSCatalogWebsite"
    ],
    "code_bibtex_keys": [
        "Ossokine:2013zga",
        "Hemberger:2012jz",
        "Szilagyi:2009qz",
        "Boyle:2009vi",
        "Scheel:2008rj",
        "Boyle:2007ft",
        "Scheel:2006gg",
        "Lindblom:2005qh",
        "Pfeiffer:2002wt",
        "SpECwebsite"
    ],
    "initial_data_bibtex_keys": [
        "Buchman:2012dw",
        "Lovelace:2008tw",
        "Pfeiffer:2007yz",
        "Caudill:2006hw",
        "Cook:2004kt"
    ],
    "quasicircular_bibtex_keys": [
        "Mroue:2012kv",
        "Buonanno:2010yk",
        "Mroue:2010re",
        "Boyle:2007ft"
    ],
    "initial_separation": 14.7304077148,
    "initial_orbital_frequency": 0.015882539249,
    "initial_adot": 0.0001304004491157,
    "object1": "bh",
    "object2": "bh",
    "initial_ADM_energy": 0.992710308265167,
    "initial_ADM_linear_momentum": [
        2.3817225e-08,
        1.84741185e-08,
        -2.7333e-12
    ],
    "initial_ADM_angular_momentum": [
        5.693594032e-07,
        -2.461761892e-07,
        1.3194784602919918
    ],
    "initial_mass1": 0.60000000285998,
    "initial_mass2": 0.399999996942109,
    "initial_dimensionless_spin1": [
        1.428e-13,
        -1.743e-13,
        0.799999989718
    ],
    "initial_dimensionless_spin2": [
        -8.26700000002e-13,
        2.2446e-12,
        -4.47696264e-08
    ],
    "initial_position1": [
        5.87034923822255,
        0.0163988973798885,
        -3.34627e-10
    ],
    "initial_position2": [
        -8.86005847657745,
        0.0163988973798885,
        -3.34627e-10
    ],
    "relaxation_time": 640.0,
    "common_horizon_time": 5099.00095084,
    "remnant_mass": 0.934286590563,
    "remnant_dimensionless_spin": [
        -5.92298241426e-09,
        -4.061077323e-08,
        0.847339243196
    ],
    "remnant_velocity": [
        0.000111980120046,
        0.000286557853612,
        -3.18845974687e-08
    ],
    "metadata_version": 1,
    "spec_revisions": "InitialCommit-28977-g3727d27",
    "spells_revision": "3727d27cb1189c2dffa859c586de4b14bf054cbd",
    "com_parameters": {
        "space_translation": [
            -0.00335086284,
            0.00156426502,
            2.4657813e-06
        ],
        "boost_velocity": [
            7.25463092e-07,
            -1.90468122e-05,
            -4.33222547e-08
        ]
    },
    "initial_mass_ratio": 1.5000000186170412
}