{
    "simulation_name": "0028/Lev3",
    "alternative_names": [
        "PRIVATE:BBH:0393",
        "SXS:BBH:0352"
    ],
    "initial_data_type": "BBH_SKS",
    "object_types": "BHBH",
    "number_of_orbits": 17.7781616781,
    "reference_mass_ratio": 1.1884407076483148,
    "reference_chi_eff": -0.3038664383353545,
    "reference_chi1_perp": 0.7360345984003289,
    "reference_chi2_perp": 0.010500253435905355,
    "reference_eccentricity": 0.0005382,
    "reference_dimensionless_spin1": [
        0.0798547015487,
        0.73528993158,
        -0.0885873958711
    ],
    "reference_dimensionless_spin2": [
        -0.0395511929588,
        0.0221724834267,
        -0.526977876886
    ],
    "reference_orbital_frequency": [
        0.00146514608281,
        -0.000720065446117,
        0.0154893664012
    ],
    "reference_mass1": 0.543069735912,
    "reference_mass2": 0.456959890735,
    "reference_time": 640.0,
    "reference_position1": [
        -6.85122843165,
        -2.35319603171,
        0.539809190704
    ],
    "reference_position2": [
        8.15927877773,
        2.80199560606,
        -0.640388242735
    ],
    "reference_mean_anomaly": 1.713825,
    "keywords": [],
    "point_of_contact_email": "daniel.hemberger@gmail.com",
    "authors_emails": [],
    "simulation_bibtex_keys": [
        "Blackman:2017dfb",
        "Boyle:2019kee",
        "SXSCatalogWebsite"
    ],
    "code_bibtex_keys": [
        "Ossokine:2013zga",
        "Hemberger:2012jz",
        "Szilagyi:2009qz",
        "Boyle:2009vi",
        "Scheel:2008rj",
        "Boyle:2007ft",
        "Scheel:2006gg",
        "Lindblom:2005qh",
        "Pfeiffer:2002wt",
        "SpECwebsite"
    ],
    "initial_data_bibtex_keys": [
        "Buchman:2012dw",
        "Lovelace:2008tw",
        "Pfeiffer:2007yz",
        "Caudill:2006hw",
        "Cook:2004kt"
    ],
    "quasicircular_bibtex_keys": [
        "Mroue:2012kv",
        "Buonanno:2010yk",
        "Mroue:2010re",
        "Boyle:2007ft"
    ],
    "initial_separation": 15.7262573242,
    "initial_orbital_frequency": 0.014774725208,
    "initial_adot": 3.81862815888e-05,
    "object1": "bh",
    "object2": "bh",
    "initial_ADM_energy": 0.993059695837768,
    "initial_ADM_linear_momentum": [
        -8.7172315e-09,
        7.5124373e-09,
        -2.8059236e-09
    ],
    "initial_ADM_angular_momentum": [
        0.1289260335881435,
        0.1602612989791006,
        0.9852967240142501
    ],
    "initial_mass1": 0.543051198771973,
    "initial_mass2": 0.456948789859351,
    "initial_dimensionless_spin1": [
        0.455426691371,
        0.578912265187,
        -0.11136370301
    ],
    "initial_dimensionless_spin2": [
        -0.0289411138589,
        0.0248798766314,
        -0.527640526231
    ],
    "initial_position1": [
        7.177959919837723,
        0.0063304417206789,
        0.0155077430415814
    ],
    "initial_position2": [
        -8.548297404362277,
        0.0063304417206789,
        0.0155077430415814
    ],
    "relaxation_time": 640.0,
    "common_horizon_time": 5028.00060735,
    "remnant_mass": 0.957415683527,
    "remnant_dimensionless_spin": [
        0.0467665440154,
        0.109402947293,
        0.61706644554
    ],
    "remnant_velocity": [
        0.000145499378589,
        -0.000124913313432,
        0.00128524121654
    ],
    "metadata_version": 1,
    "spec_revisions": "InitialCommit-28971-g2d4b796",
    "spells_revision": "2d4b796de925e97fe323094e8c08fb6ad6e8a830",
    "com_parameters": {
        "space_translation": [
            -0.00123803,
            0.00146763,
            -0.0015952
        ],
        "boost_velocity": [
            1.81374034e-06,
            -5.96250468e-06,
            1.68690155e-06
        ]
    },
    "initial_mass_ratio": 1.1884290117917249
}