{
    "simulation_name": "0065/Lev3",
    "alternative_names": [
        "PRIVATE:BBH:0358",
        "SXS:BBH:0386"
    ],
    "initial_data_type": "BBH_SKS",
    "object_types": "BHBH",
    "number_of_orbits": 17.1613714982,
    "reference_mass_ratio": 1.2499068476231023,
    "reference_chi_eff": -0.4667849252014361,
    "reference_chi1_perp": 1.3289344290417846e-07,
    "reference_chi2_perp": 6.984472619626054e-08,
    "reference_eccentricity": 0.0002341,
    "reference_dimensionless_spin1": [
        5.05540608927e-08,
        -1.22833530784e-07,
        -0.200311794727
    ],
    "reference_dimensionless_spin2": [
        1.20736522631e-08,
        -4.18519737903e-08,
        -0.799851515689
    ],
    "reference_orbital_frequency": [
        -9.38392120176e-10,
        -3.3879210867e-10,
        0.015400359539
    ],
    "reference_mass1": 0.555564298449,
    "reference_mass2": 0.444484562594,
    "reference_time": 640.0,
    "reference_position1": [
        -6.94561376507,
        -1.55302541195,
        -1.67852896818e-05
    ],
    "reference_position2": [
        8.72692398056,
        1.95932203681,
        -1.57530448513e-05
    ],
    "reference_mean_anomaly": 3.382473,
    "keywords": [],
    "point_of_contact_email": "daniel.hemberger@gmail.com",
    "authors_emails": [],
    "simulation_bibtex_keys": [
        "Blackman:2017dfb",
        "Boyle:2019kee",
        "SXSCatalogWebsite"
    ],
    "code_bibtex_keys": [
        "Ossokine:2013zga",
        "Hemberger:2012jz",
        "Szilagyi:2009qz",
        "Boyle:2009vi",
        "Scheel:2008rj",
        "Boyle:2007ft",
        "Scheel:2006gg",
        "Lindblom:2005qh",
        "Pfeiffer:2002wt",
        "SpECwebsite"
    ],
    "initial_data_bibtex_keys": [
        "Buchman:2012dw",
        "Lovelace:2008tw",
        "Pfeiffer:2007yz",
        "Caudill:2006hw",
        "Cook:2004kt"
    ],
    "quasicircular_bibtex_keys": [
        "Mroue:2012kv",
        "Buonanno:2010yk",
        "Mroue:2010re",
        "Boyle:2007ft"
    ],
    "initial_separation": 15.9003295898,
    "initial_orbital_frequency": 0.014406100944,
    "initial_adot": -0.0002165242313704,
    "object1": "bh",
    "object2": "bh",
    "initial_ADM_energy": 0.9932111526183149,
    "initial_ADM_linear_momentum": [
        -8.4838664e-09,
        -1.96953658e-08,
        -1.8234e-12
    ],
    "initial_ADM_angular_momentum": [
        7.484068963e-07,
        4.44571849e-08,
        0.9142634000097173
    ],
    "initial_mass1": 0.555555550024973,
    "initial_mass2": 0.444444418218462,
    "initial_dimensionless_spin1": [
        -4.68603205001e-08,
        -5.10327876999e-08,
        -0.20016004883
    ],
    "initial_dimensionless_spin2": [
        3.8016385e-09,
        -3.7968059e-09,
        -0.799999951322
    ],
    "initial_position1": [
        7.054578807872198,
        0.0049791364821959,
        -1.8644683e-09
    ],
    "initial_position2": [
        -8.845750781927801,
        0.0049791364821959,
        -1.8644683e-09
    ],
    "relaxation_time": 640.0,
    "common_horizon_time": 4960.38000185,
    "remnant_mass": 0.962124324,
    "remnant_dimensionless_spin": [
        -2.77355665578e-08,
        -5.05982570134e-08,
        0.542442608044
    ],
    "remnant_velocity": [
        -0.000163922008335,
        -0.000227008596973,
        -2.28628850263e-08
    ],
    "metadata_version": 1,
    "spec_revisions": "InitialCommit-28977-g3727d27",
    "spells_revision": "3727d27cb1189c2dffa859c586de4b14bf054cbd",
    "com_parameters": {
        "space_translation": [
            -0.00126412784,
            0.00202005783,
            4.9790939e-06
        ],
        "boost_velocity": [
            1.3057438e-06,
            5.36960313e-08,
            -3.56799982e-08
        ]
    },
    "initial_mass_ratio": 1.2500000613167686
}