{
    "simulation_name": "BBH_SKS_d15.8_q3_sA_0_0_-0.600_sB_0_0_0.600/Lev5",
    "alternative_names": [
        "PRIVATE:BBH:0084",
        "SXS:BBH:0263"
    ],
    "initial_data_type": "BBH_SKS",
    "object_types": "BHBH",
    "number_of_orbits": 22.0115180885,
    "reference_mass_ratio": 2.999671090652044,
    "reference_chi_eff": -0.3000267837851952,
    "reference_chi1_perp": 1.855754240259104e-07,
    "reference_chi2_perp": 3.867159735179177e-08,
    "reference_eccentricity": 0.0002052,
    "reference_dimensionless_spin1": [
        -6.90377776101e-08,
        9.63112398767e-08,
        -0.60001710568
    ],
    "reference_dimensionless_spin2": [
        -6.13046011198e-09,
        4.32786311343e-08,
        0.599845512278
    ],
    "reference_orbital_frequency": [
        -1.12124684871e-09,
        1.29234652409e-09,
        0.0152630434291
    ],
    "reference_mass1": 0.749975302065,
    "reference_mass2": 0.25001917857,
    "reference_time": 640.0,
    "reference_position1": [
        -3.94026883773,
        -0.630721031994,
        -8.38708553555e-07
    ],
    "reference_position2": [
        11.7640389939,
        2.37642215568,
        6.03345950254e-08
    ],
    "reference_mean_anomaly": 0.603934,
    "keywords": [],
    "point_of_contact_email": "tonyc@cita.utoronto.ca",
    "authors_emails": [],
    "simulation_bibtex_keys": [
        "Chu:2015kft",
        "Boyle:2019kee",
        "SXSCatalogWebsite"
    ],
    "code_bibtex_keys": [
        "Ossokine:2013zga",
        "Hemberger:2012jz",
        "Szilagyi:2009qz",
        "Boyle:2009vi",
        "Scheel:2008rj",
        "Boyle:2007ft",
        "Scheel:2006gg",
        "Lindblom:2005qh",
        "Pfeiffer:2002wt",
        "SpECwebsite"
    ],
    "initial_data_bibtex_keys": [
        "Buchman:2012dw",
        "Lovelace:2008tw",
        "Pfeiffer:2007yz",
        "Caudill:2006hw",
        "Cook:2004kt"
    ],
    "quasicircular_bibtex_keys": [
        "Mroue:2012kv",
        "Buonanno:2010yk",
        "Mroue:2010re",
        "Boyle:2007ft"
    ],
    "initial_separation": 15.8,
    "initial_orbital_frequency": 0.0144628154432,
    "initial_adot": 0.000107955337103,
    "object1": "bh",
    "object2": "bh",
    "initial_ADM_energy": 0.9948043477402663,
    "initial_ADM_linear_momentum": [
        1.0508075726e-06,
        7.183823897e-06,
        -1.046582532e-07
    ],
    "initial_ADM_angular_momentum": [
        -2.95951919e-06,
        -2.98108140229e-05,
        0.5554909072006967
    ],
    "initial_mass1": 0.750000013159743,
    "initial_mass2": 0.249999989588297,
    "initial_dimensionless_spin1": [
        1.07765e-11,
        3.57579999999e-12,
        -0.60000003503
    ],
    "initial_dimensionless_spin2": [
        -1.1e-15,
        -5.27e-14,
        0.599999906827
    ],
    "initial_position1": [
        3.984420777951416,
        0.1098039158659055,
        0.0
    ],
    "initial_position2": [
        -11.815579222048585,
        0.1098039158659055,
        0.0
    ],
    "relaxation_time": 640.0,
    "common_horizon_time": 6428.74698946,
    "remnant_mass": 0.977082328465,
    "remnant_dimensionless_spin": [
        -3.68995424506e-08,
        4.51972687899e-08,
        0.291156488754
    ],
    "remnant_velocity": [
        -0.000148222629331,
        -0.00096220856051,
        3.32570318613e-09
    ],
    "metadata_version": 1,
    "spec_revisions": "InitialCommit-23860-gd8f0b1e",
    "spells_revision": "InitialCommit-22529-g5f7bd68",
    "com_parameters": {
        "space_translation": [
            -0.0124628946,
            0.0647055478,
            -2.35214214e-06
        ],
        "boost_velocity": [
            9.43500053e-06,
            1.79787534e-05,
            2.54250291e-09
        ]
    },
    "initial_mass_ratio": 3.000000177579415
}