{
    "simulation_name": "0067/Lev3",
    "alternative_names": [
        "PRIVATE:BBH:0476",
        "SXS:BBH:0388"
    ],
    "initial_data_type": "BBH_SKS",
    "object_types": "BHBH",
    "number_of_orbits": 21.3854385585,
    "reference_mass_ratio": 1.7502649086144466,
    "reference_chi_eff": 0.654360626255206,
    "reference_chi1_perp": 4.4881308389297304e-08,
    "reference_chi2_perp": 1.9846612928087778e-08,
    "reference_eccentricity": 0.0006847,
    "reference_dimensionless_spin1": [
        -3.49342118287e-08,
        -5.74626146659e-08,
        0.799632484984
    ],
    "reference_dimensionless_spin2": [
        3.17478787576e-09,
        -2.0585920501e-08,
        0.400096389713
    ],
    "reference_orbital_frequency": [
        -4.9785333294e-10,
        -3.10997021881e-10,
        0.0174519456187
    ],
    "reference_mass1": 0.636414756344,
    "reference_mass2": 0.363610533018,
    "reference_time": 640.0,
    "reference_position1": [
        -0.523770718842,
        -5.25041902617,
        5.83786431339e-06
    ],
    "reference_position2": [
        0.908186082011,
        9.2684946741,
        6.13744371284e-06
    ],
    "reference_mean_anomaly": 6.235095,
    "keywords": [],
    "point_of_contact_email": "daniel.hemberger@gmail.com",
    "authors_emails": [],
    "simulation_bibtex_keys": [
        "Blackman:2017dfb",
        "Boyle:2019kee",
        "SXSCatalogWebsite"
    ],
    "code_bibtex_keys": [
        "Ossokine:2013zga",
        "Hemberger:2012jz",
        "Szilagyi:2009qz",
        "Boyle:2009vi",
        "Scheel:2008rj",
        "Boyle:2007ft",
        "Scheel:2006gg",
        "Lindblom:2005qh",
        "Pfeiffer:2002wt",
        "SpECwebsite"
    ],
    "initial_data_bibtex_keys": [
        "Buchman:2012dw",
        "Lovelace:2008tw",
        "Pfeiffer:2007yz",
        "Caudill:2006hw",
        "Cook:2004kt"
    ],
    "quasicircular_bibtex_keys": [
        "Mroue:2012kv",
        "Buonanno:2010yk",
        "Mroue:2010re",
        "Boyle:2007ft"
    ],
    "initial_separation": 14.4092407227,
    "initial_orbital_frequency": 0.016258735676,
    "initial_adot": 0.0001923167834804,
    "object1": "bh",
    "object2": "bh",
    "initial_ADM_energy": 0.9927904471136025,
    "initial_ADM_linear_momentum": [
        -3.83015662e-08,
        -3.77357593e-08,
        -3.7819e-12
    ],
    "initial_ADM_angular_momentum": [
        3.39823188e-08,
        -1.262465527e-07,
        1.355599459676294
    ],
    "initial_mass1": 0.63636365308256,
    "initial_mass2": 0.363636376093983,
    "initial_dimensionless_spin1": [
        -7.36e-14,
        2.101e-13,
        0.80000001803
    ],
    "initial_dimensionless_spin2": [
        -3.38e-14,
        -2.1e-14,
        0.400000009415
    ],
    "initial_position1": [
        5.225830870224264,
        0.0205441010321177,
        1.28072124e-08
    ],
    "initial_position2": [
        -9.183409852475735,
        0.0205441010321177,
        1.28072124e-08
    ],
    "relaxation_time": 640.0,
    "common_horizon_time": 5076.64557317,
    "remnant_mass": 0.928765543727,
    "remnant_dimensionless_spin": [
        -2.50528656861e-08,
        -3.4508295615e-08,
        0.882193043214
    ],
    "remnant_velocity": [
        0.000131126582145,
        5.98273533187e-05,
        3.39609619643e-08
    ],
    "metadata_version": 1,
    "spec_revisions": "InitialCommit-28977-g3727d27",
    "spells_revision": "3727d27cb1189c2dffa859c586de4b14bf054cbd",
    "com_parameters": {
        "space_translation": [
            -0.00212976464,
            -0.00181468181,
            -1.03435882e-05
        ],
        "boost_velocity": [
            6.15432139e-06,
            1.73273997e-05,
            1.71896296e-08
        ]
    },
    "initial_mass_ratio": 1.7499999860247473
}