{
    "simulation_name": "0050/Lev3",
    "alternative_names": [
        "PRIVATE:BBH:0270",
        "SXS:BBH:0372"
    ],
    "initial_data_type": "BBH_SKS",
    "object_types": "BHBH",
    "number_of_orbits": 20.0846463083,
    "reference_mass_ratio": 1.5001185901879093,
    "reference_chi_eff": 0.3198443691498632,
    "reference_chi1_perp": 2.318627135896924e-08,
    "reference_chi2_perp": 9.6103008659012e-09,
    "reference_eccentricity": 3.4e-05,
    "reference_dimensionless_spin1": [
        4.89968924671e-08,
        -2.31467940322e-08,
        0.799731332477
    ],
    "reference_dimensionless_spin2": [
        -1.7197244349e-08,
        1.42291953566e-08,
        -0.400042985726
    ],
    "reference_orbital_frequency": [
        6.28628884994e-10,
        -2.02970922962e-10,
        0.0167044695036
    ],
    "reference_mass1": 0.600045941351,
    "reference_mass2": 0.399999003596,
    "reference_time": 640.0,
    "reference_position1": [
        -3.13011450315,
        -5.12181634692,
        -3.6706347116e-06
    ],
    "reference_position2": [
        4.74384229254,
        7.742780734,
        -3.81063661572e-06
    ],
    "reference_mean_anomaly": 0.060562,
    "keywords": [],
    "point_of_contact_email": "daniel.hemberger@gmail.com",
    "authors_emails": [],
    "simulation_bibtex_keys": [
        "Blackman:2017dfb",
        "Boyle:2019kee",
        "SXSCatalogWebsite"
    ],
    "code_bibtex_keys": [
        "Ossokine:2013zga",
        "Hemberger:2012jz",
        "Szilagyi:2009qz",
        "Boyle:2009vi",
        "Scheel:2008rj",
        "Boyle:2007ft",
        "Scheel:2006gg",
        "Lindblom:2005qh",
        "Pfeiffer:2002wt",
        "SpECwebsite"
    ],
    "initial_data_bibtex_keys": [
        "Buchman:2012dw",
        "Lovelace:2008tw",
        "Pfeiffer:2007yz",
        "Caudill:2006hw",
        "Cook:2004kt"
    ],
    "quasicircular_bibtex_keys": [
        "Mroue:2012kv",
        "Buonanno:2010yk",
        "Mroue:2010re",
        "Boyle:2007ft"
    ],
    "initial_separation": 14.8943481445,
    "initial_orbital_frequency": 0.015623556848,
    "initial_adot": 7.61142846159e-05,
    "object1": "bh",
    "object2": "bh",
    "initial_ADM_energy": 0.9928172475164325,
    "initial_ADM_linear_momentum": [
        -5.08585797e-08,
        -4.25094065e-08,
        1.2294e-12
    ],
    "initial_ADM_angular_momentum": [
        -1.389307076e-07,
        2.54262979e-08,
        1.2661079612815227
    ],
    "initial_mass1": 0.60000000286463,
    "initial_mass2": 0.399999994151467,
    "initial_dimensionless_spin1": [
        -1.552e-13,
        1.787e-13,
        0.799999993536
    ],
    "initial_dimensionless_spin2": [
        3.984e-13,
        -6.91999999998e-14,
        -0.400000015022
    ],
    "initial_position1": [
        5.927559145148049,
        0.0155976600613497,
        4.02862798e-08
    ],
    "initial_position2": [
        -8.966788999351952,
        0.0155976600613497,
        4.02862798e-08
    ],
    "relaxation_time": 640.0,
    "common_horizon_time": 5085.66550289,
    "remnant_mass": 0.940574849954,
    "remnant_dimensionless_spin": [
        3.41530283672e-08,
        -9.31423869719e-09,
        0.814921924081
    ],
    "remnant_velocity": [
        -0.000393588387179,
        -0.000392111306194,
        1.26996096454e-08
    ],
    "metadata_version": 1,
    "spec_revisions": [
        "InitialCommit-28971-g2d4b796",
        "InitialCommit-29041-g3c13f91"
    ],
    "spells_revision": "2d4b796de925e97fe323094e8c08fb6ad6e8a830",
    "com_parameters": {
        "space_translation": [
            -0.00259395333,
            0.00229536126,
            -6.60323203e-06
        ],
        "boost_velocity": [
            2.71427536e-06,
            -1.67050506e-06,
            -1.35877859e-09
        ]
    },
    "initial_mass_ratio": 1.5000000290935742
}