{
    "simulation_name": "BBH_SKS_d15.2_q2_sA_0_0_0.600_sB_0_0_0/Lev5",
    "alternative_names": [
        "PRIVATE:BBH:0065",
        "SXS:BBH:0255"
    ],
    "initial_data_type": "BBH_SKS",
    "object_types": "BHBH",
    "number_of_orbits": 23.269765821,
    "reference_mass_ratio": 1.9999814661813087,
    "reference_chi_eff": 0.40000898934929197,
    "reference_chi1_perp": 1.4843062542085945e-08,
    "reference_chi2_perp": 2.6940464222952923e-08,
    "reference_eccentricity": 3.79e-05,
    "reference_dimensionless_spin1": [
        1.00932642338e-08,
        -3.4895698581e-08,
        0.600024488477
    ],
    "reference_dimensionless_spin2": [
        2.55360272483e-08,
        -8.58266411406e-09,
        -1.83018551306e-05
    ],
    "reference_orbital_frequency": [
        4.46723560562e-10,
        -5.72534783315e-10,
        0.0158044957093
    ],
    "reference_mass1": 0.66666355727,
    "reference_mass2": 0.333334867619,
    "reference_time": 390.0,
    "reference_position1": [
        5.01301149139,
        -0.974037224475,
        -1.46706819323e-06
    ],
    "reference_position2": [
        -10.3184497595,
        1.80428525516,
        -9.33067528314e-07
    ],
    "reference_mean_anomaly": 4.594522,
    "keywords": [],
    "point_of_contact_email": "tonyc@cita.utoronto.ca",
    "authors_emails": [],
    "simulation_bibtex_keys": [
        "Chu:2015kft",
        "Boyle:2019kee",
        "SXSCatalogWebsite"
    ],
    "code_bibtex_keys": [
        "Ossokine:2013zga",
        "Hemberger:2012jz",
        "Szilagyi:2009qz",
        "Boyle:2009vi",
        "Scheel:2008rj",
        "Boyle:2007ft",
        "Scheel:2006gg",
        "Lindblom:2005qh",
        "Pfeiffer:2002wt",
        "SpECwebsite"
    ],
    "initial_data_bibtex_keys": [
        "Buchman:2012dw",
        "Lovelace:2008tw",
        "Pfeiffer:2007yz",
        "Caudill:2006hw",
        "Cook:2004kt"
    ],
    "quasicircular_bibtex_keys": [
        "Mroue:2012kv",
        "Buonanno:2010yk",
        "Mroue:2010re",
        "Boyle:2007ft"
    ],
    "initial_separation": 15.2,
    "initial_orbital_frequency": 0.015362410879,
    "initial_adot": 4.8668091625e-05,
    "object1": "bh",
    "object2": "bh",
    "initial_ADM_energy": 0.9934273704770152,
    "initial_ADM_linear_momentum": [
        1.53429035e-08,
        8.59907908e-08,
        -2.9924979e-09
    ],
    "initial_ADM_angular_momentum": [
        -1.540252107e-07,
        -9.230546815e-07,
        1.2364415358733474
    ],
    "initial_mass1": 0.666666662108558,
    "initial_mass2": 0.333333336409349,
    "initial_dimensionless_spin1": [
        -8.9543e-12,
        -1.8216e-12,
        0.59999999815
    ],
    "initial_dimensionless_spin2": [
        5.3047e-12,
        -9.42521999996e-11,
        -1.09514918e-08
    ],
    "initial_position1": [
        4.978192818211964,
        -0.0176403506296287,
        0.0
    ],
    "initial_position2": [
        -10.221807181788035,
        -0.0176403506296287,
        0.0
    ],
    "relaxation_time": 390.0,
    "common_horizon_time": 6044.14104262,
    "remnant_mass": 0.946063218137,
    "remnant_dimensionless_spin": [
        2.19393150899e-08,
        -3.31055440873e-08,
        0.808206284082
    ],
    "remnant_velocity": [
        0.000123628356872,
        -0.000147649196619,
        -5.2042438638e-09
    ],
    "metadata_version": 1,
    "spec_revisions": "InitialCommit-23245-gfd35c55",
    "spells_revision": "InitialCommit-23245-gfd35c55",
    "com_parameters": {
        "space_translation": [
            -0.0755647607,
            -0.0519384409,
            6.95173207e-07
        ],
        "boost_velocity": [
            2.13780727e-06,
            7.80951011e-06,
            -5.95454823e-09
        ]
    },
    "initial_mass_ratio": 1.9999999678695803
}