{
    "simulation_name": "0028/Lev3",
    "alternative_names": [
        "PRIVATE:BBH:0732",
        "SXS:BBH:0661"
    ],
    "initial_data_type": "BBH_SKS",
    "object_types": "BHBH",
    "number_of_orbits": 18.8617344272,
    "reference_mass_ratio": 1.3334055816159678,
    "reference_chi_eff": 0.001999794810287608,
    "reference_chi1_perp": 0.7998461885021025,
    "reference_chi2_perp": 2.697713151270893e-06,
    "reference_eccentricity": 0.0004847,
    "reference_dimensionless_spin1": [
        -0.759347351273,
        -0.249741413468,
        0.028056438104
    ],
    "reference_dimensionless_spin2": [
        -2.33389639826e-06,
        -4.05057646555e-06,
        -3.11005681137e-05
    ],
    "reference_orbital_frequency": [
        -0.000185254875124,
        0.00212366901329,
        0.0159047134328
    ],
    "reference_mass1": 0.571473019451,
    "reference_mass2": 0.428581541378,
    "reference_time": 640.0,
    "reference_position1": [
        -5.40044543937,
        -3.87418555847,
        0.477613956116
    ],
    "reference_position2": [
        7.18002305405,
        5.17562721762,
        -0.584223084848
    ],
    "reference_mean_anomaly": 2.230172,
    "keywords": [],
    "point_of_contact_email": "sfield@astro.cornell.edu",
    "authors_emails": [],
    "simulation_bibtex_keys": [
        "Blackman:2017pcm",
        "Boyle:2019kee",
        "SXSCatalogWebsite"
    ],
    "code_bibtex_keys": [
        "Ossokine:2013zga",
        "Hemberger:2012jz",
        "Szilagyi:2009qz",
        "Boyle:2009vi",
        "Scheel:2008rj",
        "Boyle:2007ft",
        "Scheel:2006gg",
        "Lindblom:2005qh",
        "Pfeiffer:2002wt",
        "SpECwebsite"
    ],
    "initial_data_bibtex_keys": [
        "Buchman:2012dw",
        "Lovelace:2008tw",
        "Pfeiffer:2007yz",
        "Caudill:2006hw",
        "Cook:2004kt"
    ],
    "quasicircular_bibtex_keys": [
        "Mroue:2012kv",
        "Buonanno:2010yk",
        "Mroue:2010re",
        "Boyle:2007ft"
    ],
    "initial_separation": 15.3378295898,
    "initial_orbital_frequency": 0.015105245948,
    "initial_adot": -5.18262553777e-05,
    "object1": "bh",
    "object2": "bh",
    "initial_ADM_energy": 0.9929414612745953,
    "initial_ADM_linear_momentum": [
        -3.5274488e-09,
        -2.62519714e-08,
        5.226009e-09
    ],
    "initial_ADM_angular_momentum": [
        -0.2584122182087592,
        0.0556467896255202,
        1.089923701730774
    ],
    "initial_mass1": 0.5714285619819613,
    "initial_mass2": 0.4285714205965301,
    "initial_dimensionless_spin1": [
        -0.786843919523,
        0.144474635241,
        0.00126999324773
    ],
    "initial_dimensionless_spin2": [
        6.26832860002e-09,
        -6.5860263e-09,
        -7.77959174998e-08
    ],
    "initial_position1": [
        6.5773371074427,
        0.013314228642909,
        -0.0250026080888555
    ],
    "initial_position2": [
        -8.7604924823573,
        0.013314228642909,
        -0.0250026080888555
    ],
    "relaxation_time": 640.0,
    "common_horizon_time": 5078.67700236,
    "remnant_mass": 0.951871953337,
    "remnant_dimensionless_spin": [
        -0.143383347672,
        0.0259155092227,
        0.702483587687
    ],
    "remnant_velocity": [
        0.000505461687573,
        -0.000336657132834,
        -0.00164752106017
    ],
    "metadata_version": 1,
    "spec_revisions": "InitialCommit-29628-g2cce9e5",
    "spells_revision": "2cce9e5c03773621b7d160cd7247fc453684f921",
    "com_parameters": {
        "space_translation": [
            -0.00138214811,
            -3.61999396e-05,
            -4.67703117e-05
        ],
        "boost_velocity": [
            3.18573333e-07,
            -8.48378478e-06,
            -1.95038073e-06
        ]
    },
    "initial_mass_ratio": 1.3333333361020385
}