{
    "simulation_name": "BBH_SKS_d14.4_q1.19_sA_0_0_0.420_sB_0_0_0.380/Lev4",
    "alternative_names": [
        "PRIVATE:BBH:0227",
        "SXS:BBH:0311"
    ],
    "initial_data_type": "BBH_SKS",
    "object_types": "BHBH",
    "number_of_orbits": 18.1780695404,
    "reference_mass_ratio": 1.1859740088292068,
    "reference_chi_eff": 0.40167916039382096,
    "reference_chi1_perp": 2.0871402680057367e-08,
    "reference_chi2_perp": 5.38939360645356e-09,
    "reference_eccentricity": 0.0001275,
    "reference_dimensionless_spin1": [
        -6.46428377052e-08,
        -7.58426248623e-09,
        0.419942417905
    ],
    "reference_dimensionless_spin2": [
        -4.12166992242e-08,
        -1.14662169899e-08,
        0.380019411669
    ],
    "reference_orbital_frequency": [
        -1.82515881005e-09,
        -2.91127729988e-10,
        0.017507081789
    ],
    "reference_mass1": 0.542541320836,
    "reference_mass2": 0.457464764655,
    "reference_time": 550.0,
    "reference_position1": [
        -6.6875559425,
        0.080615108209,
        -2.88924372072e-06
    ],
    "reference_position2": [
        7.92846303846,
        -0.0806035968844,
        -1.36816665624e-06
    ],
    "reference_mean_anomaly": 2.784075,
    "keywords": [],
    "point_of_contact_email": "glovelace@fullerton.edu",
    "authors_emails": [],
    "simulation_bibtex_keys": [
        "Abbott:2016apu",
        "Boyle:2019kee",
        "SXSCatalogWebsite"
    ],
    "code_bibtex_keys": [
        "Ossokine:2013zga",
        "Hemberger:2012jz",
        "Szilagyi:2009qz",
        "Boyle:2009vi",
        "Scheel:2008rj",
        "Boyle:2007ft",
        "Scheel:2006gg",
        "Lindblom:2005qh",
        "Pfeiffer:2002wt",
        "SpECwebsite"
    ],
    "initial_data_bibtex_keys": [
        "Buchman:2012dw",
        "Lovelace:2008tw",
        "Pfeiffer:2007yz",
        "Caudill:2006hw",
        "Cook:2004kt"
    ],
    "quasicircular_bibtex_keys": [
        "Mroue:2012kv",
        "Buonanno:2010yk",
        "Mroue:2010re",
        "Boyle:2007ft"
    ],
    "initial_separation": 14.3946533203,
    "initial_orbital_frequency": 0.01656844493,
    "initial_adot": 8.0745387665e-05,
    "object1": "bh",
    "object2": "bh",
    "initial_ADM_energy": 0.992291015025669,
    "initial_ADM_linear_momentum": [
        -5.4785e-11,
        4.08774e-10,
        -3.58e-14
    ],
    "initial_ADM_angular_momentum": [
        8.05e-14,
        -1.943e-13,
        1.263872056562256
    ],
    "initial_mass1": 0.5425383400145709,
    "initial_mass2": 0.4574616302769092,
    "initial_dimensionless_spin1": [
        2.5006e-12,
        9.121e-13,
        0.419999990069
    ],
    "initial_dimensionless_spin2": [
        -6.77699999999e-13,
        -6.67999999999e-14,
        0.379999989139
    ],
    "initial_position1": [
        6.57726326888431,
        0.0041425307361037,
        0.0
    ],
    "initial_position2": [
        -7.81739005141569,
        0.0041425307361037,
        0.0
    ],
    "relaxation_time": 550.0,
    "common_horizon_time": 4382.02740752,
    "remnant_mass": 0.938245922203,
    "remnant_dimensionless_spin": [
        -8.55743135106e-08,
        -1.43504881056e-08,
        0.802821983616
    ],
    "remnant_velocity": [
        5.87269002513e-05,
        5.4911733848e-06,
        1.89698440056e-08
    ],
    "metadata_version": 1,
    "spec_revisions": "InitialCommit-28921-gba01e07",
    "spells_revision": "ba01e0763f47d6d86441ce90899b2488ed90247e",
    "com_parameters": {
        "space_translation": [
            -0.0065907238,
            -0.00237758669,
            -6.88264013e-06
        ],
        "boost_velocity": [
            -3.12597526e-07,
            8.23739899e-06,
            1.93367235e-09
        ]
    },
    "initial_mass_ratio": 1.1859756187336703
}