{
    "simulation_name": "0025/Lev3",
    "alternative_names": [
        "PRIVATE:BBH:0298",
        "SXS:BBH:0349"
    ],
    "initial_data_type": "BBH_SKS",
    "object_types": "BHBH",
    "number_of_orbits": 20.078838907,
    "reference_mass_ratio": 0.9999468515123217,
    "reference_chi_eff": 0.42068789307813664,
    "reference_chi1_perp": 0.7988702547180021,
    "reference_chi2_perp": 0.003741501387897147,
    "reference_eccentricity": 0.0002092,
    "reference_dimensionless_spin1": [
        -0.203410677151,
        0.770885353856,
        0.0654509029562
    ],
    "reference_dimensionless_spin2": [
        0.077581709056,
        -0.00676083354914,
        0.795967361081
    ],
    "reference_orbital_frequency": [
        0.00153393637633,
        -9.94064443673e-05,
        0.016417800473
    ],
    "reference_mass1": 0.500012599969,
    "reference_mass2": 0.500039176295,
    "reference_time": 570.0,
    "reference_position1": [
        -7.42354695913,
        1.59501197785,
        0.72246041122
    ],
    "reference_position2": [
        7.39416467355,
        -1.56358523878,
        -0.681102255025
    ],
    "reference_mean_anomaly": 3.074663,
    "keywords": [],
    "point_of_contact_email": "daniel.hemberger@gmail.com",
    "authors_emails": [],
    "simulation_bibtex_keys": [
        "Blackman:2017dfb",
        "Boyle:2019kee",
        "SXSCatalogWebsite"
    ],
    "code_bibtex_keys": [
        "Ossokine:2013zga",
        "Hemberger:2012jz",
        "Szilagyi:2009qz",
        "Boyle:2009vi",
        "Scheel:2008rj",
        "Boyle:2007ft",
        "Scheel:2006gg",
        "Lindblom:2005qh",
        "Pfeiffer:2002wt",
        "SpECwebsite"
    ],
    "initial_data_bibtex_keys": [
        "Buchman:2012dw",
        "Lovelace:2008tw",
        "Pfeiffer:2007yz",
        "Caudill:2006hw",
        "Cook:2004kt"
    ],
    "quasicircular_bibtex_keys": [
        "Mroue:2012kv",
        "Buonanno:2010yk",
        "Mroue:2010re",
        "Boyle:2007ft"
    ],
    "initial_separation": 14.9547729492,
    "initial_orbital_frequency": 0.015533354176,
    "initial_adot": 0.0002943091993734,
    "object1": "bh",
    "object2": "bh",
    "initial_ADM_energy": 0.9925461868422555,
    "initial_ADM_linear_momentum": [
        -9.8458926e-09,
        -4.98650253e-08,
        1.1929553e-09
    ],
    "initial_ADM_angular_momentum": [
        0.0668384721814139,
        0.1752526462084545,
        1.2952121930248237
    ],
    "initial_mass1": 0.499999996314713,
    "initial_mass2": 0.499999972003743,
    "initial_dimensionless_spin1": [
        0.203837413554,
        0.772166895151,
        0.0469787054337
    ],
    "initial_dimensionless_spin2": [
        0.0619560443633,
        -0.023435266874,
        0.797252870432
    ],
    "initial_position1": [
        7.498952605035296,
        -0.0009548281622088,
        0.0048907004477185
    ],
    "initial_position2": [
        -7.455820344164705,
        -0.0009548281622088,
        0.0048907004477185
    ],
    "relaxation_time": 570.0,
    "common_horizon_time": 5084.28163564,
    "remnant_mass": 0.932988474065,
    "remnant_dimensionless_spin": [
        0.0385838823923,
        0.1203394564,
        0.811279060882
    ],
    "remnant_velocity": [
        0.000379189139922,
        0.000595214900918,
        0.00727663186616
    ],
    "metadata_version": 1,
    "spec_revisions": [
        "InitialCommit-28971-g2d4b796",
        "InitialCommit-28997-g8de95ad",
        "InitialCommit-29042-gaae6304"
    ],
    "spells_revision": "2d4b796de925e97fe323094e8c08fb6ad6e8a830",
    "com_parameters": {
        "space_translation": [
            -0.00153837,
            -0.00169879,
            -0.00186301
        ],
        "boost_velocity": [
            1.24535371e-06,
            1.42685336e-06,
            8.91478487e-07
        ]
    },
    "initial_mass_ratio": 1.0000000486219427
}