{
    "simulation_name": "BBH_CFMS_d18_q1_sA_0_0_0_sB_0_0_0/Lev4",
    "alternative_names": [
        "PRIVATE:BBH:0128",
        "SXS:BBH:0180"
    ],
    "initial_data_type": "BBH_CFMS",
    "object_types": "BHBH",
    "number_of_orbits": 28.1825121856,
    "reference_mass_ratio": 1.000000000542,
    "reference_chi_eff": -2.913895740615034e-09,
    "reference_chi1_perp": 3.1901612490956873e-12,
    "reference_chi2_perp": 3.280102407029988e-12,
    "reference_eccentricity": 5.11e-05,
    "reference_dimensionless_spin1": [
        -2.78241749107e-12,
        1.5605388945e-12,
        -3.67050658542e-09
    ],
    "reference_dimensionless_spin2": [
        2.27899839037e-12,
        -2.35907568866e-12,
        -2.1572848954e-09
    ],
    "reference_orbital_frequency": [
        -1.25723559892e-13,
        -1.60586989177e-13,
        0.0122671107427
    ],
    "reference_mass1": 0.499999985387,
    "reference_mass2": 0.499999985116,
    "reference_time": 250.0,
    "reference_position1": [
        -9.23165599402,
        0.645733323785,
        3.68318003734e-10
    ],
    "reference_position2": [
        9.23165600699,
        -0.645734195972,
        5.40638974489e-10
    ],
    "reference_mean_anomaly": 2.294062,
    "keywords": [],
    "point_of_contact_email": "jonathan.blackman.0@gmail.com",
    "authors_emails": [],
    "simulation_bibtex_keys": [
        "Blackman:2015pia",
        "Boyle:2019kee",
        "SXSCatalogWebsite"
    ],
    "code_bibtex_keys": [
        "Ossokine:2013zga",
        "Hemberger:2012jz",
        "Szilagyi:2009qz",
        "Boyle:2009vi",
        "Scheel:2008rj",
        "Boyle:2007ft",
        "Scheel:2006gg",
        "Lindblom:2005qh",
        "Pfeiffer:2002wt",
        "SpECwebsite"
    ],
    "initial_data_bibtex_keys": [
        "Buchman:2012dw",
        "Lovelace:2008tw",
        "Pfeiffer:2007yz",
        "Caudill:2006hw",
        "Cook:2004kt"
    ],
    "quasicircular_bibtex_keys": [
        "Mroue:2012kv",
        "Buonanno:2010yk",
        "Mroue:2010re",
        "Boyle:2007ft"
    ],
    "initial_separation": 18.0,
    "initial_orbital_frequency": 0.01220183231,
    "initial_adot": -2.50021e-05,
    "object1": "bh",
    "object2": "bh",
    "initial_ADM_energy": 0.9937350479750683,
    "initial_ADM_linear_momentum": [
        5e-15,
        3.539e-13,
        -3.778e-13
    ],
    "initial_ADM_angular_momentum": [
        -1.5698901172e-06,
        -3.87578732e-07,
        1.184610674783749
    ],
    "initial_mass1": 0.5000000000000292,
    "initial_mass2": 0.5000000000001,
    "initial_dimensionless_spin1": [
        -5.0082e-12,
        4.1667e-12,
        2.937058e-10
    ],
    "initial_dimensionless_spin2": [
        2.79258e-11,
        -4.32886e-11,
        1.0971127e-09
    ],
    "initial_position1": [
        8.999999882033423,
        -3.76175053e-08,
        0.0
    ],
    "initial_position2": [
        -9.000000117966577,
        -3.76175053e-08,
        0.0
    ],
    "relaxation_time": 250.0,
    "common_horizon_time": 9514.523546,
    "remnant_mass": 0.951614826833,
    "remnant_dimensionless_spin": [
        -2.14539980535e-13,
        -8.96386037449e-12,
        0.686429826547
    ],
    "remnant_velocity": [
        1.16344449238e-09,
        -1.34056302822e-09,
        1.06184135552e-08
    ],
    "metadata_version": 1,
    "spec_revisions": "InitialCommit-26155-g10d249f",
    "spells_revision": "10d249f1181635ece876b867b3d68ef34141cbf4",
    "com_parameters": {
        "space_translation": [
            -4.67945662e-07,
            -1.43351162e-07,
            -4.94774343e-06
        ],
        "boost_velocity": [
            1.40098435e-09,
            -1.50812856e-09,
            2.80073207e-09
        ]
    },
    "initial_mass_ratio": 0.9999999999998583
}