{
    "simulation_name": "BBH_CFMS_d15.6_q3_sA_0_0_-0.300_sB_0_0_0/Lev5",
    "alternative_names": [
        "PRIVATE:BBH:0069",
        "SXS:BBH:0271"
    ],
    "initial_data_type": "BBH_CFMS",
    "object_types": "BHBH",
    "number_of_orbits": 22.5306242921,
    "reference_mass_ratio": 3.0001526262791747,
    "reference_chi_eff": -0.22497637481554436,
    "reference_chi1_perp": 2.5836828300639777e-12,
    "reference_chi2_perp": 1.807345520328811e-11,
    "reference_eccentricity": "<4.9e-05",
    "reference_dimensionless_spin1": [
        2.61044095425e-13,
        9.43252408521e-14,
        -0.299964800386
    ],
    "reference_dimensionless_spin2": [
        -4.7498946569e-12,
        -1.74381301673e-11,
        3.47100198462e-07
    ],
    "reference_orbital_frequency": [
        2.05997889363e-14,
        -1.3021799598e-13,
        0.015084648242
    ],
    "reference_mass1": 0.750039516947,
    "reference_mass2": 0.250000453436,
    "reference_time": 220.0,
    "reference_position1": [
        -3.89885786742,
        -0.599516837075,
        -9.04540703705e-11
    ],
    "reference_position2": [
        11.4624010122,
        1.8197566301,
        -9.0547261015e-11
    ],
    "reference_mean_anomaly": 5.608017,
    "keywords": [],
    "point_of_contact_email": "tonyc@cita.utoronto.ca",
    "authors_emails": [],
    "simulation_bibtex_keys": [
        "Chu:2015kft",
        "Boyle:2019kee",
        "SXSCatalogWebsite"
    ],
    "code_bibtex_keys": [
        "Ossokine:2013zga",
        "Hemberger:2012jz",
        "Szilagyi:2009qz",
        "Boyle:2009vi",
        "Scheel:2008rj",
        "Boyle:2007ft",
        "Scheel:2006gg",
        "Lindblom:2005qh",
        "Pfeiffer:2002wt",
        "SpECwebsite"
    ],
    "initial_data_bibtex_keys": [
        "Buchman:2012dw",
        "Lovelace:2008tw",
        "Pfeiffer:2007yz",
        "Caudill:2006hw",
        "Cook:2004kt"
    ],
    "quasicircular_bibtex_keys": [
        "Mroue:2012kv",
        "Buonanno:2010yk",
        "Mroue:2010re",
        "Boyle:2007ft"
    ],
    "initial_separation": 15.6,
    "initial_orbital_frequency": 0.0150109775611,
    "initial_adot": -3.76186582016e-05,
    "object1": "bh",
    "object2": "bh",
    "initial_ADM_energy": 0.9947772620961438,
    "initial_ADM_linear_momentum": [
        5.6029277e-09,
        -1.2032037e-09,
        -3.3287973e-09
    ],
    "initial_ADM_angular_momentum": [
        -1.1641322017e-06,
        1.948598604e-07,
        0.681529827013822
    ],
    "initial_mass1": 0.749999999946908,
    "initial_mass2": 0.250000000041515,
    "initial_dimensionless_spin1": [
        -9.7e-15,
        6e-16,
        -0.299999999957
    ],
    "initial_dimensionless_spin2": [
        -4.25999999999e-14,
        -1.387e-13,
        4.04199e-11
    ],
    "initial_position1": [
        3.89050935966893,
        0.0184121362779379,
        0.0
    ],
    "initial_position2": [
        -11.709490640331069,
        0.0184121362779379,
        0.0
    ],
    "relaxation_time": 220.0,
    "common_horizon_time": 6444.81083185,
    "remnant_mass": 0.975211542641,
    "remnant_dimensionless_spin": [
        -3.06964645641e-10,
        -2.4515907112e-09,
        0.40693130667
    ],
    "remnant_velocity": [
        5.69256185994e-05,
        0.000750944291469,
        1.87571675134e-10
    ],
    "metadata_version": 1,
    "spec_revisions": [
        "InitialCommit-22272-g66cd00a",
        "InitialCommit-23906-g40010e4"
    ],
    "spells_revision": "InitialCommit-21916-g19475f2",
    "com_parameters": {
        "space_translation": [
            -0.0258726214,
            0.00675934944,
            -1.40746633e-09
        ],
        "boost_velocity": [
            3.08409008e-06,
            -3.53539227e-06,
            8.15434042e-13
        ]
    },
    "initial_mass_ratio": 2.999999999289452
}