{
    "simulation_name": "0382/Lev3",
    "alternative_names": [
        "PRIVATE:BBH:1060",
        "SXS:BBH:0993"
    ],
    "initial_data_type": "BBH_SKS",
    "object_types": "BHBH",
    "number_of_orbits": 17.3478213882,
    "reference_mass_ratio": 1.0000024406836165,
    "reference_chi_eff": -0.3978860808884195,
    "reference_chi1_perp": 0.019463035974632392,
    "reference_chi2_perp": 0.7998147229283624,
    "reference_eccentricity": 0.0004418,
    "reference_dimensionless_spin1": [
        0.00973602166447,
        -0.0657900254513,
        -0.796960424959
    ],
    "reference_dimensionless_spin2": [
        -0.690312513092,
        -0.403095324439,
        0.0264620875045
    ],
    "reference_orbital_frequency": [
        -0.000410495766441,
        0.00156587624993,
        0.0153101055831
    ],
    "reference_mass1": 0.500044319745,
    "reference_mass2": 0.500043099298,
    "reference_time": 610.0,
    "reference_position1": [
        -7.84514277572,
        1.76966345768,
        -0.397887847367
    ],
    "reference_position2": [
        7.80959397153,
        -1.74404166852,
        0.381220467801
    ],
    "reference_mean_anomaly": 3.212245,
    "keywords": [],
    "point_of_contact_email": "scheel@tapir.caltech.edu",
    "authors_emails": [],
    "simulation_bibtex_keys": [
        "Blackman:2017pcm",
        "Boyle:2019kee",
        "SXSCatalogWebsite"
    ],
    "code_bibtex_keys": [
        "Ossokine:2013zga",
        "Hemberger:2012jz",
        "Szilagyi:2009qz",
        "Boyle:2009vi",
        "Scheel:2008rj",
        "Boyle:2007ft",
        "Scheel:2006gg",
        "Lindblom:2005qh",
        "Pfeiffer:2002wt",
        "SpECwebsite"
    ],
    "initial_data_bibtex_keys": [
        "Buchman:2012dw",
        "Lovelace:2008tw",
        "Pfeiffer:2007yz",
        "Caudill:2006hw",
        "Cook:2004kt"
    ],
    "quasicircular_bibtex_keys": [
        "Mroue:2012kv",
        "Buonanno:2010yk",
        "Mroue:2010re",
        "Boyle:2007ft"
    ],
    "initial_separation": 15.8590698242,
    "initial_orbital_frequency": 0.014189979593,
    "initial_adot": -0.0001514545564969,
    "object1": "bh",
    "object2": "bh",
    "initial_ADM_energy": 0.9931330137868251,
    "initial_ADM_linear_momentum": [
        -3.88461206e-08,
        4.22095598e-08,
        4.8394646e-09
    ],
    "initial_ADM_angular_momentum": [
        -0.2017122929796274,
        0.0082804035128111,
        0.9436856280252085
    ],
    "initial_mass1": 0.5000000207998818,
    "initial_mass2": 0.4999999911290811,
    "initial_dimensionless_spin1": [
        -0.000461620201489,
        -0.0543066315377,
        -0.79815448689
    ],
    "initial_dimensionless_spin2": [
        -0.799507237461,
        0.0279896910472,
        -0.00144199626559
    ],
    "initial_position1": [
        7.952701474204848,
        0.0007956434307931,
        0.0224091636901064
    ],
    "initial_position2": [
        -7.9063683499951525,
        0.0007956434307931,
        0.0224091636901064
    ],
    "relaxation_time": 610.0,
    "common_horizon_time": 4978.99358461,
    "remnant_mass": 0.9591117392,
    "remnant_dimensionless_spin": [
        -0.117438131307,
        -0.0231442318991,
        0.575332052888
    ],
    "remnant_velocity": [
        0.00158958667063,
        -0.000770416540581,
        -0.00417274066535
    ],
    "metadata_version": 1,
    "spec_revisions": "InitialCommit-29628-g2cce9e5",
    "spells_revision": "2cce9e5c03773621b7d160cd7247fc453684f921",
    "com_parameters": {
        "space_translation": [
            -0.00108812,
            -0.00179108,
            -0.00140976
        ],
        "boost_velocity": [
            8.47341345e-07,
            2.06028691e-07,
            1.66570956e-06
        ]
    },
    "initial_mass_ratio": 1.0000000593416025
}