{
    "simulation_name": "0179/Lev3",
    "alternative_names": [
        "PRIVATE:BBH:0380",
        "SXS:BBH:0488"
    ],
    "initial_data_type": "BBH_SKS",
    "object_types": "BHBH",
    "number_of_orbits": 19.5650785284,
    "reference_mass_ratio": 1.7496451246423237,
    "reference_chi_eff": 0.09107688082517809,
    "reference_chi1_perp": 4.5429307173609975e-08,
    "reference_chi2_perp": 4.467553474351674e-08,
    "reference_eccentricity": 0.000474,
    "reference_dimensionless_spin1": [
        -2.21138053902e-08,
        7.21365611541e-08,
        0.600135129331
    ],
    "reference_dimensionless_spin2": [
        -1.42716810134e-08,
        -4.65961107145e-09,
        -0.799594401832
    ],
    "reference_orbital_frequency": [
        -3.37316205564e-10,
        7.52080221437e-10,
        0.0162660119437
    ],
    "reference_mass1": 0.63635317526,
    "reference_mass2": 0.363704139941,
    "reference_time": 400.0,
    "reference_position1": [
        5.49878600547,
        0.773526999977,
        -1.6211187976e-06
    ],
    "reference_position2": [
        -9.72759371859,
        -1.37442227304,
        -1.83756241514e-06
    ],
    "reference_mean_anomaly": 5.651229,
    "keywords": [],
    "point_of_contact_email": "daniel.hemberger@gmail.com",
    "authors_emails": [],
    "simulation_bibtex_keys": [
        "Blackman:2017dfb",
        "Boyle:2019kee",
        "SXSCatalogWebsite"
    ],
    "code_bibtex_keys": [
        "Ossokine:2013zga",
        "Hemberger:2012jz",
        "Szilagyi:2009qz",
        "Boyle:2009vi",
        "Scheel:2008rj",
        "Boyle:2007ft",
        "Scheel:2006gg",
        "Lindblom:2005qh",
        "Pfeiffer:2002wt",
        "SpECwebsite"
    ],
    "initial_data_bibtex_keys": [
        "Buchman:2012dw",
        "Lovelace:2008tw",
        "Pfeiffer:2007yz",
        "Caudill:2006hw",
        "Cook:2004kt"
    ],
    "quasicircular_bibtex_keys": [
        "Mroue:2012kv",
        "Buonanno:2010yk",
        "Mroue:2010re",
        "Boyle:2007ft"
    ],
    "initial_separation": 15.0041503906,
    "initial_orbital_frequency": 0.015351417382,
    "initial_adot": -0.0001476795377071,
    "object1": "bh",
    "object2": "bh",
    "initial_ADM_energy": 0.9931921901397718,
    "initial_ADM_linear_momentum": [
        -2.02482074e-08,
        2.63743159e-08,
        9.1919e-12
    ],
    "initial_ADM_angular_momentum": [
        -1.37785e-11,
        -5.1796e-12,
        1.1539413013759319
    ],
    "initial_mass1": 0.636363661133168,
    "initial_mass2": 0.363636374376559,
    "initial_dimensionless_spin1": [
        -3.56699999999e-13,
        9.16999999999e-13,
        0.600000002342
    ],
    "initial_dimensionless_spin2": [
        2.9729e-12,
        9.37399999997e-13,
        -0.799999981201
    ],
    "initial_position1": [
        5.426856038055435,
        0.0170163839308793,
        -3.5819602e-09
    ],
    "initial_position2": [
        -9.577294352544564,
        0.0170163839308793,
        -3.5819602e-09
    ],
    "relaxation_time": 400.0,
    "common_horizon_time": 5076.51329508,
    "remnant_mass": 0.951331420505,
    "remnant_dimensionless_spin": [
        -2.08821118278e-08,
        4.7890660477e-08,
        0.753432947015
    ],
    "remnant_velocity": [
        0.000526620496792,
        0.000269507322747,
        -1.19866196334e-08
    ],
    "metadata_version": 1,
    "spec_revisions": "InitialCommit-29041-g3c13f91",
    "spells_revision": "3c13f911824a07e91b9d6abdef6397df5e5d90da",
    "com_parameters": {
        "space_translation": [
            -0.00127467043,
            -0.000820872666,
            4.06824681e-06
        ],
        "boost_velocity": [
            3.27419671e-06,
            -2.54696418e-06,
            -9.54295295e-09
        ]
    },
    "initial_mass_ratio": 1.7500000164290215
}