{
    "simulation_name": "0111/Lev3",
    "alternative_names": [
        "PRIVATE:BBH:0807",
        "SXS:BBH:0737"
    ],
    "initial_data_type": "BBH_SKS",
    "object_types": "BHBH",
    "number_of_orbits": 19.2255550679,
    "reference_mass_ratio": 1.9994851814642371,
    "reference_chi_eff": 0.0030750034472829826,
    "reference_chi1_perp": 0.40009715349619707,
    "reference_chi2_perp": 0.7996429382546995,
    "reference_eccentricity": 0.0003234,
    "reference_dimensionless_spin1": [
        -0.338843959024,
        -0.211924534135,
        0.0187466500212
    ],
    "reference_dimensionless_spin2": [
        -0.649502366654,
        -0.463726080463,
        0.0508593648369
    ],
    "reference_orbital_frequency": [
        -0.000817881769713,
        0.00267697416528,
        0.0163370085659
    ],
    "reference_mass1": 0.666593152959,
    "reference_mass2": 0.333382392197,
    "reference_time": 640.0,
    "reference_position1": [
        -2.92400830725,
        -4.06835242439,
        0.518554228054
    ],
    "reference_position2": [
        5.82083665957,
        8.22172976783,
        -1.05749827487
    ],
    "reference_mean_anomaly": 2.367802,
    "keywords": [],
    "point_of_contact_email": "mgiesler@tapir.caltech.edu",
    "authors_emails": [],
    "simulation_bibtex_keys": [
        "Blackman:2017pcm",
        "Boyle:2019kee",
        "SXSCatalogWebsite"
    ],
    "code_bibtex_keys": [
        "Ossokine:2013zga",
        "Hemberger:2012jz",
        "Szilagyi:2009qz",
        "Boyle:2009vi",
        "Scheel:2008rj",
        "Boyle:2007ft",
        "Scheel:2006gg",
        "Lindblom:2005qh",
        "Pfeiffer:2002wt",
        "SpECwebsite"
    ],
    "initial_data_bibtex_keys": [
        "Buchman:2012dw",
        "Lovelace:2008tw",
        "Pfeiffer:2007yz",
        "Caudill:2006hw",
        "Cook:2004kt"
    ],
    "quasicircular_bibtex_keys": [
        "Mroue:2012kv",
        "Buonanno:2010yk",
        "Mroue:2010re",
        "Boyle:2007ft"
    ],
    "initial_separation": 14.9838867188,
    "initial_orbital_frequency": 0.015405908265,
    "initial_adot": -1.96414094057e-05,
    "object1": "bh",
    "object2": "bh",
    "initial_ADM_energy": 0.9934818114976666,
    "initial_ADM_linear_momentum": [
        3.59462106e-08,
        2.13240011e-08,
        1.18293128e-08
    ],
    "initial_ADM_angular_momentum": [
        -0.2662176021345525,
        0.0053004030582965,
        0.9811831761083947
    ],
    "initial_mass1": 0.6666667234264309,
    "initial_mass2": 0.3333333210506191,
    "initial_dimensionless_spin1": [
        -0.396395300095,
        -0.0534614165378,
        0.00346480366996
    ],
    "initial_dimensionless_spin2": [
        -0.792910228605,
        0.106254163818,
        -0.000899791308256
    ],
    "initial_position1": [
        5.001566774197902,
        0.0204625940755621,
        0.0008112297064846
    ],
    "initial_position2": [
        -9.982319944602096,
        0.0204625940755621,
        0.0008112297064846
    ],
    "relaxation_time": 640.0,
    "common_horizon_time": 5048.92418204,
    "remnant_mass": 0.96037646602,
    "remnant_dimensionless_spin": [
        -0.177164195246,
        -0.0208781724484,
        0.641775509495
    ],
    "remnant_velocity": [
        -2.23686826656e-05,
        0.000386091254111,
        0.00123482116729
    ],
    "metadata_version": 1,
    "spec_revisions": "InitialCommit-29628-g2cce9e5",
    "spells_revision": "2cce9e5c03773621b7d160cd7247fc453684f921",
    "com_parameters": {
        "space_translation": [
            -0.00328987,
            -0.00387703,
            0.00110702
        ],
        "boost_velocity": [
            6.22069959e-06,
            1.55331818e-05,
            -2.80346735e-06
        ]
    },
    "initial_mass_ratio": 2.000000243975587
}