{
    "simulation_name": "BBH_CFMS_d12.6_q4_sA_0_0_0_sB_0_0_0/Lev4",
    "alternative_names": [
        "PRIVATE:BBH:0127",
        "SXS:BBH:0182"
    ],
    "initial_data_type": "BBH_CFMS",
    "object_types": "BHBH",
    "number_of_orbits": 15.5562869105,
    "reference_mass_ratio": 3.9999765924197983,
    "reference_chi_eff": 6.551971288690628e-06,
    "reference_chi1_perp": 1.069157805582359e-07,
    "reference_chi2_perp": 4.062160042714655e-08,
    "reference_eccentricity": "<6.8e-05",
    "reference_dimensionless_spin1": [
        1.02500072124e-07,
        -3.04088010689e-08,
        1.19525990708e-05
    ],
    "reference_dimensionless_spin2": [
        3.99465024349e-08,
        7.37704067693e-09,
        -1.50504134191e-05
    ],
    "reference_orbital_frequency": [
        -3.91263506941e-10,
        -6.28328845381e-10,
        0.0207726424709
    ],
    "reference_mass1": 0.799999412804,
    "reference_mass2": 0.200001023586,
    "reference_time": 310.0,
    "reference_position1": [
        2.55231539088,
        0.257243786731,
        -1.6173377584e-06
    ],
    "reference_position2": [
        -10.363682598,
        -1.16503787961,
        -1.90363832293e-06
    ],
    "reference_mean_anomaly": 4.912563,
    "keywords": [],
    "point_of_contact_email": "jonathan.blackman.0@gmail.com",
    "authors_emails": [],
    "simulation_bibtex_keys": [
        "Blackman:2015pia",
        "Boyle:2019kee",
        "SXSCatalogWebsite"
    ],
    "code_bibtex_keys": [
        "Ossokine:2013zga",
        "Hemberger:2012jz",
        "Szilagyi:2009qz",
        "Boyle:2009vi",
        "Scheel:2008rj",
        "Boyle:2007ft",
        "Scheel:2006gg",
        "Lindblom:2005qh",
        "Pfeiffer:2002wt",
        "SpECwebsite"
    ],
    "initial_data_bibtex_keys": [
        "Buchman:2012dw",
        "Lovelace:2008tw",
        "Pfeiffer:2007yz",
        "Caudill:2006hw",
        "Cook:2004kt"
    ],
    "quasicircular_bibtex_keys": [
        "Mroue:2012kv",
        "Buonanno:2010yk",
        "Mroue:2010re",
        "Boyle:2007ft"
    ],
    "initial_separation": 12.5652,
    "initial_orbital_frequency": 0.02030769,
    "initial_adot": -6.608e-05,
    "object1": "bh",
    "object2": "bh",
    "initial_ADM_energy": 0.9945679400572744,
    "initial_ADM_linear_momentum": [
        5.857e-13,
        -2.5855e-12,
        1.5601e-12
    ],
    "initial_ADM_angular_momentum": [
        5.335566667e-07,
        3.811319427e-07,
        0.665487245045109
    ],
    "initial_mass1": 0.8000000000017162,
    "initial_mass2": 0.2000000000030279,
    "initial_dimensionless_spin1": [
        2.528364e-09,
        -9.92451e-11,
        1.54966285e-08
    ],
    "initial_dimensionless_spin2": [
        7.360544e-10,
        -9.99069e-10,
        -1.36496993e-08
    ],
    "initial_position1": [
        2.5015239866201675,
        0.0186860465048764,
        0.0
    ],
    "initial_position2": [
        -10.063676013379833,
        0.0186860465048764,
        0.0
    ],
    "relaxation_time": 310.0,
    "common_horizon_time": 3321.68890041,
    "remnant_mass": 0.977899284822,
    "remnant_dimensionless_spin": [
        2.92851075763e-08,
        -2.72228568822e-08,
        0.471647259902
    ],
    "remnant_velocity": [
        -0.000137049980762,
        0.000518621997154,
        -3.88872569004e-09
    ],
    "metadata_version": 1,
    "spec_revisions": "InitialCommit-25985-gd85a088",
    "spells_revision": "d85a08851360c84b718e4fa33a53ae8de6491546",
    "com_parameters": {
        "space_translation": [
            -0.019126045,
            -0.00277431894,
            -2.07372444e-07
        ],
        "boost_velocity": [
            -1.8210922e-06,
            5.55003277e-06,
            -6.40939982e-09
        ]
    },
    "initial_mass_ratio": 3.9999999999480234
}