{
    "simulation_name": "BBH_SKS_d12.7_q7.19_sA_0_0_0_sB_0_0_0/Lev3",
    "alternative_names": [
        "PRIVATE:BBH:0134",
        "SXS:BBH:0188"
    ],
    "initial_data_type": "BBH_SKS",
    "object_types": "BHBH",
    "number_of_orbits": 22.3379564975,
    "reference_mass_ratio": 7.187413151834942,
    "reference_chi_eff": -1.623967173382634e-06,
    "reference_chi1_perp": 4.120521374932214e-08,
    "reference_chi2_perp": 1.000863539809147e-08,
    "reference_eccentricity": 0.0001609,
    "reference_dimensionless_spin1": [
        3.11420843484e-08,
        -2.69822394626e-08,
        1.55253061236e-06
    ],
    "reference_dimensionless_spin2": [
        -5.68947604945e-09,
        8.23445524209e-09,
        -2.44547691377e-05
    ],
    "reference_orbital_frequency": [
        1.42867484152e-10,
        -8.31140237447e-11,
        0.0202943524787
    ],
    "reference_mass1": 0.877861243694,
    "reference_mass2": 0.122138692343,
    "reference_time": 320.0,
    "reference_position1": [
        1.55491120203,
        0.271668615866,
        1.61232187516e-07
    ],
    "reference_position2": [
        -11.3177769115,
        -2.08169918863,
        2.42214850018e-07
    ],
    "reference_mean_anomaly": 2.739578,
    "keywords": [],
    "point_of_contact_email": "jonathan.blackman.0@gmail.com",
    "authors_emails": [],
    "simulation_bibtex_keys": [
        "Blackman:2015pia",
        "Boyle:2019kee",
        "SXSCatalogWebsite"
    ],
    "code_bibtex_keys": [
        "Ossokine:2013zga",
        "Hemberger:2012jz",
        "Szilagyi:2009qz",
        "Boyle:2009vi",
        "Scheel:2008rj",
        "Boyle:2007ft",
        "Scheel:2006gg",
        "Lindblom:2005qh",
        "Pfeiffer:2002wt",
        "SpECwebsite"
    ],
    "initial_data_bibtex_keys": [
        "Buchman:2012dw",
        "Lovelace:2008tw",
        "Pfeiffer:2007yz",
        "Caudill:2006hw",
        "Cook:2004kt"
    ],
    "quasicircular_bibtex_keys": [
        "Mroue:2012kv",
        "Buonanno:2010yk",
        "Mroue:2010re",
        "Boyle:2007ft"
    ],
    "initial_separation": 12.7,
    "initial_orbital_frequency": 0.01998434,
    "initial_adot": 3.981e-05,
    "object1": "bh",
    "object2": "bh",
    "initial_ADM_energy": 0.9963795434522583,
    "initial_ADM_linear_momentum": [
        -5.082906e-09,
        -1.55797575e-08,
        -4.661571e-10
    ],
    "initial_ADM_angular_momentum": [
        0.0003393437631746,
        0.0009513112192812,
        0.5052757930238738
    ],
    "initial_mass1": 0.8778614245009333,
    "initial_mass2": 0.1221373100037321,
    "initial_dimensionless_spin1": [
        -1.9174e-12,
        9.86788e-11,
        -3.1573646e-09
    ],
    "initial_dimensionless_spin2": [
        -4.7082e-12,
        -1.7822e-12,
        -3.34728611e-08
    ],
    "initial_position1": [
        1.5496747317314044,
        0.0313919645912285,
        0.0
    ],
    "initial_position2": [
        -11.150325268268595,
        0.0313919645912285,
        0.0
    ],
    "relaxation_time": 320.0,
    "common_horizon_time": 4931.03539277,
    "remnant_mass": 0.988019420749,
    "remnant_dimensionless_spin": [
        1.38879347539e-08,
        -9.67194501405e-09,
        0.330594648834
    ],
    "remnant_velocity": [
        0.000324087074155,
        0.000113859128421,
        1.34112866687e-08
    ],
    "metadata_version": 1,
    "spec_revisions": "InitialCommit-25892-g701103e",
    "spells_revision": "1acfdd65a2ce68485ebb976b59a5808aaa5b8a92",
    "com_parameters": {
        "space_translation": [
            -0.0114572071,
            -0.00484699652,
            -6.64700443e-06
        ],
        "boost_velocity": [
            2.4942742e-06,
            1.20341955e-05,
            7.23195928e-09
        ]
    },
    "initial_mass_ratio": 7.187495978698965
}