{
    "simulation_name": "BBH_CFMS_d15.5_q2_sA_0_0_0.300_sB_0_0_0.300/Lev5",
    "alternative_names": [
        "PRIVATE:BBH:0067",
        "SXS:BBH:0251"
    ],
    "initial_data_type": "BBH_CFMS",
    "object_types": "BHBH",
    "number_of_orbits": 23.5105698295,
    "reference_mass_ratio": 1.9999700352746532,
    "reference_chi_eff": 0.29995647702877476,
    "reference_chi1_perp": 2.0023862731015266e-12,
    "reference_chi2_perp": 2.167237638662218e-12,
    "reference_eccentricity": "<5.1e-05",
    "reference_dimensionless_spin1": [
        -3.50113780509e-13,
        -3.82071966404e-14,
        0.299963708058
    ],
    "reference_dimensionless_spin2": [
        -1.05915466985e-12,
        -3.38562128203e-13,
        0.299942015187
    ],
    "reference_orbital_frequency": [
        2.45983088046e-14,
        -9.37398135732e-14,
        0.0151413422936
    ],
    "reference_mass1": 0.666703080139,
    "reference_mass2": 0.333356534538,
    "reference_time": 220.0,
    "reference_position1": [
        -5.0987189006,
        -0.846796527347,
        5.75153720004e-11
    ],
    "reference_position2": [
        10.12049089,
        1.70640360477,
        4.85973834117e-11
    ],
    "reference_mean_anomaly": 5.371885,
    "keywords": [],
    "point_of_contact_email": "tonyc@cita.utoronto.ca",
    "authors_emails": [],
    "simulation_bibtex_keys": [
        "Chu:2015kft",
        "Boyle:2019kee",
        "SXSCatalogWebsite"
    ],
    "code_bibtex_keys": [
        "Ossokine:2013zga",
        "Hemberger:2012jz",
        "Szilagyi:2009qz",
        "Boyle:2009vi",
        "Scheel:2008rj",
        "Boyle:2007ft",
        "Scheel:2006gg",
        "Lindblom:2005qh",
        "Pfeiffer:2002wt",
        "SpECwebsite"
    ],
    "initial_data_bibtex_keys": [
        "Buchman:2012dw",
        "Lovelace:2008tw",
        "Pfeiffer:2007yz",
        "Caudill:2006hw",
        "Cook:2004kt"
    ],
    "quasicircular_bibtex_keys": [
        "Mroue:2012kv",
        "Buonanno:2010yk",
        "Mroue:2010re",
        "Boyle:2007ft"
    ],
    "initial_separation": 15.5,
    "initial_orbital_frequency": 0.0150433392426,
    "initial_adot": -2.37900739272e-05,
    "object1": "bh",
    "object2": "bh",
    "initial_ADM_energy": 0.9936613165987526,
    "initial_ADM_linear_momentum": [
        3.324769e-10,
        1.187348e-09,
        2.8616967e-09
    ],
    "initial_ADM_angular_momentum": [
        -2.573221085e-07,
        -6.741012546e-07,
        1.149916335432727
    ],
    "initial_mass1": 0.666666666545345,
    "initial_mass2": 0.333333333494304,
    "initial_dimensionless_spin1": [
        3.35000000001e-14,
        -6.00000000001e-15,
        0.300000000025
    ],
    "initial_dimensionless_spin2": [
        5.1e-15,
        4.3e-15,
        0.300000000031
    ],
    "initial_position1": [
        5.154929469552531,
        0.0122483926404765,
        0.0
    ],
    "initial_position2": [
        -10.345070530447469,
        0.0122483926404765,
        0.0
    ],
    "relaxation_time": 220.0,
    "common_horizon_time": 6372.87050491,
    "remnant_mass": 0.952943336666,
    "remnant_dimensionless_spin": [
        -5.19029359665e-11,
        -2.92950287036e-10,
        0.73437528446
    ],
    "remnant_velocity": [
        -4.18113318337e-05,
        0.000307771962851,
        1.02651441648e-09
    ],
    "metadata_version": 1,
    "spec_revisions": [
        "InitialCommit-22272-g66cd00a",
        "InitialCommit-23906-g40010e4"
    ],
    "spells_revision": "InitialCommit-21916-g19475f2",
    "com_parameters": {
        "space_translation": [
            -0.0157743713,
            0.0022299113,
            4.73821178e-10
        ],
        "boost_velocity": [
            5.70285444e-07,
            -1.18763906e-06,
            -9.1019365e-14
        ]
    },
    "initial_mass_ratio": 1.999999998670211
}