{
    "simulation_name": "BBH_SKS_d15.4_q1_sA_0_0_0.995_sB_0_0_0.995_v2/Lev5",
    "alternative_names": [
        "PRIVATE:BBH:0122",
        "SXS:BBH:0178",
        "S^{++}_{0.994}"
    ],
    "initial_data_type": "BBH_SKS",
    "object_types": "BHBH",
    "number_of_orbits": 25.4295308127,
    "reference_mass_ratio": 1.0000000304232133,
    "reference_chi_eff": 0.994246662045497,
    "reference_chi1_perp": 4.502954497433477e-09,
    "reference_chi2_perp": 4.979569740992042e-09,
    "reference_eccentricity": "<1.8e-03",
    "reference_dimensionless_spin1": [
        4.7109731162e-09,
        2.31068284188e-10,
        0.994246477574
    ],
    "reference_dimensionless_spin2": [
        -4.73681333438e-09,
        -5.78703841629e-10,
        0.994246846517
    ],
    "reference_orbital_frequency": [
        3.57345473484e-12,
        -2.76188611538e-12,
        0.0156957089479
    ],
    "reference_mass1": 0.500111555216,
    "reference_mass2": 0.500111540001,
    "reference_time": 640.0,
    "reference_position1": [
        -7.0976927819,
        -3.29629361327,
        3.40697571922e-07
    ],
    "reference_position2": [
        7.09783917118,
        3.29627304727,
        3.38625720778e-07
    ],
    "reference_mean_anomaly": 5.803589,
    "keywords": [],
    "point_of_contact_email": "mgiesler@tapir.caltech.edu",
    "authors_emails": [],
    "simulation_bibtex_keys": [
        "Scheel:2014ina",
        "Boyle:2019kee",
        "SXSCatalogWebsite"
    ],
    "code_bibtex_keys": [
        "Ossokine:2013zga",
        "Hemberger:2012jz",
        "Szilagyi:2009qz",
        "Boyle:2009vi",
        "Scheel:2008rj",
        "Boyle:2007ft",
        "Scheel:2006gg",
        "Lindblom:2005qh",
        "Pfeiffer:2002wt",
        "SpECwebsite"
    ],
    "initial_data_bibtex_keys": [
        "Buchman:2012dw",
        "Lovelace:2008tw",
        "Pfeiffer:2007yz",
        "Caudill:2006hw",
        "Cook:2004kt"
    ],
    "quasicircular_bibtex_keys": [
        "Mroue:2012kv",
        "Buonanno:2010yk",
        "Mroue:2010re",
        "Boyle:2007ft"
    ],
    "initial_separation": 15.366,
    "initial_orbital_frequency": 0.01351337,
    "initial_adot": 0.001107529642,
    "object1": "bh",
    "object2": "bh",
    "initial_ADM_energy": 0.9927928469183155,
    "initial_ADM_linear_momentum": [
        8.4187e-12,
        -5.5388374e-09,
        2.0507725e-09
    ],
    "initial_ADM_angular_momentum": [
        0.000114634286705,
        0.0006570222282432,
        1.5663925101667366
    ],
    "initial_mass1": 0.499911514803461,
    "initial_mass2": 0.499911576573266,
    "initial_dimensionless_spin1": [
        -3.629e-13,
        -5.894e-13,
        0.994980719333
    ],
    "initial_dimensionless_spin2": [
        -2.392e-13,
        1.352e-13,
        0.994980732814
    ],
    "initial_position1": [
        7.683001226080391,
        -4.1066123108e-06,
        0.0
    ],
    "initial_position2": [
        -7.682998773919609,
        -4.1066123108e-06,
        0.0
    ],
    "relaxation_time": 640.0,
    "common_horizon_time": 6439.50982387,
    "remnant_mass": 0.886688798558,
    "remnant_dimensionless_spin": [
        1.69365641873e-10,
        -1.57102826472e-10,
        0.949930612567
    ],
    "remnant_velocity": [
        1.2997359416e-07,
        -2.53051680079e-08,
        3.32993816611e-09
    ],
    "metadata_version": 1,
    "spec_revisions": "InitialCommit-25906-g8f084a1",
    "spells_revision": "a3be01688dc263d6a0fa1a4e51e1e2ac6c905361",
    "com_parameters": {
        "space_translation": [
            -1.25306667e-05,
            1.31826792e-06,
            -1.20084053e-06
        ],
        "boost_velocity": [
            1.31582958e-07,
            -1.56376136e-08,
            1.13548606e-09
        ]
    },
    "initial_mass_ratio": 0.9999998764385386
}