{
    "simulation_name": "0022/Lev3",
    "alternative_names": [
        "PRIVATE:BBH:0241",
        "SXS:BBH:0346"
    ],
    "initial_data_type": "BBH_SKS",
    "object_types": "BHBH",
    "number_of_orbits": 18.1008077421,
    "reference_mass_ratio": 1.8019051176514038,
    "reference_chi_eff": -0.23096710880860727,
    "reference_chi1_perp": 0.6749884172952885,
    "reference_chi2_perp": 0.002303578710882244,
    "reference_eccentricity": 0.0004143,
    "reference_dimensionless_spin1": [
        -0.0957969805605,
        0.68535147244,
        -0.388938809095
    ],
    "reference_dimensionless_spin2": [
        0.0101322469879,
        -0.0027392096838,
        0.105171060114
    ],
    "reference_orbital_frequency": [
        0.00188460295227,
        -0.000480672550733,
        0.0159673427573
    ],
    "reference_mass1": 0.643116311735,
    "reference_mass2": 0.35690908774,
    "reference_time": 640.0,
    "reference_position1": [
        -4.43929332126,
        -3.32362156473,
        0.420139195246
    ],
    "reference_position2": [
        7.92615784076,
        6.0022158518,
        -0.75859742946
    ],
    "reference_mean_anomaly": 5.420149,
    "keywords": [],
    "point_of_contact_email": "daniel.hemberger@gmail.com",
    "authors_emails": [],
    "simulation_bibtex_keys": [
        "Blackman:2017dfb",
        "Boyle:2019kee",
        "SXSCatalogWebsite"
    ],
    "code_bibtex_keys": [
        "Ossokine:2013zga",
        "Hemberger:2012jz",
        "Szilagyi:2009qz",
        "Boyle:2009vi",
        "Scheel:2008rj",
        "Boyle:2007ft",
        "Scheel:2006gg",
        "Lindblom:2005qh",
        "Pfeiffer:2002wt",
        "SpECwebsite"
    ],
    "initial_data_bibtex_keys": [
        "Buchman:2012dw",
        "Lovelace:2008tw",
        "Pfeiffer:2007yz",
        "Caudill:2006hw",
        "Cook:2004kt"
    ],
    "quasicircular_bibtex_keys": [
        "Mroue:2012kv",
        "Buonanno:2010yk",
        "Mroue:2010re",
        "Boyle:2007ft"
    ],
    "initial_separation": 15.3732299805,
    "initial_orbital_frequency": 0.015329615123,
    "initial_adot": -5.688006913e-06,
    "object1": "bh",
    "object2": "bh",
    "initial_ADM_energy": 0.9934397317596887,
    "initial_ADM_linear_momentum": [
        -1.9156642e-09,
        -6.08315622e-08,
        -4.480344e-10
    ],
    "initial_ADM_angular_momentum": [
        0.0923557026377606,
        0.2463111633057166,
        0.8784566691873515
    ],
    "initial_mass1": 0.643102275880657,
    "initial_mass2": 0.356897740687899,
    "initial_dimensionless_spin1": [
        0.219196132998,
        0.645450210983,
        -0.407088035739
    ],
    "initial_dimensionless_spin2": [
        0.00785841635068,
        -0.00428135537364,
        0.105402774091
    ],
    "initial_position1": [
        5.509470306302403,
        0.0214456417206778,
        0.0095719584951607
    ],
    "initial_position2": [
        -9.863759674197595,
        0.0214456417206778,
        0.0095719584951607
    ],
    "relaxation_time": 640.0,
    "common_horizon_time": 4978.73867025,
    "remnant_mass": 0.963239639528,
    "remnant_dimensionless_spin": [
        0.0600416897082,
        0.194051086925,
        0.551859116365
    ],
    "remnant_velocity": [
        0.000566854142557,
        -0.000318321513407,
        -0.00154282931605
    ],
    "metadata_version": 1,
    "spec_revisions": "InitialCommit-28971-g2d4b796",
    "spells_revision": "2d4b796de925e97fe323094e8c08fb6ad6e8a830",
    "com_parameters": {
        "space_translation": [
            -0.00532688,
            -0.00118946,
            -0.00223442
        ],
        "boost_velocity": [
            4.02327115e-06,
            -1.69166601e-05,
            -9.1055215e-07
        ]
    },
    "initial_mass_ratio": 1.801923079258266
}