{
    "simulation_name": "0216/Lev3",
    "alternative_names": [
        "PRIVATE:BBH:0903",
        "SXS:BBH:0834"
    ],
    "initial_data_type": "BBH_SKS",
    "object_types": "BHBH",
    "number_of_orbits": 18.7173708798,
    "reference_mass_ratio": 1.0000873260067864,
    "reference_chi_eff": 0.00020785435064736544,
    "reference_chi1_perp": 0.7998471327302402,
    "reference_chi2_perp": 5.752058974229524e-06,
    "reference_eccentricity": 0.0006429,
    "reference_dimensionless_spin1": [
        -0.559557444044,
        -0.570706995148,
        0.0307349468684
    ],
    "reference_dimensionless_spin2": [
        -1.8652824575e-06,
        3.16222509911e-08,
        -4.15278388438e-05
    ],
    "reference_orbital_frequency": [
        -0.000784841247539,
        0.00160967552422,
        0.0158377039734
    ],
    "reference_mass1": 0.500040875582,
    "reference_mass2": 0.499997212822,
    "reference_time": 640.0,
    "reference_position1": [
        -6.62504713044,
        -4.13870155948,
        0.109221944891
    ],
    "reference_position2": [
        6.61559804622,
        4.1327907914,
        -0.0753132827024
    ],
    "reference_mean_anomaly": 2.550886,
    "keywords": [],
    "point_of_contact_email": "sfield@astro.cornell.edu",
    "authors_emails": [],
    "simulation_bibtex_keys": [
        "Blackman:2017pcm",
        "Boyle:2019kee",
        "SXSCatalogWebsite"
    ],
    "code_bibtex_keys": [
        "Ossokine:2013zga",
        "Hemberger:2012jz",
        "Szilagyi:2009qz",
        "Boyle:2009vi",
        "Scheel:2008rj",
        "Boyle:2007ft",
        "Scheel:2006gg",
        "Lindblom:2005qh",
        "Pfeiffer:2002wt",
        "SpECwebsite"
    ],
    "initial_data_bibtex_keys": [
        "Buchman:2012dw",
        "Lovelace:2008tw",
        "Pfeiffer:2007yz",
        "Caudill:2006hw",
        "Cook:2004kt"
    ],
    "quasicircular_bibtex_keys": [
        "Mroue:2012kv",
        "Buonanno:2010yk",
        "Mroue:2010re",
        "Boyle:2007ft"
    ],
    "initial_separation": 15.4167480469,
    "initial_orbital_frequency": 0.014973983631,
    "initial_adot": 8.75679277974e-05,
    "object1": "bh",
    "object2": "bh",
    "initial_ADM_energy": 0.9928317240906038,
    "initial_ADM_linear_momentum": [
        3.2206227e-09,
        1.8424239e-09,
        -1.0084106e-09
    ],
    "initial_ADM_angular_momentum": [
        -0.196885512784446,
        -0.0292803548206249,
        1.1147046689857723
    ],
    "initial_mass1": 0.5000000001074326,
    "initial_mass2": 0.5000000026159518,
    "initial_dimensionless_spin1": [
        -0.781063260844,
        -0.173025173756,
        0.000529083717497
    ],
    "initial_dimensionless_spin2": [
        3.02574244e-08,
        5.94213610998e-08,
        -1.828171698e-07
    ],
    "initial_position1": [
        7.7083208352595864,
        0.0029204554545689,
        -0.0225815465459101
    ],
    "initial_position2": [
        -7.708427211640414,
        0.0029204554545689,
        -0.0225815465459101
    ],
    "relaxation_time": 640.0,
    "common_horizon_time": 5073.66108159,
    "remnant_mass": 0.950281099871,
    "remnant_dimensionless_spin": [
        -0.116868253699,
        -0.00580805287077,
        0.699393184331
    ],
    "remnant_velocity": [
        9.50933558896e-05,
        0.000263806954321,
        -0.00223578342316
    ],
    "metadata_version": 1,
    "spec_revisions": "InitialCommit-29628-g2cce9e5",
    "spells_revision": "2cce9e5c03773621b7d160cd7247fc453684f921",
    "com_parameters": {
        "space_translation": [
            0.00020008,
            -0.00029948,
            0.00149245
        ],
        "boost_velocity": [
            5.02793057e-07,
            -1.47329949e-06,
            -1.26303776e-06
        ]
    },
    "initial_mass_ratio": 0.9999999949829617
}