{
    "simulation_name": "0252/Lev3",
    "alternative_names": [
        "PRIVATE:BBH:0936",
        "SXS:BBH:0867"
    ],
    "initial_data_type": "BBH_SKS",
    "object_types": "BHBH",
    "number_of_orbits": 17.3435766705,
    "reference_mass_ratio": 1.0000838167170107,
    "reference_chi_eff": -0.39954316177324517,
    "reference_chi1_perp": 0.010261119526547036,
    "reference_chi2_perp": 0.3999917472849544,
    "reference_eccentricity": 0.0006405,
    "reference_dimensionless_spin1": [
        -0.0115466659283,
        -0.0324403300427,
        -0.799104929549
    ],
    "reference_dimensionless_spin2": [
        -0.399898590557,
        -0.0063755739915,
        0.00586489824066
    ],
    "reference_orbital_frequency": [
        0.000184612111346,
        0.000819057628977,
        0.0153911724834
    ],
    "reference_mass1": 0.50003925347,
    "reference_mass2": 0.499997345334,
    "reference_time": 640.0,
    "reference_position1": [
        -7.83982854863,
        -1.80299368116,
        0.179522835383
    ],
    "reference_position2": [
        7.78782327719,
        1.80821164029,
        -0.200099904443
    ],
    "reference_mean_anomaly": 1.561515,
    "keywords": [],
    "point_of_contact_email": "sfield@astro.cornell.edu",
    "authors_emails": [],
    "simulation_bibtex_keys": [
        "Blackman:2017pcm",
        "Boyle:2019kee",
        "SXSCatalogWebsite"
    ],
    "code_bibtex_keys": [
        "Ossokine:2013zga",
        "Hemberger:2012jz",
        "Szilagyi:2009qz",
        "Boyle:2009vi",
        "Scheel:2008rj",
        "Boyle:2007ft",
        "Scheel:2006gg",
        "Lindblom:2005qh",
        "Pfeiffer:2002wt",
        "SpECwebsite"
    ],
    "initial_data_bibtex_keys": [
        "Buchman:2012dw",
        "Lovelace:2008tw",
        "Pfeiffer:2007yz",
        "Caudill:2006hw",
        "Cook:2004kt"
    ],
    "quasicircular_bibtex_keys": [
        "Mroue:2012kv",
        "Buonanno:2010yk",
        "Mroue:2010re",
        "Boyle:2007ft"
    ],
    "initial_separation": 15.8666381836,
    "initial_orbital_frequency": 0.014434122691,
    "initial_adot": -0.0002012669722016,
    "object1": "bh",
    "object2": "bh",
    "initial_ADM_energy": 0.9931004460875453,
    "initial_ADM_linear_momentum": [
        -3.699337e-08,
        -3.77955234e-08,
        2.7827843e-09
    ],
    "initial_ADM_angular_momentum": [
        -0.0895193061446791,
        0.0482009184106907,
        0.9446585075936031
    ],
    "initial_mass1": 0.4999999884177131,
    "initial_mass2": 0.4999999987550346,
    "initial_dimensionless_spin1": [
        -0.0136053193705,
        -0.02292825001,
        -0.799555591215
    ],
    "initial_dimensionless_spin2": [
        -0.342584612843,
        0.206483602485,
        -9.17121924531e-05
    ],
    "initial_position1": [
        7.956722486386584,
        0.0031878351852874,
        0.0083105237070058
    ],
    "initial_position2": [
        -7.909915697213415,
        0.0031878351852874,
        0.0083105237070058
    ],
    "relaxation_time": 640.0,
    "common_horizon_time": 4988.74179782,
    "remnant_mass": 0.959974449851,
    "remnant_dimensionless_spin": [
        -0.0603982120171,
        0.0169213491994,
        0.56268645312
    ],
    "remnant_velocity": [
        0.000369079335144,
        -3.29469875e-05,
        -0.00314618312686
    ],
    "metadata_version": 1,
    "spec_revisions": "InitialCommit-29628-g2cce9e5",
    "spells_revision": "2cce9e5c03773621b7d160cd7247fc453684f921",
    "com_parameters": {
        "space_translation": [
            0.00020629,
            -0.00248834,
            0.00033695
        ],
        "boost_velocity": [
            -1.17239843e-07,
            -1.91544108e-07,
            1.28825654e-07
        ]
    },
    "initial_mass_ratio": 0.999999979325357
}