{
    "simulation_name": "0153/Lev3",
    "alternative_names": [
        "PRIVATE:BBH:0304",
        "SXS:BBH:0464"
    ],
    "initial_data_type": "BBH_SKS",
    "object_types": "BHBH",
    "number_of_orbits": 18.1240374034,
    "reference_mass_ratio": 1.250001489576962,
    "reference_chi_eff": -0.1778344505095923,
    "reference_chi1_perp": 3.757588780207854e-08,
    "reference_chi2_perp": 3.2040020866367514e-08,
    "reference_eccentricity": 0.0001334,
    "reference_dimensionless_spin1": [
        3.39041785259e-08,
        -1.62008804019e-08,
        -2.50830978559e-05
    ],
    "reference_dimensionless_spin2": [
        2.22055326489e-08,
        -1.86381055137e-08,
        -0.400096424635
    ],
    "reference_orbital_frequency": [
        -3.27271600802e-10,
        -4.03305178928e-10,
        0.0157790170968
    ],
    "reference_mass1": 0.555562339039,
    "reference_mass2": 0.444449341598,
    "reference_time": 640.0,
    "reference_position1": [
        -6.28515918638,
        -3.05366918836,
        -1.09284950719e-05
    ],
    "reference_position2": [
        7.87304961394,
        3.83067160701,
        -1.04588796384e-05
    ],
    "reference_mean_anomaly": 4.58097,
    "keywords": [],
    "point_of_contact_email": "daniel.hemberger@gmail.com",
    "authors_emails": [],
    "simulation_bibtex_keys": [
        "Blackman:2017dfb",
        "Boyle:2019kee",
        "SXSCatalogWebsite"
    ],
    "code_bibtex_keys": [
        "Ossokine:2013zga",
        "Hemberger:2012jz",
        "Szilagyi:2009qz",
        "Boyle:2009vi",
        "Scheel:2008rj",
        "Boyle:2007ft",
        "Scheel:2006gg",
        "Lindblom:2005qh",
        "Pfeiffer:2002wt",
        "SpECwebsite"
    ],
    "initial_data_bibtex_keys": [
        "Buchman:2012dw",
        "Lovelace:2008tw",
        "Pfeiffer:2007yz",
        "Caudill:2006hw",
        "Cook:2004kt"
    ],
    "quasicircular_bibtex_keys": [
        "Mroue:2012kv",
        "Buonanno:2010yk",
        "Mroue:2010re",
        "Boyle:2007ft"
    ],
    "initial_separation": 15.5767211914,
    "initial_orbital_frequency": 0.015037385566,
    "initial_adot": -7.9673687869e-05,
    "object1": "bh",
    "object2": "bh",
    "initial_ADM_energy": 0.9929795689402803,
    "initial_ADM_linear_momentum": [
        -2.1597318e-09,
        -4.6807017e-09,
        2.8239e-12
    ],
    "initial_ADM_angular_momentum": [
        2.013211795e-07,
        -1.606415549e-07,
        1.0339815437130753
    ],
    "initial_mass1": 0.55555555346779,
    "initial_mass2": 0.444444445434339,
    "initial_dimensionless_spin1": [
        2.6211e-11,
        8.64226999999e-11,
        -9.52666783e-08
    ],
    "initial_dimensionless_spin2": [
        1.692e-13,
        -3.86e-14,
        -0.400000002579
    ],
    "initial_position1": [
        6.915875962010827,
        0.0067193790551999,
        2.59152e-10
    ],
    "initial_position2": [
        -8.660845229389174,
        0.0067193790551999,
        2.59152e-10
    ],
    "relaxation_time": 640.0,
    "common_horizon_time": 5030.03292974,
    "remnant_mass": 0.956641510922,
    "remnant_dimensionless_spin": [
        -3.16834696838e-09,
        -2.00715286727e-08,
        0.632669521685
    ],
    "remnant_velocity": [
        -8.27214023783e-05,
        -0.000172745412232,
        -1.46922396063e-08
    ],
    "metadata_version": 1,
    "spec_revisions": "InitialCommit-28950-gb189fe3",
    "spells_revision": "b189fe3d837b3733f9792ac7a6ee263ced79a79e",
    "com_parameters": {
        "space_translation": [
            -0.000672738895,
            0.00126625599,
            3.51444554e-06
        ],
        "boost_velocity": [
            -4.29273728e-06,
            -6.72461563e-06,
            -2.3199494e-08
        ]
    },
    "initial_mass_ratio": 1.249999992518449
}