{
    "simulation_name": "0086/Lev3",
    "alternative_names": [
        "PRIVATE:BBH:0456",
        "SXS:BBH:0407"
    ],
    "initial_data_type": "BBH_SKS",
    "object_types": "BHBH",
    "number_of_orbits": 19.4646555542,
    "reference_mass_ratio": 1.9997429776811744,
    "reference_chi_eff": 0.13329542496037913,
    "reference_chi1_perp": 2.2438558469607043e-07,
    "reference_chi2_perp": 2.27453369944842e-08,
    "reference_eccentricity": 0.0007705,
    "reference_dimensionless_spin1": [
        1.77616522374e-07,
        -1.37095770338e-07,
        -8.5587540528e-05
    ],
    "reference_dimensionless_spin2": [
        2.7585951734e-08,
        -4.49353915568e-08,
        0.400023168065
    ],
    "reference_orbital_frequency": [
        1.12786862043e-09,
        -2.84171194036e-09,
        0.0167986743014
    ],
    "reference_mass1": 0.666576018727,
    "reference_mass2": 0.333330846097,
    "reference_time": 640.0,
    "reference_position1": [
        -2.39434995536,
        -4.37100227,
        -1.37641567957e-05
    ],
    "reference_position2": [
        4.73356984446,
        8.84153441698,
        -1.20076571062e-05
    ],
    "reference_mean_anomaly": 6.151642,
    "keywords": [],
    "point_of_contact_email": "daniel.hemberger@gmail.com",
    "authors_emails": [],
    "simulation_bibtex_keys": [
        "Blackman:2017dfb",
        "Boyle:2019kee",
        "SXSCatalogWebsite"
    ],
    "code_bibtex_keys": [
        "Ossokine:2013zga",
        "Hemberger:2012jz",
        "Szilagyi:2009qz",
        "Boyle:2009vi",
        "Scheel:2008rj",
        "Boyle:2007ft",
        "Scheel:2006gg",
        "Lindblom:2005qh",
        "Pfeiffer:2002wt",
        "SpECwebsite"
    ],
    "initial_data_bibtex_keys": [
        "Buchman:2012dw",
        "Lovelace:2008tw",
        "Pfeiffer:2007yz",
        "Caudill:2006hw",
        "Cook:2004kt"
    ],
    "quasicircular_bibtex_keys": [
        "Mroue:2012kv",
        "Buonanno:2010yk",
        "Mroue:2010re",
        "Boyle:2007ft"
    ],
    "initial_separation": 14.8645629883,
    "initial_orbital_frequency": 0.015909049795,
    "initial_adot": 3.91658243532e-05,
    "object1": "bh",
    "object2": "bh",
    "initial_ADM_energy": 0.9933549237189181,
    "initial_ADM_linear_momentum": [
        -2.60286608e-08,
        -9.94210453e-08,
        -7.1346e-12
    ],
    "initial_ADM_angular_momentum": [
        1.610987873e-07,
        -2.55537404e-08,
        1.017230647590271
    ],
    "initial_mass1": 0.666666657458773,
    "initial_mass2": 0.333333324247391,
    "initial_dimensionless_spin1": [
        -3.2231e-12,
        1.2797e-12,
        -3.32235659999e-09
    ],
    "initial_dimensionless_spin2": [
        3.04e-14,
        -3.385e-13,
        0.399999990355
    ],
    "initial_position1": [
        4.968147234379469,
        0.0208196719753148,
        -2.528479e-10
    ],
    "initial_position2": [
        -9.89641575392053,
        0.0208196719753148,
        -2.528479e-10
    ],
    "relaxation_time": 640.0,
    "common_horizon_time": 5031.99130286,
    "remnant_mass": 0.9589421067,
    "remnant_dimensionless_spin": [
        9.82745205818e-08,
        -1.4594170881e-07,
        0.646751257002
    ],
    "remnant_velocity": [
        -0.000203714561623,
        0.000597574129808,
        -2.34212153988e-08
    ],
    "metadata_version": 1,
    "spec_revisions": "InitialCommit-28977-g3727d27",
    "spells_revision": "3727d27cb1189c2dffa859c586de4b14bf054cbd",
    "com_parameters": {
        "space_translation": [
            -0.00180742644,
            -0.00405993299,
            5.26816202e-06
        ],
        "boost_velocity": [
            3.92154234e-06,
            3.0907984e-05,
            -2.95493356e-08
        ]
    },
    "initial_mass_ratio": 2.0000000268919735
}