{
    "simulation_name": "0277/Lev3",
    "alternative_names": [
        "PRIVATE:BBH:0409",
        "SXS:BBH:0579"
    ],
    "initial_data_type": "BBH_SKS",
    "object_types": "BHBH",
    "number_of_orbits": 18.6597180187,
    "reference_mass_ratio": 1.4998860854706084,
    "reference_chi_eff": -0.07994325443533705,
    "reference_chi1_perp": 6.560856578616152e-08,
    "reference_chi2_perp": 1.0203830115280993e-07,
    "reference_eccentricity": 0.0001731,
    "reference_dimensionless_spin1": [
        -9.37944929944e-08,
        1.74421575266e-08,
        0.399892804657
    ],
    "reference_dimensionless_spin2": [
        -4.43131802692e-08,
        -2.08836885461e-08,
        -0.799642682775
    ],
    "reference_orbital_frequency": [
        -1.13592376652e-09,
        7.52737691991e-10,
        0.0161093826811
    ],
    "reference_mass1": 0.600009882649,
    "reference_mass2": 0.400036968448,
    "reference_time": 640.0,
    "reference_position1": [
        -4.88457425976,
        -3.76027732643,
        7.65854688127e-06
    ],
    "reference_position2": [
        7.40165921816,
        5.71568326306,
        8.08210823307e-06
    ],
    "reference_mean_anomaly": 4.451156,
    "keywords": [],
    "point_of_contact_email": "daniel.hemberger@gmail.com",
    "authors_emails": [],
    "simulation_bibtex_keys": [
        "Blackman:2017dfb",
        "Boyle:2019kee",
        "SXSCatalogWebsite"
    ],
    "code_bibtex_keys": [
        "Ossokine:2013zga",
        "Hemberger:2012jz",
        "Szilagyi:2009qz",
        "Boyle:2009vi",
        "Scheel:2008rj",
        "Boyle:2007ft",
        "Scheel:2006gg",
        "Lindblom:2005qh",
        "Pfeiffer:2002wt",
        "SpECwebsite"
    ],
    "initial_data_bibtex_keys": [
        "Buchman:2012dw",
        "Lovelace:2008tw",
        "Pfeiffer:2007yz",
        "Caudill:2006hw",
        "Cook:2004kt"
    ],
    "quasicircular_bibtex_keys": [
        "Mroue:2012kv",
        "Buonanno:2010yk",
        "Mroue:2010re",
        "Boyle:2007ft"
    ],
    "initial_separation": 15.3431396484,
    "initial_orbital_frequency": 0.014984577579,
    "initial_adot": -0.0001698651695519,
    "object1": "bh",
    "object2": "bh",
    "initial_ADM_energy": 0.993102536821634,
    "initial_ADM_linear_momentum": [
        3.2980641e-09,
        -5.3156004e-08,
        1.2005e-12
    ],
    "initial_ADM_angular_momentum": [
        7.075e-13,
        -2.12148e-11,
        1.086766606406814
    ],
    "initial_mass1": 0.599999996131718,
    "initial_mass2": 0.400000008288598,
    "initial_dimensionless_spin1": [
        2.072e-13,
        -3.055e-13,
        0.399999993949
    ],
    "initial_dimensionless_spin2": [
        -8.94199999998e-13,
        -9.84999999997e-14,
        -0.799999956396
    ],
    "initial_position1": [
        6.111352013586695,
        0.0112682929081788,
        -2.123722e-10
    ],
    "initial_position2": [
        -9.231787634813305,
        0.0112682929081788,
        -2.123722e-10
    ],
    "relaxation_time": 640.0,
    "common_horizon_time": 5037.13206565,
    "remnant_mass": 0.954714554514,
    "remnant_dimensionless_spin": [
        -6.89136720989e-08,
        2.74448608098e-08,
        0.68786577863
    ],
    "remnant_velocity": [
        0.000351509101105,
        0.000492058731475,
        1.48238131529e-08
    ],
    "metadata_version": 1,
    "spec_revisions": [
        "InitialCommit-29087-gbf4785c",
        "InitialCommit-29089-g8b04a13"
    ],
    "spells_revision": "8b04a13a5f37970ac7f06dcc5dbbd046e8370016",
    "com_parameters": {
        "space_translation": [
            -0.00321143705,
            0.00219196744,
            -1.07696345e-06
        ],
        "boost_velocity": [
            4.85631821e-06,
            1.13119058e-05,
            1.31280414e-08
        ]
    },
    "initial_mass_ratio": 1.4999999592470532
}