{
    "simulation_name": "0055/Lev3",
    "alternative_names": [
        "PRIVATE:BBH:0758",
        "SXS:BBH:0687"
    ],
    "initial_data_type": "BBH_SKS",
    "object_types": "BHBH",
    "number_of_orbits": 19.0504458571,
    "reference_mass_ratio": 1.6667325986418142,
    "reference_chi_eff": 0.0016463855354886315,
    "reference_chi1_perp": 0.7998970563662864,
    "reference_chi2_perp": 6.06145013846824e-06,
    "reference_eccentricity": 0.0003907,
    "reference_dimensionless_spin1": [
        -0.728750230944,
        -0.328539269153,
        0.0287614452968
    ],
    "reference_dimensionless_spin2": [
        3.8083351119e-06,
        -7.71374754066e-07,
        2.22061912053e-05
    ],
    "reference_orbital_frequency": [
        -0.000514204813397,
        0.00241912273594,
        0.0160880090068
    ],
    "reference_mass1": 0.625030344638,
    "reference_mass2": 0.375003371955,
    "reference_time": 640.0,
    "reference_position1": [
        -4.14240807776,
        -3.97440898121,
        0.490749085321
    ],
    "reference_position2": [
        6.87534558427,
        6.66913949386,
        -0.757551318587
    ],
    "reference_mean_anomaly": 2.322599,
    "keywords": [],
    "point_of_contact_email": "sfield@astro.cornell.edu",
    "authors_emails": [],
    "simulation_bibtex_keys": [
        "Blackman:2017pcm",
        "Boyle:2019kee",
        "SXSCatalogWebsite"
    ],
    "code_bibtex_keys": [
        "Ossokine:2013zga",
        "Hemberger:2012jz",
        "Szilagyi:2009qz",
        "Boyle:2009vi",
        "Scheel:2008rj",
        "Boyle:2007ft",
        "Scheel:2006gg",
        "Lindblom:2005qh",
        "Pfeiffer:2002wt",
        "SpECwebsite"
    ],
    "initial_data_bibtex_keys": [
        "Buchman:2012dw",
        "Lovelace:2008tw",
        "Pfeiffer:2007yz",
        "Caudill:2006hw",
        "Cook:2004kt"
    ],
    "quasicircular_bibtex_keys": [
        "Mroue:2012kv",
        "Buonanno:2010yk",
        "Mroue:2010re",
        "Boyle:2007ft"
    ],
    "initial_separation": 15.1756591797,
    "initial_orbital_frequency": 0.015353418962,
    "initial_adot": -4.4074038816e-06,
    "object1": "bh",
    "object2": "bh",
    "initial_ADM_energy": 0.9931846833183468,
    "initial_ADM_linear_momentum": [
        6.243821e-10,
        4.126208e-10,
        -9.8539e-10
    ],
    "initial_ADM_angular_momentum": [
        -0.3137486610928269,
        0.0187705282960081,
        1.0389662358401832
    ],
    "initial_mass1": 0.6250000000709892,
    "initial_mass2": 0.3750000003167655,
    "initial_dimensionless_spin1": [
        -0.799556764373,
        0.0265615776861,
        0.000944934883195
    ],
    "initial_dimensionless_spin2": [
        9.71474453897e-07,
        -9.021198826e-07,
        6.196319524e-07
    ],
    "initial_position1": [
        5.696900397318281,
        0.020317755021232,
        -0.0267815445524776
    ],
    "initial_position2": [
        -9.47875878238172,
        0.020317755021232,
        -0.0267815445524776
    ],
    "relaxation_time": 640.0,
    "common_horizon_time": 5073.33704634,
    "remnant_mass": 0.95299515393,
    "remnant_dimensionless_spin": [
        -0.1863769556,
        -0.0136371944194,
        0.682702068483
    ],
    "remnant_velocity": [
        -0.00226315092431,
        -0.00038417509277,
        0.00556026557764
    ],
    "metadata_version": 1,
    "spec_revisions": "InitialCommit-29628-g2cce9e5",
    "spells_revision": "2cce9e5c03773621b7d160cd7247fc453684f921",
    "com_parameters": {
        "space_translation": [
            -0.0033803,
            0.00026932,
            0.0009427
        ],
        "boost_velocity": [
            6.32853197e-06,
            1.02444769e-06,
            -1.91208535e-06
        ]
    },
    "initial_mass_ratio": 1.6666666654481246
}