{
    "simulation_name": "BBH_SKS_d15.5_q2_sA_0_0_0.600_sB_0_0_-0.600/Lev5",
    "alternative_names": [
        "PRIVATE:BBH:0072",
        "SXS:BBH:0254"
    ],
    "initial_data_type": "BBH_SKS",
    "object_types": "BHBH",
    "number_of_orbits": 22.9375224915,
    "reference_mass_ratio": 1.9999554690439165,
    "reference_chi_eff": 0.20004150576812793,
    "reference_chi1_perp": 4.7703241071416797e-08,
    "reference_chi2_perp": 9.71811202659204e-08,
    "reference_eccentricity": 5.22e-05,
    "reference_dimensionless_spin1": [
        3.2930671975e-08,
        -6.19763837545e-08,
        0.600021501444
    ],
    "reference_dimensionless_spin2": [
        6.62707605819e-08,
        6.00435556955e-08,
        -0.599900674092
    ],
    "reference_orbital_frequency": [
        5.22559898388e-10,
        -4.10121862359e-10,
        0.0154144242675
    ],
    "reference_mass1": 0.66667939747,
    "reference_mass2": 0.333347120868,
    "reference_time": 390.0,
    "reference_position1": [
        4.9539876332,
        -1.77055519359,
        -1.54819010899e-06
    ],
    "reference_position2": [
        -10.0822629051,
        3.33399999891,
        -9.02636888004e-07
    ],
    "reference_mean_anomaly": 2.065131,
    "keywords": [],
    "point_of_contact_email": "tonyc@cita.utoronto.ca",
    "authors_emails": [],
    "simulation_bibtex_keys": [
        "Chu:2015kft",
        "Boyle:2019kee",
        "SXSCatalogWebsite"
    ],
    "code_bibtex_keys": [
        "Ossokine:2013zga",
        "Hemberger:2012jz",
        "Szilagyi:2009qz",
        "Boyle:2009vi",
        "Scheel:2008rj",
        "Boyle:2007ft",
        "Scheel:2006gg",
        "Lindblom:2005qh",
        "Pfeiffer:2002wt",
        "SpECwebsite"
    ],
    "initial_data_bibtex_keys": [
        "Buchman:2012dw",
        "Lovelace:2008tw",
        "Pfeiffer:2007yz",
        "Caudill:2006hw",
        "Cook:2004kt"
    ],
    "quasicircular_bibtex_keys": [
        "Mroue:2012kv",
        "Buonanno:2010yk",
        "Mroue:2010re",
        "Boyle:2007ft"
    ],
    "initial_separation": 15.5,
    "initial_orbital_frequency": 0.0148420645328,
    "initial_adot": -4.6478135061e-05,
    "object1": "bh",
    "object2": "bh",
    "initial_ADM_energy": 0.9935903678639297,
    "initial_ADM_linear_momentum": [
        2.40936441e-08,
        3.16492957e-08,
        4.8498594e-09
    ],
    "initial_ADM_angular_momentum": [
        2.477131447e-07,
        1.4379737024e-06,
        1.1841450051438702
    ],
    "initial_mass1": 0.666666669102426,
    "initial_mass2": 0.333333331361176,
    "initial_dimensionless_spin1": [
        2.99540000001e-12,
        -1.40087e-11,
        0.600000003399
    ],
    "initial_dimensionless_spin2": [
        -1.196e-13,
        -6.59e-14,
        -0.599999995399
    ],
    "initial_position1": [
        5.117134092047062,
        -0.0516442227737497,
        0.0
    ],
    "initial_position2": [
        -10.382865907952938,
        -0.0516442227737497,
        0.0
    ],
    "relaxation_time": 390.0,
    "common_horizon_time": 6184.22694379,
    "remnant_mass": 0.951233770003,
    "remnant_dimensionless_spin": [
        3.41829261693e-08,
        -2.96253801279e-08,
        0.775512784747
    ],
    "remnant_velocity": [
        -0.000367684752701,
        0.000125273553706,
        -1.7233445261e-09
    ],
    "metadata_version": 1,
    "spec_revisions": "InitialCommit-24016-gac5079e",
    "spells_revision": "InitialCommit-23245-gfd35c55",
    "com_parameters": {
        "space_translation": [
            -0.0315828504,
            -0.082205336,
            -2.43216303e-08
        ],
        "boost_velocity": [
            6.2411825e-06,
            4.66027041e-06,
            -3.66404997e-09
        ]
    },
    "initial_mass_ratio": 2.0000000191402223
}