{
    "simulation_name": "BBH_CFMS_d16.2_q2_sA_0_0_0_sB_0_0_-0.300/Lev5",
    "alternative_names": [
        "PRIVATE:BBH:0076",
        "SXS:BBH:0245"
    ],
    "initial_data_type": "BBH_CFMS",
    "object_types": "BHBH",
    "number_of_orbits": 23.0111495816,
    "reference_mass_ratio": 1.999861759805773,
    "reference_chi_eff": -0.09998410781442382,
    "reference_chi1_perp": 5.985877332839933e-12,
    "reference_chi2_perp": 1.2840546660164248e-12,
    "reference_eccentricity": "<4.0e-05",
    "reference_dimensionless_spin1": [
        -5.87108745978e-12,
        -1.16664458295e-12,
        1.92859436652e-07
    ],
    "reference_dimensionless_spin2": [
        3.44580691208e-13,
        -1.56848991018e-13,
        -0.299938887313
    ],
    "reference_orbital_frequency": [
        9.02343321525e-15,
        -4.85961063695e-14,
        0.0144084081416
    ],
    "reference_mass1": 0.666666666362,
    "reference_mass2": 0.333356374806,
    "reference_time": 380.0,
    "reference_position1": [
        3.4644254753,
        -4.08737481924,
        -7.31659129236e-11
    ],
    "reference_position2": [
        -6.95936090969,
        8.1294707983,
        -2.54334040532e-11
    ],
    "reference_mean_anomaly": 1.03754,
    "keywords": [],
    "point_of_contact_email": "tonyc@cita.utoronto.ca",
    "authors_emails": [],
    "simulation_bibtex_keys": [
        "Chu:2015kft",
        "Boyle:2019kee",
        "SXSCatalogWebsite"
    ],
    "code_bibtex_keys": [
        "Ossokine:2013zga",
        "Hemberger:2012jz",
        "Szilagyi:2009qz",
        "Boyle:2009vi",
        "Scheel:2008rj",
        "Boyle:2007ft",
        "Scheel:2006gg",
        "Lindblom:2005qh",
        "Pfeiffer:2002wt",
        "SpECwebsite"
    ],
    "initial_data_bibtex_keys": [
        "Buchman:2012dw",
        "Lovelace:2008tw",
        "Pfeiffer:2007yz",
        "Caudill:2006hw",
        "Cook:2004kt"
    ],
    "quasicircular_bibtex_keys": [
        "Mroue:2012kv",
        "Buonanno:2010yk",
        "Mroue:2010re",
        "Boyle:2007ft"
    ],
    "initial_separation": 16.2,
    "initial_orbital_frequency": 0.0141956730144,
    "initial_adot": -4.22736417317e-05,
    "object1": "bh",
    "object2": "bh",
    "initial_ADM_energy": 0.993941836126294,
    "initial_ADM_linear_momentum": [
        -1.3049934e-09,
        -6.105069e-10,
        8.9022638e-09
    ],
    "initial_ADM_angular_momentum": [
        4.4559443114e-06,
        8.070729955e-07,
        0.981832861033661
    ],
    "initial_mass1": 0.66666666670714,
    "initial_mass2": 0.333333333250859,
    "initial_dimensionless_spin1": [
        -8.35699999999e-13,
        9.10000000001e-15,
        3.2220607e-09
    ],
    "initial_dimensionless_spin2": [
        9.49999999997e-15,
        1.64e-14,
        -0.299999999872
    ],
    "initial_position1": [
        5.38928881210426,
        0.0101610653520684,
        0.0
    ],
    "initial_position2": [
        -10.81071118789574,
        0.0101610653520684,
        0.0
    ],
    "relaxation_time": 380.0,
    "common_horizon_time": 6780.66091361,
    "remnant_mass": 0.96274790598,
    "remnant_dimensionless_spin": [
        1.65736321042e-09,
        -5.16011580116e-10,
        0.605453913144
    ],
    "remnant_velocity": [
        -0.00010276121804,
        -0.000433590687892,
        8.04037608962e-10
    ],
    "metadata_version": 1,
    "spec_revisions": [
        "InitialCommit-22272-g66cd00a",
        "InitialCommit-23906-g40010e4"
    ],
    "spells_revision": "InitialCommit-21916-g19475f2",
    "com_parameters": {
        "space_translation": [
            -0.0153228329,
            0.000694760813,
            1.14623752e-09
        ],
        "boost_velocity": [
            -9.13763935e-07,
            -6.84694202e-07,
            -1.15990422e-12
        ]
    },
    "initial_mass_ratio": 2.000000000616266
}