{
    "simulation_name": "0082/Lev3",
    "alternative_names": [
        "PRIVATE:BBH:0543",
        "SXS:BBH:0403"
    ],
    "initial_data_type": "BBH_SKS",
    "object_types": "BHBH",
    "number_of_orbits": 18.9774362933,
    "reference_mass_ratio": 1.8807997582975893,
    "reference_chi_eff": -0.01787767138214557,
    "reference_chi1_perp": 0.009259988244421303,
    "reference_chi2_perp": 6.896372436202142e-06,
    "reference_eccentricity": 6.62e-05,
    "reference_dimensionless_spin1": [
        -0.00237288127532,
        0.00895068529543,
        0.000246706942655
    ],
    "reference_dimensionless_spin2": [
        -7.88771036068e-05,
        4.32668280341e-06,
        -0.0519580590286
    ],
    "reference_orbital_frequency": [
        2.69775848506e-05,
        -5.42218139934e-07,
        0.016440477471
    ],
    "reference_mass1": 0.652852473864,
    "reference_mass2": 0.347114290601,
    "reference_time": 640.0,
    "reference_position1": [
        -3.44000407358,
        -4.0107262615,
        0.00543431639761
    ],
    "reference_position2": [
        6.43982346149,
        7.6182620462,
        -0.0103942042574
    ],
    "reference_mean_anomaly": 6.133838,
    "keywords": [],
    "point_of_contact_email": "daniel.hemberger@gmail.com",
    "authors_emails": [],
    "simulation_bibtex_keys": [
        "Blackman:2017dfb",
        "Boyle:2019kee",
        "SXSCatalogWebsite"
    ],
    "code_bibtex_keys": [
        "Ossokine:2013zga",
        "Hemberger:2012jz",
        "Szilagyi:2009qz",
        "Boyle:2009vi",
        "Scheel:2008rj",
        "Boyle:2007ft",
        "Scheel:2006gg",
        "Lindblom:2005qh",
        "Pfeiffer:2002wt",
        "SpECwebsite"
    ],
    "initial_data_bibtex_keys": [
        "Buchman:2012dw",
        "Lovelace:2008tw",
        "Pfeiffer:2007yz",
        "Caudill:2006hw",
        "Cook:2004kt"
    ],
    "quasicircular_bibtex_keys": [
        "Mroue:2012kv",
        "Buonanno:2010yk",
        "Mroue:2010re",
        "Boyle:2007ft"
    ],
    "initial_separation": 15.0927734375,
    "initial_orbital_frequency": 0.015722790751,
    "initial_adot": -3.47155685754e-05,
    "object1": "bh",
    "object2": "bh",
    "initial_ADM_energy": 0.9933446135142554,
    "initial_ADM_linear_momentum": [
        2.5272447e-08,
        -8.982922e-10,
        4.7147e-12
    ],
    "initial_ADM_angular_momentum": [
        0.0007751391177758,
        0.0037036364757735,
        0.9976575227854176
    ],
    "initial_mass1": 0.65287361870601,
    "initial_mass2": 0.347126405400141,
    "initial_dimensionless_spin1": [
        0.00183021078229,
        0.00905457865991,
        0.000367309646775
    ],
    "initial_dimensionless_spin2": [
        -6.07325203489e-05,
        2.26773776017e-05,
        -0.0519929576388
    ],
    "initial_position1": [
        5.244705462706911,
        0.0195607933985519,
        7.39163848531e-05
    ],
    "initial_position2": [
        -9.84806797479309,
        0.0195607933985519,
        7.39163848531e-05
    ],
    "relaxation_time": 640.0,
    "common_horizon_time": 5040.04016576,
    "remnant_mass": 0.960070933956,
    "remnant_dimensionless_spin": [
        7.02873099225e-05,
        0.00256922724016,
        0.630321435702
    ],
    "remnant_velocity": [
        7.74206292254e-05,
        -0.000450784826736,
        -2.56156368848e-05
    ],
    "metadata_version": 1,
    "spec_revisions": "InitialCommit-28950-gb189fe3",
    "spells_revision": "b189fe3d837b3733f9792ac7a6ee263ced79a79e",
    "com_parameters": {
        "space_translation": [
            -0.00212326383,
            -0.00251230285,
            3.38856883e-08
        ],
        "boost_velocity": [
            -1.67120761e-06,
            9.50497127e-06,
            -7.78349475e-08
        ]
    },
    "initial_mass_ratio": 1.8807950318657747
}