{
    "simulation_name": "BBH_SKS_d15.8_q3_sA_0_0_-0.731_sB_0_0_0.850/Lev5",
    "alternative_names": [
        "PRIVATE:BBH:0025",
        "SXS:BBH:0261"
    ],
    "initial_data_type": "BBH_SKS",
    "object_types": "BHBH",
    "number_of_orbits": 21.5055247615,
    "reference_mass_ratio": 2.9990802894353386,
    "reference_chi_eff": -0.33599092370753286,
    "reference_chi1_perp": 1.370691153343296e-07,
    "reference_chi2_perp": 9.021271510922793e-08,
    "reference_eccentricity": "<1.1e-03",
    "reference_dimensionless_spin1": [
        2.6355385083e-08,
        9.30504763477e-08,
        -0.731289774044
    ],
    "reference_dimensionless_spin2": [
        7.94389636436e-09,
        -2.79027497625e-08,
        0.849542066773
    ],
    "reference_orbital_frequency": [
        1.69903337073e-09,
        -2.22441323217e-10,
        0.0149014255432
    ],
    "reference_mass1": 0.749982515918,
    "reference_mass2": 0.250070836236,
    "reference_time": 160.0,
    "reference_position1": [
        -2.88547049411,
        2.99991995415,
        4.99491930301e-07
    ],
    "reference_position2": [
        8.92519424235,
        -8.18575335844,
        -1.01411288725e-06
    ],
    "reference_mean_anomaly": 1.191357,
    "keywords": [],
    "point_of_contact_email": "tonyc@cita.utoronto.ca",
    "authors_emails": [],
    "simulation_bibtex_keys": [
        "Chu:2015kft",
        "Boyle:2019kee",
        "SXSCatalogWebsite"
    ],
    "code_bibtex_keys": [
        "Ossokine:2013zga",
        "Hemberger:2012jz",
        "Szilagyi:2009qz",
        "Boyle:2009vi",
        "Scheel:2008rj",
        "Boyle:2007ft",
        "Scheel:2006gg",
        "Lindblom:2005qh",
        "Pfeiffer:2002wt",
        "SpECwebsite"
    ],
    "initial_data_bibtex_keys": [
        "Buchman:2012dw",
        "Lovelace:2008tw",
        "Pfeiffer:2007yz",
        "Caudill:2006hw",
        "Cook:2004kt"
    ],
    "quasicircular_bibtex_keys": [
        "Mroue:2012kv",
        "Buonanno:2010yk",
        "Mroue:2010re",
        "Boyle:2007ft"
    ],
    "initial_separation": 15.8,
    "initial_orbital_frequency": 0.0140970206597,
    "initial_adot": 0.000295367582465,
    "object1": "bh",
    "object2": "bh",
    "initial_ADM_energy": 0.9948771046506452,
    "initial_ADM_linear_momentum": [
        -2.5847831813e-06,
        -4.9619236877e-06,
        1.816680536e-07
    ],
    "initial_ADM_angular_momentum": [
        8.1406495517e-06,
        5.26188444839e-05,
        0.4993288381146108
    ],
    "initial_mass1": 0.749999900873947,
    "initial_mass2": 0.250000190932671,
    "initial_dimensionless_spin1": [
        -1.44633e-11,
        5.16679999999e-12,
        -0.731319723471
    ],
    "initial_dimensionless_spin2": [
        -1.164e-13,
        6.05000000001e-14,
        0.850000849893
    ],
    "initial_position1": [
        4.042551313096745,
        0.1920398231434938,
        0.0
    ],
    "initial_position2": [
        -11.757448686903256,
        0.1920398231434938,
        0.0
    ],
    "relaxation_time": 160.0,
    "common_horizon_time": 6302.91709218,
    "remnant_mass": 0.977859194238,
    "remnant_dimensionless_spin": [
        3.47394613891e-08,
        8.08426267119e-09,
        0.23977705576
    ],
    "remnant_velocity": [
        0.000258908622617,
        0.00109697538683,
        -1.0649273092e-08
    ],
    "metadata_version": 1,
    "spec_revisions": "InitialCommit-23918-gd9c410e",
    "spells_revision": "InitialCommit-23594-g58ea8eb",
    "com_parameters": {
        "space_translation": [
            0.0400329472,
            0.153775291,
            2.65246257e-06
        ],
        "boost_velocity": [
            6.10603777e-06,
            -1.07457445e-06,
            -9.98093746e-09
        ]
    },
    "initial_mass_ratio": 2.9999973123057884
}