{
    "simulation_name": "BBH_SKS_d13.4_q1.23_sA_0.117_0_0.320_sB_0.335_0_-0.580/Lev5",
    "alternative_names": [
        "PRIVATE:BBH:0234",
        "SXS:BBH:0308"
    ],
    "initial_data_type": "BBH_SKS",
    "object_types": "BHBH",
    "number_of_orbits": 12.5496761663,
    "reference_mass_ratio": 1.2277815080485253,
    "reference_chi_eff": -0.0842174391433987,
    "reference_chi1_perp": 0.11485536003818635,
    "reference_chi2_perp": 0.332323159832221,
    "reference_eccentricity": 0.0005092,
    "reference_dimensionless_spin1": [
        0.094317686738,
        0.0564135076245,
        0.322382510678
    ],
    "reference_dimensionless_spin2": [
        0.266333081696,
        0.213361394012,
        -0.576108107927
    ],
    "reference_orbital_frequency": [
        0.000433857906505,
        -0.00112135808294,
        0.0196923696913
    ],
    "reference_mass1": 0.55113935232,
    "reference_mass2": 0.448890416338,
    "reference_time": 450.0,
    "reference_position1": [
        -4.26921144299,
        4.228450548,
        0.160032817083
    ],
    "reference_position2": [
        5.38194505368,
        -5.34978137342,
        -0.59802010252
    ],
    "reference_mean_anomaly": 2.780144,
    "keywords": [],
    "point_of_contact_email": "ossokine@aei.mpg.de",
    "authors_emails": [],
    "simulation_bibtex_keys": [
        "Abbott:2016apu",
        "Boyle:2019kee",
        "SXSCatalogWebsite"
    ],
    "code_bibtex_keys": [
        "Ossokine:2013zga",
        "Hemberger:2012jz",
        "Szilagyi:2009qz",
        "Boyle:2009vi",
        "Scheel:2008rj",
        "Boyle:2007ft",
        "Scheel:2006gg",
        "Lindblom:2005qh",
        "Pfeiffer:2002wt",
        "SpECwebsite"
    ],
    "initial_data_bibtex_keys": [
        "Buchman:2012dw",
        "Lovelace:2008tw",
        "Pfeiffer:2007yz",
        "Caudill:2006hw",
        "Cook:2004kt"
    ],
    "quasicircular_bibtex_keys": [
        "Mroue:2012kv",
        "Buonanno:2010yk",
        "Mroue:2010re",
        "Boyle:2007ft"
    ],
    "initial_separation": 13.4188842773,
    "initial_orbital_frequency": 0.018375025607,
    "initial_adot": -0.0001078095216324,
    "object1": "bh",
    "object2": "bh",
    "initial_ADM_energy": 0.9919931103187439,
    "initial_ADM_linear_momentum": [
        1.69971873e-08,
        -1.4006586e-09,
        -0.0004092592637357
    ],
    "initial_ADM_angular_momentum": [
        0.1039139850118657,
        -0.005617409608388,
        1.0321270557617253
    ],
    "initial_mass1": 0.5511363660980272,
    "initial_mass2": 0.4488636372882496,
    "initial_dimensionless_spin1": [
        0.116500000205,
        6.98749999998e-12,
        0.320000000494
    ],
    "initial_dimensionless_spin2": [
        0.335000001371,
        -3.69673e-11,
        -0.580000002501
    ],
    "initial_position1": [
        6.045759959999234,
        -0.0468594512019433,
        0.0
    ],
    "initial_position2": [
        -7.373124317300766,
        -0.0468594512019433,
        0.0
    ],
    "relaxation_time": 450.0,
    "common_horizon_time": 2814.52158462,
    "remnant_mass": 0.953114558999,
    "remnant_dimensionless_spin": [
        0.0677585392201,
        0.00915730975324,
        0.676640548633
    ],
    "remnant_velocity": [
        0.000455445880102,
        9.10900616497e-05,
        -0.000458949236262
    ],
    "metadata_version": 1,
    "spec_revisions": "InitialCommit-28378-g6b98228",
    "spells_revision": "6b98228c6f6ed0e3d50c10a36a955a67c59ddd43",
    "com_parameters": {
        "space_translation": [
            0.04831323,
            -0.04973449,
            0.00739151
        ],
        "boost_velocity": [
            -6.95081918e-07,
            5.08179471e-06,
            -0.000411442897
        ]
    },
    "initial_mass_ratio": 1.2278481042207936
}