{
    "simulation_name": "empe_036/Lev3",
    "alternative_names": "SXS:BBH:0319",
    "initial_data_type": "BBH_SKS",
    "object_types": "BHBH",
    "number_of_orbits": 14.3246352457,
    "reference_mass_ratio": 1.2199795757470173,
    "reference_chi_eff": -0.016788788223366685,
    "reference_chi1_perp": 6.982429460357339e-08,
    "reference_chi2_perp": 1.3819318847503097e-07,
    "reference_eccentricity": 0.0095765,
    "reference_dimensionless_spin1": [
        -1.56606134391e-08,
        3.8237573246e-08,
        0.330004054704
    ],
    "reference_dimensionless_spin2": [
        7.33895363665e-08,
        7.9941477321e-08,
        -0.43986897361
    ],
    "reference_orbital_frequency": [
        2.02224119745e-09,
        -5.34452074949e-10,
        0.0188385881495
    ],
    "reference_mass1": 0.549549180428,
    "reference_mass2": 0.45045768909,
    "reference_time": 640.0,
    "reference_position1": [
        4.14887977941,
        -4.71750384737,
        1.35610208944e-05
    ],
    "reference_position2": [
        -5.08631109595,
        5.81180007899,
        1.48510959038e-05
    ],
    "reference_mean_anomaly": 1.794262,
    "keywords": [],
    "point_of_contact_email": "ian.hinder@aei.mpg.de",
    "authors_emails": [],
    "simulation_bibtex_keys": [
        "Abbott:2016wiq",
        "Boyle:2019kee",
        "SXSCatalogWebsite"
    ],
    "code_bibtex_keys": [
        "Ossokine:2013zga",
        "Hemberger:2012jz",
        "Szilagyi:2009qz",
        "Boyle:2009vi",
        "Scheel:2008rj",
        "Boyle:2007ft",
        "Scheel:2006gg",
        "Lindblom:2005qh",
        "Pfeiffer:2002wt",
        "SpECwebsite"
    ],
    "initial_data_bibtex_keys": [
        "Buchman:2012dw",
        "Lovelace:2008tw",
        "Pfeiffer:2007yz",
        "Caudill:2006hw",
        "Cook:2004kt"
    ],
    "quasicircular_bibtex_keys": [
        "Mroue:2012kv",
        "Buonanno:2010yk",
        "Mroue:2010re",
        "Boyle:2007ft"
    ],
    "initial_separation": 13.8756470376624,
    "initial_orbital_frequency": 0.01764584377,
    "initial_adot": -0.0001828483615228,
    "object1": "bh",
    "object2": "bh",
    "initial_ADM_energy": 0.9922122421079517,
    "initial_ADM_linear_momentum": [
        1.66948305e-08,
        7.02772046e-08,
        -2.2008e-11
    ],
    "initial_ADM_angular_momentum": [
        -1.404536909e-07,
        4.0286717e-09,
        1.074626686776498
    ],
    "initial_mass1": 0.54954955173279,
    "initial_mass2": 0.450450454394286,
    "initial_dimensionless_spin1": [
        -5.39999999999e-15,
        7.74000000001e-14,
        0.329999999452
    ],
    "initial_dimensionless_spin2": [
        8.86999999998e-14,
        -1.02e-14,
        -0.440000003177
    ],
    "initial_position1": [
        6.2314931059941605,
        0.005898318066838,
        -6.63661e-10
    ],
    "initial_position2": [
        -7.64415393166824,
        0.005898318066838,
        -6.63661e-10
    ],
    "relaxation_time": 640.0,
    "common_horizon_time": 3380.06906025,
    "remnant_mass": 0.952026058862,
    "remnant_dimensionless_spin": [
        7.08244374173e-08,
        9.36429276089e-09,
        0.691944317826
    ],
    "remnant_velocity": [
        0.000138375858851,
        -0.000420183464015,
        1.10560758693e-07
    ],
    "metadata_version": 1,
    "spec_revisions": "InitialCommit-28949-g2a53b76",
    "spells_revision": "2a53b76e83e76f1e586e94f64004dbaf0036600e",
    "com_parameters": {
        "space_translation": [
            -0.00148001508,
            -0.00260279601,
            -2.4311026e-05
        ],
        "boost_velocity": [
            2.75627686e-06,
            1.2857406e-05,
            4.7390462e-08
        ]
    },
    "initial_mass_ratio": 1.2199999941653097
}