{
    "simulation_name": "0057/Lev3",
    "alternative_names": [
        "PRIVATE:BBH:0509",
        "SXS:BBH:0379"
    ],
    "initial_data_type": "BBH_SKS",
    "object_types": "BHBH",
    "number_of_orbits": 21.1385702524,
    "reference_mass_ratio": 1.9999268650618218,
    "reference_chi_eff": 0.5545429606280285,
    "reference_chi1_perp": 0.41622303543347505,
    "reference_chi2_perp": 0.004971985886814332,
    "reference_eccentricity": 8.02e-05,
    "reference_dimensionless_spin1": [
        -0.243426898689,
        0.326827859606,
        0.440151619597
    ],
    "reference_dimensionless_spin2": [
        0.060363334226,
        0.0240334015548,
        0.797128642686
    ],
    "reference_orbital_frequency": [
        0.00120927290554,
        0.000528987511541,
        0.0174049124729
    ],
    "reference_mass1": 0.666724141558,
    "reference_mass2": 0.333374261432,
    "reference_time": 640.0,
    "reference_position1": [
        -0.407209387164,
        -4.83746000745,
        0.171569622952
    ],
    "reference_position2": [
        0.762655201806,
        9.68832234452,
        -0.351193305291
    ],
    "reference_mean_anomaly": 0.20523,
    "keywords": [],
    "point_of_contact_email": "daniel.hemberger@gmail.com",
    "authors_emails": [],
    "simulation_bibtex_keys": [
        "Blackman:2017dfb",
        "Boyle:2019kee",
        "SXSCatalogWebsite"
    ],
    "code_bibtex_keys": [
        "Ossokine:2013zga",
        "Hemberger:2012jz",
        "Szilagyi:2009qz",
        "Boyle:2009vi",
        "Scheel:2008rj",
        "Boyle:2007ft",
        "Scheel:2006gg",
        "Lindblom:2005qh",
        "Pfeiffer:2002wt",
        "SpECwebsite"
    ],
    "initial_data_bibtex_keys": [
        "Buchman:2012dw",
        "Lovelace:2008tw",
        "Pfeiffer:2007yz",
        "Caudill:2006hw",
        "Cook:2004kt"
    ],
    "quasicircular_bibtex_keys": [
        "Mroue:2012kv",
        "Buonanno:2010yk",
        "Mroue:2010re",
        "Boyle:2007ft"
    ],
    "initial_separation": 14.3916015625,
    "initial_orbital_frequency": 0.016132050799,
    "initial_adot": 0.0002999569675587,
    "object1": "bh",
    "object2": "bh",
    "initial_ADM_energy": 0.9931285906044205,
    "initial_ADM_linear_momentum": [
        7.3302492e-08,
        4.26470667e-08,
        -9.1221446e-09
    ],
    "initial_ADM_angular_momentum": [
        -0.0307226037081878,
        0.1792020901146867,
        1.2237845551174624
    ],
    "initial_mass1": 0.666666696783351,
    "initial_mass2": 0.333333315051117,
    "initial_dimensionless_spin1": [
        -0.0823883660418,
        0.411634517129,
        0.428682415448
    ],
    "initial_dimensionless_spin2": [
        0.0531937945996,
        -3.3787171142e-05,
        0.798229432555
    ],
    "initial_position1": [
        4.804103012495985,
        0.0207414073914342,
        -0.0034929778818773
    ],
    "initial_position2": [
        -9.587498550004014,
        0.0207414073914342,
        -0.0034929778818773
    ],
    "relaxation_time": 640.0,
    "common_horizon_time": 5080.43627607,
    "remnant_mass": 0.94291300718,
    "remnant_dimensionless_spin": [
        -0.0181304421187,
        0.108004132297,
        0.806699701588
    ],
    "remnant_velocity": [
        -1.76232705376e-05,
        0.000531072636024,
        0.00342476944409
    ],
    "metadata_version": 1,
    "spec_revisions": "InitialCommit-28949-g1c87ecf",
    "spells_revision": "1c87ecf4c8098190e6f3be55c6bc87e46f70a334",
    "com_parameters": {
        "space_translation": [
            -0.00446121,
            0.00092105,
            -0.00111291
        ],
        "boost_velocity": [
            9.1845297e-06,
            -1.57008862e-05,
            -7.11406736e-07
        ]
    },
    "initial_mass_ratio": 2.000000200043362
}