{
    "simulation_name": "0060/Lev3",
    "alternative_names": [
        "PRIVATE:BBH:0453",
        "SXS:BBH:0382"
    ],
    "initial_data_type": "BBH_SKS",
    "object_types": "BHBH",
    "number_of_orbits": 19.8493943859,
    "reference_mass_ratio": 1.7498375595174553,
    "reference_chi_eff": 0.29080002891237844,
    "reference_chi1_perp": 3.702511704523007e-08,
    "reference_chi2_perp": 5.122087608370399e-08,
    "reference_eccentricity": 0.0003617,
    "reference_dimensionless_spin1": [
        -3.33125090188e-08,
        -1.61389727394e-08,
        -0.000170754961429
    ],
    "reference_dimensionless_spin2": [
        -9.03596011993e-09,
        3.3446286099e-08,
        0.799951635257
    ],
    "reference_orbital_frequency": [
        -1.2503240271e-09,
        5.47132115232e-10,
        0.0167445291728
    ],
    "reference_mass1": 0.636362471533,
    "reference_mass2": 0.363669454957,
    "reference_time": 640.0,
    "reference_position1": [
        -2.70851158337,
        -4.73933372421,
        -2.57437214522e-06
    ],
    "reference_position2": [
        4.68021568455,
        8.35572052318,
        -2.45053596674e-06
    ],
    "reference_mean_anomaly": 3.137393,
    "keywords": [],
    "point_of_contact_email": "daniel.hemberger@gmail.com",
    "authors_emails": [],
    "simulation_bibtex_keys": [
        "Blackman:2017dfb",
        "Boyle:2019kee",
        "SXSCatalogWebsite"
    ],
    "code_bibtex_keys": [
        "Ossokine:2013zga",
        "Hemberger:2012jz",
        "Szilagyi:2009qz",
        "Boyle:2009vi",
        "Scheel:2008rj",
        "Boyle:2007ft",
        "Scheel:2006gg",
        "Lindblom:2005qh",
        "Pfeiffer:2002wt",
        "SpECwebsite"
    ],
    "initial_data_bibtex_keys": [
        "Buchman:2012dw",
        "Lovelace:2008tw",
        "Pfeiffer:2007yz",
        "Caudill:2006hw",
        "Cook:2004kt"
    ],
    "quasicircular_bibtex_keys": [
        "Mroue:2012kv",
        "Buonanno:2010yk",
        "Mroue:2010re",
        "Boyle:2007ft"
    ],
    "initial_separation": 14.8432617188,
    "initial_orbital_frequency": 0.015572677918,
    "initial_adot": 0.0002382744629901,
    "object1": "bh",
    "object2": "bh",
    "initial_ADM_energy": 0.9930898225446391,
    "initial_ADM_linear_momentum": [
        -5.9328351e-09,
        1.19881352e-08,
        3.8629e-12
    ],
    "initial_ADM_angular_momentum": [
        -8.12540426e-08,
        -1.22211972e-07,
        1.1125554195309224
    ],
    "initial_mass1": 0.636363638227556,
    "initial_mass2": 0.363636366050794,
    "initial_dimensionless_spin1": [
        2.4573e-12,
        -3.29680000001e-12,
        -4.69377893001e-08
    ],
    "initial_dimensionless_spin2": [
        2.27e-13,
        -2.46e-13,
        0.799999986405
    ],
    "initial_position1": [
        5.418944960976706,
        0.0163618519723797,
        4.4501952e-09
    ],
    "initial_position2": [
        -9.424316757823293,
        0.0163618519723797,
        4.4501952e-09
    ],
    "relaxation_time": 640.0,
    "common_horizon_time": 5072.7014889,
    "remnant_mass": 0.952239935217,
    "remnant_dimensionless_spin": [
        -6.01458669758e-08,
        4.501860795e-09,
        0.70005099046
    ],
    "remnant_velocity": [
        -6.62290756032e-05,
        -0.000659574122369,
        3.23217303422e-08
    ],
    "metadata_version": 1,
    "spec_revisions": "InitialCommit-28977-g3727d27",
    "spells_revision": "3727d27cb1189c2dffa859c586de4b14bf054cbd",
    "com_parameters": {
        "space_translation": [
            -0.00278322906,
            -0.00287397627,
            -8.72926804e-06
        ],
        "boost_velocity": [
            5.04841798e-06,
            1.80114322e-05,
            -9.23690569e-11
        ]
    },
    "initial_mass_ratio": 1.7499999935063328
}