{
    "simulation_name": "0213/Lev3",
    "alternative_names": [
        "PRIVATE:BBH:0449",
        "SXS:BBH:0518"
    ],
    "initial_data_type": "BBH_SKS",
    "object_types": "BHBH",
    "number_of_orbits": 19.0657161764,
    "reference_mass_ratio": 1.1088442801507998,
    "reference_chi_eff": 0.13419520667495288,
    "reference_chi1_perp": 0.003323445359583419,
    "reference_chi2_perp": 1.8282221514164185e-05,
    "reference_eccentricity": 0.0001262,
    "reference_dimensionless_spin1": [
        -0.000538830925369,
        0.00330274682677,
        -0.136747559106
    ],
    "reference_dimensionless_spin2": [
        0.000171336967056,
        -4.73336863432e-05,
        0.434629127864
    ],
    "reference_orbital_frequency": [
        7.04121147397e-06,
        -1.65827415738e-06,
        0.0161566674276
    ],
    "reference_mass1": 0.525808220913,
    "reference_mass2": 0.474194826384,
    "reference_time": 640.0,
    "reference_position1": [
        -5.69427652446,
        -4.62486475233,
        0.00199546037432
    ],
    "reference_position2": [
        6.28169763644,
        5.13456135114,
        -0.00222209023634
    ],
    "reference_mean_anomaly": 4.348861,
    "keywords": [],
    "point_of_contact_email": "daniel.hemberger@gmail.com",
    "authors_emails": [],
    "simulation_bibtex_keys": [
        "Blackman:2017dfb",
        "Boyle:2019kee",
        "SXSCatalogWebsite"
    ],
    "code_bibtex_keys": [
        "Ossokine:2013zga",
        "Hemberger:2012jz",
        "Szilagyi:2009qz",
        "Boyle:2009vi",
        "Scheel:2008rj",
        "Boyle:2007ft",
        "Scheel:2006gg",
        "Lindblom:2005qh",
        "Pfeiffer:2002wt",
        "SpECwebsite"
    ],
    "initial_data_bibtex_keys": [
        "Buchman:2012dw",
        "Lovelace:2008tw",
        "Pfeiffer:2007yz",
        "Caudill:2006hw",
        "Cook:2004kt"
    ],
    "quasicircular_bibtex_keys": [
        "Mroue:2012kv",
        "Buonanno:2010yk",
        "Mroue:2010re",
        "Boyle:2007ft"
    ],
    "initial_separation": 15.2725830078,
    "initial_orbital_frequency": 0.0153440750616,
    "initial_adot": 1.39764872305e-05,
    "object1": "bh",
    "object2": "bh",
    "initial_ADM_energy": 0.9927155954110031,
    "initial_ADM_linear_momentum": [
        -6.3063483e-09,
        -1.6392616e-08,
        -3.9204e-12
    ],
    "initial_ADM_angular_momentum": [
        0.0004121979110742,
        0.0007848947215341,
        1.1622446728808313
    ],
    "initial_mass1": 0.525804307573777,
    "initial_mass2": 0.47419569350699,
    "initial_dimensionless_spin1": [
        0.00136909897642,
        0.00310422485246,
        -0.136685897581
    ],
    "initial_dimensionless_spin2": [
        0.000132623335798,
        -7.37589202435e-05,
        0.434659970093
    ],
    "initial_position1": [
        7.258219630266729,
        0.0034050203076473,
        4.00739629306e-05
    ],
    "initial_position2": [
        -8.014363377533272,
        0.0034050203076473,
        4.00739629306e-05
    ],
    "relaxation_time": 640.0,
    "common_horizon_time": 5069.20271486,
    "remnant_mass": 0.948275515816,
    "remnant_dimensionless_spin": [
        0.000256687959084,
        0.000441598448911,
        0.718900337433
    ],
    "remnant_velocity": [
        0.00047645539926,
        2.50110609389e-06,
        2.35282105418e-05
    ],
    "metadata_version": 1,
    "spec_revisions": "InitialCommit-29087-gbf4785c",
    "spells_revision": "bf4785ce24ad399d0fce82459c642899a154ab08",
    "com_parameters": {
        "space_translation": [
            7.46803295e-05,
            -0.00150403498,
            -8.86290499e-06
        ],
        "boost_velocity": [
            -2.45812005e-07,
            1.77768257e-06,
            -3.06530385e-10
        ]
    },
    "initial_mass_ratio": 1.1088339999149028
}