{
    "simulation_name": "BBH_SKS_d13.9_q3_sA_0_0_0.850_sB_0_0_0.850/Lev5",
    "alternative_names": [
        "PRIVATE:BBH:0029",
        "SXS:BBH:0293"
    ],
    "initial_data_type": "BBH_SKS",
    "object_types": "BHBH",
    "number_of_orbits": 25.6495358113,
    "reference_mass_ratio": 2.9991888529857524,
    "reference_chi_eff": 0.8498603078342528,
    "reference_chi1_perp": 1.2956881635422662e-07,
    "reference_chi2_perp": 6.210064435204325e-08,
    "reference_eccentricity": 0.0001022,
    "reference_dimensionless_spin1": [
        5.25694789484e-08,
        -1.29992021672e-07,
        0.849987828485
    ],
    "reference_dimensionless_spin2": [
        -7.47102333028e-08,
        8.53969771195e-09,
        0.84947784932
    ],
    "reference_orbital_frequency": [
        -1.00159357967e-09,
        -1.00315407728e-09,
        0.0181315747396
    ],
    "reference_mass1": 0.75001978016,
    "reference_mass2": 0.250074209036,
    "reference_time": 640.0,
    "reference_position1": [
        1.26700077582,
        -3.2619300058,
        -1.47843409286e-05
    ],
    "reference_position2": [
        -3.87532403051,
        9.89447392716,
        -1.43405085063e-05
    ],
    "reference_mean_anomaly": 4.775119,
    "keywords": [],
    "point_of_contact_email": "tonyc@cita.utoronto.ca",
    "authors_emails": [],
    "simulation_bibtex_keys": [
        "Chu:2015kft",
        "Boyle:2019kee",
        "SXSCatalogWebsite"
    ],
    "code_bibtex_keys": [
        "Ossokine:2013zga",
        "Hemberger:2012jz",
        "Szilagyi:2009qz",
        "Boyle:2009vi",
        "Scheel:2008rj",
        "Boyle:2007ft",
        "Scheel:2006gg",
        "Lindblom:2005qh",
        "Pfeiffer:2002wt",
        "SpECwebsite"
    ],
    "initial_data_bibtex_keys": [
        "Buchman:2012dw",
        "Lovelace:2008tw",
        "Pfeiffer:2007yz",
        "Caudill:2006hw",
        "Cook:2004kt"
    ],
    "quasicircular_bibtex_keys": [
        "Mroue:2012kv",
        "Buonanno:2010yk",
        "Mroue:2010re",
        "Boyle:2007ft"
    ],
    "initial_separation": 13.9,
    "initial_orbital_frequency": 0.0165220216805,
    "initial_adot": 0.000547593007667,
    "object1": "bh",
    "object2": "bh",
    "initial_ADM_energy": 0.9940179402405686,
    "initial_ADM_linear_momentum": [
        -2.404603899e-07,
        1.5672976117e-06,
        3.75687603e-08
    ],
    "initial_ADM_angular_momentum": [
        8.273695917e-07,
        6.1104065147e-06,
        1.30626720177593
    ],
    "initial_mass1": 0.750000095058811,
    "initial_mass2": 0.249999901817125,
    "initial_dimensionless_spin1": [
        4.13199999999e-13,
        -8.449e-13,
        0.850000139671
    ],
    "initial_dimensionless_spin2": [
        -3.87e-14,
        -9.9e-15,
        0.849999561408
    ],
    "initial_position1": [
        3.467121300070872,
        0.0436330048993454,
        0.0
    ],
    "initial_position2": [
        -10.432878699929129,
        0.0436330048993454,
        0.0
    ],
    "relaxation_time": 640.0,
    "common_horizon_time": 5756.05328105,
    "remnant_mass": 0.93623387906,
    "remnant_dimensionless_spin": [
        -1.24283181637e-08,
        -8.11561487549e-08,
        0.91424751368
    ],
    "remnant_velocity": [
        -2.1143104352e-05,
        3.74778307589e-05,
        -3.32125563311e-08
    ],
    "metadata_version": 1,
    "spec_revisions": [
        "InitialCommit-23906-g40010e4",
        "InitialCommit-24250-g44478b7"
    ],
    "spells_revision": "InitialCommit-22529-g5f7bd68",
    "com_parameters": {
        "space_translation": [
            -0.00710404889,
            -0.00347958638,
            5.42844343e-06
        ],
        "boost_velocity": [
            5.72447608e-06,
            1.09273275e-05,
            -3.04239234e-08
        ]
    },
    "initial_mass_ratio": 3.0000015584303563
}