{
    "simulation_name": "0283/Lev3",
    "alternative_names": [
        "PRIVATE:BBH:0248",
        "SXS:BBH:0585"
    ],
    "initial_data_type": "BBH_SKS",
    "object_types": "BHBH",
    "number_of_orbits": 17.6767196901,
    "reference_mass_ratio": 1.0000237780377477,
    "reference_chi_eff": -0.30019177506931477,
    "reference_chi1_perp": 2.3489089832082965e-07,
    "reference_chi2_perp": 3.4866019837024e-08,
    "reference_eccentricity": 0.0003059,
    "reference_dimensionless_spin1": [
        -3.30720486486e-08,
        -2.41739831744e-07,
        -0.600395197698
    ],
    "reference_dimensionless_spin2": [
        1.03026812739e-08,
        3.33092894558e-08,
        1.8785807689e-05
    ],
    "reference_orbital_frequency": [
        -4.26814977503e-10,
        3.14066853789e-10,
        0.0155342209961
    ],
    "reference_mass1": 0.500012651346,
    "reference_mass2": 0.500000762309,
    "reference_time": 640.0,
    "reference_position1": [
        -7.62633370866,
        -2.37113084777,
        -1.44576588027e-05
    ],
    "reference_position2": [
        7.58762759864,
        2.3724964483,
        -1.41355486399e-05
    ],
    "reference_mean_anomaly": 1.66759,
    "keywords": [],
    "point_of_contact_email": "daniel.hemberger@gmail.com",
    "authors_emails": [],
    "simulation_bibtex_keys": [
        "Blackman:2017dfb",
        "Boyle:2019kee",
        "SXSCatalogWebsite"
    ],
    "code_bibtex_keys": [
        "Ossokine:2013zga",
        "Hemberger:2012jz",
        "Szilagyi:2009qz",
        "Boyle:2009vi",
        "Scheel:2008rj",
        "Boyle:2007ft",
        "Scheel:2006gg",
        "Lindblom:2005qh",
        "Pfeiffer:2002wt",
        "SpECwebsite"
    ],
    "initial_data_bibtex_keys": [
        "Buchman:2012dw",
        "Lovelace:2008tw",
        "Pfeiffer:2007yz",
        "Caudill:2006hw",
        "Cook:2004kt"
    ],
    "quasicircular_bibtex_keys": [
        "Mroue:2012kv",
        "Buonanno:2010yk",
        "Mroue:2010re",
        "Boyle:2007ft"
    ],
    "initial_separation": 15.7612304688,
    "initial_orbital_frequency": 0.014746227092,
    "initial_adot": -0.0001054217839416,
    "object1": "bh",
    "object2": "bh",
    "initial_ADM_energy": 0.9930038844998732,
    "initial_ADM_linear_momentum": [
        -4.35799708e-08,
        -3.21532577e-08,
        -3.7716e-12
    ],
    "initial_ADM_angular_momentum": [
        -2.011980261e-07,
        1.013302816e-07,
        0.9873637728511724
    ],
    "initial_mass1": 0.500000011699125,
    "initial_mass2": 0.499999994487397,
    "initial_dimensionless_spin1": [
        -1.306311767e-07,
        -1.62099824e-07,
        -0.600480121136
    ],
    "initial_dimensionless_spin2": [
        0.0,
        3.2e-15,
        -2.048428e-10
    ],
    "initial_position1": [
        7.8976772743896895,
        0.0022820346902756,
        -4.4905121e-09
    ],
    "initial_position2": [
        -7.86355319441031,
        0.0022820346902756,
        -4.4905121e-09
    ],
    "relaxation_time": 640.0,
    "common_horizon_time": 5016.00927255,
    "remnant_mass": 0.958520125731,
    "remnant_dimensionless_spin": [
        -1.91430946736e-08,
        -2.16796218642e-08,
        0.592076428372
    ],
    "remnant_velocity": [
        -0.000439935034399,
        -0.000220510278991,
        -1.8515770631e-08
    ],
    "metadata_version": 1,
    "spec_revisions": "InitialCommit-28971-g2d4b796",
    "spells_revision": "2d4b796de925e97fe323094e8c08fb6ad6e8a830",
    "com_parameters": {
        "space_translation": [
            0.000139680021,
            -0.00111645571,
            2.88932631e-07
        ],
        "boost_velocity": [
            -4.89310461e-07,
            -9.77268735e-07,
            -2.65577722e-08
        ]
    },
    "initial_mass_ratio": 1.0000000344234563
}