{
    "simulation_name": "BBH_SKS_d16.6_q1_sA_0_0_-0.600_sB_0_0_0.600/Lev5",
    "alternative_names": [
        "PRIVATE:BBH:0090",
        "SXS:BBH:0217"
    ],
    "initial_data_type": "BBH_SKS",
    "object_types": "BHBH",
    "number_of_orbits": 22.6557433485,
    "reference_mass_ratio": 1.0000022287238077,
    "reference_chi_eff": 6.165893112976191e-06,
    "reference_chi1_perp": 3.986737802476887e-09,
    "reference_chi2_perp": 3.244308959775255e-09,
    "reference_eccentricity": 0.0001926,
    "reference_dimensionless_spin1": [
        3.03245501684e-09,
        -4.19192995146e-09,
        -0.599969375919
    ],
    "reference_dimensionless_spin2": [
        -1.02795425003e-09,
        4.46831562953e-09,
        0.599983044885
    ],
    "reference_orbital_frequency": [
        -6.51267159987e-12,
        3.10772760569e-11,
        0.0142055485497
    ],
    "reference_mass1": 0.500002503577,
    "reference_mass2": 0.500001389212,
    "reference_time": 640.0,
    "reference_position1": [
        -7.46306648732,
        4.0077896298,
        5.78093955517e-07
    ],
    "reference_position2": [
        7.46657191869,
        -3.76465651226,
        6.01942262765e-07
    ],
    "reference_mean_anomaly": 3.319182,
    "keywords": [],
    "point_of_contact_email": "tonyc@cita.utoronto.ca",
    "authors_emails": [],
    "simulation_bibtex_keys": [
        "Chu:2015kft",
        "Boyle:2019kee",
        "SXSCatalogWebsite"
    ],
    "code_bibtex_keys": [
        "Ossokine:2013zga",
        "Hemberger:2012jz",
        "Szilagyi:2009qz",
        "Boyle:2009vi",
        "Scheel:2008rj",
        "Boyle:2007ft",
        "Scheel:2006gg",
        "Lindblom:2005qh",
        "Pfeiffer:2002wt",
        "SpECwebsite"
    ],
    "initial_data_bibtex_keys": [
        "Buchman:2012dw",
        "Lovelace:2008tw",
        "Pfeiffer:2007yz",
        "Caudill:2006hw",
        "Cook:2004kt"
    ],
    "quasicircular_bibtex_keys": [
        "Mroue:2012kv",
        "Buonanno:2010yk",
        "Mroue:2010re",
        "Boyle:2007ft"
    ],
    "initial_separation": 16.6,
    "initial_orbital_frequency": 0.0134744849913,
    "initial_adot": 3.6871931155e-06,
    "object1": "bh",
    "object2": "bh",
    "initial_ADM_energy": 0.9932537505078313,
    "initial_ADM_linear_momentum": [
        4.602581e-10,
        -2.10137317e-08,
        5.770366e-10
    ],
    "initial_ADM_angular_momentum": [
        3.28407853e-08,
        2.320770572e-07,
        1.1461867203783553
    ],
    "initial_mass1": 0.50000000834302,
    "initial_mass2": 0.500000005086826,
    "initial_dimensionless_spin1": [
        4.71699999998e-13,
        1.534e-13,
        -0.600000032193
    ],
    "initial_dimensionless_spin2": [
        -2.13e-14,
        1.18e-14,
        0.59999997846
    ],
    "initial_position1": [
        8.353255864141147,
        0.096091266199905,
        0.0
    ],
    "initial_position2": [
        -8.246744135858854,
        0.096091266199905,
        0.0
    ],
    "relaxation_time": 640.0,
    "common_horizon_time": 6777.33038618,
    "remnant_mass": 0.951329601737,
    "remnant_dimensionless_spin": [
        1.80572601887e-10,
        1.37256764492e-09,
        0.685149757623
    ],
    "remnant_velocity": [
        -0.000906103156227,
        -8.54978230798e-05,
        3.35343099383e-09
    ],
    "metadata_version": 1,
    "spec_revisions": "InitialCommit-24016-gac5079e",
    "spells_revision": "InitialCommit-22529-g5f7bd68",
    "com_parameters": {
        "space_translation": [
            0.0179377593,
            0.092256966,
            -7.4187983e-07
        ],
        "boost_velocity": [
            1.2373509e-06,
            1.23425712e-06,
            1.56443742e-09
        ]
    },
    "initial_mass_ratio": 1.0000000065123882
}