{
    "simulation_name": "0078/Lev3",
    "alternative_names": [
        "PRIVATE:BBH:0320",
        "SXS:BBH:0399"
    ],
    "initial_data_type": "BBH_SKS",
    "object_types": "BHBH",
    "number_of_orbits": 20.0553538231,
    "reference_mass_ratio": 1.9996670451392191,
    "reference_chi_eff": 0.26669206689172165,
    "reference_chi1_perp": 1.4223191769288131e-08,
    "reference_chi2_perp": 4.171522685361764e-08,
    "reference_eccentricity": 0.0001255,
    "reference_dimensionless_spin1": [
        1.6990622136e-08,
        -4.44182460252e-10,
        0.199988949495
    ],
    "reference_dimensionless_spin2": [
        -9.35315584252e-09,
        4.85019736138e-09,
        0.400076092558
    ],
    "reference_orbital_frequency": [
        1.09790718416e-09,
        1.10649386978e-09,
        0.0167010962001
    ],
    "reference_mass1": 0.666553576111,
    "reference_mass2": 0.333332280357,
    "reference_time": 430.0,
    "reference_position1": [
        3.48887462218,
        3.60167590617,
        6.09727409962e-06
    ],
    "reference_position2": [
        -6.94714595873,
        -7.23554226593,
        7.50131950848e-06
    ],
    "reference_mean_anomaly": 2.744046,
    "keywords": [],
    "point_of_contact_email": "daniel.hemberger@gmail.com",
    "authors_emails": [],
    "simulation_bibtex_keys": [
        "Blackman:2017dfb",
        "Boyle:2019kee",
        "SXSCatalogWebsite"
    ],
    "code_bibtex_keys": [
        "Ossokine:2013zga",
        "Hemberger:2012jz",
        "Szilagyi:2009qz",
        "Boyle:2009vi",
        "Scheel:2008rj",
        "Boyle:2007ft",
        "Scheel:2006gg",
        "Lindblom:2005qh",
        "Pfeiffer:2002wt",
        "SpECwebsite"
    ],
    "initial_data_bibtex_keys": [
        "Buchman:2012dw",
        "Lovelace:2008tw",
        "Pfeiffer:2007yz",
        "Caudill:2006hw",
        "Cook:2004kt"
    ],
    "quasicircular_bibtex_keys": [
        "Mroue:2012kv",
        "Buonanno:2010yk",
        "Mroue:2010re",
        "Boyle:2007ft"
    ],
    "initial_separation": 14.7098388672,
    "initial_orbital_frequency": 0.016101735172,
    "initial_adot": 6.49107128838e-05,
    "object1": "bh",
    "object2": "bh",
    "initial_ADM_energy": 0.9932631525332621,
    "initial_ADM_linear_momentum": [
        3.97852987e-08,
        2.44061158e-08,
        1.7472e-12
    ],
    "initial_ADM_angular_momentum": [
        -1.277335581e-07,
        4.68246082e-08,
        1.0967659098815887
    ],
    "initial_mass1": 0.666666675812815,
    "initial_mass2": 0.333333333133128,
    "initial_dimensionless_spin1": [
        8.99999999999e-16,
        2.15e-14,
        0.199999999361
    ],
    "initial_dimensionless_spin2": [
        5e-15,
        -2.23e-14,
        0.400000004204
    ],
    "initial_position1": [
        4.910160116605213,
        0.0207362950967684,
        -1.34990815e-08
    ],
    "initial_position2": [
        -9.799678750594786,
        0.0207362950967684,
        -1.34990815e-08
    ],
    "relaxation_time": 430.0,
    "common_horizon_time": 5065.79040167,
    "remnant_mass": 0.954572024623,
    "remnant_dimensionless_spin": [
        4.82084987951e-08,
        2.87659536611e-08,
        0.709191804961
    ],
    "remnant_velocity": [
        0.00034443123969,
        -0.000213504499564,
        6.13088667942e-08
    ],
    "metadata_version": 1,
    "spec_revisions": [
        "InitialCommit-28971-g2d4b796",
        "InitialCommit-29011-g81f860d"
    ],
    "spells_revision": "2d4b796de925e97fe323094e8c08fb6ad6e8a830",
    "com_parameters": {
        "space_translation": [
            -0.000425062029,
            -0.00443340042,
            -1.20268163e-05
        ],
        "boost_velocity": [
            4.07301072e-06,
            3.81362343e-05,
            3.21590306e-08
        ]
    },
    "initial_mass_ratio": 2.000000028639677
}