{
    "simulation_name": "BBH_CFMS_d15.1_q4.50_sA_0_0_0_sB_0_0_0/Lev5",
    "alternative_names": [
        "PRIVATE:BBH:0119",
        "SXS:BBH:0295"
    ],
    "initial_data_type": "BBH_CFMS",
    "object_types": "BHBH",
    "number_of_orbits": 27.8067276713,
    "reference_mass_ratio": 4.499989727447444,
    "reference_chi_eff": 2.2469843750935986e-07,
    "reference_chi1_perp": 6.716511895466196e-10,
    "reference_chi2_perp": 4.285100367075953e-11,
    "reference_eccentricity": 2.67e-05,
    "reference_dimensionless_spin1": [
        -6.00233052569e-10,
        3.01389455038e-10,
        2.095393547e-07
    ],
    "reference_dimensionless_spin2": [
        1.55520453198e-11,
        -3.99292040045e-11,
        2.92914154429e-07
    ],
    "reference_orbital_frequency": [
        4.04355901132e-13,
        8.78315748345e-13,
        0.0157651114843
    ],
    "reference_mass1": 0.818181777881,
    "reference_mass2": 0.181818587916,
    "reference_time": 320.0,
    "reference_position1": [
        0.776029879432,
        -2.6341907309,
        2.9104368441e-10
    ],
    "reference_position2": [
        -3.60017603805,
        11.7183247976,
        -3.96328285055e-10
    ],
    "reference_mean_anomaly": 0.83432,
    "keywords": [],
    "point_of_contact_email": "tonyc@cita.utoronto.ca",
    "authors_emails": [],
    "simulation_bibtex_keys": [
        "Chu:2015kft",
        "Boyle:2019kee",
        "SXSCatalogWebsite"
    ],
    "code_bibtex_keys": [
        "Ossokine:2013zga",
        "Hemberger:2012jz",
        "Szilagyi:2009qz",
        "Boyle:2009vi",
        "Scheel:2008rj",
        "Boyle:2007ft",
        "Scheel:2006gg",
        "Lindblom:2005qh",
        "Pfeiffer:2002wt",
        "SpECwebsite"
    ],
    "initial_data_bibtex_keys": [
        "Buchman:2012dw",
        "Lovelace:2008tw",
        "Pfeiffer:2007yz",
        "Caudill:2006hw",
        "Cook:2004kt"
    ],
    "quasicircular_bibtex_keys": [
        "Mroue:2012kv",
        "Buonanno:2010yk",
        "Mroue:2010re",
        "Boyle:2007ft"
    ],
    "initial_separation": 15.1,
    "initial_orbital_frequency": 0.0156649631147,
    "initial_adot": -2.86908512144e-05,
    "object1": "bh",
    "object2": "bh",
    "initial_ADM_energy": 0.9956737242241651,
    "initial_ADM_linear_momentum": [
        -1.07809299e-08,
        5.0369922e-09,
        6.8995589e-09
    ],
    "initial_ADM_angular_momentum": [
        -8.483646014e-07,
        9.995493293e-07,
        0.6603998981069977
    ],
    "initial_mass1": 0.818181818256817,
    "initial_mass2": 0.18181818174527,
    "initial_dimensionless_spin1": [
        -2.62541e-11,
        1.73066e-11,
        1.1928222e-09
    ],
    "initial_dimensionless_spin2": [
        -6.33999999999e-14,
        -3.20429999999e-12,
        1.255615e-10
    ],
    "initial_position1": [
        2.73336651986045,
        0.0169103421940226,
        0.0
    ],
    "initial_position2": [
        -12.36663348013955,
        0.0169103421940226,
        0.0
    ],
    "relaxation_time": 320.0,
    "common_horizon_time": 7597.9819734,
    "remnant_mass": 0.980357699758,
    "remnant_dimensionless_spin": [
        -6.68280276097e-10,
        4.03846999355e-10,
        0.442574290459
    ],
    "remnant_velocity": [
        -0.000483168242054,
        -2.62109355106e-05,
        5.36895792587e-10
    ],
    "metadata_version": 1,
    "spec_revisions": [
        "InitialCommit-23643-gf982f00",
        "InitialCommit-24016-gac5079e"
    ],
    "spells_revision": "InitialCommit-21916-g19475f2",
    "com_parameters": {
        "space_translation": [
            -0.0242051942,
            0.00749224857,
            8.45549664e-10
        ],
        "boost_velocity": [
            2.80658213e-06,
            -3.51311817e-06,
            -2.20305381e-13
        ]
    },
    "initial_mass_ratio": 4.500000002217061
}