{
    "simulation_name": "0208/Lev3",
    "alternative_names": [
        "PRIVATE:BBH:0504",
        "SXS:BBH:0513"
    ],
    "initial_data_type": "BBH_SKS",
    "object_types": "BHBH",
    "number_of_orbits": 20.3650218357,
    "reference_mass_ratio": 2.0000156643623046,
    "reference_chi_eff": 0.2666277177501891,
    "reference_chi1_perp": 2.9666325842458553e-08,
    "reference_chi2_perp": 1.597197780393513e-07,
    "reference_eccentricity": 0.0003862,
    "reference_dimensionless_spin1": [
        4.47647939739e-08,
        -1.07694615693e-07,
        0.600015470105
    ],
    "reference_dimensionless_spin2": [
        1.43233343649e-07,
        2.47244096194e-08,
        -0.400153009266
    ],
    "reference_orbital_frequency": [
        4.86430110416e-10,
        -2.75408237279e-09,
        0.017048162107
    ],
    "reference_mass1": 0.666658724179,
    "reference_mass2": 0.333326751414,
    "reference_time": 640.0,
    "reference_position1": [
        -1.57206208208,
        -4.66484485212,
        1.66478155015e-05
    ],
    "reference_position2": [
        3.13890620812,
        9.42341854066,
        1.8789317959e-05
    ],
    "reference_mean_anomaly": 3.02976,
    "keywords": [],
    "point_of_contact_email": "daniel.hemberger@gmail.com",
    "authors_emails": [],
    "simulation_bibtex_keys": [
        "Blackman:2017dfb",
        "Boyle:2019kee",
        "SXSCatalogWebsite"
    ],
    "code_bibtex_keys": [
        "Ossokine:2013zga",
        "Hemberger:2012jz",
        "Szilagyi:2009qz",
        "Boyle:2009vi",
        "Scheel:2008rj",
        "Boyle:2007ft",
        "Scheel:2006gg",
        "Lindblom:2005qh",
        "Pfeiffer:2002wt",
        "SpECwebsite"
    ],
    "initial_data_bibtex_keys": [
        "Buchman:2012dw",
        "Lovelace:2008tw",
        "Pfeiffer:2007yz",
        "Caudill:2006hw",
        "Cook:2004kt"
    ],
    "quasicircular_bibtex_keys": [
        "Mroue:2012kv",
        "Buonanno:2010yk",
        "Mroue:2010re",
        "Boyle:2007ft"
    ],
    "initial_separation": 14.6673583984,
    "initial_orbital_frequency": 0.016131397529,
    "initial_adot": -1.17517584647e-05,
    "object1": "bh",
    "object2": "bh",
    "initial_ADM_energy": 0.9932479609916426,
    "initial_ADM_linear_momentum": [
        2.64712243e-08,
        6.011099e-09,
        1.3061e-12
    ],
    "initial_ADM_angular_momentum": [
        2.92029e-11,
        -2.4419e-12,
        1.183377657284166
    ],
    "initial_mass1": 0.666666663864447,
    "initial_mass2": 0.333333329129006,
    "initial_dimensionless_spin1": [
        -7.34e-14,
        -4.26999999999e-13,
        0.600000026483
    ],
    "initial_dimensionless_spin2": [
        -1.317e-13,
        -1.05e-14,
        -0.399999959919
    ],
    "initial_position1": [
        4.869780893230978,
        0.0217196945894242,
        7.1149353e-09
    ],
    "initial_position2": [
        -9.797577505169022,
        0.0217196945894242,
        7.1149353e-09
    ],
    "relaxation_time": 640.0,
    "common_horizon_time": 5085.24330988,
    "remnant_mass": 0.949582624273,
    "remnant_dimensionless_spin": [
        4.09345803219e-08,
        -1.44363743406e-07,
        0.786642164323
    ],
    "remnant_velocity": [
        0.000315477587594,
        -8.90890915479e-05,
        6.63562336315e-08
    ],
    "metadata_version": 1,
    "spec_revisions": "InitialCommit-29087-gbf4785c",
    "spells_revision": "bf4785ce24ad399d0fce82459c642899a154ab08",
    "com_parameters": {
        "space_translation": [
            -0.00408411159,
            0.00062797839,
            -1.39583328e-05
        ],
        "boost_velocity": [
            -3.11102197e-06,
            -2.43977865e-06,
            4.65677086e-08
        ]
    },
    "initial_mass_ratio": 2.000000016819305
}