{
    "simulation_name": "0075/Lev3",
    "alternative_names": [
        "PRIVATE:BBH:0239",
        "SXS:BBH:0396"
    ],
    "initial_data_type": "BBH_SKS",
    "object_types": "BHBH",
    "number_of_orbits": 19.7908300562,
    "reference_mass_ratio": 1.1289334367786599,
    "reference_chi_eff": 0.3454875589676714,
    "reference_chi1_perp": 0.004023596519194511,
    "reference_chi2_perp": 1.601532763928414e-05,
    "reference_eccentricity": 0.0002015,
    "reference_dimensionless_spin1": [
        -0.00113734555891,
        0.00386066659646,
        -0.00557946036246
    ],
    "reference_dimensionless_spin2": [
        0.000380445574949,
        -5.13997541119e-05,
        0.74181966415
    ],
    "reference_orbital_frequency": [
        8.67221099583e-06,
        -8.74296091387e-07,
        0.0164497530102
    ],
    "reference_mass1": 0.530295528868,
    "reference_mass2": 0.469731439952,
    "reference_time": 640.0,
    "reference_position1": [
        -4.65411573592,
        -5.45104125501,
        0.00214994889514
    ],
    "reference_position2": [
        5.21451409221,
        6.15809926196,
        -0.00243571350867
    ],
    "reference_mean_anomaly": 2.916208,
    "keywords": [],
    "point_of_contact_email": "daniel.hemberger@gmail.com",
    "authors_emails": [],
    "simulation_bibtex_keys": [
        "Blackman:2017dfb",
        "Boyle:2019kee",
        "SXSCatalogWebsite"
    ],
    "code_bibtex_keys": [
        "Ossokine:2013zga",
        "Hemberger:2012jz",
        "Szilagyi:2009qz",
        "Boyle:2009vi",
        "Scheel:2008rj",
        "Boyle:2007ft",
        "Scheel:2006gg",
        "Lindblom:2005qh",
        "Pfeiffer:2002wt",
        "SpECwebsite"
    ],
    "initial_data_bibtex_keys": [
        "Buchman:2012dw",
        "Lovelace:2008tw",
        "Pfeiffer:2007yz",
        "Caudill:2006hw",
        "Cook:2004kt"
    ],
    "quasicircular_bibtex_keys": [
        "Mroue:2012kv",
        "Buonanno:2010yk",
        "Mroue:2010re",
        "Boyle:2007ft"
    ],
    "initial_separation": 15.0397949219,
    "initial_orbital_frequency": 0.015429313871,
    "initial_adot": 0.0001428209085023,
    "object1": "bh",
    "object2": "bh",
    "initial_ADM_energy": 0.9926026689512517,
    "initial_ADM_linear_momentum": [
        6.8153467e-09,
        2.1432254e-09,
        1.48316e-11
    ],
    "initial_ADM_angular_momentum": [
        0.0003916807247004,
        0.0010124080911325,
        1.2480232350911713
    ],
    "initial_mass1": 0.530295265937387,
    "initial_mass2": 0.469704741340118,
    "initial_dimensionless_spin1": [
        0.00114471660059,
        0.00391367779061,
        -0.00556001962455
    ],
    "initial_dimensionless_spin2": [
        0.000302050597661,
        -0.000126825377295,
        0.741883927389
    ],
    "initial_position1": [
        7.085188781413756,
        0.002342335547374,
        2.89696712909e-05
    ],
    "initial_position2": [
        -7.954606140486244,
        0.002342335547374,
        2.89696712909e-05
    ],
    "relaxation_time": 640.0,
    "common_horizon_time": 5093.8342932,
    "remnant_mass": 0.941028148632,
    "remnant_dimensionless_spin": [
        0.000244952937841,
        0.000635084374955,
        0.776661672228
    ],
    "remnant_velocity": [
        2.66621730667e-05,
        -0.000521769241201,
        9.67551505794e-06
    ],
    "metadata_version": 1,
    "spec_revisions": "InitialCommit-28971-g2d4b796",
    "spells_revision": "2d4b796de925e97fe323094e8c08fb6ad6e8a830",
    "com_parameters": {
        "space_translation": [
            -0.000826730441,
            -0.00151564244,
            -1.66811165e-05
        ],
        "boost_velocity": [
            -5.79718038e-07,
            1.10459586e-06,
            5.91500068e-09
        ]
    },
    "initial_mass_ratio": 1.1289970470053117
}