{
    "simulation_name": "BBH_SKS_d15.5_q2.51_sA_0_0_0_sB_0_0_0/Lev3",
    "alternative_names": [
        "PRIVATE:BBH:0013",
        "SXS:BBH:0191"
    ],
    "initial_data_type": "BBH_SKS",
    "object_types": "BHBH",
    "number_of_orbits": 22.4934366475,
    "reference_mass_ratio": 2.5074046159884107,
    "reference_chi_eff": -1.6062399478249013e-05,
    "reference_chi1_perp": 8.593302945080487e-09,
    "reference_chi2_perp": 4.913111853157813e-07,
    "reference_eccentricity": 0.000758,
    "reference_dimensionless_spin1": [
        -1.05292924695e-09,
        8.52995309527e-09,
        -4.65916814044e-05
    ],
    "reference_dimensionless_spin2": [
        4.88530250161e-07,
        5.21868234973e-08,
        6.04868629585e-05
    ],
    "reference_orbital_frequency": [
        -3.1714638426e-10,
        -5.06933627478e-10,
        0.0155523967658
    ],
    "reference_mass1": 0.714880557799,
    "reference_mass2": 0.285107777676,
    "reference_time": 530.0,
    "reference_position1": [
        -1.22508966894,
        4.32167124299,
        4.79260155287e-06
    ],
    "reference_position2": [
        3.1546187406,
        -10.8285200506,
        4.38808944853e-06
    ],
    "reference_mean_anomaly": 1.891716,
    "keywords": [],
    "point_of_contact_email": "jonathan.blackman.0@gmail.com",
    "authors_emails": [],
    "simulation_bibtex_keys": [
        "Blackman:2015pia",
        "Boyle:2019kee",
        "SXSCatalogWebsite"
    ],
    "code_bibtex_keys": [
        "Ossokine:2013zga",
        "Hemberger:2012jz",
        "Szilagyi:2009qz",
        "Boyle:2009vi",
        "Scheel:2008rj",
        "Boyle:2007ft",
        "Scheel:2006gg",
        "Lindblom:2005qh",
        "Pfeiffer:2002wt",
        "SpECwebsite"
    ],
    "initial_data_bibtex_keys": [
        "Buchman:2012dw",
        "Lovelace:2008tw",
        "Pfeiffer:2007yz",
        "Caudill:2006hw",
        "Cook:2004kt"
    ],
    "quasicircular_bibtex_keys": [
        "Mroue:2012kv",
        "Buonanno:2010yk",
        "Mroue:2010re",
        "Boyle:2007ft"
    ],
    "initial_separation": 15.5,
    "initial_orbital_frequency": 0.015127,
    "initial_adot": -4.7e-07,
    "object1": "bh",
    "object2": "bh",
    "initial_ADM_energy": 0.9941549435492991,
    "initial_ADM_linear_momentum": [
        1.408800246e-07,
        4.709367333e-07,
        5.49922388e-08
    ],
    "initial_ADM_angular_momentum": [
        2.6829849324e-06,
        1.57923771489e-05,
        0.9113363450615797
    ],
    "initial_mass1": 0.714896646704969,
    "initial_mass2": 0.285103354260276,
    "initial_dimensionless_spin1": [
        -3.63443399e-08,
        1.11721637e-08,
        -8.90154823e-08
    ],
    "initial_dimensionless_spin2": [
        1.005199131e-07,
        -8.82138783999e-08,
        -4.352994866e-07
    ],
    "initial_position1": [
        4.418453304954834,
        0.0305028738733212,
        0.0
    ],
    "initial_position2": [
        -11.081546695045166,
        0.0305028738733212,
        0.0
    ],
    "relaxation_time": 530.0,
    "common_horizon_time": 6218.2428875,
    "remnant_mass": 0.966761965476,
    "remnant_dimensionless_spin": [
        1.13912220689e-08,
        -1.39397473864e-08,
        0.580102908705
    ],
    "remnant_velocity": [
        0.000129140249359,
        0.000579515589576,
        2.53031092389e-08
    ],
    "metadata_version": 1,
    "spec_revisions": "InitialCommit-23080-ge554ee7",
    "spells_revision": "f6133b7d7d8716ccc43185528e55271c1be828a9",
    "com_parameters": {
        "space_translation": [
            -0.0147968622,
            -0.00490556262,
            -7.11943168e-06
        ],
        "boost_velocity": [
            6.41431419e-06,
            1.15081106e-05,
            1.55810152e-08
        ]
    },
    "initial_mass_ratio": 2.507499950534875
}