{
    "simulation_name": "BBH_CFMS_d15.5_q3_sA_0_0_-0.300_sB_0_0_0.300/Lev5",
    "alternative_names": [
        "PRIVATE:BBH:0161",
        "SXS:BBH:0272"
    ],
    "initial_data_type": "BBH_CFMS",
    "object_types": "BHBH",
    "number_of_orbits": 22.6771436789,
    "reference_mass_ratio": 2.9999304618072524,
    "reference_chi_eff": -0.14998811040374688,
    "reference_chi1_perp": 4.437959279703761e-13,
    "reference_chi2_perp": 2.2189685945477393e-12,
    "reference_eccentricity": "<5.1e-05",
    "reference_dimensionless_spin1": [
        -5.65393736746e-14,
        -1.3156368169e-13,
        -0.29996490158
    ],
    "reference_dimensionless_spin2": [
        1.86859889121e-12,
        1.18919639494e-12,
        0.29993183401
    ],
    "reference_orbital_frequency": [
        1.06454940464e-14,
        -1.44412882396e-14,
        0.0152070413716
    ],
    "reference_mass1": 0.750039380628,
    "reference_mass2": 0.250018922164,
    "reference_time": 220.0,
    "reference_position1": [
        -3.85919833095,
        -0.696295329013,
        1.02646122213e-10
    ],
    "reference_position2": [
        11.3280502939,
        2.11458264164,
        9.4683819561e-11
    ],
    "reference_mean_anomaly": 1.154523,
    "keywords": [],
    "point_of_contact_email": "tonyc@cita.utoronto.ca",
    "authors_emails": [],
    "simulation_bibtex_keys": [
        "Chu:2015kft",
        "Boyle:2019kee",
        "SXSCatalogWebsite"
    ],
    "code_bibtex_keys": [
        "Ossokine:2013zga",
        "Hemberger:2012jz",
        "Szilagyi:2009qz",
        "Boyle:2009vi",
        "Scheel:2008rj",
        "Boyle:2007ft",
        "Scheel:2006gg",
        "Lindblom:2005qh",
        "Pfeiffer:2002wt",
        "SpECwebsite"
    ],
    "initial_data_bibtex_keys": [
        "Buchman:2012dw",
        "Lovelace:2008tw",
        "Pfeiffer:2007yz",
        "Caudill:2006hw",
        "Cook:2004kt"
    ],
    "quasicircular_bibtex_keys": [
        "Mroue:2012kv",
        "Buonanno:2010yk",
        "Mroue:2010re",
        "Boyle:2007ft"
    ],
    "initial_separation": 15.5,
    "initial_orbital_frequency": 0.0151333810723,
    "initial_adot": -2.79847077269e-05,
    "object1": "bh",
    "object2": "bh",
    "initial_ADM_energy": 0.9947589026687196,
    "initial_ADM_linear_momentum": [
        1.08242334e-08,
        -2.292676e-09,
        7.1588165e-09
    ],
    "initial_ADM_angular_momentum": [
        -6.246844261e-07,
        2.034717144e-07,
        0.6960592748741301
    ],
    "initial_mass1": 0.750000000121862,
    "initial_mass2": 0.249999999655602,
    "initial_dimensionless_spin1": [
        3.29999999999e-15,
        -5.8e-15,
        -0.299999999823
    ],
    "initial_dimensionless_spin2": [
        -2.61000000001e-14,
        5.5e-15,
        0.30000000006
    ],
    "initial_position1": [
        3.8674921426593727,
        0.0211337654870111,
        0.0
    ],
    "initial_position2": [
        -11.632507857340627,
        0.0211337654870111,
        0.0
    ],
    "relaxation_time": 220.0,
    "common_horizon_time": 6411.55606522,
    "remnant_mass": 0.974641853351,
    "remnant_dimensionless_spin": [
        -1.43941834816e-09,
        4.95339928737e-10,
        0.416835542929
    ],
    "remnant_velocity": [
        -0.000612693833333,
        0.000492219394266,
        8.06517589511e-10
    ],
    "metadata_version": 1,
    "spec_revisions": [
        "InitialCommit-22272-g66cd00a",
        "InitialCommit-23906-g40010e4"
    ],
    "spells_revision": "InitialCommit-21916-g19475f2",
    "com_parameters": {
        "space_translation": [
            -0.0262984642,
            0.00971350311,
            6.28315827e-10
        ],
        "boost_velocity": [
            4.60300153e-06,
            -3.41759879e-06,
            -2.58252189e-13
        ]
    },
    "initial_mass_ratio": 3.000000004620224
}