{
    "simulation_name": "0142/Lev3",
    "alternative_names": [
        "PRIVATE:BBH:0362",
        "SXS:BBH:0454"
    ],
    "initial_data_type": "BBH_SKS",
    "object_types": "BHBH",
    "number_of_orbits": 16.5745485249,
    "reference_mass_ratio": 1.749985404362367,
    "reference_chi_eff": -0.6549302071528434,
    "reference_chi1_perp": 2.774752502824886e-07,
    "reference_chi2_perp": 3.022031189216292e-08,
    "reference_eccentricity": 8.89e-05,
    "reference_dimensionless_spin1": [
        6.11551577537e-09,
        -2.83662463089e-07,
        -0.800622655698
    ],
    "reference_dimensionless_spin2": [
        1.39258250642e-08,
        -3.27945971251e-08,
        -0.399970548673
    ],
    "reference_orbital_frequency": [
        -9.89783614582e-10,
        1.90796659591e-10,
        0.0154255696041
    ],
    "reference_mass1": 0.636366920284,
    "reference_mass2": 0.363641273063,
    "reference_time": 640.0,
    "reference_position1": [
        -5.69938861179,
        -1.36206812049,
        -1.62368055656e-05
    ],
    "reference_position2": [
        9.8971568885,
        2.44351576241,
        -1.52831219827e-05
    ],
    "reference_mean_anomaly": 2.113747,
    "keywords": [],
    "point_of_contact_email": "daniel.hemberger@gmail.com",
    "authors_emails": [],
    "simulation_bibtex_keys": [
        "Blackman:2017dfb",
        "Boyle:2019kee",
        "SXSCatalogWebsite"
    ],
    "code_bibtex_keys": [
        "Ossokine:2013zga",
        "Hemberger:2012jz",
        "Szilagyi:2009qz",
        "Boyle:2009vi",
        "Scheel:2008rj",
        "Boyle:2007ft",
        "Scheel:2006gg",
        "Lindblom:2005qh",
        "Pfeiffer:2002wt",
        "SpECwebsite"
    ],
    "initial_data_bibtex_keys": [
        "Buchman:2012dw",
        "Lovelace:2008tw",
        "Pfeiffer:2007yz",
        "Caudill:2006hw",
        "Cook:2004kt"
    ],
    "quasicircular_bibtex_keys": [
        "Mroue:2012kv",
        "Buonanno:2010yk",
        "Mroue:2010re",
        "Boyle:2007ft"
    ],
    "initial_separation": 15.8992919922,
    "initial_orbital_frequency": 0.014508872744,
    "initial_adot": -0.0001852243728774,
    "object1": "bh",
    "object2": "bh",
    "initial_ADM_energy": 0.9936874637940258,
    "initial_ADM_linear_momentum": [
        -6.3038836e-09,
        -1.65684005e-08,
        -1.506e-12
    ],
    "initial_ADM_angular_momentum": [
        -2.2940173716e-06,
        4.251794703e-07,
        0.6951830584980596
    ],
    "initial_mass1": 0.636363634775153,
    "initial_mass2": 0.36363636574937,
    "initial_dimensionless_spin1": [
        -1.551141697e-07,
        -2.306657715e-07,
        -0.800640132256
    ],
    "initial_dimensionless_spin2": [
        9.01413340001e-09,
        -8.3589215e-09,
        -0.400000011332
    ],
    "initial_position1": [
        5.808916992649356,
        0.0221017473678645,
        -5.7375344e-09
    ],
    "initial_position2": [
        -10.090374999550644,
        0.0221017473678645,
        -5.7375344e-09
    ],
    "relaxation_time": 640.0,
    "common_horizon_time": 4870.42529208,
    "remnant_mass": 0.97005035399,
    "remnant_dimensionless_spin": [
        -5.15387357579e-08,
        -3.04964759828e-08,
        0.378789160013
    ],
    "remnant_velocity": [
        -0.000579738603348,
        0.000775395726917,
        3.86517737906e-10
    ],
    "metadata_version": 1,
    "spec_revisions": "InitialCommit-28993-g473c7e9",
    "spells_revision": "473c7e9948ef075e173e9e9b5314b754eab42364",
    "com_parameters": {
        "space_translation": [
            -0.00276182513,
            -0.00307427313,
            -4.30958452e-06
        ],
        "boost_velocity": [
            -1.1222626e-05,
            2.04418737e-06,
            -2.54763734e-08
        ]
    },
    "initial_mass_ratio": 1.7499999854628276
}