{
    "simulation_name": "0304/Lev3",
    "alternative_names": [
        "PRIVATE:BBH:0984",
        "SXS:BBH:0916"
    ],
    "initial_data_type": "BBH_SKS",
    "object_types": "BHBH",
    "number_of_orbits": 18.9026627194,
    "reference_mass_ratio": 0.9999937819589617,
    "reference_chi_eff": 0.009000442639804736,
    "reference_chi1_perp": 0.7996873744929546,
    "reference_chi2_perp": 0.7998307307496277,
    "reference_eccentricity": 0.0003119,
    "reference_dimensionless_spin1": [
        -0.772083776928,
        -0.208560918865,
        0.00936711059382
    ],
    "reference_dimensionless_spin2": [
        -0.558621249659,
        -0.567453597697,
        0.0753864358068
    ],
    "reference_orbital_frequency": [
        -0.000860901571139,
        0.00281377926131,
        0.0156229388199
    ],
    "reference_mass1": 0.500042159111,
    "reference_mass2": 0.500045268413,
    "reference_time": 570.0,
    "reference_position1": [
        -6.69963150287,
        3.90443018019,
        -1.06033444902
    ],
    "reference_position2": [
        6.6988161221,
        -3.90221104736,
        1.08400664992
    ],
    "reference_mean_anomaly": 2.965038,
    "keywords": [],
    "point_of_contact_email": "sfield@astro.cornell.edu",
    "authors_emails": [],
    "simulation_bibtex_keys": [
        "Blackman:2017pcm",
        "Boyle:2019kee",
        "SXSCatalogWebsite"
    ],
    "code_bibtex_keys": [
        "Ossokine:2013zga",
        "Hemberger:2012jz",
        "Szilagyi:2009qz",
        "Boyle:2009vi",
        "Scheel:2008rj",
        "Boyle:2007ft",
        "Scheel:2006gg",
        "Lindblom:2005qh",
        "Pfeiffer:2002wt",
        "SpECwebsite"
    ],
    "initial_data_bibtex_keys": [
        "Buchman:2012dw",
        "Lovelace:2008tw",
        "Pfeiffer:2007yz",
        "Caudill:2006hw",
        "Cook:2004kt"
    ],
    "quasicircular_bibtex_keys": [
        "Mroue:2012kv",
        "Buonanno:2010yk",
        "Mroue:2010re",
        "Boyle:2007ft"
    ],
    "initial_separation": 15.3911743164,
    "initial_orbital_frequency": 0.014717179404,
    "initial_adot": 4.88223946327e-05,
    "object1": "bh",
    "object2": "bh",
    "initial_ADM_energy": 0.9928537123801093,
    "initial_ADM_linear_momentum": [
        -8.8568211e-09,
        -1.54499867e-08,
        -2.9512507e-09
    ],
    "initial_ADM_angular_momentum": [
        -0.3891852377458487,
        0.0248401396408716,
        1.1122757027701575
    ],
    "initial_mass1": 0.499999986188069,
    "initial_mass2": 0.5000000135784163,
    "initial_dimensionless_spin1": [
        -0.771697450231,
        0.209083833572,
        -0.0276600058947
    ],
    "initial_dimensionless_spin2": [
        -0.772945744826,
        -0.203950789521,
        0.0309359594982
    ],
    "initial_position1": [
        7.6980086906984475,
        7.64903888147e-05,
        0.0005037187418077
    ],
    "initial_position2": [
        -7.693165625701553,
        7.64903888147e-05,
        0.0005037187418077
    ],
    "relaxation_time": 570.0,
    "common_horizon_time": 5092.52433095,
    "remnant_mass": 0.944000303508,
    "remnant_dimensionless_spin": [
        -0.2574390619,
        0.0357654882642,
        0.716438885104
    ],
    "remnant_velocity": [
        6.35019807149e-05,
        -3.27129044646e-05,
        -0.000312454281494
    ],
    "metadata_version": 1,
    "spec_revisions": "InitialCommit-29628-g2cce9e5",
    "spells_revision": "2cce9e5c03773621b7d160cd7247fc453684f921",
    "com_parameters": {
        "space_translation": [
            -0.00025293262,
            2.21883761e-06,
            2.07269081e-05
        ],
        "boost_velocity": [
            1.61670323e-07,
            2.16916283e-07,
            -5.80998041e-07
        ]
    },
    "initial_mass_ratio": 0.9999999452193069
}