{
    "simulation_name": "0379/Lev3",
    "alternative_names": [
        "PRIVATE:BBH:1057",
        "SXS:BBH:0990"
    ],
    "initial_data_type": "BBH_SKS",
    "object_types": "BHBH",
    "number_of_orbits": 18.9032210054,
    "reference_mass_ratio": 0.9999932911573416,
    "reference_chi_eff": 0.009219483109044028,
    "reference_chi1_perp": 0.799687050060338,
    "reference_chi2_perp": 0.799825344448416,
    "reference_eccentricity": 0.0006102,
    "reference_dimensionless_spin1": [
        -0.772035796913,
        -0.208653175985,
        0.0110873633917
    ],
    "reference_dimensionless_spin2": [
        -0.571652832659,
        -0.554446640826,
        0.0744400454996
    ],
    "reference_orbital_frequency": [
        -0.000830922252187,
        0.00282984807794,
        0.0156218395477
    ],
    "reference_mass1": 0.50004220766,
    "reference_mass2": 0.500045562387,
    "reference_time": 570.0,
    "reference_position1": [
        -6.70346260426,
        3.89973851608,
        -1.05144259858
    ],
    "reference_position2": [
        6.70268613234,
        -3.89757646386,
        1.07408711314
    ],
    "reference_mean_anomaly": 3.550965,
    "keywords": [],
    "point_of_contact_email": "mgiesler@tapir.caltech.edu",
    "authors_emails": [],
    "simulation_bibtex_keys": [
        "Blackman:2017pcm",
        "Boyle:2019kee",
        "SXSCatalogWebsite"
    ],
    "code_bibtex_keys": [
        "Ossokine:2013zga",
        "Hemberger:2012jz",
        "Szilagyi:2009qz",
        "Boyle:2009vi",
        "Scheel:2008rj",
        "Boyle:2007ft",
        "Scheel:2006gg",
        "Lindblom:2005qh",
        "Pfeiffer:2002wt",
        "SpECwebsite"
    ],
    "initial_data_bibtex_keys": [
        "Buchman:2012dw",
        "Lovelace:2008tw",
        "Pfeiffer:2007yz",
        "Caudill:2006hw",
        "Cook:2004kt"
    ],
    "quasicircular_bibtex_keys": [
        "Mroue:2012kv",
        "Buonanno:2010yk",
        "Mroue:2010re",
        "Boyle:2007ft"
    ],
    "initial_separation": 15.3906860352,
    "initial_orbital_frequency": 0.014712958786,
    "initial_adot": 4.23800044995e-05,
    "object1": "bh",
    "object2": "bh",
    "initial_ADM_energy": 0.9928533109084227,
    "initial_ADM_linear_momentum": [
        -1.6914019e-09,
        -1.7752709e-09,
        -1.3872823e-09
    ],
    "initial_ADM_angular_momentum": [
        -0.3903670271784744,
        0.0292446966358725,
        1.1122462982177617
    ],
    "initial_mass1": 0.4999999849161693,
    "initial_mass2": 0.5000000135647568,
    "initial_dimensionless_spin1": [
        -0.771775989225,
        0.208957631715,
        -0.0263858887869
    ],
    "initial_dimensionless_spin2": [
        -0.777516030537,
        -0.185955721144,
        0.0297819787375
    ],
    "initial_position1": [
        7.6976688311779125,
        5.64746980302e-05,
        0.0006119962350308
    ],
    "initial_position2": [
        -7.693017204022087,
        5.64746980302e-05,
        0.0006119962350308
    ],
    "relaxation_time": 570.0,
    "common_horizon_time": 5091.94856297,
    "remnant_mass": 0.943938134128,
    "remnant_dimensionless_spin": [
        -0.258285190342,
        0.0387123995607,
        0.716500029436
    ],
    "remnant_velocity": [
        7.09507175905e-05,
        -2.83725905733e-05,
        -0.00033089136628
    ],
    "metadata_version": 1,
    "spec_revisions": "InitialCommit-29628-g2cce9e5",
    "spells_revision": "2cce9e5c03773621b7d160cd7247fc453684f921",
    "com_parameters": {
        "space_translation": [
            -0.000243377556,
            -2.42970814e-06,
            1.3652455e-05
        ],
        "boost_velocity": [
            1.59125752e-07,
            2.36927715e-07,
            -5.46636181e-07
        ]
    },
    "initial_mass_ratio": 0.9999999427028267
}