{
    "simulation_name": "BBH_SKS_d13_q5.52_sA_0_0_0_sB_0_0_0/Lev3",
    "alternative_names": [
        "PRIVATE:BBH:0006",
        "SXS:BBH:0197"
    ],
    "initial_data_type": "BBH_SKS",
    "object_types": "BHBH",
    "number_of_orbits": 20.2807164988,
    "reference_mass_ratio": 5.52238181943924,
    "reference_chi_eff": -3.368876429473209e-05,
    "reference_chi1_perp": 3.6861420973872475e-08,
    "reference_chi2_perp": 8.724763162767783e-08,
    "reference_eccentricity": 0.00022,
    "reference_dimensionless_spin1": [
        -1.74315778188e-10,
        3.68602954951e-08,
        -3.70291220576e-05
    ],
    "reference_dimensionless_spin2": [
        3.54049326392e-08,
        7.97410366392e-08,
        -1.52420333188e-05
    ],
    "reference_orbital_frequency": [
        -7.20651548844e-10,
        3.77236280012e-10,
        0.0197605333563
    ],
    "reference_mass1": 0.846673570142,
    "reference_mass2": 0.153316738651,
    "reference_time": 350.0,
    "reference_position1": [
        1.70341965151,
        1.09882131292,
        3.76155439104e-06
    ],
    "reference_position2": [
        -9.47546777056,
        -6.22046024328,
        3.49359684694e-06
    ],
    "reference_mean_anomaly": 3.102893,
    "keywords": [],
    "point_of_contact_email": "jonathan.blackman.0@gmail.com",
    "authors_emails": [],
    "simulation_bibtex_keys": [
        "Blackman:2015pia",
        "Boyle:2019kee",
        "SXSCatalogWebsite"
    ],
    "code_bibtex_keys": [
        "Ossokine:2013zga",
        "Hemberger:2012jz",
        "Szilagyi:2009qz",
        "Boyle:2009vi",
        "Scheel:2008rj",
        "Boyle:2007ft",
        "Scheel:2006gg",
        "Lindblom:2005qh",
        "Pfeiffer:2002wt",
        "SpECwebsite"
    ],
    "initial_data_bibtex_keys": [
        "Buchman:2012dw",
        "Lovelace:2008tw",
        "Pfeiffer:2007yz",
        "Caudill:2006hw",
        "Cook:2004kt"
    ],
    "quasicircular_bibtex_keys": [
        "Mroue:2012kv",
        "Buonanno:2010yk",
        "Mroue:2010re",
        "Boyle:2007ft"
    ],
    "initial_separation": 13.0,
    "initial_orbital_frequency": 0.01935479,
    "initial_adot": 2.163e-05,
    "object1": "bh",
    "object2": "bh",
    "initial_ADM_energy": 0.9956956963320067,
    "initial_ADM_linear_momentum": [
        1.29761020579e-05,
        0.0001304248025998,
        5.0844877759e-06
    ],
    "initial_ADM_angular_momentum": [
        0.0002457692617723,
        0.0011898294530418,
        0.505886580002325
    ],
    "initial_mass1": 0.846683718807208,
    "initial_mass2": 0.15331703300428,
    "initial_dimensionless_spin1": [
        -1.38611e-11,
        -8.5772e-12,
        -2.7801968e-09
    ],
    "initial_dimensionless_spin2": [
        -6.00967999998e-11,
        4.36157e-11,
        -1.9087323377e-06
    ],
    "initial_position1": [
        1.991003827987237,
        0.0348551623964122,
        0.0
    ],
    "initial_position2": [
        -11.008996172012763,
        0.0348551623964122,
        0.0
    ],
    "relaxation_time": 350.0,
    "common_horizon_time": 4559.08879352,
    "remnant_mass": 0.984067194427,
    "remnant_dimensionless_spin": [
        -1.41645878687e-08,
        2.57977381151e-08,
        0.392396694178
    ],
    "remnant_velocity": [
        0.000412672331025,
        -8.13162998203e-05,
        2.6268831124e-08
    ],
    "metadata_version": 1,
    "spec_revisions": "InitialCommit-23551-g31695a7",
    "spells_revision": "31695a75708032c5736d6a8504842356ea8b06eb",
    "com_parameters": {
        "space_translation": [
            -0.0116611096,
            -0.00230806901,
            -5.73659833e-06
        ],
        "boost_velocity": [
            -6.68057235e-06,
            1.73693326e-06,
            1.98637459e-08
        ]
    },
    "initial_mass_ratio": 5.522437411005547
}