{
    "simulation_name": "0194/Lev3",
    "alternative_names": [
        "PRIVATE:BBH:0519",
        "SXS:BBH:0501"
    ],
    "initial_data_type": "BBH_SKS",
    "object_types": "BHBH",
    "number_of_orbits": 21.3767481398,
    "reference_mass_ratio": 1.7496126698588594,
    "reference_chi_eff": 0.6727662602997303,
    "reference_chi1_perp": 4.056566720160359e-08,
    "reference_chi2_perp": 4.211258894188663e-08,
    "reference_eccentricity": 0.0004487,
    "reference_dimensionless_spin1": [
        -2.82932716545e-08,
        7.15670369014e-08,
        0.60019045799
    ],
    "reference_dimensionless_spin2": [
        -2.59365466629e-09,
        4.21034974733e-08,
        0.799745803546
    ],
    "reference_orbital_frequency": [
        -9.68427100436e-10,
        9.04734302622e-10,
        0.0173246298933
    ],
    "reference_mass1": 0.636348147632,
    "reference_mass2": 0.363708012976,
    "reference_time": 600.0,
    "reference_position1": [
        -3.90178309618,
        -3.61289552067,
        -5.57364902772e-06
    ],
    "reference_position2": [
        6.82064068308,
        6.3749643382,
        -5.49586806764e-06
    ],
    "reference_mean_anomaly": 1.745669,
    "keywords": [],
    "point_of_contact_email": "daniel.hemberger@gmail.com",
    "authors_emails": [],
    "simulation_bibtex_keys": [
        "Blackman:2017dfb",
        "Boyle:2019kee",
        "SXSCatalogWebsite"
    ],
    "code_bibtex_keys": [
        "Ossokine:2013zga",
        "Hemberger:2012jz",
        "Szilagyi:2009qz",
        "Boyle:2009vi",
        "Scheel:2008rj",
        "Boyle:2007ft",
        "Scheel:2006gg",
        "Lindblom:2005qh",
        "Pfeiffer:2002wt",
        "SpECwebsite"
    ],
    "initial_data_bibtex_keys": [
        "Buchman:2012dw",
        "Lovelace:2008tw",
        "Pfeiffer:2007yz",
        "Caudill:2006hw",
        "Cook:2004kt"
    ],
    "quasicircular_bibtex_keys": [
        "Mroue:2012kv",
        "Buonanno:2010yk",
        "Mroue:2010re",
        "Boyle:2007ft"
    ],
    "initial_separation": 14.4105834961,
    "initial_orbital_frequency": 0.0160360344215,
    "initial_adot": 0.00032395204181,
    "object1": "bh",
    "object2": "bh",
    "initial_ADM_energy": 0.9928234773875978,
    "initial_ADM_linear_momentum": [
        -4.4089152e-09,
        -1.98446406e-08,
        8.2393e-12
    ],
    "initial_ADM_angular_momentum": [
        5.637285021e-07,
        4.29727799e-08,
        1.3281497605440575
    ],
    "initial_mass1": 0.636363637343026,
    "initial_mass2": 0.363636374469416,
    "initial_dimensionless_spin1": [
        5.51000000001e-14,
        -2.69100000001e-13,
        0.600000000861
    ],
    "initial_dimensionless_spin2": [
        -2.839e-13,
        3.441e-13,
        0.800000000342
    ],
    "initial_position1": [
        5.2422114651557745,
        0.0176810930042336,
        -1.6847562e-09
    ],
    "initial_position2": [
        -9.168372030944225,
        0.0176810930042336,
        -1.6847562e-09
    ],
    "relaxation_time": 600.0,
    "common_horizon_time": 5099.71907969,
    "remnant_mass": 0.932326760168,
    "remnant_dimensionless_spin": [
        -4.22048188651e-08,
        5.61610327286e-08,
        0.856797632023
    ],
    "remnant_velocity": [
        -3.82870163909e-05,
        0.000112148212396,
        -9.89577399179e-09
    ],
    "metadata_version": 1,
    "spec_revisions": "InitialCommit-29013-gf861d74",
    "spells_revision": "f861d74d0c38db0a1f54da7c80174072cd74b7d1",
    "com_parameters": {
        "space_translation": [
            -0.00424791944,
            0.00193437627,
            1.29853259e-06
        ],
        "boost_velocity": [
            3.72178942e-06,
            -4.56489798e-06,
            -1.2453782e-08
        ]
    },
    "initial_mass_ratio": 1.7499999505592587
}