{
    "simulation_name": "0040/Lev3",
    "alternative_names": [
        "PRIVATE:BBH:0292",
        "SXS:BBH:0363"
    ],
    "initial_data_type": "BBH_SKS",
    "object_types": "BHBH",
    "number_of_orbits": 19.2223840491,
    "reference_mass_ratio": 1.1255324931329242,
    "reference_chi_eff": 0.17298732560040958,
    "reference_chi1_perp": 0.012475903487744383,
    "reference_chi2_perp": 4.257887152249396e-05,
    "reference_eccentricity": 5.21e-05,
    "reference_dimensionless_spin1": [
        -0.00215414604806,
        0.0122867525328,
        0.00306327212021
    ],
    "reference_dimensionless_spin2": [
        0.000549896640479,
        -0.000129077550723,
        0.364249940956
    ],
    "reference_orbital_frequency": [
        2.61221915721e-05,
        -4.80297307594e-06,
        0.0162141172648
    ],
    "reference_mass1": 0.529531326042,
    "reference_mass2": 0.470471824912,
    "reference_time": 640.0,
    "reference_position1": [
        -5.46694991992,
        -4.7645200389,
        0.0073473085248
    ],
    "reference_position2": [
        6.13279492932,
        5.37312536809,
        -0.00833778336408
    ],
    "reference_mean_anomaly": 0.06033,
    "keywords": [],
    "point_of_contact_email": "daniel.hemberger@gmail.com",
    "authors_emails": [],
    "simulation_bibtex_keys": [
        "Blackman:2017dfb",
        "Boyle:2019kee",
        "SXSCatalogWebsite"
    ],
    "code_bibtex_keys": [
        "Ossokine:2013zga",
        "Hemberger:2012jz",
        "Szilagyi:2009qz",
        "Boyle:2009vi",
        "Scheel:2008rj",
        "Boyle:2007ft",
        "Scheel:2006gg",
        "Lindblom:2005qh",
        "Pfeiffer:2002wt",
        "SpECwebsite"
    ],
    "initial_data_bibtex_keys": [
        "Buchman:2012dw",
        "Lovelace:2008tw",
        "Pfeiffer:2007yz",
        "Caudill:2006hw",
        "Cook:2004kt"
    ],
    "quasicircular_bibtex_keys": [
        "Mroue:2012kv",
        "Buonanno:2010yk",
        "Mroue:2010re",
        "Boyle:2007ft"
    ],
    "initial_separation": 15.227355957,
    "initial_orbital_frequency": 0.015425902174,
    "initial_adot": 1.32494536582e-05,
    "object1": "bh",
    "object2": "bh",
    "initial_ADM_energy": 0.9926920993443932,
    "initial_ADM_linear_momentum": [
        -7.5476313e-09,
        -2.73030727e-08,
        1.55886e-11
    ],
    "initial_ADM_angular_momentum": [
        0.0014582853077949,
        0.0029978954137414,
        1.1799476893188088
    ],
    "initial_mass1": 0.529528211694339,
    "initial_mass2": 0.470471786565279,
    "initial_dimensionless_spin1": [
        0.00485095537719,
        0.0115023722241,
        0.00303031868918
    ],
    "initial_dimensionless_spin2": [
        0.000421766834691,
        -0.000222230380074,
        0.364244712883
    ],
    "initial_position1": [
        7.174404012271542,
        0.0038672780643535,
        0.0001390868754665
    ],
    "initial_position2": [
        -8.05295194472846,
        0.0038672780643535,
        0.0001390868754665
    ],
    "relaxation_time": 640.0,
    "common_horizon_time": 5078.91796962,
    "remnant_mass": 0.947044754506,
    "remnant_dimensionless_spin": [
        0.000961959062289,
        0.00171938601236,
        0.732110390595
    ],
    "remnant_velocity": [
        0.000192576452211,
        0.000262560508497,
        -2.27561183008e-05
    ],
    "metadata_version": 1,
    "spec_revisions": "InitialCommit-28950-gb189fe3",
    "spells_revision": "b189fe3d837b3733f9792ac7a6ee263ced79a79e",
    "com_parameters": {
        "space_translation": [
            -0.000279813417,
            -0.000983140705,
            -1.86824828e-05
        ],
        "boost_velocity": [
            6.43907072e-07,
            2.86274598e-06,
            -2.59485967e-08
        ]
    },
    "initial_mass_ratio": 1.1255259652448166
}