{
    "simulation_name": "0264/Lev3",
    "alternative_names": [
        "PRIVATE:BBH:0502",
        "SXS:BBH:0566"
    ],
    "initial_data_type": "BBH_SKS",
    "object_types": "BHBH",
    "number_of_orbits": 20.3566950781,
    "reference_mass_ratio": 1.7497465674409602,
    "reference_chi_eff": 0.4181510602180193,
    "reference_chi1_perp": 5.2040816788656955e-08,
    "reference_chi2_perp": 6.090031545650841e-08,
    "reference_eccentricity": 0.0003194,
    "reference_dimensionless_spin1": [
        -5.35791100925e-08,
        4.46056940373e-08,
        0.19995045192
    ],
    "reference_dimensionless_spin2": [
        6.62571286948e-09,
        4.16205364531e-08,
        0.799946825601
    ],
    "reference_orbital_frequency": [
        -1.14749908986e-09,
        9.63711494231e-10,
        0.0169510647651
    ],
    "reference_mass1": 0.63634715109,
    "reference_mass2": 0.363679611054,
    "reference_time": 640.0,
    "reference_position1": [
        -2.07305340242,
        -4.99067105058,
        1.19586929964e-07
    ],
    "reference_position2": [
        3.57589932868,
        8.79350833099,
        -2.8167423476e-07
    ],
    "reference_mean_anomaly": 2.172027,
    "keywords": [],
    "point_of_contact_email": "daniel.hemberger@gmail.com",
    "authors_emails": [],
    "simulation_bibtex_keys": [
        "Blackman:2017dfb",
        "Boyle:2019kee",
        "SXSCatalogWebsite"
    ],
    "code_bibtex_keys": [
        "Ossokine:2013zga",
        "Hemberger:2012jz",
        "Szilagyi:2009qz",
        "Boyle:2009vi",
        "Scheel:2008rj",
        "Boyle:2007ft",
        "Scheel:2006gg",
        "Lindblom:2005qh",
        "Pfeiffer:2002wt",
        "SpECwebsite"
    ],
    "initial_data_bibtex_keys": [
        "Buchman:2012dw",
        "Lovelace:2008tw",
        "Pfeiffer:2007yz",
        "Caudill:2006hw",
        "Cook:2004kt"
    ],
    "quasicircular_bibtex_keys": [
        "Mroue:2012kv",
        "Buonanno:2010yk",
        "Mroue:2010re",
        "Boyle:2007ft"
    ],
    "initial_separation": 14.6996459961,
    "initial_orbital_frequency": 0.0157448086202,
    "initial_adot": 0.000255543248004,
    "object1": "bh",
    "object2": "bh",
    "initial_ADM_energy": 0.9929998718261177,
    "initial_ADM_linear_momentum": [
        -1.47371393e-08,
        -3.13224945e-08,
        -2.3861e-12
    ],
    "initial_ADM_angular_momentum": [
        -2.83615e-11,
        -3.8734e-11,
        1.184430778648091
    ],
    "initial_mass1": 0.63636365875351,
    "initial_mass2": 0.363636375699647,
    "initial_dimensionless_spin1": [
        2.051e-13,
        -8.63999999999e-14,
        0.200000008054
    ],
    "initial_dimensionless_spin2": [
        2.15e-13,
        1.41e-14,
        0.800000011748
    ],
    "initial_position1": [
        5.3604018338263195,
        0.0162963182148817,
        6.8990937e-09
    ],
    "initial_position2": [
        -9.33924416227368,
        0.0162963182148817,
        6.8990937e-09
    ],
    "relaxation_time": 640.0,
    "common_horizon_time": 5089.59174292,
    "remnant_mass": 0.947169413613,
    "remnant_dimensionless_spin": [
        -5.63381985756e-08,
        5.22554852555e-08,
        0.75403707803
    ],
    "remnant_velocity": [
        -3.8375584472e-05,
        0.000491689568619,
        -7.48428121307e-09
    ],
    "metadata_version": 1,
    "spec_revisions": "InitialCommit-29089-g8b04a13",
    "spells_revision": "8b04a13a5f37970ac7f06dcc5dbbd046e8370016",
    "com_parameters": {
        "space_translation": [
            -0.00232888788,
            -0.00224555325,
            6.71522217e-06
        ],
        "boost_velocity": [
            3.74403624e-06,
            1.53840499e-05,
            -5.89102291e-09
        ]
    },
    "initial_mass_ratio": 1.750000003517601
}