{
    "simulation_name": "BBH_SKS_d15.4_q1_sA_0_0_0.800_sB_0_0_0.800/Lev5",
    "alternative_names": [
        "PRIVATE:BBH:0064",
        "SXS:BBH:0230"
    ],
    "initial_data_type": "BBH_SKS",
    "object_types": "BHBH",
    "number_of_orbits": 24.2267628173,
    "reference_mass_ratio": 1.0000001273788157,
    "reference_chi_eff": 0.799875787988493,
    "reference_chi1_perp": 3.972698183556511e-09,
    "reference_chi2_perp": 4.519798454058918e-09,
    "reference_eccentricity": 0.0001219,
    "reference_dimensionless_spin1": [
        1.49553209949e-09,
        -3.75521421384e-09,
        0.799875676879
    ],
    "reference_dimensionless_spin2": [
        -1.89381067413e-09,
        4.01921092154e-09,
        0.799875899098
    ],
    "reference_orbital_frequency": [
        2.14716237649e-12,
        -6.06562812391e-13,
        0.0154238416272
    ],
    "reference_mass1": 0.500036114875,
    "reference_mass2": 0.500036051181,
    "reference_time": 370.0,
    "reference_position1": [
        6.40183315447,
        -4.65956825643,
        7.64006313359e-07
    ],
    "reference_position2": [
        -6.40183351381,
        4.65955268244,
        7.66155206246e-07
    ],
    "reference_mean_anomaly": 2.993913,
    "keywords": [],
    "point_of_contact_email": "tonyc@cita.utoronto.ca",
    "authors_emails": [],
    "simulation_bibtex_keys": [
        "Chu:2015kft",
        "Boyle:2019kee",
        "SXSCatalogWebsite"
    ],
    "code_bibtex_keys": [
        "Ossokine:2013zga",
        "Hemberger:2012jz",
        "Szilagyi:2009qz",
        "Boyle:2009vi",
        "Scheel:2008rj",
        "Boyle:2007ft",
        "Scheel:2006gg",
        "Lindblom:2005qh",
        "Pfeiffer:2002wt",
        "SpECwebsite"
    ],
    "initial_data_bibtex_keys": [
        "Buchman:2012dw",
        "Lovelace:2008tw",
        "Pfeiffer:2007yz",
        "Caudill:2006hw",
        "Cook:2004kt"
    ],
    "quasicircular_bibtex_keys": [
        "Mroue:2012kv",
        "Buonanno:2010yk",
        "Mroue:2010re",
        "Boyle:2007ft"
    ],
    "initial_separation": 15.4,
    "initial_orbital_frequency": 0.0144582535133,
    "initial_adot": 0.000359464414234,
    "object1": "bh",
    "object2": "bh",
    "initial_ADM_energy": 0.9926829325863873,
    "initial_ADM_linear_momentum": [
        -2.839088e-09,
        -1.63526379e-08,
        -8.333077e-10
    ],
    "initial_ADM_angular_momentum": [
        -2.57827763e-08,
        -2.424570438e-07,
        1.4816036012706646
    ],
    "initial_mass1": 0.499999999881704,
    "initial_mass2": 0.500000000125342,
    "initial_dimensionless_spin1": [
        -6.05299999998e-13,
        -4.51800000002e-13,
        0.800000000187
    ],
    "initial_dimensionless_spin2": [
        -5.85399999998e-13,
        -1.86e-13,
        0.799999999815
    ],
    "initial_position1": [
        7.699999979275045,
        2.05558272e-08,
        0.0
    ],
    "initial_position2": [
        -7.700000020724955,
        2.05558272e-08,
        0.0
    ],
    "relaxation_time": 370.0,
    "common_horizon_time": 6230.918029,
    "remnant_mass": 0.911251329206,
    "remnant_dimensionless_spin": [
        2.90608965441e-11,
        7.24064630333e-11,
        0.907522920821
    ],
    "remnant_velocity": [
        6.15470330343e-09,
        -3.59790331138e-08,
        5.34111052766e-09
    ],
    "metadata_version": 1,
    "spec_revisions": "InitialCommit-23245-gfd35c55",
    "spells_revision": "InitialCommit-22529-g5f7bd68",
    "com_parameters": {
        "space_translation": [
            -4.2530094e-06,
            4.12015448e-06,
            -1.09702635e-06
        ],
        "boost_velocity": [
            7.1662043e-09,
            -3.33377615e-08,
            3.14702005e-09
        ]
    },
    "initial_mass_ratio": 0.9999999995127241
}