{
    "simulation_name": "0239/Lev3",
    "alternative_names": [
        "PRIVATE:BBH:0469",
        "SXS:BBH:0544"
    ],
    "initial_data_type": "BBH_SKS",
    "object_types": "BHBH",
    "number_of_orbits": 19.7329511603,
    "reference_mass_ratio": 1.07984360516237,
    "reference_chi_eff": 0.33001272276002663,
    "reference_chi1_perp": 0.004843954581374359,
    "reference_chi2_perp": 1.764705944704443e-05,
    "reference_eccentricity": 0.0001142,
    "reference_dimensionless_spin1": [
        -0.00131396377309,
        0.00466237046734,
        -0.000137820591851
    ],
    "reference_dimensionless_spin2": [
        0.000397494803606,
        -6.05342844409e-05,
        0.686524741271
    ],
    "reference_orbital_frequency": [
        9.76000515035e-06,
        -1.10867352568e-06,
        0.0164233081412
    ],
    "reference_mass1": 0.519204455516,
    "reference_mass2": 0.480814492982,
    "reference_time": 640.0,
    "reference_position1": [
        -4.8660536851,
        -5.50328534381,
        0.00249968553556
    ],
    "reference_position2": [
        5.21916298704,
        5.94337012061,
        -0.00272101434136
    ],
    "reference_mean_anomaly": 2.703624,
    "keywords": [],
    "point_of_contact_email": "daniel.hemberger@gmail.com",
    "authors_emails": [],
    "simulation_bibtex_keys": [
        "Blackman:2017dfb",
        "Boyle:2019kee",
        "SXSCatalogWebsite"
    ],
    "code_bibtex_keys": [
        "Ossokine:2013zga",
        "Hemberger:2012jz",
        "Szilagyi:2009qz",
        "Boyle:2009vi",
        "Scheel:2008rj",
        "Boyle:2007ft",
        "Scheel:2006gg",
        "Lindblom:2005qh",
        "Pfeiffer:2002wt",
        "SpECwebsite"
    ],
    "initial_data_bibtex_keys": [
        "Buchman:2012dw",
        "Lovelace:2008tw",
        "Pfeiffer:2007yz",
        "Caudill:2006hw",
        "Cook:2004kt"
    ],
    "quasicircular_bibtex_keys": [
        "Mroue:2012kv",
        "Buonanno:2010yk",
        "Mroue:2010re",
        "Boyle:2007ft"
    ],
    "initial_separation": 15.0631103516,
    "initial_orbital_frequency": 0.015456675477,
    "initial_adot": 0.0001083954425234,
    "object1": "bh",
    "object2": "bh",
    "initial_ADM_energy": 0.9925897195491772,
    "initial_ADM_linear_momentum": [
        4.2081238e-09,
        -7.3143223e-09,
        -1.9024e-12
    ],
    "initial_ADM_angular_momentum": [
        0.0004611806354108,
        0.0011144320410155,
        1.2481753752418123
    ],
    "initial_mass1": 0.519203723361002,
    "initial_mass2": 0.480796270601992,
    "initial_dimensionless_spin1": [
        0.00143399548628,
        0.0045126982261,
        -0.000135131794037
    ],
    "initial_dimensionless_spin2": [
        0.000314823080408,
        -0.00013723257094,
        0.686582876962
    ],
    "initial_position1": [
        7.261359441737011,
        0.0010938734143607,
        3.63271100938e-05
    ],
    "initial_position2": [
        -7.80175090986299,
        0.0010938734143607,
        3.63271100938e-05
    ],
    "relaxation_time": 640.0,
    "common_horizon_time": 5091.54618731,
    "remnant_mass": 0.941114831216,
    "remnant_dimensionless_spin": [
        0.000304811407599,
        0.000713318025837,
        0.777146403719
    ],
    "remnant_velocity": [
        -0.000127196110649,
        -0.000458004662841,
        -2.30371089445e-05
    ],
    "metadata_version": 1,
    "spec_revisions": "InitialCommit-29087-gbf4785c",
    "spells_revision": "bf4785ce24ad399d0fce82459c642899a154ab08",
    "com_parameters": {
        "space_translation": [
            -0.000597875924,
            -0.00117074529,
            -1.64617631e-05
        ],
        "boost_velocity": [
            -5.92535556e-07,
            5.90045778e-07,
            -3.4850103e-09
        ]
    },
    "initial_mass_ratio": 1.079883008890483
}