{
    "simulation_name": "0066/Lev3",
    "alternative_names": [
        "PRIVATE:BBH:0274",
        "SXS:BBH:0387"
    ],
    "initial_data_type": "BBH_SKS",
    "object_types": "BHBH",
    "number_of_orbits": 17.0603498923,
    "reference_mass_ratio": 2.0000338711478736,
    "reference_chi_eff": -0.5336872091287115,
    "reference_chi1_perp": 3.1392557959959695e-07,
    "reference_chi2_perp": 1.6922976250709518e-08,
    "reference_eccentricity": 0.0006065,
    "reference_dimensionless_spin1": [
        1.3705046111e-07,
        -2.47977990974e-07,
        -0.600491829168
    ],
    "reference_dimensionless_spin2": [
        2.02966144286e-10,
        2.97897075155e-08,
        -0.400075706301
    ],
    "reference_orbital_frequency": [
        4.31253238996e-10,
        -6.68833137577e-10,
        0.0155868379735
    ],
    "reference_mass1": 0.666658611381,
    "reference_mass2": 0.333323660663,
    "reference_time": 460.0,
    "reference_position1": [
        3.74476147742,
        3.75531147903,
        -9.95252281518e-06
    ],
    "reference_position2": [
        -7.41641119588,
        -7.56343388413,
        -1.01294066779e-05
    ],
    "reference_mean_anomaly": 2.060461,
    "keywords": [],
    "point_of_contact_email": "daniel.hemberger@gmail.com",
    "authors_emails": [],
    "simulation_bibtex_keys": [
        "Blackman:2017dfb",
        "Boyle:2019kee",
        "SXSCatalogWebsite"
    ],
    "code_bibtex_keys": [
        "Ossokine:2013zga",
        "Hemberger:2012jz",
        "Szilagyi:2009qz",
        "Boyle:2009vi",
        "Scheel:2008rj",
        "Boyle:2007ft",
        "Scheel:2006gg",
        "Lindblom:2005qh",
        "Pfeiffer:2002wt",
        "SpECwebsite"
    ],
    "initial_data_bibtex_keys": [
        "Buchman:2012dw",
        "Lovelace:2008tw",
        "Pfeiffer:2007yz",
        "Caudill:2006hw",
        "Cook:2004kt"
    ],
    "quasicircular_bibtex_keys": [
        "Mroue:2012kv",
        "Buonanno:2010yk",
        "Mroue:2010re",
        "Boyle:2007ft"
    ],
    "initial_separation": 15.6174316406,
    "initial_orbital_frequency": 0.014969588473,
    "initial_adot": -0.0001346717324928,
    "object1": "bh",
    "object2": "bh",
    "initial_ADM_energy": 0.9937934969180561,
    "initial_ADM_linear_momentum": [
        -7.115389e-10,
        -6.73747987e-08,
        4.64006e-11
    ],
    "initial_ADM_angular_momentum": [
        3.78042344e-08,
        -1.145687714e-07,
        0.7069501784524885
    ],
    "initial_mass1": 0.66666667069576,
    "initial_mass2": 0.333333332983715,
    "initial_dimensionless_spin1": [
        -8.39497885e-08,
        -1.910614897e-07,
        -0.600480108752
    ],
    "initial_dimensionless_spin2": [
        8.5294197e-09,
        -5.766534e-09,
        -0.400000001066
    ],
    "initial_position1": [
        5.227093673629113,
        0.0234741800937254,
        -6.0912019e-09
    ],
    "initial_position2": [
        -10.390337966970886,
        0.0234741800937254,
        -6.0912019e-09
    ],
    "relaxation_time": 460.0,
    "common_horizon_time": 4874.72128532,
    "remnant_mass": 0.970662790255,
    "remnant_dimensionless_spin": [
        2.5676688695e-08,
        -9.401731159e-08,
        0.400704762346
    ],
    "remnant_velocity": [
        0.000395238843893,
        -0.000780420940464,
        -2.78596269235e-08
    ],
    "metadata_version": 1,
    "spec_revisions": "InitialCommit-28977-g3727d27",
    "spells_revision": "3727d27cb1189c2dffa859c586de4b14bf054cbd",
    "com_parameters": {
        "space_translation": [
            -0.00500947581,
            -0.0039308152,
            1.00269281e-05
        ],
        "boost_velocity": [
            1.01649625e-05,
            4.09215333e-06,
            -4.96763323e-08
        ]
    },
    "initial_mass_ratio": 2.00000001418499
}