{
    "simulation_name": "BBH_SKS_d15.2_q2_sA_0_0_0.871_sB_0_0_-0.850/Lev5",
    "alternative_names": [
        "PRIVATE:BBH:0034",
        "SXS:BBH:0258"
    ],
    "initial_data_type": "BBH_SKS",
    "object_types": "BHBH",
    "number_of_orbits": 22.8133617453,
    "reference_mass_ratio": 1.9996655699441483,
    "reference_chi_eff": 0.2976129028872703,
    "reference_chi1_perp": 4.774476517835285e-08,
    "reference_chi2_perp": 1.2576603344542578e-07,
    "reference_eccentricity": 0.0001817,
    "reference_dimensionless_spin1": [
        -6.37577715521e-08,
        6.12611985299e-08,
        0.871258476436
    ],
    "reference_dimensionless_spin2": [
        -3.61518475896e-08,
        -7.44334828186e-08,
        -0.849486399889
    ],
    "reference_orbital_frequency": [
        -1.41587309455e-09,
        2.82259094204e-10,
        0.0161190033747
    ],
    "reference_mass1": 0.666690883057,
    "reference_mass2": 0.333401191218,
    "reference_time": 640.0,
    "reference_position1": [
        -3.96820616461,
        -3.45066147673,
        -1.11196131133e-06
    ],
    "reference_position2": [
        7.8919948471,
        6.4130853366,
        -2.42899686253e-07
    ],
    "reference_mean_anomaly": 3.177361,
    "keywords": [],
    "point_of_contact_email": "tonyc@cita.utoronto.ca",
    "authors_emails": [],
    "simulation_bibtex_keys": [
        "Chu:2015kft",
        "Boyle:2019kee",
        "SXSCatalogWebsite"
    ],
    "code_bibtex_keys": [
        "Ossokine:2013zga",
        "Hemberger:2012jz",
        "Szilagyi:2009qz",
        "Boyle:2009vi",
        "Scheel:2008rj",
        "Boyle:2007ft",
        "Scheel:2006gg",
        "Lindblom:2005qh",
        "Pfeiffer:2002wt",
        "SpECwebsite"
    ],
    "initial_data_bibtex_keys": [
        "Buchman:2012dw",
        "Lovelace:2008tw",
        "Pfeiffer:2007yz",
        "Caudill:2006hw",
        "Cook:2004kt"
    ],
    "quasicircular_bibtex_keys": [
        "Mroue:2012kv",
        "Buonanno:2010yk",
        "Mroue:2010re",
        "Boyle:2007ft"
    ],
    "initial_separation": 15.2,
    "initial_orbital_frequency": 0.0147678823344,
    "initial_adot": -8.3186499498e-05,
    "object1": "bh",
    "object2": "bh",
    "initial_ADM_energy": 0.9935482585089536,
    "initial_ADM_linear_momentum": [
        -3.76978673e-08,
        1.27972016e-08,
        6.4755028e-09
    ],
    "initial_ADM_angular_momentum": [
        3.328206233e-07,
        1.9913719033e-06,
        1.2650711702336266
    ],
    "initial_mass1": 0.66666666830995,
    "initial_mass2": 0.333333329069522,
    "initial_dimensionless_spin1": [
        7.2586e-12,
        -4.32900000001e-13,
        0.871346003562
    ],
    "initial_dimensionless_spin2": [
        7.86e-14,
        4.89e-14,
        -0.849999985361
    ],
    "initial_position1": [
        4.98113639248142,
        -0.171306197481448,
        0.0
    ],
    "initial_position2": [
        -10.218863607518578,
        -0.171306197481448,
        0.0
    ],
    "relaxation_time": 640.0,
    "common_horizon_time": 5928.26408977,
    "remnant_mass": 0.943737299673,
    "remnant_dimensionless_spin": [
        -7.16967266424e-08,
        2.29714152924e-08,
        0.841632673755
    ],
    "remnant_velocity": [
        -0.00030054377657,
        0.000492875756288,
        -4.82393338845e-09
    ],
    "metadata_version": 1,
    "spec_revisions": "InitialCommit-23808-ge525bec",
    "spells_revision": "InitialCommit-22529-g5f7bd68",
    "com_parameters": {
        "space_translation": [
            -0.0541126799,
            -0.199880732,
            -4.79672256e-07
        ],
        "boost_velocity": [
            6.96117918e-07,
            1.12888749e-05,
            -3.6580656e-10
        ]
    },
    "initial_mass_ratio": 2.0000000305127186
}