{
    "simulation_name": "0218/Lev3",
    "alternative_names": [
        "PRIVATE:BBH:0308",
        "SXS:BBH:0523"
    ],
    "initial_data_type": "BBH_SKS",
    "object_types": "BHBH",
    "number_of_orbits": 17.6134456821,
    "reference_mass_ratio": 1.1975308087958996,
    "reference_chi_eff": -0.32666363028803763,
    "reference_chi1_perp": 0.0020298557250990673,
    "reference_chi2_perp": 2.6069142051744337e-05,
    "reference_eccentricity": 0.0001346,
    "reference_dimensionless_spin1": [
        0.00023979991441,
        0.00203552897948,
        -0.207346713189
    ],
    "reference_dimensionless_spin2": [
        -9.86313134884e-05,
        5.66996845154e-05,
        -0.469549068806
    ],
    "reference_orbital_frequency": [
        4.11472007485e-06,
        -2.03800025607e-06,
        0.0155501364377
    ],
    "reference_mass1": 0.544954139214,
    "reference_mass2": 0.455064817716,
    "reference_time": 640.0,
    "reference_position1": [
        -6.8913811212,
        -2.21762732696,
        0.00153105729037
    ],
    "reference_position2": [
        8.26860038521,
        2.66166639185,
        -0.00184094388793
    ],
    "reference_mean_anomaly": 4.542151,
    "keywords": [],
    "point_of_contact_email": "daniel.hemberger@gmail.com",
    "authors_emails": [],
    "simulation_bibtex_keys": [
        "Blackman:2017dfb",
        "Boyle:2019kee",
        "SXSCatalogWebsite"
    ],
    "code_bibtex_keys": [
        "Ossokine:2013zga",
        "Hemberger:2012jz",
        "Szilagyi:2009qz",
        "Boyle:2009vi",
        "Scheel:2008rj",
        "Boyle:2007ft",
        "Scheel:2006gg",
        "Lindblom:2005qh",
        "Pfeiffer:2002wt",
        "SpECwebsite"
    ],
    "initial_data_bibtex_keys": [
        "Buchman:2012dw",
        "Lovelace:2008tw",
        "Pfeiffer:2007yz",
        "Caudill:2006hw",
        "Cook:2004kt"
    ],
    "quasicircular_bibtex_keys": [
        "Mroue:2012kv",
        "Buonanno:2010yk",
        "Mroue:2010re",
        "Boyle:2007ft"
    ],
    "initial_separation": 15.7614746094,
    "initial_orbital_frequency": 0.014795685276,
    "initial_adot": -0.0001051158904761,
    "object1": "bh",
    "object2": "bh",
    "initial_ADM_energy": 0.9930582520341128,
    "initial_ADM_linear_momentum": [
        1.08175565e-08,
        1.216723862e-07,
        -3.03147e-11
    ],
    "initial_ADM_angular_momentum": [
        0.0003718027121954,
        0.0004549885147003,
        0.9704587809159403
    ],
    "initial_mass1": 0.54494902641368,
    "initial_mass2": 0.455050977253817,
    "initial_dimensionless_spin1": [
        0.00129049615099,
        0.00161441795891,
        -0.207378700726
    ],
    "initial_dimensionless_spin2": [
        -7.08647609184e-05,
        6.28189506385e-05,
        -0.469562979869
    ],
    "initial_position1": [
        7.168649704344942,
        0.0053999278760216,
        4.1664807564e-05
    ],
    "initial_position2": [
        -8.592824905055059,
        0.0053999278760216,
        4.1664807564e-05
    ],
    "relaxation_time": 640.0,
    "common_horizon_time": 5002.60558917,
    "remnant_mass": 0.959566392131,
    "remnant_dimensionless_spin": [
        0.000145673788576,
        0.000343148684129,
        0.582837744146
    ],
    "remnant_velocity": [
        2.05033118263e-05,
        0.000122581454177,
        -7.44085730343e-07
    ],
    "metadata_version": 1,
    "spec_revisions": "InitialCommit-28950-gb189fe3",
    "spells_revision": "b189fe3d837b3733f9792ac7a6ee263ced79a79e",
    "com_parameters": {
        "space_translation": [
            -0.00108278042,
            0.000960001983,
            -3.50504503e-06
        ],
        "boost_velocity": [
            5.89334528e-07,
            -8.20547401e-06,
            -3.98741442e-09
        ]
    },
    "initial_mass_ratio": 1.1975559962586784
}