{
    "simulation_name": "0119/Lev3",
    "alternative_names": [
        "PRIVATE:BBH:0293",
        "SXS:BBH:0436"
    ],
    "initial_data_type": "BBH_SKS",
    "object_types": "BHBH",
    "number_of_orbits": 17.6326523092,
    "reference_mass_ratio": 0.9999955201236054,
    "reference_chi_eff": -0.30011097228323946,
    "reference_chi1_perp": 7.876365700238027e-08,
    "reference_chi2_perp": 1.4864182166678093e-08,
    "reference_eccentricity": 0.0005864,
    "reference_dimensionless_spin1": [
        -1.18787396312e-08,
        -7.79784538552e-08,
        -0.200198064124
    ],
    "reference_dimensionless_spin2": [
        1.38141794888e-08,
        9.53714262225e-09,
        -0.400023432845
    ],
    "reference_orbital_frequency": [
        -1.19225762845e-10,
        2.83855921167e-11,
        0.015557654669
    ],
    "reference_mass1": 0.500003073278,
    "reference_mass2": 0.50000531324,
    "reference_time": 640.0,
    "reference_position1": [
        -7.56505947335,
        -2.45444128703,
        2.71172192116e-07
    ],
    "reference_position2": [
        7.57744144635,
        2.45399643697,
        3.7826078277e-07
    ],
    "reference_mean_anomaly": 4.793635,
    "keywords": [],
    "point_of_contact_email": "daniel.hemberger@gmail.com",
    "authors_emails": [],
    "simulation_bibtex_keys": [
        "Blackman:2017dfb",
        "Boyle:2019kee",
        "SXSCatalogWebsite"
    ],
    "code_bibtex_keys": [
        "Ossokine:2013zga",
        "Hemberger:2012jz",
        "Szilagyi:2009qz",
        "Boyle:2009vi",
        "Scheel:2008rj",
        "Boyle:2007ft",
        "Scheel:2006gg",
        "Lindblom:2005qh",
        "Pfeiffer:2002wt",
        "SpECwebsite"
    ],
    "initial_data_bibtex_keys": [
        "Buchman:2012dw",
        "Lovelace:2008tw",
        "Pfeiffer:2007yz",
        "Caudill:2006hw",
        "Cook:2004kt"
    ],
    "quasicircular_bibtex_keys": [
        "Mroue:2012kv",
        "Buonanno:2010yk",
        "Mroue:2010re",
        "Boyle:2007ft"
    ],
    "initial_separation": 15.762512207,
    "initial_orbital_frequency": 0.014812902392,
    "initial_adot": -9.51986731338e-05,
    "object1": "bh",
    "object2": "bh",
    "initial_ADM_energy": 0.9929909207657094,
    "initial_ADM_linear_momentum": [
        -1.69218229e-08,
        1.46494677e-08,
        2.12758e-11
    ],
    "initial_ADM_angular_momentum": [
        -3.71235329e-08,
        -5.92690611e-08,
        0.987141755036113
    ],
    "initial_mass1": 0.500000016068047,
    "initial_mass2": 0.500000022017651,
    "initial_dimensionless_spin1": [
        -4.53654522999e-08,
        -5.23841096e-08,
        -0.200160054366
    ],
    "initial_dimensionless_spin2": [
        1.8395138e-09,
        -1.6629556e-09,
        -0.400000009224
    ],
    "initial_position1": [
        7.8756343535718765,
        -0.0007587927932208,
        -1.773535726e-07
    ],
    "initial_position2": [
        -7.886877853428124,
        -0.0007587927932208,
        -1.773535726e-07
    ],
    "relaxation_time": 640.0,
    "common_horizon_time": 4998.04899729,
    "remnant_mass": 0.958564115085,
    "remnant_dimensionless_spin": [
        -3.06718736372e-09,
        -9.52598879455e-09,
        0.592297283731
    ],
    "remnant_velocity": [
        0.000160237379109,
        3.20433646589e-05,
        8.50934721674e-09
    ],
    "metadata_version": 1,
    "spec_revisions": "InitialCommit-28950-gb189fe3",
    "spells_revision": "b189fe3d837b3733f9792ac7a6ee263ced79a79e",
    "com_parameters": {
        "space_translation": [
            -7.7929942e-05,
            0.000404006835,
            -1.47321073e-06
        ],
        "boost_velocity": [
            -1.69882697e-07,
            2.02795518e-07,
            1.17990949e-09
        ]
    },
    "initial_mass_ratio": 0.9999999881007925
}