{
    "simulation_name": "0253/Lev3",
    "alternative_names": [
        "PRIVATE:BBH:0522",
        "SXS:BBH:0555"
    ],
    "initial_data_type": "BBH_SKS",
    "object_types": "BHBH",
    "number_of_orbits": 19.6043703558,
    "reference_mass_ratio": 1.8903207552374406,
    "reference_chi_eff": 0.18255732308726685,
    "reference_chi1_perp": 0.00774605169644371,
    "reference_chi2_perp": 3.206796406099283e-05,
    "reference_eccentricity": 0.0001155,
    "reference_dimensionless_spin1": [
        -0.00294609782299,
        0.00716418717323,
        -0.000610808880639
    ],
    "reference_dimensionless_spin2": [
        0.000666504964174,
        4.39935798888e-05,
        0.528809217129
    ],
    "reference_orbital_frequency": [
        2.19577870123e-05,
        1.87745973478e-06,
        0.0167159853661
    ],
    "reference_mass1": 0.65402485138,
    "reference_mass2": 0.345986176985,
    "reference_time": 640.0,
    "reference_position1": [
        -2.66367498135,
        -4.48836762765,
        0.00396151433815
    ],
    "reference_position2": [
        4.96444138297,
        8.49521390486,
        -0.00751688204534
    ],
    "reference_mean_anomaly": 3.217225,
    "keywords": [],
    "point_of_contact_email": "daniel.hemberger@gmail.com",
    "authors_emails": [],
    "simulation_bibtex_keys": [
        "Blackman:2017dfb",
        "Boyle:2019kee",
        "SXSCatalogWebsite"
    ],
    "code_bibtex_keys": [
        "Ossokine:2013zga",
        "Hemberger:2012jz",
        "Szilagyi:2009qz",
        "Boyle:2009vi",
        "Scheel:2008rj",
        "Boyle:2007ft",
        "Scheel:2006gg",
        "Lindblom:2005qh",
        "Pfeiffer:2002wt",
        "SpECwebsite"
    ],
    "initial_data_bibtex_keys": [
        "Buchman:2012dw",
        "Lovelace:2008tw",
        "Pfeiffer:2007yz",
        "Caudill:2006hw",
        "Cook:2004kt"
    ],
    "quasicircular_bibtex_keys": [
        "Mroue:2012kv",
        "Buonanno:2010yk",
        "Mroue:2010re",
        "Boyle:2007ft"
    ],
    "initial_separation": 14.8771972656,
    "initial_orbital_frequency": 0.015817701275,
    "initial_adot": 8.20297588945e-05,
    "object1": "bh",
    "object2": "bh",
    "initial_ADM_energy": 0.9932422264872708,
    "initial_ADM_linear_momentum": [
        -1.547800937e-07,
        4.1833913e-08,
        -6.22744e-11
    ],
    "initial_ADM_angular_momentum": [
        0.0002830177457328,
        0.00305492751385,
        1.0524523649965176
    ],
    "initial_mass1": 0.654044386234708,
    "initial_mass2": 0.345955677529803,
    "initial_dimensionless_spin1": [
        0.000503999990088,
        0.00749735035074,
        -0.000837852076216
    ],
    "initial_dimensionless_spin2": [
        0.000538596655725,
        -0.000139846758774,
        0.528989712175
    ],
    "initial_position1": [
        5.162438049424847,
        0.0192869957702971,
        1.99908702115e-05
    ],
    "initial_position2": [
        -9.714759216175153,
        0.0192869957702971,
        1.99908702115e-05
    ],
    "relaxation_time": 640.0,
    "common_horizon_time": 5062.97151279,
    "remnant_mass": 0.956655399275,
    "remnant_dimensionless_spin": [
        -0.00015471460379,
        0.00202174662954,
        0.665944131911
    ],
    "remnant_velocity": [
        -0.000605881587441,
        0.000129178682871,
        4.52756137418e-05
    ],
    "metadata_version": 1,
    "spec_revisions": "InitialCommit-29089-g8b04a13",
    "spells_revision": "8b04a13a5f37970ac7f06dcc5dbbd046e8370016",
    "com_parameters": {
        "space_translation": [
            -0.00419389877,
            0.000741949441,
            -4.73968809e-05
        ],
        "boost_velocity": [
            -2.63342798e-06,
            -2.12583803e-05,
            3.64842418e-08
        ]
    },
    "initial_mass_ratio": 1.8905438722807608
}