{
    "simulation_name": "0095/Lev3",
    "alternative_names": [
        "PRIVATE:BBH:0795",
        "SXS:BBH:0724"
    ],
    "initial_data_type": "BBH_SKS",
    "object_types": "BHBH",
    "number_of_orbits": 17.0040228532,
    "reference_mass_ratio": 1.9999120497797245,
    "reference_chi_eff": -0.5308009044589882,
    "reference_chi1_perp": 0.023259981490384784,
    "reference_chi2_perp": 0.7996705547496401,
    "reference_eccentricity": 0.0004987,
    "reference_dimensionless_spin1": [
        -0.0133028668608,
        -0.0428642168521,
        -0.798512138641
    ],
    "reference_dimensionless_spin2": [
        -0.780952553123,
        -0.16988931051,
        0.0276627225973
    ],
    "reference_orbital_frequency": [
        0.000146229938429,
        0.00128647132879,
        0.0156968401861
    ],
    "reference_mass1": 0.666707566292,
    "reference_mass2": 0.33336844306,
    "reference_time": 630.0,
    "reference_position1": [
        -5.06255914217,
        -1.52338619573,
        0.158466033922
    ],
    "reference_position2": [
        10.0376357121,
        3.08654097913,
        -0.360023012639
    ],
    "reference_mean_anomaly": 2.075455,
    "keywords": [],
    "point_of_contact_email": "daniel.hemberger@gmail.com",
    "authors_emails": [],
    "simulation_bibtex_keys": [
        "Blackman:2017pcm",
        "Boyle:2019kee",
        "SXSCatalogWebsite"
    ],
    "code_bibtex_keys": [
        "Ossokine:2013zga",
        "Hemberger:2012jz",
        "Szilagyi:2009qz",
        "Boyle:2009vi",
        "Scheel:2008rj",
        "Boyle:2007ft",
        "Scheel:2006gg",
        "Lindblom:2005qh",
        "Pfeiffer:2002wt",
        "SpECwebsite"
    ],
    "initial_data_bibtex_keys": [
        "Buchman:2012dw",
        "Lovelace:2008tw",
        "Pfeiffer:2007yz",
        "Caudill:2006hw",
        "Cook:2004kt"
    ],
    "quasicircular_bibtex_keys": [
        "Mroue:2012kv",
        "Buonanno:2010yk",
        "Mroue:2010re",
        "Boyle:2007ft"
    ],
    "initial_separation": 15.619934082,
    "initial_orbital_frequency": 0.014618854068,
    "initial_adot": -0.0002789059664726,
    "object1": "bh",
    "object2": "bh",
    "initial_ADM_energy": 0.993861491251808,
    "initial_ADM_linear_momentum": [
        8.568608e-10,
        4.2699587e-09,
        -3.045781e-10
    ],
    "initial_ADM_angular_momentum": [
        -0.0837853927961142,
        0.0424653577427411,
        0.6639168829740829
    ],
    "initial_mass1": 0.6666666453190265,
    "initial_mass2": 0.3333333433798408,
    "initial_dimensionless_spin1": [
        -0.01281067222,
        -0.0340714431839,
        -0.79917147523
    ],
    "initial_dimensionless_spin2": [
        -0.693062058246,
        0.399578694282,
        0.000206509388429
    ],
    "initial_position1": [
        5.242312137708798,
        0.0249006627559766,
        0.010612064659425
    ],
    "initial_position2": [
        -10.377621944291203,
        0.0249006627559766,
        0.010612064659425
    ],
    "relaxation_time": 630.0,
    "common_horizon_time": 4877.77420926,
    "remnant_mass": 0.97093709282,
    "remnant_dimensionless_spin": [
        -0.0385764373797,
        0.0325712553945,
        0.362909418045
    ],
    "remnant_velocity": [
        0.000160971671774,
        -0.00121543559429,
        0.00140317264897
    ],
    "metadata_version": 1,
    "spec_revisions": "InitialCommit-29628-g2cce9e5",
    "spells_revision": "2cce9e5c03773621b7d160cd7247fc453684f921",
    "com_parameters": {
        "space_translation": [
            -0.00576652,
            -0.0018654,
            -0.00094874
        ],
        "boost_velocity": [
            1.12839376e-06,
            -2.12867526e-05,
            1.50046867e-06
        ]
    },
    "initial_mass_ratio": 1.9999998756780386
}