{
    "simulation_name": "0163/Lev3",
    "alternative_names": [
        "PRIVATE:BBH:0457",
        "SXS:BBH:0473"
    ],
    "initial_data_type": "BBH_SKS",
    "object_types": "BHBH",
    "number_of_orbits": 18.5331488366,
    "reference_mass_ratio": 1.7496513271597003,
    "reference_chi_eff": -0.16345924988653737,
    "reference_chi1_perp": 7.213730540193767e-08,
    "reference_chi2_perp": 3.886351047446777e-08,
    "reference_eccentricity": 0.0002007,
    "reference_dimensionless_spin1": [
        -4.17628905086e-08,
        7.05826826212e-08,
        0.200120098955
    ],
    "reference_dimensionless_spin2": [
        -1.98712866233e-08,
        -1.53101412817e-08,
        -0.799596340115
    ],
    "reference_orbital_frequency": [
        -1.99761176509e-10,
        8.10651240013e-10,
        0.0160983171599
    ],
    "reference_mass1": 0.636345597044,
    "reference_mass2": 0.363698519337,
    "reference_time": 590.0,
    "reference_position1": [
        -5.57630824087,
        0.632855737107,
        1.23958491302e-06
    ],
    "reference_position2": [
        9.84834380839,
        -1.08691475416,
        1.51758792895e-06
    ],
    "reference_mean_anomaly": 3.049412,
    "keywords": [],
    "point_of_contact_email": "daniel.hemberger@gmail.com",
    "authors_emails": [],
    "simulation_bibtex_keys": [
        "Blackman:2017dfb",
        "Boyle:2019kee",
        "SXSCatalogWebsite"
    ],
    "code_bibtex_keys": [
        "Ossokine:2013zga",
        "Hemberger:2012jz",
        "Szilagyi:2009qz",
        "Boyle:2009vi",
        "Scheel:2008rj",
        "Boyle:2007ft",
        "Scheel:2006gg",
        "Lindblom:2005qh",
        "Pfeiffer:2002wt",
        "SpECwebsite"
    ],
    "initial_data_bibtex_keys": [
        "Buchman:2012dw",
        "Lovelace:2008tw",
        "Pfeiffer:2007yz",
        "Caudill:2006hw",
        "Cook:2004kt"
    ],
    "quasicircular_bibtex_keys": [
        "Mroue:2012kv",
        "Buonanno:2010yk",
        "Mroue:2010re",
        "Boyle:2007ft"
    ],
    "initial_separation": 15.3079833984,
    "initial_orbital_frequency": 0.015072428918,
    "initial_adot": -0.0002059015739211,
    "object1": "bh",
    "object2": "bh",
    "initial_ADM_energy": 0.9933612040083427,
    "initial_ADM_linear_momentum": [
        3.69884076e-08,
        2.93878641e-08,
        1.38905e-11
    ],
    "initial_ADM_angular_momentum": [
        3.815872659e-07,
        1.362701054e-07,
        1.0105794875746426
    ],
    "initial_mass1": 0.63636366078024,
    "initial_mass2": 0.363636365509494,
    "initial_dimensionless_spin1": [
        1.33e-14,
        1.764e-13,
        0.199999995134
    ],
    "initial_dimensionless_spin2": [
        5.028e-13,
        2.51e-14,
        -0.800000032936
    ],
    "initial_position1": [
        5.550404872927999,
        0.0156178130628548,
        -5.3091573e-09
    ],
    "initial_position2": [
        -9.757578525472,
        0.0156178130628548,
        -5.3091573e-09
    ],
    "relaxation_time": 590.0,
    "common_horizon_time": 5024.05998083,
    "remnant_mass": 0.959700577684,
    "remnant_dimensionless_spin": [
        -2.94111809475e-08,
        4.67593442761e-08,
        0.642440781924
    ],
    "remnant_velocity": [
        0.000322608303938,
        0.000216028096802,
        1.54068216979e-08
    ],
    "metadata_version": 1,
    "spec_revisions": "InitialCommit-28993-g473c7e9",
    "spells_revision": "473c7e9948ef075e173e9e9b5314b754eab42364",
    "com_parameters": {
        "space_translation": [
            -0.00312396248,
            0.00441352362,
            -1.83301881e-06
        ],
        "boost_velocity": [
            4.50728482e-06,
            -1.06689259e-06,
            3.74130896e-09
        ]
    },
    "initial_mass_ratio": 1.7500000581312196
}