{
    "simulation_name": "BBH_SKS_d14_q6_sA_0_0_0_sB_0_0_0/Lev4",
    "alternative_names": [
        "PRIVATE:BBH:0139",
        "SXS:BBH:0181"
    ],
    "initial_data_type": "BBH_SKS",
    "object_types": "BHBH",
    "number_of_orbits": 26.4684907617,
    "reference_mass_ratio": 5.999948612748633,
    "reference_chi_eff": -5.049696934974335e-06,
    "reference_chi1_perp": 5.963282685022985e-08,
    "reference_chi2_perp": 1.2226693848058329e-07,
    "reference_eccentricity": 7.91e-05,
    "reference_dimensionless_spin1": [
        4.73521248922e-08,
        3.62472556577e-08,
        -4.34440583246e-06
    ],
    "reference_dimensionless_spin2": [
        -6.05912794333e-08,
        -1.06197502897e-07,
        -9.28140729749e-06
    ],
    "reference_orbital_frequency": [
        -1.11537973817e-09,
        7.12911392739e-10,
        0.0177068651898
    ],
    "reference_mass1": 0.857153507612,
    "reference_mass2": 0.142860141467,
    "reference_time": 400.0,
    "reference_position1": [
        1.49280438829,
        1.37992375959,
        -1.21509970152e-06
    ],
    "reference_position2": [
        -8.97295304767,
        -8.42055842112,
        -1.4797664473e-06
    ],
    "reference_mean_anomaly": 6.224819,
    "keywords": [],
    "point_of_contact_email": "jonathan.blackman.0@gmail.com",
    "authors_emails": [],
    "simulation_bibtex_keys": [
        "Blackman:2015pia",
        "Boyle:2019kee",
        "SXSCatalogWebsite"
    ],
    "code_bibtex_keys": [
        "Ossokine:2013zga",
        "Hemberger:2012jz",
        "Szilagyi:2009qz",
        "Boyle:2009vi",
        "Scheel:2008rj",
        "Boyle:2007ft",
        "Scheel:2006gg",
        "Lindblom:2005qh",
        "Pfeiffer:2002wt",
        "SpECwebsite"
    ],
    "initial_data_bibtex_keys": [
        "Buchman:2012dw",
        "Lovelace:2008tw",
        "Pfeiffer:2007yz",
        "Caudill:2006hw",
        "Cook:2004kt"
    ],
    "quasicircular_bibtex_keys": [
        "Mroue:2012kv",
        "Buonanno:2010yk",
        "Mroue:2010re",
        "Boyle:2007ft"
    ],
    "initial_separation": 14.0,
    "initial_orbital_frequency": 0.0174253,
    "initial_adot": 2.7486776e-05,
    "object1": "bh",
    "object2": "bh",
    "initial_ADM_energy": 0.9961885556099889,
    "initial_ADM_linear_momentum": [
        2.69371631e-08,
        -1.136619792e-07,
        8.085442e-10
    ],
    "initial_ADM_angular_momentum": [
        -0.0003206180330643,
        -0.0014360833002252,
        0.4687678546036321
    ],
    "initial_mass1": 0.857143751483519,
    "initial_mass2": 0.14285811194958,
    "initial_dimensionless_spin1": [
        -8.92756e-11,
        6.857e-13,
        -2.75915882e-08
    ],
    "initial_dimensionless_spin2": [
        3.0815e-12,
        2.461e-13,
        -5.77306476998e-08
    ],
    "initial_position1": [
        1.998565662126772,
        0.0323938712074215,
        0.0
    ],
    "initial_position2": [
        -12.001434337873228,
        0.0323938712074215,
        0.0
    ],
    "relaxation_time": 400.0,
    "common_horizon_time": 6584.10105611,
    "remnant_mass": 0.98545001476,
    "remnant_dimensionless_spin": [
        2.31901411292e-09,
        2.92142060001e-08,
        0.372483068145
    ],
    "remnant_velocity": [
        0.000240054131932,
        0.000353423652803,
        -3.17142574896e-09
    ],
    "metadata_version": 1,
    "spec_revisions": "InitialCommit-24701-gf0e40fc",
    "spells_revision": "f0e40fc913c90eccb91633fd495ae58bf94fa2d9",
    "com_parameters": {
        "space_translation": [
            -0.0156217685,
            -0.00969667643,
            1.52027751e-06
        ],
        "boost_velocity": [
            4.37323621e-06,
            1.36853583e-05,
            -4.67847221e-09
        ]
    },
    "initial_mass_ratio": 5.9999655587359095
}