{
    "simulation_name": "BBH_CFMS_d15.6_q2_sA_0_0_0.300_sB_0_0_0/Lev5",
    "alternative_names": [
        "PRIVATE:BBH:0068",
        "SXS:BBH:0250"
    ],
    "initial_data_type": "BBH_CFMS",
    "object_types": "BHBH",
    "number_of_orbits": 23.1935523754,
    "reference_mass_ratio": 2.000107171845805,
    "reference_chi_eff": 0.1999793950089186,
    "reference_chi1_perp": 1.9942807684854824e-12,
    "reference_chi2_perp": 7.33196012531618e-11,
    "reference_eccentricity": "<5.4e-05",
    "reference_dimensionless_spin1": [
        2.17326272642e-14,
        -5.07533495693e-14,
        0.299963578864
    ],
    "reference_dimensionless_spin2": [
        6.88641277918e-11,
        2.51693422954e-11,
        3.11809220679e-07
    ],
    "reference_orbital_frequency": [
        2.26588353371e-14,
        -1.00124139079e-13,
        0.0150316148018
    ],
    "reference_mass1": 0.666703200542,
    "reference_mass2": 0.333333738275,
    "reference_time": 230.0,
    "reference_position1": [
        -4.98011713926,
        -1.48256333489,
        -1.86903709241e-10
    ],
    "reference_position2": [
        9.90012343884,
        2.96794709829,
        -1.7968993973e-10
    ],
    "reference_mean_anomaly": 5.504636,
    "keywords": [],
    "point_of_contact_email": "tonyc@cita.utoronto.ca",
    "authors_emails": [],
    "simulation_bibtex_keys": [
        "Chu:2015kft",
        "Boyle:2019kee",
        "SXSCatalogWebsite"
    ],
    "code_bibtex_keys": [
        "Ossokine:2013zga",
        "Hemberger:2012jz",
        "Szilagyi:2009qz",
        "Boyle:2009vi",
        "Scheel:2008rj",
        "Boyle:2007ft",
        "Scheel:2006gg",
        "Lindblom:2005qh",
        "Pfeiffer:2002wt",
        "SpECwebsite"
    ],
    "initial_data_bibtex_keys": [
        "Buchman:2012dw",
        "Lovelace:2008tw",
        "Pfeiffer:2007yz",
        "Caudill:2006hw",
        "Cook:2004kt"
    ],
    "quasicircular_bibtex_keys": [
        "Mroue:2012kv",
        "Buonanno:2010yk",
        "Mroue:2010re",
        "Boyle:2007ft"
    ],
    "initial_separation": 15.6,
    "initial_orbital_frequency": 0.0149238987866,
    "initial_adot": -3.25793416041e-05,
    "object1": "bh",
    "object2": "bh",
    "initial_ADM_energy": 0.9936882728535781,
    "initial_ADM_linear_momentum": [
        2.8838556e-09,
        2.9279182e-09,
        -2.110612e-09
    ],
    "initial_ADM_angular_momentum": [
        1.2489407936e-06,
        -4.31187052e-07,
        1.1224862498046628
    ],
    "initial_mass1": 0.666666666690213,
    "initial_mass2": 0.333333333316225,
    "initial_dimensionless_spin1": [
        -8.80000000001e-15,
        1.15e-14,
        0.300000000028
    ],
    "initial_dimensionless_spin2": [
        8.2368e-12,
        9.62499999996e-13,
        1.1581081e-09
    ],
    "initial_position1": [
        5.185519755060307,
        0.0088447659902243,
        0.0
    ],
    "initial_position2": [
        -10.414480244939693,
        0.0088447659902243,
        0.0
    ],
    "relaxation_time": 230.0,
    "common_horizon_time": 6374.09910633,
    "remnant_mass": 0.955066235493,
    "remnant_dimensionless_spin": [
        -2.71893788712e-10,
        1.03470318169e-09,
        0.717720672357
    ],
    "remnant_velocity": [
        0.000230432872787,
        -0.000171679698366,
        1.14853257511e-09
    ],
    "metadata_version": 1,
    "spec_revisions": [
        "InitialCommit-22272-g66cd00a",
        "InitialCommit-23906-g40010e4"
    ],
    "spells_revision": "InitialCommit-21916-g19475f2",
    "com_parameters": {
        "space_translation": [
            -0.0147859788,
            -0.00101073331,
            -5.07282505e-10
        ],
        "boost_velocity": [
            -1.27372364e-06,
            -1.37664237e-06,
            -1.41784744e-13
        ]
    },
    "initial_mass_ratio": 2.000000000173289
}