{
    "simulation_name": "BBH_SKS_d15.6_q1_sA_0_0_0.400_sB_0_0_0.800/Lev5",
    "alternative_names": [
        "PRIVATE:BBH:0074",
        "SXS:BBH:0225"
    ],
    "initial_data_type": "BBH_SKS",
    "object_types": "BHBH",
    "number_of_orbits": 23.4965034616,
    "reference_mass_ratio": 0.9999264665338595,
    "reference_chi_eff": 0.5999667267133105,
    "reference_chi1_perp": 8.797352570929969e-09,
    "reference_chi2_perp": 5.9326337010904325e-09,
    "reference_eccentricity": 0.0003625,
    "reference_dimensionless_spin1": [
        3.84024445402e-09,
        -3.87215531357e-11,
        0.400011354106
    ],
    "reference_dimensionless_spin2": [
        -3.65418321442e-09,
        2.81940173003e-09,
        0.799907395909
    ],
    "reference_orbital_frequency": [
        -1.83395129649e-10,
        6.67077600603e-11,
        0.0153601962993
    ],
    "reference_mass1": 0.499998261405,
    "reference_mass2": 0.500035030714,
    "reference_time": 550.0,
    "reference_position1": [
        -3.43402749697,
        7.19071651384,
        -1.22470517389e-06
    ],
    "reference_position2": [
        3.70980334706,
        -7.01286816782,
        -1.07772573048e-06
    ],
    "reference_mean_anomaly": 2.851828,
    "keywords": [],
    "point_of_contact_email": "tonyc@cita.utoronto.ca",
    "authors_emails": [],
    "simulation_bibtex_keys": [
        "Chu:2015kft",
        "Boyle:2019kee",
        "SXSCatalogWebsite"
    ],
    "code_bibtex_keys": [
        "Ossokine:2013zga",
        "Hemberger:2012jz",
        "Szilagyi:2009qz",
        "Boyle:2009vi",
        "Scheel:2008rj",
        "Boyle:2007ft",
        "Scheel:2006gg",
        "Lindblom:2005qh",
        "Pfeiffer:2002wt",
        "SpECwebsite"
    ],
    "initial_data_bibtex_keys": [
        "Buchman:2012dw",
        "Lovelace:2008tw",
        "Pfeiffer:2007yz",
        "Caudill:2006hw",
        "Cook:2004kt"
    ],
    "quasicircular_bibtex_keys": [
        "Mroue:2012kv",
        "Buonanno:2010yk",
        "Mroue:2010re",
        "Boyle:2007ft"
    ],
    "initial_separation": 15.6,
    "initial_orbital_frequency": 0.0144859179157,
    "initial_adot": 0.000214984235723,
    "object1": "bh",
    "object2": "bh",
    "initial_ADM_energy": 0.9927688878474186,
    "initial_ADM_linear_momentum": [
        1.0639216e-09,
        1.22971157e-08,
        -1.008157e-10
    ],
    "initial_ADM_angular_momentum": [
        2.947639e-10,
        -2.77006521e-08,
        1.3949837529484668
    ],
    "initial_mass1": 0.499999999747061,
    "initial_mass2": 0.499999999414799,
    "initial_dimensionless_spin1": [
        -1.4478e-12,
        -1.3435e-12,
        0.400000001029
    ],
    "initial_dimensionless_spin2": [
        -1.784e-13,
        -5.83000000001e-14,
        0.799999997733
    ],
    "initial_position1": [
        7.946940935452548,
        0.0771551159630495,
        0.0
    ],
    "initial_position2": [
        -7.653059064547452,
        0.0771551159630495,
        0.0
    ],
    "relaxation_time": 550.0,
    "common_horizon_time": 6231.13731034,
    "remnant_mass": 0.926758465198,
    "remnant_dimensionless_spin": [
        -8.32875622154e-09,
        3.46378820487e-09,
        0.857390604606
    ],
    "remnant_velocity": [
        -0.000181052628686,
        3.74154351626e-05,
        -1.50639249693e-10
    ],
    "metadata_version": 1,
    "spec_revisions": "InitialCommit-23245-gfd35c55",
    "spells_revision": "InitialCommit-22529-g5f7bd68",
    "com_parameters": {
        "space_translation": [
            0.133001266,
            0.0802160355,
            -7.32672722e-07
        ],
        "boost_velocity": [
            1.84880719e-06,
            9.22161644e-07,
            -1.87164267e-09
        ]
    },
    "initial_mass_ratio": 1.000000000664524
}