{
    "simulation_name": "BBH_SKS_d17.1_q1_sA_0_0_0.400_sB_0_0_-0.800/Lev5",
    "alternative_names": [
        "PRIVATE:BBH:0097",
        "SXS:BBH:0224"
    ],
    "initial_data_type": "BBH_SKS",
    "object_types": "BHBH",
    "number_of_orbits": 22.9083126396,
    "reference_mass_ratio": 0.9999252245015579,
    "reference_chi_eff": -0.19993747298299133,
    "reference_chi1_perp": 1.557967427971142e-09,
    "reference_chi2_perp": 1.192963480060875e-08,
    "reference_eccentricity": 0.0002727,
    "reference_dimensionless_spin1": [
        -2.36110202408e-09,
        8.40335489333e-10,
        0.400002613238
    ],
    "reference_dimensionless_spin2": [
        -6.82125314361e-09,
        -1.0527574378e-08,
        -0.799832698385
    ],
    "reference_orbital_frequency": [
        -2.78429443977e-11,
        3.59737950437e-11,
        0.0136100067078
    ],
    "reference_mass1": 0.499999410042,
    "reference_mass2": 0.500036800543,
    "reference_time": 620.0,
    "reference_position1": [
        -3.76039677645,
        7.60494169404,
        -4.21004873096e-06
    ],
    "reference_position2": [
        4.01559871675,
        -7.90106519982,
        -4.1531555537e-06
    ],
    "reference_mean_anomaly": 2.937631,
    "keywords": [],
    "point_of_contact_email": "tonyc@cita.utoronto.ca",
    "authors_emails": [],
    "simulation_bibtex_keys": [
        "Chu:2015kft",
        "Boyle:2019kee",
        "SXSCatalogWebsite"
    ],
    "code_bibtex_keys": [
        "Ossokine:2013zga",
        "Hemberger:2012jz",
        "Szilagyi:2009qz",
        "Boyle:2009vi",
        "Scheel:2008rj",
        "Boyle:2007ft",
        "Scheel:2006gg",
        "Lindblom:2005qh",
        "Pfeiffer:2002wt",
        "SpECwebsite"
    ],
    "initial_data_bibtex_keys": [
        "Buchman:2012dw",
        "Lovelace:2008tw",
        "Pfeiffer:2007yz",
        "Caudill:2006hw",
        "Cook:2004kt"
    ],
    "quasicircular_bibtex_keys": [
        "Mroue:2012kv",
        "Buonanno:2010yk",
        "Mroue:2010re",
        "Boyle:2007ft"
    ],
    "initial_separation": 17.1,
    "initial_orbital_frequency": 0.0128894913277,
    "initial_adot": -0.000106401963442,
    "object1": "bh",
    "object2": "bh",
    "initial_ADM_energy": 0.9934862757799451,
    "initial_ADM_linear_momentum": [
        -3.07300567e-08,
        -1.082086192e-07,
        -9.665459e-10
    ],
    "initial_ADM_angular_momentum": [
        -5.06218929e-08,
        -3.196496123e-07,
        1.0673557387353534
    ],
    "initial_mass1": 0.500000000436557,
    "initial_mass2": 0.499999997732922,
    "initial_dimensionless_spin1": [
        -1.04e-13,
        -4.27800000001e-13,
        0.399999997876
    ],
    "initial_dimensionless_spin2": [
        1.82e-13,
        -8.46799999999e-13,
        -0.800000000235
    ],
    "initial_position1": [
        8.64365903699565,
        -0.1176034100460038,
        0.0
    ],
    "initial_position2": [
        -8.456340963004351,
        -0.1176034100460038,
        0.0
    ],
    "relaxation_time": 620.0,
    "common_horizon_time": 7214.01661567,
    "remnant_mass": 0.95627897792,
    "remnant_dimensionless_spin": [
        -2.04494935159e-09,
        2.47669627204e-10,
        0.623231785726
    ],
    "remnant_velocity": [
        -9.74010524391e-05,
        0.000948773300898,
        -5.4983612017e-09
    ],
    "metadata_version": 1,
    "spec_revisions": [
        "InitialCommit-23860-gd8f0b1e",
        "InitialCommit-23998-g09003e6"
    ],
    "spells_revision": "InitialCommit-22529-g5f7bd68",
    "com_parameters": {
        "space_translation": [
            0.129215247,
            -0.112158226,
            -4.26613678e-07
        ],
        "boost_velocity": [
            -2.40733622e-06,
            -2.14771253e-07,
            -7.06500279e-09
        ]
    },
    "initial_mass_ratio": 1.0000000054072702
}