{
    "simulation_name": "0168/Lev3",
    "alternative_names": [
        "PRIVATE:BBH:0858",
        "SXS:BBH:0789"
    ],
    "initial_data_type": "BBH_SKS",
    "object_types": "BHBH",
    "number_of_orbits": 17.6889314644,
    "reference_mass_ratio": 1.9998670160290803,
    "reference_chi_eff": -0.3813488685788585,
    "reference_chi1_perp": 0.5506934352300793,
    "reference_chi2_perp": 0.7995285059503764,
    "reference_eccentricity": 0.0003541,
    "reference_dimensionless_spin1": [
        -0.360763324812,
        -0.485025440988,
        -0.523946634046
    ],
    "reference_dimensionless_spin2": [
        -0.75182180295,
        -0.27190095006,
        0.0186450799229
    ],
    "reference_orbital_frequency": [
        -0.00102833123302,
        0.00295621351687,
        0.0157017926974
    ],
    "reference_mass1": 0.666708052984,
    "reference_mass2": 0.333376193337,
    "reference_time": 640.0,
    "reference_position1": [
        -4.27873084621,
        -2.95491611959,
        0.271682095133
    ],
    "reference_position2": [
        8.50428808773,
        5.92378974572,
        -0.562755915979
    ],
    "reference_mean_anomaly": 3.120722,
    "keywords": [],
    "point_of_contact_email": "daniel.hemberger@gmail.com",
    "authors_emails": [],
    "simulation_bibtex_keys": [
        "Blackman:2017pcm",
        "Boyle:2019kee",
        "SXSCatalogWebsite"
    ],
    "code_bibtex_keys": [
        "Ossokine:2013zga",
        "Hemberger:2012jz",
        "Szilagyi:2009qz",
        "Boyle:2009vi",
        "Scheel:2008rj",
        "Boyle:2007ft",
        "Scheel:2006gg",
        "Lindblom:2005qh",
        "Pfeiffer:2002wt",
        "SpECwebsite"
    ],
    "initial_data_bibtex_keys": [
        "Buchman:2012dw",
        "Lovelace:2008tw",
        "Pfeiffer:2007yz",
        "Caudill:2006hw",
        "Cook:2004kt"
    ],
    "quasicircular_bibtex_keys": [
        "Mroue:2012kv",
        "Buonanno:2010yk",
        "Mroue:2010re",
        "Boyle:2007ft"
    ],
    "initial_separation": 15.4218139648,
    "initial_orbital_frequency": 0.014823274262,
    "initial_adot": -0.0001677280647188,
    "object1": "bh",
    "object2": "bh",
    "initial_ADM_energy": 0.9937586787366133,
    "initial_ADM_linear_momentum": [
        1.1673182e-09,
        -1.51612121e-08,
        -1.076057e-09
    ],
    "initial_ADM_angular_momentum": [
        -0.3109405504950318,
        -0.0649804319012778,
        0.7594437982073593
    ],
    "initial_mass1": 0.6666666458496396,
    "initial_mass2": 0.3333333066300979,
    "initial_dimensionless_spin1": [
        -0.510590486464,
        -0.282115859124,
        -0.54745447129
    ],
    "initial_dimensionless_spin2": [
        -0.735933887239,
        0.311814953738,
        -0.0342054328967
    ],
    "initial_position1": [
        5.1664156234962615,
        0.0240331750664564,
        -0.0064374953969718
    ],
    "initial_position2": [
        -10.255398341303739,
        0.0240331750664564,
        -0.0064374953969718
    ],
    "relaxation_time": 640.0,
    "common_horizon_time": 4934.95232767,
    "remnant_mass": 0.966948430424,
    "remnant_dimensionless_spin": [
        -0.237382421903,
        -0.0307934097166,
        0.472964223982
    ],
    "remnant_velocity": [
        -0.001091593542,
        -0.000503764285788,
        0.000565409151482
    ],
    "metadata_version": 1,
    "spec_revisions": "InitialCommit-29628-g2cce9e5",
    "spells_revision": "2cce9e5c03773621b7d160cd7247fc453684f921",
    "com_parameters": {
        "space_translation": [
            -0.00182894,
            0.00218623,
            0.00295978
        ],
        "boost_velocity": [
            1.34541944e-05,
            -2.59156358e-05,
            -5.26453029e-06
        ]
    },
    "initial_mass_ratio": 2.000000097768339
}