{
    "simulation_name": "0072/Lev3",
    "alternative_names": [
        "PRIVATE:BBH:0328",
        "SXS:BBH:0393"
    ],
    "initial_data_type": "BBH_SKS",
    "object_types": "BHBH",
    "number_of_orbits": 17.3268269235,
    "reference_mass_ratio": 0.9999361010290574,
    "reference_chi_eff": -0.3996711137806096,
    "reference_chi1_perp": 0.5999765679888129,
    "reference_chi2_perp": 0.012353724948070407,
    "reference_eccentricity": 0.0002001,
    "reference_dimensionless_spin1": [
        0.11162292634,
        0.589299675458,
        0.0154333712806
    ],
    "reference_dimensionless_spin2": [
        -0.0416811344661,
        0.0280802962382,
        -0.798134635276
    ],
    "reference_orbital_frequency": [
        0.00103682079161,
        -0.000591333802551,
        0.0153835313276
    ],
    "reference_mass1": 0.50001284538,
    "reference_mass2": 0.500044797728,
    "reference_time": 640.0,
    "reference_position1": [
        -7.75559305098,
        -1.89237453964,
        0.451049065385
    ],
    "reference_position2": [
        7.80499478511,
        1.88634486374,
        -0.452453270234
    ],
    "reference_mean_anomaly": 3.449568,
    "keywords": [],
    "point_of_contact_email": "daniel.hemberger@gmail.com",
    "authors_emails": [],
    "simulation_bibtex_keys": [
        "Blackman:2017dfb",
        "Boyle:2019kee",
        "SXSCatalogWebsite"
    ],
    "code_bibtex_keys": [
        "Ossokine:2013zga",
        "Hemberger:2012jz",
        "Szilagyi:2009qz",
        "Boyle:2009vi",
        "Scheel:2008rj",
        "Boyle:2007ft",
        "Scheel:2006gg",
        "Lindblom:2005qh",
        "Pfeiffer:2002wt",
        "SpECwebsite"
    ],
    "initial_data_bibtex_keys": [
        "Buchman:2012dw",
        "Lovelace:2008tw",
        "Pfeiffer:2007yz",
        "Caudill:2006hw",
        "Cook:2004kt"
    ],
    "quasicircular_bibtex_keys": [
        "Mroue:2012kv",
        "Buonanno:2010yk",
        "Mroue:2010re",
        "Boyle:2007ft"
    ],
    "initial_separation": 15.8623657227,
    "initial_orbital_frequency": 0.014429582254,
    "initial_adot": -7.85876664862e-05,
    "object1": "bh",
    "object2": "bh",
    "initial_ADM_energy": 0.993103894471974,
    "initial_ADM_linear_momentum": [
        -6.0175911e-09,
        -9.9529216e-09,
        -3.0226852e-09
    ],
    "initial_ADM_angular_momentum": [
        0.0994358777575666,
        0.1033571316014341,
        0.9445570154063946
    ],
    "initial_mass1": 0.499999989060109,
    "initial_mass2": 0.500000023723547,
    "initial_dimensionless_spin1": [
        0.42569893224,
        0.422822678123,
        -0.000266895957975
    ],
    "initial_dimensionless_spin2": [
        -0.0299545857085,
        0.0296536496056,
        -0.798888860838
    ],
    "initial_position1": [
        7.907258613711516,
        -0.0026348021684877,
        0.012817973081273
    ],
    "initial_position2": [
        -7.955107108988484,
        -0.0026348021684877,
        0.012817973081273
    ],
    "relaxation_time": 640.0,
    "common_horizon_time": 4977.42211335,
    "remnant_mass": 0.959199641523,
    "remnant_dimensionless_spin": [
        0.0420575869912,
        0.0763833154539,
        0.566609695325
    ],
    "remnant_velocity": [
        -0.000789064209666,
        -0.000443762552032,
        -0.00317195427654
    ],
    "metadata_version": 1,
    "spec_revisions": "InitialCommit-28977-g3727d27",
    "spells_revision": "3727d27cb1189c2dffa859c586de4b14bf054cbd",
    "com_parameters": {
        "space_translation": [
            -9.74179714e-05,
            0.00222388336,
            -0.00198220699
        ],
        "boost_velocity": [
            3.38399515e-07,
            -6.23445581e-08,
            9.64650273e-07
        ]
    },
    "initial_mass_ratio": 0.9999999306731273
}