{
    "simulation_name": "0024/Lev3",
    "alternative_names": [
        "PRIVATE:BBH:0264",
        "SXS:BBH:0348"
    ],
    "initial_data_type": "BBH_SKS",
    "object_types": "BHBH",
    "number_of_orbits": 20.9297607509,
    "reference_mass_ratio": 1.1939579100788795,
    "reference_chi_eff": 0.6677844410326412,
    "reference_chi1_perp": 0.5099594004581782,
    "reference_chi2_perp": 0.009911798390831618,
    "reference_eccentricity": 0.0007397,
    "reference_dimensionless_spin1": [
        -0.211120557898,
        0.453089921486,
        0.59549857009
    ],
    "reference_dimensionless_spin2": [
        0.0591762732916,
        0.00633075535075,
        0.762130952579
    ],
    "reference_orbital_frequency": [
        0.00112446959918,
        0.000252532808019,
        0.0169276693394
    ],
    "reference_mass1": 0.544227590982,
    "reference_mass2": 0.455818070627,
    "reference_time": 640.0,
    "reference_position1": [
        -2.58660172523,
        -6.27005206519,
        0.262948466974
    ],
    "reference_position2": [
        3.07119205705,
        7.49143026756,
        -0.318185455561
    ],
    "reference_mean_anomaly": 4.405911,
    "keywords": [],
    "point_of_contact_email": "daniel.hemberger@gmail.com",
    "authors_emails": [],
    "simulation_bibtex_keys": [
        "Blackman:2017dfb",
        "Boyle:2019kee",
        "SXSCatalogWebsite"
    ],
    "code_bibtex_keys": [
        "Ossokine:2013zga",
        "Hemberger:2012jz",
        "Szilagyi:2009qz",
        "Boyle:2009vi",
        "Scheel:2008rj",
        "Boyle:2007ft",
        "Scheel:2006gg",
        "Lindblom:2005qh",
        "Pfeiffer:2002wt",
        "SpECwebsite"
    ],
    "initial_data_bibtex_keys": [
        "Buchman:2012dw",
        "Lovelace:2008tw",
        "Pfeiffer:2007yz",
        "Caudill:2006hw",
        "Cook:2004kt"
    ],
    "quasicircular_bibtex_keys": [
        "Mroue:2012kv",
        "Buonanno:2010yk",
        "Mroue:2010re",
        "Boyle:2007ft"
    ],
    "initial_separation": 14.6787719727,
    "initial_orbital_frequency": 0.0157250151589,
    "initial_adot": 0.000331294301288,
    "object1": "bh",
    "object2": "bh",
    "initial_ADM_energy": 0.9924245014343901,
    "initial_ADM_linear_momentum": [
        -2.07452928e-08,
        3.3913431e-09,
        1.6814793e-09
    ],
    "initial_ADM_angular_momentum": [
        0.0267327549680311,
        0.1530852104214254,
        1.3869894737840118
    ],
    "initial_mass1": 0.544212731976947,
    "initial_mass2": 0.455787293813919,
    "initial_dimensionless_spin1": [
        0.0578167973461,
        0.516668642273,
        0.578005530944
    ],
    "initial_dimensionless_spin2": [
        0.0467126107986,
        -0.0102904514945,
        0.762925061143
    ],
    "initial_position1": [
        6.694293381534738,
        0.0061010631390254,
        0.0002935968352374
    ],
    "initial_position2": [
        -7.984478591165262,
        0.0061010631390254,
        0.0002935968352374
    ],
    "relaxation_time": 640.0,
    "common_horizon_time": 5097.0811964,
    "remnant_mass": 0.922331636938,
    "remnant_dimensionless_spin": [
        0.0148688583432,
        0.0957006416131,
        0.870714073417
    ],
    "remnant_velocity": [
        -0.000106157696733,
        -2.2401225649e-05,
        -0.000506773497294
    ],
    "metadata_version": 1,
    "spec_revisions": [
        "InitialCommit-28971-g2d4b796",
        "InitialCommit-28977-g3727d27",
        "InitialCommit-28997-g8de95ad"
    ],
    "spells_revision": "2d4b796de925e97fe323094e8c08fb6ad6e8a830",
    "com_parameters": {
        "space_translation": [
            -0.00070239,
            -0.00055369,
            -0.00105066
        ],
        "boost_velocity": [
            -4.17909526e-07,
            -6.24755999e-07,
            -7.21318403e-08
        ]
    },
    "initial_mass_ratio": 1.1940059307557809
}