{
    "simulation_name": "BBH_SKS_d13.4_q1.23_sA_0_0_0.320_sB_0_0_-0.580/Lev5",
    "alternative_names": [
        "PRIVATE:BBH:0233",
        "SXS:BBH:0307"
    ],
    "initial_data_type": "BBH_SKS",
    "object_types": "BHBH",
    "number_of_orbits": 12.571958883,
    "reference_mass_ratio": 1.2278303707407645,
    "reference_chi_eff": -0.0839282348553395,
    "reference_chi1_perp": 2.3655454328838865e-08,
    "reference_chi2_perp": 6.055111087623454e-08,
    "reference_eccentricity": 0.0004279,
    "reference_dimensionless_spin1": [
        -4.24986922218e-09,
        -3.03543084889e-08,
        0.319971950994
    ],
    "reference_dimensionless_spin2": [
        2.52542789675e-08,
        -3.41852092759e-08,
        -0.579849149789
    ],
    "reference_orbital_frequency": [
        -1.30134286068e-09,
        -8.48498258602e-10,
        0.0197186635571
    ],
    "reference_mass1": 0.551150209682,
    "reference_mass2": 0.448881395033,
    "reference_time": 460.0,
    "reference_position1": [
        -4.9983126832,
        3.39270771237,
        -1.2217395902e-05
    ],
    "reference_position2": [
        6.23523194019,
        -4.31011565395,
        -1.18074867385e-05
    ],
    "reference_mean_anomaly": 2.853339,
    "keywords": [],
    "point_of_contact_email": "serguei.ossokine@aei.mpg.de",
    "authors_emails": [],
    "simulation_bibtex_keys": [
        "Abbott:2016apu",
        "Boyle:2019kee",
        "SXSCatalogWebsite"
    ],
    "code_bibtex_keys": [
        "Ossokine:2013zga",
        "Hemberger:2012jz",
        "Szilagyi:2009qz",
        "Boyle:2009vi",
        "Scheel:2008rj",
        "Boyle:2007ft",
        "Scheel:2006gg",
        "Lindblom:2005qh",
        "Pfeiffer:2002wt",
        "SpECwebsite"
    ],
    "initial_data_bibtex_keys": [
        "Buchman:2012dw",
        "Lovelace:2008tw",
        "Pfeiffer:2007yz",
        "Caudill:2006hw",
        "Cook:2004kt"
    ],
    "quasicircular_bibtex_keys": [
        "Mroue:2012kv",
        "Buonanno:2010yk",
        "Mroue:2010re",
        "Boyle:2007ft"
    ],
    "initial_separation": 13.4353637695,
    "initial_orbital_frequency": 0.018425033515,
    "initial_adot": -0.0001044181984252,
    "object1": "bh",
    "object2": "bh",
    "initial_ADM_energy": 0.9919914629832784,
    "initial_ADM_linear_momentum": [
        3.4022254e-09,
        1.05453302e-08,
        8.328118e-10
    ],
    "initial_ADM_angular_momentum": [
        4.95e-14,
        -1.4965e-12,
        1.0328823640596945
    ],
    "initial_mass1": 0.5511363557871565,
    "initial_mass2": 0.4488636322773172,
    "initial_dimensionless_spin1": [
        6.41369999999e-12,
        -1.7959e-12,
        0.319999996421
    ],
    "initial_dimensionless_spin2": [
        -3.733e-13,
        1.249e-13,
        -0.579999995329
    ],
    "initial_position1": [
        6.031556301394902,
        -0.0435066883201297,
        0.0
    ],
    "initial_position2": [
        -7.403807468105098,
        -0.0435066883201297,
        0.0
    ],
    "relaxation_time": 460.0,
    "common_horizon_time": 2825.1497936,
    "remnant_mass": 0.953673751797,
    "remnant_dimensionless_spin": [
        -3.67728515711e-08,
        -4.05534436683e-08,
        0.673883605893
    ],
    "remnant_velocity": [
        0.000531707278911,
        0.000113634327044,
        -3.37144187957e-08
    ],
    "metadata_version": 1,
    "spec_revisions": "InitialCommit-28378-g6b98228",
    "spells_revision": "6b98228c6f6ed0e3d50c10a36a955a67c59ddd43",
    "com_parameters": {
        "space_translation": [
            0.0262850639,
            -0.0469335931,
            3.29662109e-06
        ],
        "boost_velocity": [
            -1.83723342e-06,
            3.90038328e-06,
            -3.41298719e-08
        ]
    },
    "initial_mass_ratio": 1.2278480949569404
}