{
    "simulation_name": "BBH_CFMS_d16.4_q3_sA_0_0_-0.500_sB_0_0_-0.500/Lev5",
    "alternative_names": [
        "PRIVATE:BBH:0052",
        "SXS:BBH:0267"
    ],
    "initial_data_type": "BBH_CFMS",
    "object_types": "BHBH",
    "number_of_orbits": 23.3936227428,
    "reference_mass_ratio": 2.999838485233155,
    "reference_chi_eff": -0.4995078228353559,
    "reference_chi1_perp": 7.035053659191284e-12,
    "reference_chi2_perp": 7.754502844323834e-12,
    "reference_eccentricity": "<5.9e-05",
    "reference_dimensionless_spin1": [
        2.68963017655e-13,
        1.19552471947e-13,
        -0.499543717859
    ],
    "reference_dimensionless_spin2": [
        -1.01277066156e-12,
        -7.99650358293e-13,
        -0.499400143562
    ],
    "reference_orbital_frequency": [
        4.04753423155e-14,
        -1.96068857223e-13,
        0.0141020654246
    ],
    "reference_mass1": 0.750331646926,
    "reference_mass2": 0.250124015216,
    "reference_time": 240.0,
    "reference_position1": [
        -4.04997065024,
        -0.905839397017,
        -7.4721816046e-11
    ],
    "reference_position2": [
        11.907933227,
        2.71493635696,
        -7.01820737924e-11
    ],
    "reference_mean_anomaly": 0.73083,
    "keywords": [],
    "point_of_contact_email": "tonyc@cita.utoronto.ca",
    "authors_emails": [],
    "simulation_bibtex_keys": [
        "Chu:2015kft",
        "Boyle:2019kee",
        "SXSCatalogWebsite"
    ],
    "code_bibtex_keys": [
        "Ossokine:2013zga",
        "Hemberger:2012jz",
        "Szilagyi:2009qz",
        "Boyle:2009vi",
        "Scheel:2008rj",
        "Boyle:2007ft",
        "Scheel:2006gg",
        "Lindblom:2005qh",
        "Pfeiffer:2002wt",
        "SpECwebsite"
    ],
    "initial_data_bibtex_keys": [
        "Buchman:2012dw",
        "Lovelace:2008tw",
        "Pfeiffer:2007yz",
        "Caudill:2006hw",
        "Cook:2004kt"
    ],
    "quasicircular_bibtex_keys": [
        "Mroue:2012kv",
        "Buonanno:2010yk",
        "Mroue:2010re",
        "Boyle:2007ft"
    ],
    "initial_separation": 16.4,
    "initial_orbital_frequency": 0.0140184306722,
    "initial_adot": -4.64240124674e-05,
    "object1": "bh",
    "object2": "bh",
    "initial_ADM_energy": 0.9954983622247726,
    "initial_ADM_linear_momentum": [
        -2.25056607e-08,
        1.6154238e-09,
        3.3827961e-09
    ],
    "initial_ADM_angular_momentum": [
        -2.8218887743e-06,
        1.2901500563e-06,
        0.5632727847836004
    ],
    "initial_mass1": 0.75000000004401,
    "initial_mass2": 0.24999999981805,
    "initial_dimensionless_spin1": [
        -1.36e-14,
        -1.53e-14,
        -0.500000000075
    ],
    "initial_dimensionless_spin2": [
        -4.2e-15,
        -2.07000000001e-14,
        -0.499999999576
    ],
    "initial_position1": [
        4.091377081619274,
        0.0148494091988027,
        0.0
    ],
    "initial_position2": [
        -12.308622918380724,
        0.0148494091988027,
        0.0
    ],
    "relaxation_time": 240.0,
    "common_horizon_time": 7254.31262927,
    "remnant_mass": 0.978365857117,
    "remnant_dimensionless_spin": [
        -4.26720332966e-10,
        -6.24135479186e-10,
        0.299237657077
    ],
    "remnant_velocity": [
        0.000696107883948,
        0.000403721178192,
        1.47049673218e-08
    ],
    "metadata_version": 1,
    "spec_revisions": [
        "InitialCommit-22272-g66cd00a",
        "InitialCommit-24359-gce55d2a"
    ],
    "spells_revision": "InitialCommit-21916-g19475f2",
    "com_parameters": {
        "space_translation": [
            -0.0280239792,
            0.00478942406,
            -2.02921164e-07
        ],
        "boost_velocity": [
            4.97457498e-06,
            -3.69092366e-06,
            8.89131955e-11
        ]
    },
    "initial_mass_ratio": 3.00000000235944
}