{
    "simulation_name": "BBH_SKS_d14.4_q3_sA_0_0_0.600_sB_0_0_-0.400/Lev5",
    "alternative_names": [
        "PRIVATE:BBH:0055",
        "SXS:BBH:0288"
    ],
    "initial_data_type": "BBH_SKS",
    "object_types": "BHBH",
    "number_of_orbits": 23.4785734808,
    "reference_mass_ratio": 3.000004727426805,
    "reference_chi_eff": 0.34996040428264036,
    "reference_chi1_perp": 5.449768369691307e-08,
    "reference_chi2_perp": 3.8579085874798987e-08,
    "reference_eccentricity": 0.0002097,
    "reference_dimensionless_spin1": [
        -6.8392348501e-09,
        7.48128390915e-08,
        0.599935835445
    ],
    "reference_dimensionless_spin2": [
        -1.81984350685e-08,
        1.91446894679e-08,
        -0.399967070945
    ],
    "reference_orbital_frequency": [
        -9.35599308427e-11,
        5.88930002472e-10,
        0.0172910291236
    ],
    "reference_mass1": 0.750005813657,
    "reference_mass2": 0.250001543931,
    "reference_time": 580.0,
    "reference_position1": [
        -3.34913543549,
        -1.54943477424,
        8.40302511587e-06
    ],
    "reference_position2": [
        9.943470963,
        4.59297139801,
        8.26574051992e-06
    ],
    "reference_mean_anomaly": 4.336689,
    "keywords": [],
    "point_of_contact_email": "tonyc@cita.utoronto.ca",
    "authors_emails": [],
    "simulation_bibtex_keys": [
        "Chu:2015kft",
        "Boyle:2019kee",
        "SXSCatalogWebsite"
    ],
    "code_bibtex_keys": [
        "Ossokine:2013zga",
        "Hemberger:2012jz",
        "Szilagyi:2009qz",
        "Boyle:2009vi",
        "Scheel:2008rj",
        "Boyle:2007ft",
        "Scheel:2006gg",
        "Lindblom:2005qh",
        "Pfeiffer:2002wt",
        "SpECwebsite"
    ],
    "initial_data_bibtex_keys": [
        "Buchman:2012dw",
        "Lovelace:2008tw",
        "Pfeiffer:2007yz",
        "Caudill:2006hw",
        "Cook:2004kt"
    ],
    "quasicircular_bibtex_keys": [
        "Mroue:2012kv",
        "Buonanno:2010yk",
        "Mroue:2010re",
        "Boyle:2007ft"
    ],
    "initial_separation": 14.4,
    "initial_orbital_frequency": 0.0165573679858,
    "initial_adot": -1.31432349833e-05,
    "object1": "bh",
    "object2": "bh",
    "initial_ADM_energy": 0.9941963204299115,
    "initial_ADM_linear_momentum": [
        7.41865183e-08,
        -2.78461373e-07,
        1.748891184e-07
    ],
    "initial_ADM_angular_momentum": [
        6.0374416597e-06,
        4.95008269534e-05,
        1.1144317614575108
    ],
    "initial_mass1": 0.749999998862182,
    "initial_mass2": 0.250000004170762,
    "initial_dimensionless_spin1": [
        1.13834e-11,
        5.70859000001e-11,
        0.599999991381
    ],
    "initial_dimensionless_spin2": [
        -7.8e-14,
        4.26e-14,
        -0.400000037921
    ],
    "initial_position1": [
        3.534749277509945,
        -0.0152314122574003,
        0.0
    ],
    "initial_position2": [
        -10.865250722490055,
        -0.0152314122574003,
        0.0
    ],
    "relaxation_time": 580.0,
    "common_horizon_time": 5722.2577184,
    "remnant_mass": 0.95889050746,
    "remnant_dimensionless_spin": [
        -5.88138574239e-09,
        4.72804943145e-08,
        0.785440463141
    ],
    "remnant_velocity": [
        0.000154730557804,
        0.000204746801128,
        1.85673407712e-08
    ],
    "metadata_version": 1,
    "spec_revisions": "InitialCommit-23245-gfd35c55",
    "spells_revision": "InitialCommit-22529-g5f7bd68",
    "com_parameters": {
        "space_translation": [
            -0.0562500291,
            -0.0554909439,
            -1.96812105e-06
        ],
        "boost_velocity": [
            3.73992002e-06,
            1.32421107e-05,
            1.80252457e-08
        ]
    },
    "initial_mass_ratio": 2.999999945399585
}