{
    "simulation_name": "0000/Lev3",
    "alternative_names": [
        "PRIVATE:BBH:0246",
        "SXS:BBH:0325"
    ],
    "initial_data_type": "BBH_SKS",
    "object_types": "BHBH",
    "number_of_orbits": 17.3414907763,
    "reference_mass_ratio": 0.9999153227588471,
    "reference_chi_eff": -0.3998585556832258,
    "reference_chi1_perp": 3.4584253875446004e-08,
    "reference_chi2_perp": 6.332484121471725e-08,
    "reference_eccentricity": 0.000244,
    "reference_dimensionless_spin1": [
        2.06043079651e-08,
        -2.77787610365e-08,
        5.55961806257e-05
    ],
    "reference_dimensionless_spin2": [
        6.19109312122e-08,
        3.24011211548e-08,
        -0.79973884392
    ],
    "reference_orbital_frequency": [
        2.71669509135e-11,
        -6.10716717642e-10,
        0.015408911879
    ],
    "reference_mass1": 0.500001358012,
    "reference_mass2": 0.500043700333,
    "reference_time": 640.0,
    "reference_position1": [
        -7.79572525163,
        -1.7848527459,
        -1.03288538015e-05
    ],
    "reference_position2": [
        7.84975210133,
        1.78128566957,
        -1.02150975256e-05
    ],
    "reference_mean_anomaly": 1.670768,
    "keywords": [],
    "point_of_contact_email": "daniel.hemberger@gmail.com",
    "authors_emails": [],
    "simulation_bibtex_keys": [
        "Blackman:2017dfb",
        "Boyle:2019kee",
        "SXSCatalogWebsite"
    ],
    "code_bibtex_keys": [
        "Ossokine:2013zga",
        "Hemberger:2012jz",
        "Szilagyi:2009qz",
        "Boyle:2009vi",
        "Scheel:2008rj",
        "Boyle:2007ft",
        "Scheel:2006gg",
        "Lindblom:2005qh",
        "Pfeiffer:2002wt",
        "SpECwebsite"
    ],
    "initial_data_bibtex_keys": [
        "Buchman:2012dw",
        "Lovelace:2008tw",
        "Pfeiffer:2007yz",
        "Caudill:2006hw",
        "Cook:2004kt"
    ],
    "quasicircular_bibtex_keys": [
        "Mroue:2012kv",
        "Buonanno:2010yk",
        "Mroue:2010re",
        "Boyle:2007ft"
    ],
    "initial_separation": 15.8725585938,
    "initial_orbital_frequency": 0.01446229596,
    "initial_adot": -0.0001768536775525,
    "object1": "bh",
    "object2": "bh",
    "initial_ADM_energy": 0.9930987495349071,
    "initial_ADM_linear_momentum": [
        -1.173107293e-07,
        -1.8842211e-09,
        -5.56599e-11
    ],
    "initial_ADM_angular_momentum": [
        -3.68804892e-08,
        -4.6078279e-08,
        0.9447779113740239
    ],
    "initial_mass1": 0.500000010453949,
    "initial_mass2": 0.500000026091632,
    "initial_dimensionless_spin1": [
        1.571922e-10,
        -2.45373e-11,
        -3.64304325e-08
    ],
    "initial_dimensionless_spin2": [
        -7.6745e-12,
        -2.2931e-12,
        -0.800000110339
    ],
    "initial_position1": [
        7.912515639891238,
        -0.0038008756857934,
        2.95641649e-08
    ],
    "initial_position2": [
        -7.960042953908761,
        -0.0038008756857934,
        2.95641649e-08
    ],
    "relaxation_time": 640.0,
    "common_horizon_time": 4989.30954075,
    "remnant_mass": 0.960393180052,
    "remnant_dimensionless_spin": [
        1.75219952927e-08,
        -2.37575947701e-08,
        0.559739367764
    ],
    "remnant_velocity": [
        -9.44728174104e-05,
        -0.000651529160815,
        -1.42441034776e-08
    ],
    "metadata_version": 1,
    "spec_revisions": "InitialCommit-28971-g2d4b796",
    "spells_revision": "2d4b796de925e97fe323094e8c08fb6ad6e8a830",
    "com_parameters": {
        "space_translation": [
            -0.000365160272,
            0.00252232041,
            4.12450141e-07
        ],
        "boost_velocity": [
            -1.09169844e-07,
            1.66150137e-06,
            -1.91068311e-08
        ]
    },
    "initial_mass_ratio": 0.9999999687246358
}