{
    "simulation_name": "0041/Lev3",
    "alternative_names": [
        "PRIVATE:BBH:0745",
        "SXS:BBH:0674"
    ],
    "initial_data_type": "BBH_SKS",
    "object_types": "BHBH",
    "number_of_orbits": 17.1222776542,
    "reference_mass_ratio": 1.3333029223028838,
    "reference_chi_eff": -0.4543523752935616,
    "reference_chi1_perp": 0.02344974364005498,
    "reference_chi2_perp": 0.7997451078418448,
    "reference_eccentricity": 0.000488,
    "reference_dimensionless_spin1": [
        -0.022137238568,
        -0.0538409298512,
        -0.797625175648
    ],
    "reference_dimensionless_spin2": [
        -0.798772741077,
        -0.0301761831336,
        0.0260054666094
    ],
    "reference_orbital_frequency": [
        0.000333914369755,
        0.00148074312038,
        0.0153603931554
    ],
    "reference_mass1": 0.571467706722,
    "reference_mass2": 0.428610555908,
    "reference_time": 640.0,
    "reference_position1": [
        -6.68034299029,
        -1.65059152951,
        0.285806406435
    ],
    "reference_position2": [
        8.85970692732,
        2.23215711975,
        -0.42631073888
    ],
    "reference_mean_anomaly": 3.597727,
    "keywords": [],
    "point_of_contact_email": "scheel@tapir.caltech.edu",
    "authors_emails": [],
    "simulation_bibtex_keys": [
        "Blackman:2017pcm",
        "Boyle:2019kee",
        "SXSCatalogWebsite"
    ],
    "code_bibtex_keys": [
        "Ossokine:2013zga",
        "Hemberger:2012jz",
        "Szilagyi:2009qz",
        "Boyle:2009vi",
        "Scheel:2008rj",
        "Boyle:2007ft",
        "Scheel:2006gg",
        "Lindblom:2005qh",
        "Pfeiffer:2002wt",
        "SpECwebsite"
    ],
    "initial_data_bibtex_keys": [
        "Buchman:2012dw",
        "Lovelace:2008tw",
        "Pfeiffer:2007yz",
        "Caudill:2006hw",
        "Cook:2004kt"
    ],
    "quasicircular_bibtex_keys": [
        "Mroue:2012kv",
        "Buonanno:2010yk",
        "Mroue:2010re",
        "Boyle:2007ft"
    ],
    "initial_separation": 15.8600463867,
    "initial_orbital_frequency": 0.014303897609,
    "initial_adot": -0.0002985583932392,
    "object1": "bh",
    "object2": "bh",
    "initial_ADM_energy": 0.9932780826648854,
    "initial_ADM_linear_momentum": [
        -2.23010494e-08,
        -9.0924878e-09,
        -8.89558e-10
    ],
    "initial_ADM_angular_momentum": [
        -0.1303951613732552,
        0.0797402883057931,
        0.8627129326154055
    ],
    "initial_mass1": 0.5714285808965068,
    "initial_mass2": 0.4285714079852996,
    "initial_dimensionless_spin1": [
        -0.0224673768792,
        -0.0393831550247,
        -0.798714087845
    ],
    "initial_dimensionless_spin2": [
        -0.663921558936,
        0.446324317794,
        -0.000225341509178
    ],
    "initial_position1": [
        6.826319168281196,
        0.0122951047172161,
        0.0144739681426893
    ],
    "initial_position2": [
        -9.033727218418804,
        0.0122951047172161,
        0.0144739681426893
    ],
    "relaxation_time": 640.0,
    "common_horizon_time": 4943.85003208,
    "remnant_mass": 0.962545865069,
    "remnant_dimensionless_spin": [
        -0.0801534028208,
        0.0524166125079,
        0.499615973528
    ],
    "remnant_velocity": [
        0.00097390215611,
        -0.000337512024845,
        -0.00221676004071
    ],
    "metadata_version": 1,
    "spec_revisions": "InitialCommit-29628-g2cce9e5",
    "spells_revision": "2cce9e5c03773621b7d160cd7247fc453684f921",
    "com_parameters": {
        "space_translation": [
            -0.00350778,
            -0.00246273,
            -0.00054947
        ],
        "boost_velocity": [
            1.01896985e-05,
            -1.46090442e-06,
            4.83205966e-07
        ]
    },
    "initial_mass_ratio": 1.3333334194709214
}