{
    "simulation_name": "0002/Lev3",
    "alternative_names": [
        "PRIVATE:BBH:0238",
        "SXS:BBH:0327"
    ],
    "initial_data_type": "BBH_SKS",
    "object_types": "BHBH",
    "number_of_orbits": 18.6022157442,
    "reference_mass_ratio": 0.9999968417214645,
    "reference_chi_eff": -5.471659983391921e-05,
    "reference_chi1_perp": 4.825884838202487e-08,
    "reference_chi2_perp": 4.514498282357885e-08,
    "reference_eccentricity": 0.0001007,
    "reference_dimensionless_spin1": [
        4.2835139902e-08,
        1.88298033994e-08,
        0.799781535736
    ],
    "reference_dimensionless_spin2": [
        -3.85095968475e-08,
        -2.10403495149e-08,
        -0.79988844283
    ],
    "reference_orbital_frequency": [
        -4.54762680612e-11,
        3.36791200963e-11,
        0.0159827603135
    ],
    "reference_mass1": 0.500036647969,
    "reference_mass2": 0.500038227229,
    "reference_time": 640.0,
    "reference_position1": [
        -6.50017679982,
        -4.24485256133,
        7.36007736071e-06
    ],
    "reference_position2": [
        6.58844794943,
        4.25146452667,
        7.3794152797e-06
    ],
    "reference_mean_anomaly": 3.363008,
    "keywords": [],
    "point_of_contact_email": "daniel.hemberger@gmail.com",
    "authors_emails": [],
    "simulation_bibtex_keys": [
        "Blackman:2017dfb",
        "Boyle:2019kee",
        "SXSCatalogWebsite"
    ],
    "code_bibtex_keys": [
        "Ossokine:2013zga",
        "Hemberger:2012jz",
        "Szilagyi:2009qz",
        "Boyle:2009vi",
        "Scheel:2008rj",
        "Boyle:2007ft",
        "Scheel:2006gg",
        "Lindblom:2005qh",
        "Pfeiffer:2002wt",
        "SpECwebsite"
    ],
    "initial_data_bibtex_keys": [
        "Buchman:2012dw",
        "Lovelace:2008tw",
        "Pfeiffer:2007yz",
        "Caudill:2006hw",
        "Cook:2004kt"
    ],
    "quasicircular_bibtex_keys": [
        "Mroue:2012kv",
        "Buonanno:2010yk",
        "Mroue:2010re",
        "Boyle:2007ft"
    ],
    "initial_separation": 15.4168701172,
    "initial_orbital_frequency": 0.014660321038,
    "initial_adot": 9.6213316726e-06,
    "object1": "bh",
    "object2": "bh",
    "initial_ADM_energy": 0.9928648782422019,
    "initial_ADM_linear_momentum": [
        1.388229573e-07,
        1.469254118e-07,
        -4.1288e-12
    ],
    "initial_ADM_angular_momentum": [
        -2.924783568e-07,
        2.152721649e-07,
        1.1148864709239334
    ],
    "initial_mass1": 0.500000014483782,
    "initial_mass2": 0.49999997821438,
    "initial_dimensionless_spin1": [
        1.992e-13,
        8.43999999999e-14,
        0.79999998682
    ],
    "initial_dimensionless_spin2": [
        1.1387e-12,
        -1.666e-13,
        -0.800000026862
    ],
    "initial_position1": [
        7.662331820218328,
        -0.0013141322036983,
        2.9584916e-09
    ],
    "initial_position2": [
        -7.754538296981672,
        -0.0013141322036983,
        2.9584916e-09
    ],
    "relaxation_time": 640.0,
    "common_horizon_time": 5037.35230239,
    "remnant_mass": 0.951169323978,
    "remnant_dimensionless_spin": [
        -1.24715292813e-08,
        9.04125525907e-09,
        0.684109354192
    ],
    "remnant_velocity": [
        0.00121365611372,
        0.000189662572126,
        6.63332570058e-08
    ],
    "metadata_version": 1,
    "spec_revisions": [
        "InitialCommit-28949-g1c87ecf",
        "InitialCommit-28972-gc394525"
    ],
    "spells_revision": "1c87ecf4c8098190e6f3be55c6bc87e46f70a334",
    "com_parameters": {
        "space_translation": [
            0.000130875028,
            0.00534894527,
            -1.3207551e-05
        ],
        "boost_velocity": [
            -1.38842403e-06,
            -3.25927139e-06,
            2.17044538e-08
        ]
    },
    "initial_mass_ratio": 1.000000072538807
}