{
    "simulation_name": "0272/Lev3",
    "alternative_names": [
        "PRIVATE:BBH:0507",
        "SXS:BBH:0574"
    ],
    "initial_data_type": "BBH_SKS",
    "object_types": "BHBH",
    "number_of_orbits": 20.5929780509,
    "reference_mass_ratio": 1.9998502840360919,
    "reference_chi_eff": 0.4000064903196801,
    "reference_chi1_perp": 1.727782395441643e-07,
    "reference_chi2_perp": 1.4819765407851895e-07,
    "reference_eccentricity": 0.0004547,
    "reference_dimensionless_spin1": [
        1.50984363254e-07,
        -1.47509709254e-07,
        0.400042605275
    ],
    "reference_dimensionless_spin2": [
        -1.05671470006e-07,
        4.5252894046e-08,
        0.399934265816
    ],
    "reference_orbital_frequency": [
        5.3252528986e-10,
        -1.90730051801e-09,
        0.0172040486869
    ],
    "reference_mass1": 0.666619148318,
    "reference_mass2": 0.333334526909,
    "reference_time": 640.0,
    "reference_position1": [
        -1.12405203947,
        -4.7619557367,
        -9.77094130759e-05
    ],
    "reference_position2": [
        2.21548398898,
        9.59110432078,
        -9.62215533309e-05
    ],
    "reference_mean_anomaly": 3.664487,
    "keywords": [],
    "point_of_contact_email": "daniel.hemberger@gmail.com",
    "authors_emails": [],
    "simulation_bibtex_keys": [
        "Blackman:2017dfb",
        "Boyle:2019kee",
        "SXSCatalogWebsite"
    ],
    "code_bibtex_keys": [
        "Ossokine:2013zga",
        "Hemberger:2012jz",
        "Szilagyi:2009qz",
        "Boyle:2009vi",
        "Scheel:2008rj",
        "Boyle:2007ft",
        "Scheel:2006gg",
        "Lindblom:2005qh",
        "Pfeiffer:2002wt",
        "SpECwebsite"
    ],
    "initial_data_bibtex_keys": [
        "Buchman:2012dw",
        "Lovelace:2008tw",
        "Pfeiffer:2007yz",
        "Caudill:2006hw",
        "Cook:2004kt"
    ],
    "quasicircular_bibtex_keys": [
        "Mroue:2012kv",
        "Buonanno:2010yk",
        "Mroue:2010re",
        "Boyle:2007ft"
    ],
    "initial_separation": 14.5545043945,
    "initial_orbital_frequency": 0.0162821184608,
    "initial_adot": 8.66739452612e-05,
    "object1": "bh",
    "object2": "bh",
    "initial_ADM_energy": 0.9931723526558867,
    "initial_ADM_linear_momentum": [
        7.0836494e-09,
        -3.91828077e-08,
        -6.444e-13
    ],
    "initial_ADM_angular_momentum": [
        4.02758e-11,
        1.21361e-11,
        1.176382565768455
    ],
    "initial_mass1": 0.666666671001707,
    "initial_mass2": 0.333333330659481,
    "initial_dimensionless_spin1": [
        2.04e-14,
        -1.544e-13,
        0.399999999431
    ],
    "initial_dimensionless_spin2": [
        -6.42e-14,
        2.843e-13,
        0.400000002956
    ],
    "initial_position1": [
        4.851881538435959,
        0.0211506090137001,
        1.35397181e-08
    ],
    "initial_position2": [
        -9.702622856064043,
        0.0211506090137001,
        1.35397181e-08
    ],
    "relaxation_time": 640.0,
    "common_horizon_time": 5078.06746295,
    "remnant_mass": 0.9491326282,
    "remnant_dimensionless_spin": [
        5.03846773872e-08,
        -1.05107707087e-07,
        0.769992391126
    ],
    "remnant_velocity": [
        -0.000227987178934,
        9.39750121525e-05,
        -1.96877873624e-07
    ],
    "metadata_version": 1,
    "spec_revisions": "InitialCommit-29089-g8b04a13",
    "spells_revision": "8b04a13a5f37970ac7f06dcc5dbbd046e8370016",
    "com_parameters": {
        "space_translation": [
            -0.00115659075,
            -0.00198520083,
            3.91747355e-05
        ],
        "boost_velocity": [
            6.89247112e-06,
            6.48066133e-06,
            -2.24123096e-07
        ]
    },
    "initial_mass_ratio": 2.000000029048235
}