{
    "simulation_name": "BBH_SKS_d14.2_q3_sA_0_0_0.600_sB_0_0_0.600/Lev5",
    "alternative_names": [
        "PRIVATE:BBH:0022",
        "SXS:BBH:0291"
    ],
    "initial_data_type": "BBH_SKS",
    "object_types": "BHBH",
    "number_of_orbits": 24.5186739195,
    "reference_mass_ratio": 2.9998006563100854,
    "reference_chi_eff": 0.5999414919188085,
    "reference_chi1_perp": 9.619487482098493e-08,
    "reference_chi2_perp": 4.414101669556547e-08,
    "reference_eccentricity": 3.97e-05,
    "reference_dimensionless_spin1": [
        -7.71774407708e-08,
        -1.43719758945e-08,
        0.599962449488
    ],
    "reference_dimensionless_spin2": [
        3.85790732256e-08,
        4.00790760535e-08,
        0.599878623389
    ],
    "reference_orbital_frequency": [
        -1.37671832824e-10,
        1.4365073114e-09,
        0.0176402248319
    ],
    "reference_mass1": 0.749990787516,
    "reference_mass2": 0.250013542046,
    "reference_time": 640.0,
    "reference_position1": [
        0.242796701594,
        -3.55935185435,
        1.45559903045e-05
    ],
    "reference_position2": [
        -0.800282061287,
        10.8111111611,
        1.33776108931e-05
    ],
    "reference_mean_anomaly": 5.33864,
    "keywords": [],
    "point_of_contact_email": "tonyc@cita.utoronto.ca",
    "authors_emails": [],
    "simulation_bibtex_keys": [
        "Chu:2015kft",
        "Boyle:2019kee",
        "SXSCatalogWebsite"
    ],
    "code_bibtex_keys": [
        "Ossokine:2013zga",
        "Hemberger:2012jz",
        "Szilagyi:2009qz",
        "Boyle:2009vi",
        "Scheel:2008rj",
        "Boyle:2007ft",
        "Scheel:2006gg",
        "Lindblom:2005qh",
        "Pfeiffer:2002wt",
        "SpECwebsite"
    ],
    "initial_data_bibtex_keys": [
        "Buchman:2012dw",
        "Lovelace:2008tw",
        "Pfeiffer:2007yz",
        "Caudill:2006hw",
        "Cook:2004kt"
    ],
    "quasicircular_bibtex_keys": [
        "Mroue:2012kv",
        "Buonanno:2010yk",
        "Mroue:2010re",
        "Boyle:2007ft"
    ],
    "initial_separation": 14.2,
    "initial_orbital_frequency": 0.0165837944729,
    "initial_adot": 0.00022336571181,
    "object1": "bh",
    "object2": "bh",
    "initial_ADM_energy": 0.9940950181428179,
    "initial_ADM_linear_momentum": [
        -3.6110252e-08,
        6.614761873e-07,
        -2.03291223e-08
    ],
    "initial_ADM_angular_momentum": [
        1.6313538744e-06,
        -5.2487302027e-06,
        1.1653802767984303
    ],
    "initial_mass1": 0.74999999511237,
    "initial_mass2": 0.250000012387715,
    "initial_dimensionless_spin1": [
        -1.1576e-12,
        1.53633e-11,
        0.600000018618
    ],
    "initial_dimensionless_spin2": [
        -8.39999999999e-15,
        -4.11e-14,
        0.599999963043
    ],
    "initial_position1": [
        3.5466714420310503,
        0.0374069797133983,
        0.0
    ],
    "initial_position2": [
        -10.65332855796895,
        0.0374069797133983,
        0.0
    ],
    "relaxation_time": 640.0,
    "common_horizon_time": 5787.22253157,
    "remnant_mass": 0.953775159356,
    "remnant_dimensionless_spin": [
        -2.95788740043e-08,
        4.18820740533e-08,
        0.812005621071
    ],
    "remnant_velocity": [
        -2.2116272202e-05,
        0.000199540548148,
        3.11054638005e-08
    ],
    "metadata_version": 1,
    "spec_revisions": "InitialCommit-23245-gfd35c55",
    "spells_revision": "InitialCommit-22529-g5f7bd68",
    "com_parameters": {
        "space_translation": [
            -0.00732248502,
            -0.00824951674,
            -3.83909132e-06
        ],
        "boost_velocity": [
            5.90053167e-06,
            1.76895227e-05,
            2.84123122e-08
        ]
    },
    "initial_mass_ratio": 2.999999831796908
}