{
    "simulation_name": "BBH_CFMS_d14.3_q3_sA_0_0_0.500_sB_0_0_0.500/Lev5",
    "alternative_names": [
        "PRIVATE:BBH:0050",
        "SXS:BBH:0286"
    ],
    "initial_data_type": "BBH_CFMS",
    "object_types": "BHBH",
    "number_of_orbits": 24.0603949628,
    "reference_mass_ratio": 2.99982769972142,
    "reference_chi_eff": 0.4995092693788805,
    "reference_chi1_perp": 7.138842348990061e-11,
    "reference_chi2_perp": 7.663263168992311e-11,
    "reference_eccentricity": "<6.1e-05",
    "reference_dimensionless_spin1": [
        -4.64151021987e-14,
        1.19701736156e-13,
        0.499546909933
    ],
    "reference_dimensionless_spin2": [
        9.23190914841e-12,
        5.41762802594e-12,
        0.499396354202
    ],
    "reference_orbital_frequency": [
        -1.99780213301e-12,
        1.37159848638e-12,
        0.0169322858247
    ],
    "reference_mass1": 0.750331969905,
    "reference_mass2": 0.250125022172,
    "reference_time": 240.0,
    "reference_position1": [
        -2.26254271645,
        -2.76430903827,
        -3.69873616664e-11
    ],
    "reference_position2": [
        6.67293155194,
        8.27855743596,
        1.22762517322e-10
    ],
    "reference_mean_anomaly": 0.019914,
    "keywords": [],
    "point_of_contact_email": "tonyc@cita.utoronto.ca",
    "authors_emails": [],
    "simulation_bibtex_keys": [
        "Chu:2015kft",
        "Boyle:2019kee",
        "SXSCatalogWebsite"
    ],
    "code_bibtex_keys": [
        "Ossokine:2013zga",
        "Hemberger:2012jz",
        "Szilagyi:2009qz",
        "Boyle:2009vi",
        "Scheel:2008rj",
        "Boyle:2007ft",
        "Scheel:2006gg",
        "Lindblom:2005qh",
        "Pfeiffer:2002wt",
        "SpECwebsite"
    ],
    "initial_data_bibtex_keys": [
        "Buchman:2012dw",
        "Lovelace:2008tw",
        "Pfeiffer:2007yz",
        "Caudill:2006hw",
        "Cook:2004kt"
    ],
    "quasicircular_bibtex_keys": [
        "Mroue:2012kv",
        "Buonanno:2010yk",
        "Mroue:2010re",
        "Boyle:2007ft"
    ],
    "initial_separation": 14.3,
    "initial_orbital_frequency": 0.0167971107996,
    "initial_adot": -2.02693226032e-05,
    "object1": "bh",
    "object2": "bh",
    "initial_ADM_energy": 0.994661934256327,
    "initial_ADM_linear_momentum": [
        8.9681433e-09,
        1.5534124e-09,
        1.19601385e-08
    ],
    "initial_ADM_angular_momentum": [
        2.6851802607e-06,
        3.7330313976e-06,
        1.1104581743525173
    ],
    "initial_mass1": 0.750000000306346,
    "initial_mass2": 0.249999999880448,
    "initial_dimensionless_spin1": [
        1.4e-15,
        -3.37999999999e-14,
        0.50000000007
    ],
    "initial_dimensionless_spin2": [
        -2.89e-14,
        -8.3e-15,
        0.499999999859
    ],
    "initial_position1": [
        3.558699145718608,
        0.0147853492260155,
        0.0
    ],
    "initial_position2": [
        -10.741300854281393,
        0.0147853492260155,
        0.0
    ],
    "relaxation_time": 240.0,
    "common_horizon_time": 5823.0332998,
    "remnant_mass": 0.958575612281,
    "remnant_dimensionless_spin": [
        3.27133854716e-09,
        -7.53388659875e-10,
        0.768681722968
    ],
    "remnant_velocity": [
        0.000200316456014,
        -0.000146118528198,
        2.00995231564e-08
    ],
    "metadata_version": 1,
    "spec_revisions": [
        "InitialCommit-22272-g66cd00a",
        "InitialCommit-24250-g44478b7"
    ],
    "spells_revision": "InitialCommit-21916-g19475f2",
    "com_parameters": {
        "space_translation": [
            -0.0178540768,
            0.00235519059,
            -1.41530858e-06
        ],
        "boost_velocity": [
            -9.89994554e-07,
            -1.32257791e-06,
            7.81537205e-10
        ]
    },
    "initial_mass_ratio": 3.0000000026600078
}