{
    "simulation_name": "0290/Lev3",
    "alternative_names": [
        "PRIVATE:BBH:0323",
        "SXS:BBH:0591"
    ],
    "initial_data_type": "BBH_SKS",
    "object_types": "BHBH",
    "number_of_orbits": 19.2403802113,
    "reference_mass_ratio": 1.2499847831345732,
    "reference_chi_eff": 0.17783234006376633,
    "reference_chi1_perp": 2.920957627490404e-08,
    "reference_chi2_perp": 4.67362065421816e-08,
    "reference_eccentricity": 0.0005561,
    "reference_dimensionless_spin1": [
        -1.88142260345e-08,
        2.23461249779e-08,
        0.00010506770919
    ],
    "reference_dimensionless_spin2": [
        -5.22841358631e-09,
        -4.56344309205e-08,
        0.399988726055
    ],
    "reference_orbital_frequency": [
        -4.8535518808e-10,
        2.52882291689e-11,
        0.0162922572974
    ],
    "reference_mass1": 0.555561787728,
    "reference_mass2": 0.44445484075,
    "reference_time": 640.0,
    "reference_position1": [
        -4.97183061207,
        -4.68483612553,
        1.24269529824e-05
    ],
    "reference_position2": [
        6.18706959301,
        5.86219111951,
        1.27430119773e-05
    ],
    "reference_mean_anomaly": 0.12121,
    "keywords": [],
    "point_of_contact_email": "daniel.hemberger@gmail.com",
    "authors_emails": [],
    "simulation_bibtex_keys": [
        "Blackman:2017dfb",
        "Boyle:2019kee",
        "SXSCatalogWebsite"
    ],
    "code_bibtex_keys": [
        "Ossokine:2013zga",
        "Hemberger:2012jz",
        "Szilagyi:2009qz",
        "Boyle:2009vi",
        "Scheel:2008rj",
        "Boyle:2007ft",
        "Scheel:2006gg",
        "Lindblom:2005qh",
        "Pfeiffer:2002wt",
        "SpECwebsite"
    ],
    "initial_data_bibtex_keys": [
        "Buchman:2012dw",
        "Lovelace:2008tw",
        "Pfeiffer:2007yz",
        "Caudill:2006hw",
        "Cook:2004kt"
    ],
    "quasicircular_bibtex_keys": [
        "Mroue:2012kv",
        "Buonanno:2010yk",
        "Mroue:2010re",
        "Boyle:2007ft"
    ],
    "initial_separation": 15.1912841797,
    "initial_orbital_frequency": 0.015454603967,
    "initial_adot": 2.05368893885e-05,
    "object1": "bh",
    "object2": "bh",
    "initial_ADM_energy": 0.9927390806504223,
    "initial_ADM_linear_momentum": [
        -2.20263414e-08,
        -5.76944947e-08,
        5.273e-13
    ],
    "initial_ADM_angular_momentum": [
        -7.358723805e-07,
        1.349266493e-07,
        1.1664123577975967
    ],
    "initial_mass1": 0.555555567251697,
    "initial_mass2": 0.444444444259754,
    "initial_dimensionless_spin1": [
        -1.1087e-11,
        -9.4812e-12,
        -1.01940785e-08
    ],
    "initial_dimensionless_spin2": [
        4.48e-14,
        8.00000000002e-15,
        0.399999994287
    ],
    "initial_position1": [
        6.763566112109554,
        0.0073695299318659,
        -1.15839766e-08
    ],
    "initial_position2": [
        -8.427718067590448,
        0.0073695299318659,
        -1.15839766e-08
    ],
    "relaxation_time": 640.0,
    "common_horizon_time": 5067.96909295,
    "remnant_mass": 0.948079255887,
    "remnant_dimensionless_spin": [
        -2.52144880948e-08,
        -4.66731542803e-10,
        0.724660551486
    ],
    "remnant_velocity": [
        0.000239138202823,
        0.000317515621303,
        4.83998769912e-08
    ],
    "metadata_version": 1,
    "spec_revisions": "InitialCommit-28950-gb189fe3",
    "spells_revision": "b189fe3d837b3733f9792ac7a6ee263ced79a79e",
    "com_parameters": {
        "space_translation": [
            -0.00121828648,
            -0.000287921674,
            -8.09617249e-06
        ],
        "boost_velocity": [
            3.83544362e-07,
            -7.57400153e-06,
            2.9214607e-08
        ]
    },
    "initial_mass_ratio": 1.25000002683576
}