{
    "simulation_name": "0095/Lev3",
    "alternative_names": [
        "PRIVATE:BBH:0291",
        "SXS:BBH:0415"
    ],
    "initial_data_type": "BBH_SKS",
    "object_types": "BHBH",
    "number_of_orbits": 17.9529628086,
    "reference_mass_ratio": 0.9999960893228158,
    "reference_chi_eff": -0.20006983132567366,
    "reference_chi1_perp": 1.5105738624670247e-08,
    "reference_chi2_perp": 6.22037723228943e-09,
    "reference_eccentricity": 0.0005098,
    "reference_dimensionless_spin1": [
        1.34160035467e-08,
        6.94219074062e-09,
        -7.69375917008e-05
    ],
    "reference_dimensionless_spin2": [
        -6.82132698715e-09,
        3.49635337544e-10,
        -0.400061942952
    ],
    "reference_orbital_frequency": [
        2.59374871648e-11,
        -4.75400549642e-11,
        0.015699910274
    ],
    "reference_mass1": 0.500001217475,
    "reference_mass2": 0.500003172826,
    "reference_time": 640.0,
    "reference_position1": [
        -7.27158408992,
        -3.06608742285,
        3.50315034601e-06
    ],
    "reference_position2": [
        7.2951490226,
        3.06606707982,
        3.49765340434e-06
    ],
    "reference_mean_anomaly": 5.769071,
    "keywords": [],
    "point_of_contact_email": "daniel.hemberger@gmail.com",
    "authors_emails": [],
    "simulation_bibtex_keys": [
        "Blackman:2017dfb",
        "Boyle:2019kee",
        "SXSCatalogWebsite"
    ],
    "code_bibtex_keys": [
        "Ossokine:2013zga",
        "Hemberger:2012jz",
        "Szilagyi:2009qz",
        "Boyle:2009vi",
        "Scheel:2008rj",
        "Boyle:2007ft",
        "Scheel:2006gg",
        "Lindblom:2005qh",
        "Pfeiffer:2002wt",
        "SpECwebsite"
    ],
    "initial_data_bibtex_keys": [
        "Buchman:2012dw",
        "Lovelace:2008tw",
        "Pfeiffer:2007yz",
        "Caudill:2006hw",
        "Cook:2004kt"
    ],
    "quasicircular_bibtex_keys": [
        "Mroue:2012kv",
        "Buonanno:2010yk",
        "Mroue:2010re",
        "Boyle:2007ft"
    ],
    "initial_separation": 15.6499633789,
    "initial_orbital_frequency": 0.014945394099,
    "initial_adot": -7.97018593085e-05,
    "object1": "bh",
    "object2": "bh",
    "initial_ADM_energy": 0.9929230798036849,
    "initial_ADM_linear_momentum": [
        -8.8396624e-09,
        -3.08107733e-08,
        -3.559e-12
    ],
    "initial_ADM_angular_momentum": [
        2.67554053e-07,
        -6.19208867e-08,
        1.0297561588598105
    ],
    "initial_mass1": 0.500000003857209,
    "initial_mass2": 0.499999997858949,
    "initial_dimensionless_spin1": [
        2.445e-13,
        5.64999999999e-14,
        -1.3806113e-09
    ],
    "initial_dimensionless_spin2": [
        3.45e-14,
        -3.57e-14,
        -0.399999990459
    ],
    "initial_position1": [
        7.813968199743303,
        -0.00115265631129,
        -1.298573e-10
    ],
    "initial_position2": [
        -7.835995179156698,
        -0.00115265631129,
        -1.298573e-10
    ],
    "relaxation_time": 640.0,
    "common_horizon_time": 5014.81133552,
    "remnant_mass": 0.956462364642,
    "remnant_dimensionless_spin": [
        2.06648058e-09,
        -1.31091074905e-09,
        0.624088640059
    ],
    "remnant_velocity": [
        -0.000210230497784,
        0.000245676931166,
        1.00072402185e-08
    ],
    "metadata_version": 1,
    "spec_revisions": "InitialCommit-28950-gb189fe3",
    "spells_revision": "b189fe3d837b3733f9792ac7a6ee263ced79a79e",
    "com_parameters": {
        "space_translation": [
            0.000292894947,
            0.000735952707,
            -1.9132283e-06
        ],
        "boost_velocity": [
            -6.53744602e-07,
            2.07187198e-08,
            7.12506137e-09
        ]
    },
    "initial_mass_ratio": 1.00000001199652
}