{
    "simulation_name": "BBH_SKS_d15.4_q2_sA_0_0_0.129_sB_0_0_0.850/Lev5",
    "alternative_names": [
        "PRIVATE:BBH:0035",
        "SXS:BBH:0248"
    ],
    "initial_data_type": "BBH_SKS",
    "object_types": "BHBH",
    "number_of_orbits": 23.1835797562,
    "reference_mass_ratio": 1.9995659309201184,
    "reference_chi_eff": 0.3690407527417307,
    "reference_chi1_perp": 7.861177723403699e-08,
    "reference_chi2_perp": 5.538803086054518e-08,
    "reference_eccentricity": 7.63e-05,
    "reference_dimensionless_spin1": [
        2.50063723009e-08,
        -7.62458590735e-08,
        0.128673834147
    ],
    "reference_dimensionless_spin2": [
        5.85797351071e-08,
        -4.98869781296e-08,
        0.849670254084
    ],
    "reference_orbital_frequency": [
        5.57304012616e-10,
        -3.89429626932e-11,
        0.0155153067507
    ],
    "reference_mass1": 0.666661840041,
    "reference_mass2": 0.333403280048,
    "reference_time": 400.0,
    "reference_position1": [
        5.37628391847,
        -0.635782484861,
        2.18474910265e-06
    ],
    "reference_position2": [
        -10.2484783568,
        1.54184451572,
        2.75145049635e-06
    ],
    "reference_mean_anomaly": 0.044447,
    "keywords": [],
    "point_of_contact_email": "tonyc@cita.utoronto.ca",
    "authors_emails": [],
    "simulation_bibtex_keys": [
        "Chu:2015kft",
        "Boyle:2019kee",
        "SXSCatalogWebsite"
    ],
    "code_bibtex_keys": [
        "Ossokine:2013zga",
        "Hemberger:2012jz",
        "Szilagyi:2009qz",
        "Boyle:2009vi",
        "Scheel:2008rj",
        "Boyle:2007ft",
        "Scheel:2006gg",
        "Lindblom:2005qh",
        "Pfeiffer:2002wt",
        "SpECwebsite"
    ],
    "initial_data_bibtex_keys": [
        "Buchman:2012dw",
        "Lovelace:2008tw",
        "Pfeiffer:2007yz",
        "Caudill:2006hw",
        "Cook:2004kt"
    ],
    "quasicircular_bibtex_keys": [
        "Mroue:2012kv",
        "Buonanno:2010yk",
        "Mroue:2010re",
        "Boyle:2007ft"
    ],
    "initial_separation": 15.4,
    "initial_orbital_frequency": 0.0146559609181,
    "initial_adot": 0.000312779815982,
    "object1": "bh",
    "object2": "bh",
    "initial_ADM_energy": 0.9935874144334091,
    "initial_ADM_linear_momentum": [
        -2.409694456e-07,
        1.3263258243e-06,
        -3.25009578e-08
    ],
    "initial_ADM_angular_momentum": [
        -1.3167270989e-06,
        -1.00011496738e-05,
        1.1292899800807656
    ],
    "initial_mass1": 0.666666676032679,
    "initial_mass2": 0.333333324520627,
    "initial_dimensionless_spin1": [
        1.12343e-11,
        1.67266e-11,
        0.128653984926
    ],
    "initial_dimensionless_spin2": [
        -1.78e-14,
        -7.15e-14,
        0.850000022309
    ],
    "initial_position1": [
        5.325699524179274,
        0.1372567468107455,
        0.0
    ],
    "initial_position2": [
        -10.074300475820726,
        0.1372567468107455,
        0.0
    ],
    "relaxation_time": 400.0,
    "common_horizon_time": 6208.82284473,
    "remnant_mass": 0.953203385296,
    "remnant_dimensionless_spin": [
        3.49325584312e-08,
        -2.25761042281e-08,
        0.711587466854
    ],
    "remnant_velocity": [
        0.000577141601381,
        0.000150616259653,
        1.77784519952e-08
    ],
    "metadata_version": 1,
    "spec_revisions": "InitialCommit-23808-ge525bec",
    "spells_revision": "InitialCommit-22529-g5f7bd68",
    "com_parameters": {
        "space_translation": [
            0.168691044,
            0.109774109,
            -4.3739725e-06
        ],
        "boost_velocity": [
            5.02879994e-06,
            -2.36846746e-06,
            1.53663958e-08
        ]
    },
    "initial_mass_ratio": 2.0000000809742775
}