{
    "simulation_name": "0243/Lev3",
    "alternative_names": [
        "PRIVATE:BBH:0927",
        "SXS:BBH:0858"
    ],
    "initial_data_type": "BBH_SKS",
    "object_types": "BHBH",
    "number_of_orbits": 19.1383404532,
    "reference_mass_ratio": 2.0000736310636222,
    "reference_chi_eff": 0.00028597469852302695,
    "reference_chi1_perp": 5.596337033293793e-06,
    "reference_chi2_perp": 0.3999880052637512,
    "reference_eccentricity": 0.0003799,
    "reference_dimensionless_spin1": [
        1.63297411139e-06,
        2.98200553488e-06,
        -6.60394700636e-05
    ],
    "reference_dimensionless_spin2": [
        -0.328372860233,
        -0.228293764417,
        0.00667875062055
    ],
    "reference_orbital_frequency": [
        -0.000152894595324,
        0.000631904731278,
        0.0165346754593
    ],
    "reference_mass1": 0.666671520277,
    "reference_mass2": 0.333323488657,
    "reference_time": 640.0,
    "reference_position1": [
        -2.99325922445,
        -4.0705771845,
        0.12054087013
    ],
    "reference_position2": [
        5.95080214557,
        8.19292345889,
        -0.265427723602
    ],
    "reference_mean_anomaly": 2.256025,
    "keywords": [],
    "point_of_contact_email": "sfield@astro.cornell.edu",
    "authors_emails": [],
    "simulation_bibtex_keys": [
        "Blackman:2017pcm",
        "Boyle:2019kee",
        "SXSCatalogWebsite"
    ],
    "code_bibtex_keys": [
        "Ossokine:2013zga",
        "Hemberger:2012jz",
        "Szilagyi:2009qz",
        "Boyle:2009vi",
        "Scheel:2008rj",
        "Boyle:2007ft",
        "Scheel:2006gg",
        "Lindblom:2005qh",
        "Pfeiffer:2002wt",
        "SpECwebsite"
    ],
    "initial_data_bibtex_keys": [
        "Buchman:2012dw",
        "Lovelace:2008tw",
        "Pfeiffer:2007yz",
        "Caudill:2006hw",
        "Cook:2004kt"
    ],
    "quasicircular_bibtex_keys": [
        "Mroue:2012kv",
        "Buonanno:2010yk",
        "Mroue:2010re",
        "Boyle:2007ft"
    ],
    "initial_separation": 15.0026245117,
    "initial_orbital_frequency": 0.015771207957,
    "initial_adot": -2.51688051822e-05,
    "object1": "bh",
    "object2": "bh",
    "initial_ADM_energy": 0.9934443529201833,
    "initial_ADM_linear_momentum": [
        3.22334599e-08,
        9.496255e-09,
        -9.591944e-10
    ],
    "initial_ADM_angular_momentum": [
        -0.0445569930290436,
        0.0101874264440869,
        0.9816548430544445
    ],
    "initial_mass1": 0.6666666524504419,
    "initial_mass2": 0.3333333423468368,
    "initial_dimensionless_spin1": [
        1.02569177e-08,
        2.0435617e-09,
        -1.424886409e-07
    ],
    "initial_dimensionless_spin2": [
        -0.395741230457,
        0.0582050775899,
        0.000658227373101
    ],
    "initial_position1": [
        5.007793139174182,
        0.0206443683930833,
        0.0062813269052533
    ],
    "initial_position2": [
        -9.99483137252582,
        0.0206443683930833,
        0.0062813269052533
    ],
    "relaxation_time": 640.0,
    "common_horizon_time": 5048.63595787,
    "remnant_mass": 0.961191099604,
    "remnant_dimensionless_spin": [
        -0.0308034612658,
        0.00438099250914,
        0.623914006776
    ],
    "remnant_velocity": [
        0.00046923044983,
        -0.000154768437565,
        0.000245768418687
    ],
    "metadata_version": 1,
    "spec_revisions": "InitialCommit-29628-g2cce9e5",
    "spells_revision": "2cce9e5c03773621b7d160cd7247fc453684f921",
    "com_parameters": {
        "space_translation": [
            -0.00250806537,
            0.000101624307,
            7.64853881e-05
        ],
        "boost_velocity": [
            6.13619043e-07,
            -9.19985571e-06,
            -2.92422384e-07
        ]
    },
    "initial_mass_ratio": 1.9999999032703073
}