{
    "simulation_name": "0005/Lev3",
    "alternative_names": [
        "PRIVATE:BBH:0267",
        "SXS:BBH:0330"
    ],
    "initial_data_type": "BBH_SKS",
    "object_types": "BHBH",
    "number_of_orbits": 18.5947153225,
    "reference_mass_ratio": 1.0000034282638146,
    "reference_chi_eff": -0.0003744598679899054,
    "reference_chi1_perp": 2.431423645591241e-07,
    "reference_chi2_perp": 3.57663841019585e-08,
    "reference_eccentricity": 0.00015,
    "reference_dimensionless_spin1": [
        7.32603309076e-08,
        -2.52321822935e-07,
        -0.800529034589
    ],
    "reference_dimensionless_spin2": [
        -5.41972049371e-08,
        -1.35107714028e-09,
        0.799782857994
    ],
    "reference_orbital_frequency": [
        -4.43267884659e-10,
        2.91555211844e-10,
        0.0159846331415
    ],
    "reference_mass1": 0.500038494607,
    "reference_mass2": 0.500036780349,
    "reference_time": 640.0,
    "reference_position1": [
        -6.5835164495,
        -4.25777751617,
        -8.5212871231e-07
    ],
    "reference_position2": [
        6.49543768038,
        4.25135112551,
        -6.44641965657e-07
    ],
    "reference_mean_anomaly": 4.052801,
    "keywords": [],
    "point_of_contact_email": "daniel.hemberger@gmail.com",
    "authors_emails": [],
    "simulation_bibtex_keys": [
        "Blackman:2017dfb",
        "Boyle:2019kee",
        "SXSCatalogWebsite"
    ],
    "code_bibtex_keys": [
        "Ossokine:2013zga",
        "Hemberger:2012jz",
        "Szilagyi:2009qz",
        "Boyle:2009vi",
        "Scheel:2008rj",
        "Boyle:2007ft",
        "Scheel:2006gg",
        "Lindblom:2005qh",
        "Pfeiffer:2002wt",
        "SpECwebsite"
    ],
    "initial_data_bibtex_keys": [
        "Buchman:2012dw",
        "Lovelace:2008tw",
        "Pfeiffer:2007yz",
        "Caudill:2006hw",
        "Cook:2004kt"
    ],
    "quasicircular_bibtex_keys": [
        "Mroue:2012kv",
        "Buonanno:2010yk",
        "Mroue:2010re",
        "Boyle:2007ft"
    ],
    "initial_separation": 15.4169311523,
    "initial_orbital_frequency": 0.014659068373,
    "initial_adot": 9.9419604031e-06,
    "object1": "bh",
    "object2": "bh",
    "initial_ADM_energy": 0.9928644943292064,
    "initial_ADM_linear_momentum": [
        -1.597500287e-07,
        -9.12137548e-08,
        -1.0087e-12
    ],
    "initial_ADM_angular_momentum": [
        1.75213133e-08,
        -4.02473121e-08,
        1.1146980206086132
    ],
    "initial_mass1": 0.499999998262041,
    "initial_mass2": 0.499999991856071,
    "initial_dimensionless_spin1": [
        -1.252849023e-07,
        -2.491014112e-07,
        -0.800640220706
    ],
    "initial_dimensionless_spin2": [
        -1.74476759e-08,
        1.15557895e-08,
        0.799999935901
    ],
    "initial_position1": [
        7.754587153185992,
        0.0013171886228993,
        -7.812294e-10
    ],
    "initial_position2": [
        -7.662343999114008,
        0.0013171886228993,
        -7.812294e-10
    ],
    "relaxation_time": 640.0,
    "common_horizon_time": 5034.91478572,
    "remnant_mass": 0.951179813428,
    "remnant_dimensionless_spin": [
        -1.62708239122e-08,
        -2.31828638034e-08,
        0.684007835993
    ],
    "remnant_velocity": [
        -0.00122115852708,
        -0.000136281166612,
        5.52927429929e-08
    ],
    "metadata_version": 1,
    "spec_revisions": "InitialCommit-28977-g3727d27",
    "spells_revision": "3727d27cb1189c2dffa859c586de4b14bf054cbd",
    "com_parameters": {
        "space_translation": [
            -0.000187560828,
            -0.00536301848,
            -1.5986195e-05
        ],
        "boost_velocity": [
            1.62382195e-06,
            3.52563915e-06,
            9.11345731e-09
        ]
    },
    "initial_mass_ratio": 1.0000000128119402
}