{
    "simulation_name": "BBH_SKS_d14.3_q3.27_sA_0_0_0_sB_0_0_0/Lev3",
    "alternative_names": [
        "PRIVATE:BBH:0138",
        "SXS:BBH:0200"
    ],
    "initial_data_type": "BBH_SKS",
    "object_types": "BHBH",
    "number_of_orbits": 20.1589631323,
    "reference_mass_ratio": 3.2724973359326435,
    "reference_chi_eff": -4.1086673517047356e-05,
    "reference_chi1_perp": 7.108912256984649e-08,
    "reference_chi2_perp": 9.779338376026507e-08,
    "reference_eccentricity": 0.0004137,
    "reference_dimensionless_spin1": [
        -3.93178648502e-08,
        5.92265185137e-08,
        -5.02970994357e-05
    ],
    "reference_dimensionless_spin2": [
        4.39440371416e-08,
        8.73638907008e-08,
        -1.09455792359e-05
    ],
    "reference_orbital_frequency": [
        1.69378972925e-10,
        7.86276363828e-11,
        0.017302030159
    ],
    "reference_mass1": 0.765927559485,
    "reference_mass2": 0.234049864938,
    "reference_time": 340.0,
    "reference_position1": [
        3.05409023352,
        -1.51246190457,
        -7.99791177352e-07
    ],
    "reference_position2": [
        -10.1345571485,
        4.91307108669,
        -6.99880643134e-07
    ],
    "reference_mean_anomaly": 5.770062,
    "keywords": [],
    "point_of_contact_email": "jonathan.blackman.0@gmail.com",
    "authors_emails": [],
    "simulation_bibtex_keys": [
        "Blackman:2015pia",
        "Boyle:2019kee",
        "SXSCatalogWebsite"
    ],
    "code_bibtex_keys": [
        "Ossokine:2013zga",
        "Hemberger:2012jz",
        "Szilagyi:2009qz",
        "Boyle:2009vi",
        "Scheel:2008rj",
        "Boyle:2007ft",
        "Scheel:2006gg",
        "Lindblom:2005qh",
        "Pfeiffer:2002wt",
        "SpECwebsite"
    ],
    "initial_data_bibtex_keys": [
        "Buchman:2012dw",
        "Lovelace:2008tw",
        "Pfeiffer:2007yz",
        "Caudill:2006hw",
        "Cook:2004kt"
    ],
    "quasicircular_bibtex_keys": [
        "Mroue:2012kv",
        "Buonanno:2010yk",
        "Mroue:2010re",
        "Boyle:2007ft"
    ],
    "initial_separation": 14.3,
    "initial_orbital_frequency": 0.0169495,
    "initial_adot": 0.0,
    "object1": "bh",
    "object2": "bh",
    "initial_ADM_energy": 0.9944968179260384,
    "initial_ADM_linear_momentum": [
        3.34678496e-07,
        2.5237005194e-06,
        3.189693977e-07
    ],
    "initial_ADM_angular_momentum": [
        1.43999492091e-05,
        8.99556519139e-05,
        0.7785308431918299
    ],
    "initial_mass1": 0.765945010673375,
    "initial_mass2": 0.234054984388416,
    "initial_dimensionless_spin1": [
        8.1398646e-09,
        1.98977629999e-09,
        -5.37584550001e-08
    ],
    "initial_dimensionless_spin2": [
        7.4127979e-09,
        7.8647143e-09,
        -3.091293183e-07
    ],
    "initial_position1": [
        3.346125776777766,
        0.0345234240744106,
        0.0
    ],
    "initial_position2": [
        -10.953874223222234,
        0.0345234240744106,
        0.0
    ],
    "relaxation_time": 340.0,
    "common_horizon_time": 5040.27135284,
    "remnant_mass": 0.973300880253,
    "remnant_dimensionless_spin": [
        -6.58715254243e-09,
        3.28809072333e-08,
        0.520263643681
    ],
    "remnant_velocity": [
        0.000390777376841,
        -0.000388901830121,
        8.22629446557e-09
    ],
    "metadata_version": 1,
    "spec_revisions": [
        "InitialCommit-23701-g0a6b038",
        "InitialCommit-23956-g9058fb8"
    ],
    "spells_revision": "0a6b038aae4144b0166a51109f932b2a90f86abb",
    "com_parameters": {
        "space_translation": [
            -0.0109872918,
            -0.00554203714,
            -5.4772174e-06
        ],
        "boost_velocity": [
            2.09914555e-07,
            1.83086434e-05,
            2.42819193e-09
        ]
    },
    "initial_mass_ratio": 3.272500317285632
}