{
    "simulation_name": "0165/Lev3",
    "alternative_names": [
        "PRIVATE:BBH:0361",
        "SXS:BBH:0475"
    ],
    "initial_data_type": "BBH_SKS",
    "object_types": "BHBH",
    "number_of_orbits": 19.0489085076,
    "reference_mass_ratio": 1.24985469204257,
    "reference_chi_eff": 0.13325605802656826,
    "reference_chi1_perp": 2.0253996226436018e-07,
    "reference_chi2_perp": 7.04264924016074e-09,
    "reference_eccentricity": 0.0002125,
    "reference_dimensionless_spin1": [
        8.00186129989e-08,
        -1.61293406376e-07,
        -0.400165224501
    ],
    "reference_dimensionless_spin2": [
        -8.2533443534e-09,
        -4.65104432248e-08,
        0.799955150829
    ],
    "reference_orbital_frequency": [
        -5.07943587308e-11,
        -1.02402606182e-09,
        0.0161939818539
    ],
    "reference_mass1": 0.555554399703,
    "reference_mass2": 0.444495190713,
    "reference_time": 640.0,
    "reference_position1": [
        -5.25770901773,
        -4.43641010719,
        2.18543385467e-06
    ],
    "reference_position2": [
        6.50353065889,
        5.55199926254,
        2.85394121967e-06
    ],
    "reference_mean_anomaly": 6.096814,
    "keywords": [],
    "point_of_contact_email": "daniel.hemberger@gmail.com",
    "authors_emails": [],
    "simulation_bibtex_keys": [
        "Blackman:2017dfb",
        "Boyle:2019kee",
        "SXSCatalogWebsite"
    ],
    "code_bibtex_keys": [
        "Ossokine:2013zga",
        "Hemberger:2012jz",
        "Szilagyi:2009qz",
        "Boyle:2009vi",
        "Scheel:2008rj",
        "Boyle:2007ft",
        "Scheel:2006gg",
        "Lindblom:2005qh",
        "Pfeiffer:2002wt",
        "SpECwebsite"
    ],
    "initial_data_bibtex_keys": [
        "Buchman:2012dw",
        "Lovelace:2008tw",
        "Pfeiffer:2007yz",
        "Caudill:2006hw",
        "Cook:2004kt"
    ],
    "quasicircular_bibtex_keys": [
        "Mroue:2012kv",
        "Buonanno:2010yk",
        "Mroue:2010re",
        "Boyle:2007ft"
    ],
    "initial_separation": 15.2424926758,
    "initial_orbital_frequency": 0.015064866659,
    "initial_adot": 0.0001529239943533,
    "object1": "bh",
    "object2": "bh",
    "initial_ADM_energy": 0.9928220409629713,
    "initial_ADM_linear_momentum": [
        3.24735051e-08,
        8.6980766e-09,
        6.87e-14
    ],
    "initial_ADM_angular_momentum": [
        2.66905472e-08,
        5.11938738e-08,
        1.1258300148005087
    ],
    "initial_mass1": 0.555555565477041,
    "initial_mass2": 0.444444447990957,
    "initial_dimensionless_spin1": [
        -4.73952611999e-08,
        -1.308075527e-07,
        -0.400320061581
    ],
    "initial_dimensionless_spin2": [
        -1.06472703e-08,
        5.65273910002e-09,
        0.800000012125
    ],
    "initial_position1": [
        6.808961106831189,
        0.0068853647322143,
        -1.8136834e-09
    ],
    "initial_position2": [
        -8.43353156896881,
        0.0068853647322143,
        -1.8136834e-09
    ],
    "relaxation_time": 640.0,
    "common_horizon_time": 5064.35322593,
    "remnant_mass": 0.950313204188,
    "remnant_dimensionless_spin": [
        1.51465739599e-08,
        -7.60129197161e-08,
        0.69042350625
    ],
    "remnant_velocity": [
        0.000954453423902,
        -0.000257295145907,
        2.26937541415e-08
    ],
    "metadata_version": 1,
    "spec_revisions": "InitialCommit-29013-gf861d74",
    "spells_revision": "f861d74d0c38db0a1f54da7c80174072cd74b7d1",
    "com_parameters": {
        "space_translation": [
            -0.000882021344,
            -0.00229384655,
            -3.74974461e-06
        ],
        "boost_velocity": [
            2.99133385e-06,
            -2.55524714e-06,
            6.96663041e-09
        ]
    },
    "initial_mass_ratio": 1.2500000123487756
}