{
    "simulation_name": "0019/Lev3",
    "alternative_names": [
        "PRIVATE:BBH:0253",
        "SXS:BBH:0343"
    ],
    "initial_data_type": "BBH_SKS",
    "object_types": "BHBH",
    "number_of_orbits": 17.3730700912,
    "reference_mass_ratio": 0.9999778101052292,
    "reference_chi_eff": -0.4002516405780661,
    "reference_chi1_perp": 0.7998934946073318,
    "reference_chi2_perp": 0.017814471779178106,
    "reference_eccentricity": 0.0006425,
    "reference_dimensionless_spin1": [
        0.147541497944,
        0.785669503567,
        0.0280244025499
    ],
    "reference_dimensionless_spin2": [
        -0.054538604931,
        0.0376712895266,
        -0.797032052056
    ],
    "reference_orbital_frequency": [
        0.00137990027649,
        -0.000824215922697,
        0.0153416938703
    ],
    "reference_mass1": 0.500032329921,
    "reference_mass2": 0.500043425832,
    "reference_time": 640.0,
    "reference_position1": [
        -7.75714260335,
        -1.87484527667,
        0.597617286119
    ],
    "reference_position2": [
        7.80122528655,
        1.86874063803,
        -0.600651509332
    ],
    "reference_mean_anomaly": 1.667934,
    "keywords": [],
    "point_of_contact_email": "daniel.hemberger@gmail.com",
    "authors_emails": [],
    "simulation_bibtex_keys": [
        "Blackman:2017dfb",
        "Boyle:2019kee",
        "SXSCatalogWebsite"
    ],
    "code_bibtex_keys": [
        "Ossokine:2013zga",
        "Hemberger:2012jz",
        "Szilagyi:2009qz",
        "Boyle:2009vi",
        "Scheel:2008rj",
        "Boyle:2007ft",
        "Scheel:2006gg",
        "Lindblom:2005qh",
        "Pfeiffer:2002wt",
        "SpECwebsite"
    ],
    "initial_data_bibtex_keys": [
        "Buchman:2012dw",
        "Lovelace:2008tw",
        "Pfeiffer:2007yz",
        "Caudill:2006hw",
        "Cook:2004kt"
    ],
    "quasicircular_bibtex_keys": [
        "Mroue:2012kv",
        "Buonanno:2010yk",
        "Mroue:2010re",
        "Boyle:2007ft"
    ],
    "initial_separation": 15.8587646484,
    "initial_orbital_frequency": 0.014382627681,
    "initial_adot": 2.8960505148e-05,
    "object1": "bh",
    "object2": "bh",
    "initial_ADM_energy": 0.993128977432039,
    "initial_ADM_linear_momentum": [
        -1.129597009e-07,
        6.79371479e-08,
        5.0295116e-09
    ],
    "initial_ADM_angular_momentum": [
        0.1325101752399327,
        0.1351876783093479,
        0.9450081563694566
    ],
    "initial_mass1": 0.499999986791626,
    "initial_mass2": 0.499999993337793,
    "initial_dimensionless_spin1": [
        0.56675686386,
        0.564609439302,
        -0.000469369006846
    ],
    "initial_dimensionless_spin2": [
        -0.0400073456357,
        0.0394956793001,
        -0.798022228922
    ],
    "initial_position1": [
        7.905422369241481,
        -0.001610954748478,
        0.0177881751035918
    ],
    "initial_position2": [
        -7.953342279158519,
        -0.001610954748478,
        0.0177881751035918
    ],
    "relaxation_time": 640.0,
    "common_horizon_time": 4988.86186885,
    "remnant_mass": 0.959125444352,
    "remnant_dimensionless_spin": [
        0.0554186191942,
        0.0990034618394,
        0.575373639472
    ],
    "remnant_velocity": [
        -0.00119336603358,
        -0.000290309680296,
        -0.00337076837548
    ],
    "metadata_version": 1,
    "spec_revisions": [
        "InitialCommit-28971-g2d4b796",
        "InitialCommit-28997-g8de95ad"
    ],
    "spells_revision": "2d4b796de925e97fe323094e8c08fb6ad6e8a830",
    "com_parameters": {
        "space_translation": [
            9.29763466e-05,
            0.00177833083,
            -0.00219373417
        ],
        "boost_velocity": [
            1.39144254e-07,
            6.94542215e-07,
            -7.81022167e-07
        ]
    },
    "initial_mass_ratio": 0.9999999869076658
}