{
    "simulation_name": "0055/Lev3",
    "alternative_names": [
        "PRIVATE:BBH:0258",
        "SXS:BBH:0377"
    ],
    "initial_data_type": "BBH_SKS",
    "object_types": "BHBH",
    "number_of_orbits": 17.6904288748,
    "reference_mass_ratio": 1.250073518806925,
    "reference_chi_eff": -0.2669068574605812,
    "reference_chi1_perp": 2.281553987917648e-07,
    "reference_chi2_perp": 4.7304349419359964e-08,
    "reference_eccentricity": 6.97e-05,
    "reference_dimensionless_spin1": [
        -9.55339354787e-08,
        -2.45576572924e-07,
        -0.800402621097
    ],
    "reference_dimensionless_spin2": [
        -5.12941847747e-09,
        -2.7332457758e-08,
        0.400002069057
    ],
    "reference_orbital_frequency": [
        -5.23048986288e-11,
        7.61888418164e-10,
        0.0153750440737
    ],
    "reference_mass1": 0.555604072697,
    "reference_mass2": 0.444457117392,
    "reference_time": 410.0,
    "reference_position1": [
        7.1475281976,
        -0.439130536282,
        7.95490366509e-06
    ],
    "reference_position2": [
        -8.86279740056,
        0.488841239008,
        7.85445326001e-06
    ],
    "reference_mean_anomaly": 0.687311,
    "keywords": [],
    "point_of_contact_email": "daniel.hemberger@gmail.com",
    "authors_emails": [],
    "simulation_bibtex_keys": [
        "Blackman:2017dfb",
        "Boyle:2019kee",
        "SXSCatalogWebsite"
    ],
    "code_bibtex_keys": [
        "Ossokine:2013zga",
        "Hemberger:2012jz",
        "Szilagyi:2009qz",
        "Boyle:2009vi",
        "Scheel:2008rj",
        "Boyle:2007ft",
        "Scheel:2006gg",
        "Lindblom:2005qh",
        "Pfeiffer:2002wt",
        "SpECwebsite"
    ],
    "initial_data_bibtex_keys": [
        "Buchman:2012dw",
        "Lovelace:2008tw",
        "Pfeiffer:2007yz",
        "Caudill:2006hw",
        "Cook:2004kt"
    ],
    "quasicircular_bibtex_keys": [
        "Mroue:2012kv",
        "Buonanno:2010yk",
        "Mroue:2010re",
        "Boyle:2007ft"
    ],
    "initial_separation": 15.6851806641,
    "initial_orbital_frequency": 0.014627032138,
    "initial_adot": -0.0001057177521696,
    "object1": "bh",
    "object2": "bh",
    "initial_ADM_energy": 0.993087292249608,
    "initial_ADM_linear_momentum": [
        -6.5159695e-09,
        -4.41020835e-08,
        -1.20897e-11
    ],
    "initial_ADM_angular_momentum": [
        2.284742173e-07,
        3.53526248e-08,
        0.9524365468553708
    ],
    "initial_mass1": 0.555555555622879,
    "initial_mass2": 0.444444446130044,
    "initial_dimensionless_spin1": [
        -1.496087713e-07,
        -2.347639363e-07,
        -0.800640145223
    ],
    "initial_dimensionless_spin2": [
        -8.5189549e-09,
        7.07160899999e-09,
        0.400000000006
    ],
    "initial_position1": [
        7.009363110463005,
        0.0117485259593292,
        -5.8228561e-09
    ],
    "initial_position2": [
        -8.675817553636996,
        0.0117485259593292,
        -5.8228561e-09
    ],
    "relaxation_time": 410.0,
    "common_horizon_time": 4989.44470151,
    "remnant_mass": 0.959793493309,
    "remnant_dimensionless_spin": [
        -2.5381667676e-08,
        -1.92165126445e-08,
        0.563293158705
    ],
    "remnant_velocity": [
        -0.00107540778155,
        -0.000392846329097,
        7.05913044805e-08
    ],
    "metadata_version": 1,
    "spec_revisions": "InitialCommit-28977-g3727d27",
    "spells_revision": "3727d27cb1189c2dffa859c586de4b14bf054cbd",
    "com_parameters": {
        "space_translation": [
            0.00138903353,
            0.00338169431,
            -1.40736077e-05
        ],
        "boost_velocity": [
            3.3726861e-06,
            -6.2223587e-06,
            4.05757825e-08
        ]
    },
    "initial_mass_ratio": 1.2499999954107288
}