{
    "simulation_name": "BBH_CFMS_d16.8_q2_sA_0_0_-0.300_sB_0_0_-0.300/Lev5",
    "alternative_names": [
        "PRIVATE:BBH:0080",
        "SXS:BBH:0240"
    ],
    "initial_data_type": "BBH_CFMS",
    "object_types": "BHBH",
    "number_of_orbits": 23.5427286049,
    "reference_mass_ratio": 1.999971647892633,
    "reference_chi_eff": -0.2999547698626779,
    "reference_chi1_perp": 2.2043134475444193e-12,
    "reference_chi2_perp": 2.9576116833524555e-12,
    "reference_eccentricity": "<4.5e-05",
    "reference_dimensionless_spin1": [
        -2.93734073555e-13,
        -7.72583830313e-14,
        -0.299962175531
    ],
    "reference_dimensionless_spin2": [
        1.20610106772e-12,
        6.08913667251e-13,
        -0.299939958736
    ],
    "reference_orbital_frequency": [
        -1.31032383821e-14,
        9.98444766193e-14,
        0.0135941883828
    ],
    "reference_mass1": 0.666702964607,
    "reference_mass2": 0.333356207979,
    "reference_time": 230.0,
    "reference_position1": [
        -5.62489280247,
        0.197292862913,
        1.16765907598e-10
    ],
    "reference_position2": [
        11.1298010851,
        -0.373660535725,
        1.37108960342e-10
    ],
    "reference_mean_anomaly": 0.914095,
    "keywords": [],
    "point_of_contact_email": "tonyc@cita.utoronto.ca",
    "authors_emails": [],
    "simulation_bibtex_keys": [
        "Chu:2015kft",
        "Boyle:2019kee",
        "SXSCatalogWebsite"
    ],
    "code_bibtex_keys": [
        "Ossokine:2013zga",
        "Hemberger:2012jz",
        "Szilagyi:2009qz",
        "Boyle:2009vi",
        "Scheel:2008rj",
        "Boyle:2007ft",
        "Scheel:2006gg",
        "Lindblom:2005qh",
        "Pfeiffer:2002wt",
        "SpECwebsite"
    ],
    "initial_data_bibtex_keys": [
        "Buchman:2012dw",
        "Lovelace:2008tw",
        "Pfeiffer:2007yz",
        "Caudill:2006hw",
        "Cook:2004kt"
    ],
    "quasicircular_bibtex_keys": [
        "Mroue:2012kv",
        "Buonanno:2010yk",
        "Mroue:2010re",
        "Boyle:2007ft"
    ],
    "initial_separation": 16.8,
    "initial_orbital_frequency": 0.0135128176946,
    "initial_adot": -4.27613756162e-05,
    "object1": "bh",
    "object2": "bh",
    "initial_ADM_energy": 0.9942112313132189,
    "initial_ADM_linear_momentum": [
        1.64512112e-08,
        -2.7129642e-09,
        -1.6210025e-09
    ],
    "initial_ADM_angular_momentum": [
        -1.5927896785e-06,
        1.13705318e-08,
        0.8704269858261251
    ],
    "initial_mass1": 0.666666666598935,
    "initial_mass2": 0.333333333422196,
    "initial_dimensionless_spin1": [
        -5.99999999999e-16,
        2.76000000001e-14,
        -0.299999999943
    ],
    "initial_dimensionless_spin2": [
        6.8e-15,
        -1.19e-14,
        -0.300000000148
    ],
    "initial_position1": [
        5.591848411676592,
        0.0124018581720975,
        0.0
    ],
    "initial_position2": [
        -11.208151588323409,
        0.0124018581720975,
        0.0
    ],
    "relaxation_time": 230.0,
    "common_horizon_time": 7382.60915006,
    "remnant_mass": 0.967089653435,
    "remnant_dimensionless_spin": [
        1.06354385435e-09,
        1.17177305865e-10,
        0.507580347887
    ],
    "remnant_velocity": [
        -9.1725557837e-05,
        0.000652964752713,
        1.58038206691e-10
    ],
    "metadata_version": 1,
    "spec_revisions": [
        "InitialCommit-22272-g66cd00a",
        "InitialCommit-23906-g40010e4"
    ],
    "spells_revision": "InitialCommit-21916-g19475f2",
    "com_parameters": {
        "space_translation": [
            -0.019865961,
            0.00264234895,
            1.16921872e-10
        ],
        "boost_velocity": [
            1.36323884e-06,
            -1.58313906e-06,
            6.03330264e-13
        ]
    },
    "initial_mass_ratio": 1.999999999263629
}