{
    "simulation_name": "BBH_SKS_d14.5_q1.19_sA_0.297_0_0.297_sB_-0.269_0_-0.269/Lev5",
    "alternative_names": [
        "PRIVATE:BBH:0370",
        "SXS:BBH:0316"
    ],
    "initial_data_type": "BBH_SKS",
    "object_types": "BHBH",
    "number_of_orbits": 16.2942743136,
    "reference_mass_ratio": 1.186011264519452,
    "reference_chi_eff": 0.037809360852940316,
    "reference_chi1_perp": 0.2965841376498841,
    "reference_chi2_perp": 0.2674997616451233,
    "reference_eccentricity": 0.0016791,
    "reference_dimensionless_spin1": [
        0.241129916533,
        0.170345879065,
        0.298599991893
    ],
    "reference_dimensionless_spin2": [
        -0.202678557637,
        -0.172228087235,
        -0.271402989209
    ],
    "reference_orbital_frequency": [
        6.37642121578e-05,
        -0.000225773639624,
        0.0175237917537
    ],
    "reference_mass1": 0.542558786186,
    "reference_mass2": 0.457465120625,
    "reference_time": 640.0,
    "reference_position1": [
        -0.455903470184,
        -6.67730721097,
        -0.0994913119804
    ],
    "reference_position2": [
        0.548287699578,
        7.95509921776,
        0.0853762236876
    ],
    "reference_mean_anomaly": 3.132312,
    "keywords": [],
    "point_of_contact_email": "glovelace@fullerton.edu",
    "authors_emails": [],
    "simulation_bibtex_keys": [
        "Abbott:2016apu",
        "Boyle:2019kee",
        "SXSCatalogWebsite"
    ],
    "code_bibtex_keys": [
        "Ossokine:2013zga",
        "Hemberger:2012jz",
        "Szilagyi:2009qz",
        "Boyle:2009vi",
        "Scheel:2008rj",
        "Boyle:2007ft",
        "Scheel:2006gg",
        "Lindblom:2005qh",
        "Pfeiffer:2002wt",
        "SpECwebsite"
    ],
    "initial_data_bibtex_keys": [
        "Buchman:2012dw",
        "Lovelace:2008tw",
        "Pfeiffer:2007yz",
        "Caudill:2006hw",
        "Cook:2004kt"
    ],
    "quasicircular_bibtex_keys": [
        "Mroue:2012kv",
        "Buonanno:2010yk",
        "Mroue:2010re",
        "Boyle:2007ft"
    ],
    "initial_separation": 14.5165405273,
    "initial_orbital_frequency": 0.016510400091,
    "initial_adot": -1.60227577804e-05,
    "object1": "bh",
    "object2": "bh",
    "initial_ADM_energy": 0.9924547083009455,
    "initial_ADM_linear_momentum": [
        4.222094e-10,
        -4.6012836e-09,
        -3.531954e-10
    ],
    "initial_ADM_angular_momentum": [
        0.0312004515337562,
        0.000244992444778,
        1.1121790301304582
    ],
    "initial_mass1": 0.54253836435034,
    "initial_mass2": 0.457461643256114,
    "initial_dimensionless_spin1": [
        0.296984856284,
        -8.46962099999e-10,
        0.296984857022
    ],
    "initial_dimensionless_spin2": [
        -0.268700570843,
        -1.300185e-10,
        -0.268700570065
    ],
    "initial_position1": [
        6.627257166842693,
        0.0057219283085855,
        0.0152875199003829
    ],
    "initial_position2": [
        -7.889283360457307,
        0.0057219283085855,
        0.0152875199003829
    ],
    "relaxation_time": 640.0,
    "common_horizon_time": 4062.16953107,
    "remnant_mass": 0.950451839529,
    "remnant_dimensionless_spin": [
        0.0159455367296,
        0.00857641951066,
        0.70504213293
    ],
    "remnant_velocity": [
        -0.000189818520156,
        -0.000103552444338,
        -0.00377492846163
    ],
    "metadata_version": 1,
    "spec_revisions": "InitialCommit-29055-g422fe48",
    "spells_revision": "422fe48eb7a52d4180fdcfb62c0145913ed74651",
    "com_parameters": {
        "space_translation": [
            -0.00225767,
            0.00039029,
            0.00112129
        ],
        "boost_velocity": [
            3.2705702e-06,
            -5.09902143e-08,
            -1.18673125e-07
        ]
    },
    "initial_mass_ratio": 1.1859756382823008
}