{
    "simulation_name": "0014/Lev3",
    "alternative_names": [
        "PRIVATE:BBH:0718",
        "SXS:BBH:0647"
    ],
    "initial_data_type": "BBH_SKS",
    "object_types": "BHBH",
    "number_of_orbits": 17.3657516033,
    "reference_mass_ratio": 1.000020017796001,
    "reference_chi_eff": -0.39717651594630565,
    "reference_chi1_perp": 0.023764603255739748,
    "reference_chi2_perp": 0.7998252334305523,
    "reference_eccentricity": 0.0003665,
    "reference_dimensionless_spin1": [
        -0.0247020702379,
        -0.0656225154705,
        -0.796651618477
    ],
    "reference_dimensionless_spin2": [
        -0.799254144307,
        -0.0163064949068,
        0.025935470773
    ],
    "reference_orbital_frequency": [
        0.000365359333708,
        0.00170886540187,
        0.0153275720688
    ],
    "reference_mass1": 0.500040981935,
    "reference_mass2": 0.500030972417,
    "reference_time": 640.0,
    "reference_position1": [
        -7.80774066135,
        -1.87443202342,
        0.374103588274
    ],
    "reference_position2": [
        7.76462976668,
        1.88064071579,
        -0.415742625791
    ],
    "reference_mean_anomaly": 3.714056,
    "keywords": [],
    "point_of_contact_email": "mgiesler@tapir.caltech.edu",
    "authors_emails": [],
    "simulation_bibtex_keys": [
        "Blackman:2017pcm",
        "Boyle:2019kee",
        "SXSCatalogWebsite"
    ],
    "code_bibtex_keys": [
        "Ossokine:2013zga",
        "Hemberger:2012jz",
        "Szilagyi:2009qz",
        "Boyle:2009vi",
        "Scheel:2008rj",
        "Boyle:2007ft",
        "Scheel:2006gg",
        "Lindblom:2005qh",
        "Pfeiffer:2002wt",
        "SpECwebsite"
    ],
    "initial_data_bibtex_keys": [
        "Buchman:2012dw",
        "Lovelace:2008tw",
        "Pfeiffer:2007yz",
        "Caudill:2006hw",
        "Cook:2004kt"
    ],
    "quasicircular_bibtex_keys": [
        "Mroue:2012kv",
        "Buonanno:2010yk",
        "Mroue:2010re",
        "Boyle:2007ft"
    ],
    "initial_separation": 15.860168457,
    "initial_orbital_frequency": 0.014267669702,
    "initial_adot": -0.0002960717075433,
    "object1": "bh",
    "object2": "bh",
    "initial_ADM_energy": 0.9931207236313357,
    "initial_ADM_linear_momentum": [
        -1.46148262e-08,
        -1.13996923e-08,
        1.6776028e-09
    ],
    "initial_ADM_angular_momentum": [
        -0.1796289680492675,
        0.1004198376968654,
        0.9439129442598021
    ],
    "initial_mass1": 0.4999999953832375,
    "initial_mass2": 0.4999999974259044,
    "initial_dimensionless_spin1": [
        -0.027071751035,
        -0.0459769922935,
        -0.798218779409
    ],
    "initial_dimensionless_spin2": [
        -0.686621625446,
        0.410545985883,
        -0.00036027746961
    ],
    "initial_position1": [
        7.952577018469421,
        0.0011476510306902,
        0.0180635186737443
    ],
    "initial_position2": [
        -7.907591438530579,
        0.0011476510306902,
        0.0180635186737443
    ],
    "relaxation_time": 640.0,
    "common_horizon_time": 4983.1652311,
    "remnant_mass": 0.95905702252,
    "remnant_dimensionless_spin": [
        -0.118363262106,
        0.0348800398818,
        0.575236121775
    ],
    "remnant_velocity": [
        0.00102259909733,
        -0.00120919042446,
        -0.00329952031344
    ],
    "metadata_version": 1,
    "spec_revisions": "InitialCommit-29628-g2cce9e5",
    "spells_revision": "2cce9e5c03773621b7d160cd7247fc453684f921",
    "com_parameters": {
        "space_translation": [
            -0.00059765,
            -0.00222123,
            0.00041564
        ],
        "boost_velocity": [
            9.68504865e-07,
            8.12508519e-07,
            9.82413437e-07
        ]
    },
    "initial_mass_ratio": 0.9999999959146663
}