{
    "simulation_name": "0038/Lev3",
    "alternative_names": [
        "PRIVATE:BBH:0499",
        "SXS:BBH:0362"
    ],
    "initial_data_type": "BBH_SKS",
    "object_types": "BHBH",
    "number_of_orbits": 18.2620189932,
    "reference_mass_ratio": 1.9997290180484542,
    "reference_chi_eff": -0.2664109936798711,
    "reference_chi1_perp": 0.20000690176887848,
    "reference_chi2_perp": 0.0036361440808599563,
    "reference_eccentricity": 0.0001606,
    "reference_dimensionless_spin1": [
        -0.0300154526877,
        0.197731145062,
        0.00206644237223
    ],
    "reference_dimensionless_spin2": [
        -0.0261855898568,
        0.00383509782124,
        -0.799143490018
    ],
    "reference_orbital_frequency": [
        0.000603116683072,
        -6.09579511339e-05,
        0.0162129074754
    ],
    "reference_mass1": 0.666650148419,
    "reference_mass2": 0.333370242869,
    "reference_time": 640.0,
    "reference_position1": [
        -3.80900222882,
        -3.41074295459,
        0.12805922078
    ],
    "reference_position2": [
        7.64241812775,
        6.94531496815,
        -0.25899403285
    ],
    "reference_mean_anomaly": 4.001965,
    "keywords": [],
    "point_of_contact_email": "daniel.hemberger@gmail.com",
    "authors_emails": [],
    "simulation_bibtex_keys": [
        "Blackman:2017dfb",
        "Boyle:2019kee",
        "SXSCatalogWebsite"
    ],
    "code_bibtex_keys": [
        "Ossokine:2013zga",
        "Hemberger:2012jz",
        "Szilagyi:2009qz",
        "Boyle:2009vi",
        "Scheel:2008rj",
        "Boyle:2007ft",
        "Scheel:2006gg",
        "Lindblom:2005qh",
        "Pfeiffer:2002wt",
        "SpECwebsite"
    ],
    "initial_data_bibtex_keys": [
        "Buchman:2012dw",
        "Lovelace:2008tw",
        "Pfeiffer:2007yz",
        "Caudill:2006hw",
        "Cook:2004kt"
    ],
    "quasicircular_bibtex_keys": [
        "Mroue:2012kv",
        "Buonanno:2010yk",
        "Mroue:2010re",
        "Boyle:2007ft"
    ],
    "initial_separation": 15.2841186523,
    "initial_orbital_frequency": 0.015124505363,
    "initial_adot": -0.0002265675826016,
    "object1": "bh",
    "object2": "bh",
    "initial_ADM_energy": 0.9936420230602669,
    "initial_ADM_linear_momentum": [
        -3.79550874e-08,
        -1.077137566e-07,
        -2.1617815e-09
    ],
    "initial_ADM_angular_momentum": [
        0.023797941390855,
        0.0826559400523261,
        0.9093678249912175
    ],
    "initial_mass1": 0.666666666980668,
    "initial_mass2": 0.333333425867926,
    "initial_dimensionless_spin1": [
        0.0583427504303,
        0.191300376162,
        0.000312204848374
    ],
    "initial_dimensionless_spin2": [
        -0.0194372669442,
        0.00905545136593,
        -0.799712587351
    ],
    "initial_position1": [
        5.087902960687409,
        0.0193478332672852,
        0.002451886576162
    ],
    "initial_position2": [
        -10.19621569161259,
        0.0193478332672852,
        0.002451886576162
    ],
    "relaxation_time": 640.0,
    "common_horizon_time": 4984.60636196,
    "remnant_mass": 0.964797467875,
    "remnant_dimensionless_spin": [
        0.00770419073086,
        0.0639299016496,
        0.577974382166
    ],
    "remnant_velocity": [
        0.000387046956539,
        -9.01209778864e-05,
        -8.15819895632e-05
    ],
    "metadata_version": 1,
    "spec_revisions": [
        "InitialCommit-28971-g2d4b796",
        "InitialCommit-29041-g3c13f91"
    ],
    "spells_revision": "2d4b796de925e97fe323094e8c08fb6ad6e8a830",
    "com_parameters": {
        "space_translation": [
            -0.00199834634,
            8.88209709e-05,
            -0.000555702839
        ],
        "boost_velocity": [
            4.75875386e-07,
            2.01117411e-05,
            -3.64106595e-07
        ]
    },
    "initial_mass_ratio": 1.9999994457346018
}