{
    "simulation_name": "BBH_SKS_d20_q5_sA_0_0_-0.900_sB_0_0_0/Lev3",
    "alternative_names": [
        "PRIVATE:BBH:0164",
        "SXS:BBH:0208"
    ],
    "initial_data_type": "BBH_SKS",
    "object_types": "BHBH",
    "number_of_orbits": 49.878623343,
    "reference_mass_ratio": 5.000085172402526,
    "reference_chi_eff": -0.7499688371611105,
    "reference_chi1_perp": 2.1333041565415103e-09,
    "reference_chi2_perp": 2.0592014236618647e-09,
    "reference_eccentricity": 0.000509,
    "reference_dimensionless_spin1": [
        -2.21263564162e-10,
        8.0634738424e-10,
        -0.899959478954
    ],
    "reference_dimensionless_spin2": [
        3.1251720801e-10,
        -2.0353489249e-09,
        -2.85313334399e-06
    ],
    "reference_orbital_frequency": [
        -2.11055812094e-11,
        -1.65747038282e-12,
        0.0105178404952
    ],
    "reference_mass1": 0.833347269191,
    "reference_mass2": 0.166666614759,
    "reference_time": 220.0,
    "reference_position1": [
        -2.4781857017,
        2.61753652009,
        -4.06734915791e-09
    ],
    "reference_position2": [
        11.3610611334,
        -12.3376244634,
        2.13463858836e-08
    ],
    "reference_mean_anomaly": 1.857828,
    "keywords": [],
    "point_of_contact_email": "glovelace@fullerton.edu",
    "authors_emails": [],
    "simulation_bibtex_keys": [
        "SXSCatalog",
        "Kumar:2015tha"
    ],
    "code_bibtex_keys": [
        "Ossokine:2013zga",
        "Hemberger:2012jz",
        "Szilagyi:2009qz",
        "Boyle:2009vi",
        "Scheel:2008rj",
        "Boyle:2007ft",
        "Scheel:2006gg",
        "Lindblom:2005qh",
        "Pfeiffer:2002wt",
        "SpECwebsite"
    ],
    "initial_data_bibtex_keys": [
        "Buchman:2012dw",
        "Lovelace:2008tw",
        "Pfeiffer:2007yz",
        "Caudill:2006hw",
        "Cook:2004kt"
    ],
    "quasicircular_bibtex_keys": [
        "Mroue:2012kv",
        "Buonanno:2010yk",
        "Mroue:2010re",
        "Boyle:2007ft"
    ],
    "initial_separation": 20.07782913,
    "initial_orbital_frequency": 0.0104,
    "initial_adot": -4.5088078e-05,
    "object1": "bh",
    "object2": "bh",
    "initial_ADM_energy": 0.9969208054819273,
    "initial_ADM_linear_momentum": [
        -7.6155055e-09,
        1.65908444e-08,
        5.400935e-10
    ],
    "initial_ADM_angular_momentum": [
        0.0028216032504505,
        0.0179193304875078,
        0.0743571300356433
    ],
    "initial_mass1": 0.8333314963820407,
    "initial_mass2": 0.1666664278044044,
    "initial_dimensionless_spin1": [
        -5.48410000001e-12,
        2.04311999999e-11,
        -0.899998629805
    ],
    "initial_dimensionless_spin2": [
        4.81391380001e-09,
        -2.2736635e-09,
        1.743872922e-06
    ],
    "initial_position1": [
        3.179202896823268,
        0.1276804822897126,
        0.0
    ],
    "initial_position2": [
        -16.898626233176735,
        0.1276804822897126,
        0.0
    ],
    "relaxation_time": 220.0,
    "common_horizon_time": 20867.633914,
    "remnant_mass": 0.988222948643,
    "remnant_dimensionless_spin": [
        -6.14426767972e-09,
        -1.03492898069e-09,
        -0.128169181908
    ],
    "remnant_velocity": [
        -0.000579127747429,
        -0.000310130755305,
        -4.03983662873e-09
    ],
    "metadata_version": 1,
    "spec_revisions": "InitialCommit-26577-g65470b1",
    "spells_revision": "df15af54c1ec4bb52388e10419812876973474d6",
    "com_parameters": {
        "space_translation": [
            -0.242091126,
            0.0424774398,
            7.44854534e-06
        ],
        "boost_velocity": [
            1.23257158e-05,
            1.59883595e-05,
            -1.86771067e-09
        ]
    },
    "initial_mass_ratio": 4.999996144154586
}