{
    "simulation_name": "BBH_SKS_d15.6_q2_sA_0_0_0_sB_0_0_0.600/Lev5",
    "alternative_names": [
        "PRIVATE:BBH:0083",
        "SXS:BBH:0247"
    ],
    "initial_data_type": "BBH_SKS",
    "object_types": "BHBH",
    "number_of_orbits": 22.6202791828,
    "reference_mass_ratio": 1.9999344359086255,
    "reference_chi_eff": 0.19997390789735095,
    "reference_chi1_perp": 6.797112310599977e-08,
    "reference_chi2_perp": 4.6354928595768965e-08,
    "reference_eccentricity": 0.000132,
    "reference_dimensionless_spin1": [
        3.48717379426e-08,
        -5.83427648418e-08,
        -2.34575632498e-05
    ],
    "reference_dimensionless_spin2": [
        6.76949805783e-08,
        -4.54541948715e-09,
        0.599955526173
    ],
    "reference_orbital_frequency": [
        6.1277122571e-10,
        -5.1272113532e-10,
        0.0152990362562
    ],
    "reference_mass1": 0.666665459034,
    "reference_mass2": 0.333343657204,
    "reference_time": 430.0,
    "reference_position1": [
        5.25834573374,
        1.21281358743,
        -1.77638764678e-06
    ],
    "reference_position2": [
        -10.2838601165,
        -2.34280873926,
        -1.27303739098e-06
    ],
    "reference_mean_anomaly": 0.797531,
    "keywords": [],
    "point_of_contact_email": "tonyc@cita.utoronto.ca",
    "authors_emails": [],
    "simulation_bibtex_keys": [
        "Chu:2015kft",
        "Boyle:2019kee",
        "SXSCatalogWebsite"
    ],
    "code_bibtex_keys": [
        "Ossokine:2013zga",
        "Hemberger:2012jz",
        "Szilagyi:2009qz",
        "Boyle:2009vi",
        "Scheel:2008rj",
        "Boyle:2007ft",
        "Scheel:2006gg",
        "Lindblom:2005qh",
        "Pfeiffer:2002wt",
        "SpECwebsite"
    ],
    "initial_data_bibtex_keys": [
        "Buchman:2012dw",
        "Lovelace:2008tw",
        "Pfeiffer:2007yz",
        "Caudill:2006hw",
        "Cook:2004kt"
    ],
    "quasicircular_bibtex_keys": [
        "Mroue:2012kv",
        "Buonanno:2010yk",
        "Mroue:2010re",
        "Boyle:2007ft"
    ],
    "initial_separation": 15.6,
    "initial_orbital_frequency": 0.0147271018172,
    "initial_adot": 0.00011766885674,
    "object1": "bh",
    "object2": "bh",
    "initial_ADM_energy": 0.993635554314185,
    "initial_ADM_linear_momentum": [
        3.8584128e-09,
        4.5155027e-08,
        -1.04416867e-08
    ],
    "initial_ADM_angular_momentum": [
        -4.516878161e-07,
        -3.1509878861e-06,
        1.0554405421066402
    ],
    "initial_mass1": 0.666666666964076,
    "initial_mass2": 0.33333333238107,
    "initial_dimensionless_spin1": [
        5.18500049999e-09,
        -8.330154e-10,
        -6.05791408999e-08
    ],
    "initial_dimensionless_spin2": [
        4.541e-13,
        1.89e-14,
        0.599999998879
    ],
    "initial_position1": [
        5.288765709434807,
        0.0739604052394436,
        0.0
    ],
    "initial_position2": [
        -10.311234290565192,
        0.0739604052394436,
        0.0
    ],
    "relaxation_time": 430.0,
    "common_horizon_time": 6222.70483073,
    "remnant_mass": 0.957838658219,
    "remnant_dimensionless_spin": [
        4.31392972217e-08,
        -3.37381094805e-08,
        0.658066344218
    ],
    "remnant_velocity": [
        -0.000573840477111,
        0.000270915164899,
        -3.38263104911e-09
    ],
    "metadata_version": 1,
    "spec_revisions": "InitialCommit-23245-gfd35c55",
    "spells_revision": "InitialCommit-22529-g5f7bd68",
    "com_parameters": {
        "space_translation": [
            0.0669124655,
            0.0450852674,
            -2.56471362e-07
        ],
        "boost_velocity": [
            6.09211495e-06,
            6.94327003e-06,
            -4.21542458e-09
        ]
    },
    "initial_mass_ratio": 2.000000006605808
}