{
    "simulation_name": "0156/Lev3",
    "alternative_names": [
        "PRIVATE:BBH:0285",
        "SXS:BBH:0466"
    ],
    "initial_data_type": "BBH_SKS",
    "object_types": "BHBH",
    "number_of_orbits": 16.6353466521,
    "reference_mass_ratio": 1.250064195086433,
    "reference_chi_eff": -0.6223996448109707,
    "reference_chi1_perp": 2.7103595907852994e-07,
    "reference_chi2_perp": 6.174742863917104e-08,
    "reference_eccentricity": 0.0006737,
    "reference_dimensionless_spin1": [
        -1.10233589234e-07,
        -2.44662633398e-07,
        -0.800380232098
    ],
    "reference_dimensionless_spin2": [
        1.67660033685e-08,
        -6.53145641076e-08,
        -0.399912485223
    ],
    "reference_orbital_frequency": [
        -4.00471787655e-10,
        1.44814058463e-10,
        0.0149779570475
    ],
    "reference_mass1": 0.55559694805,
    "reference_mass2": 0.444454732992,
    "reference_time": 460.0,
    "reference_position1": [
        6.41329176444,
        3.48575501941,
        9.57401312504e-06
    ],
    "reference_position2": [
        -7.96772661613,
        -4.3727065853,
        9.26548130016e-06
    ],
    "reference_mean_anomaly": 5.91983,
    "keywords": [],
    "point_of_contact_email": "daniel.hemberger@gmail.com",
    "authors_emails": [],
    "simulation_bibtex_keys": [
        "Blackman:2017dfb",
        "Boyle:2019kee",
        "SXSCatalogWebsite"
    ],
    "code_bibtex_keys": [
        "Ossokine:2013zga",
        "Hemberger:2012jz",
        "Szilagyi:2009qz",
        "Boyle:2009vi",
        "Scheel:2008rj",
        "Boyle:2007ft",
        "Scheel:2006gg",
        "Lindblom:2005qh",
        "Pfeiffer:2002wt",
        "SpECwebsite"
    ],
    "initial_data_bibtex_keys": [
        "Buchman:2012dw",
        "Lovelace:2008tw",
        "Pfeiffer:2007yz",
        "Caudill:2006hw",
        "Cook:2004kt"
    ],
    "quasicircular_bibtex_keys": [
        "Mroue:2012kv",
        "Buonanno:2010yk",
        "Mroue:2010re",
        "Boyle:2007ft"
    ],
    "initial_separation": 16.0855712891,
    "initial_orbital_frequency": 0.014231624172,
    "initial_adot": -0.0002005665563043,
    "object1": "bh",
    "object2": "bh",
    "initial_ADM_energy": 0.9933182797574784,
    "initial_ADM_linear_momentum": [
        1.09569204e-08,
        4.80313873e-08,
        -2.01902e-11
    ],
    "initial_ADM_angular_momentum": [
        -6.57772636e-08,
        -1.210428769e-07,
        0.8203391151874277
    ],
    "initial_mass1": 0.555555567179115,
    "initial_mass2": 0.444444431783419,
    "initial_dimensionless_spin1": [
        -1.965509364e-07,
        -1.956936987e-07,
        -0.800640150902
    ],
    "initial_dimensionless_spin2": [
        6.64438729998e-09,
        -7.85819e-09,
        -0.399999976362
    ],
    "initial_position1": [
        7.168439562914246,
        0.0111006148724015,
        -8.8397757e-09
    ],
    "initial_position2": [
        -8.917131726185753,
        0.0111006148724015,
        -8.8397757e-09
    ],
    "relaxation_time": 460.0,
    "common_horizon_time": 4931.76667934,
    "remnant_mass": 0.96523776096,
    "remnant_dimensionless_spin": [
        -4.8500609333e-08,
        -5.55405267268e-08,
        0.46472750909
    ],
    "remnant_velocity": [
        -0.00059838776277,
        0.000180880979243,
        5.22194962514e-08
    ],
    "metadata_version": 1,
    "spec_revisions": "InitialCommit-28993-g473c7e9",
    "spells_revision": "473c7e9948ef075e173e9e9b5314b754eab42364",
    "com_parameters": {
        "space_translation": [
            -0.00142257494,
            0.0024576143,
            -7.69193528e-06
        ],
        "boost_velocity": [
            6.13819332e-06,
            -5.61619897e-06,
            3.57988177e-08
        ]
    },
    "initial_mass_ratio": 1.2500000617621445
}