{
    "simulation_name": "0051/Lev3",
    "alternative_names": [
        "PRIVATE:BBH:0327",
        "SXS:BBH:0373"
    ],
    "initial_data_type": "BBH_SKS",
    "object_types": "BHBH",
    "number_of_orbits": 18.1786632591,
    "reference_mass_ratio": 1.3551606404240188,
    "reference_chi_eff": -0.1931780987314771,
    "reference_chi1_perp": 0.010516992038666087,
    "reference_chi2_perp": 0.0001431065119515881,
    "reference_eccentricity": 0.0004399,
    "reference_dimensionless_spin1": [
        0.000428296891069,
        0.0104328255647,
        0.180674391691
    ],
    "reference_dimensionless_spin2": [
        -0.000935583855988,
        0.000354022263498,
        -0.699801653859
    ],
    "reference_orbital_frequency": [
        2.42859786259e-05,
        -7.27027090707e-06,
        0.0158093495196
    ],
    "reference_mass1": 0.575418386645,
    "reference_mass2": 0.42461267652,
    "reference_time": 640.0,
    "reference_position1": [
        -5.90317843591,
        -3.05421372098,
        0.00766909032972
    ],
    "reference_position2": [
        8.06091210186,
        4.18307884569,
        -0.0104540162776
    ],
    "reference_mean_anomaly": 2.909038,
    "keywords": [],
    "point_of_contact_email": "daniel.hemberger@gmail.com",
    "authors_emails": [],
    "simulation_bibtex_keys": [
        "Blackman:2017dfb",
        "Boyle:2019kee",
        "SXSCatalogWebsite"
    ],
    "code_bibtex_keys": [
        "Ossokine:2013zga",
        "Hemberger:2012jz",
        "Szilagyi:2009qz",
        "Boyle:2009vi",
        "Scheel:2008rj",
        "Boyle:2007ft",
        "Scheel:2006gg",
        "Lindblom:2005qh",
        "Pfeiffer:2002wt",
        "SpECwebsite"
    ],
    "initial_data_bibtex_keys": [
        "Buchman:2012dw",
        "Lovelace:2008tw",
        "Pfeiffer:2007yz",
        "Caudill:2006hw",
        "Cook:2004kt"
    ],
    "quasicircular_bibtex_keys": [
        "Mroue:2012kv",
        "Buonanno:2010yk",
        "Mroue:2010re",
        "Boyle:2007ft"
    ],
    "initial_separation": 15.5464477539,
    "initial_orbital_frequency": 0.014900455658,
    "initial_adot": -0.0001275041715669,
    "object1": "bh",
    "object2": "bh",
    "initial_ADM_energy": 0.9930657030096632,
    "initial_ADM_linear_momentum": [
        -2.80832728e-08,
        -1.531159684e-07,
        1.335326e-10
    ],
    "initial_ADM_angular_momentum": [
        0.0017947375624599,
        0.0029599031361159,
        1.0344353353799878
    ],
    "initial_mass1": 0.575429965456621,
    "initial_mass2": 0.424570125002214,
    "initial_dimensionless_spin1": [
        0.00575521300617,
        0.00902906717162,
        0.180528739333
    ],
    "initial_dimensionless_spin2": [
        -0.000661904336373,
        0.000469588658346,
        -0.700114535243
    ],
    "initial_position1": [
        6.581852991824991,
        0.0079854101036249,
        0.0001897007730399
    ],
    "initial_position2": [
        -8.96459476207501,
        0.0079854101036249,
        0.0001897007730399
    ],
    "relaxation_time": 640.0,
    "common_horizon_time": 5033.68258982,
    "remnant_mass": 0.957025120453,
    "remnant_dimensionless_spin": [
        0.000469483264404,
        0.00170687045765,
        0.639521711116
    ],
    "remnant_velocity": [
        -0.000227209610612,
        -0.000371399797242,
        6.99179904428e-05
    ],
    "metadata_version": 1,
    "spec_revisions": "InitialCommit-28977-g3727d27",
    "spells_revision": "3727d27cb1189c2dffa859c586de4b14bf054cbd",
    "com_parameters": {
        "space_translation": [
            -0.00188617771,
            0.00209925342,
            -3.29117895e-05
        ],
        "boost_velocity": [
            5.3275665e-06,
            6.27795617e-06,
            1.98229058e-08
        ]
    },
    "initial_mass_ratio": 1.3553237299812846
}