{
    "simulation_name": "BBH_SKS_d18.7_q1_sA_0_0_-0.400_sB_0_0_-0.800/Lev5",
    "alternative_names": [
        "PRIVATE:BBH:0101",
        "SXS:BBH:0220"
    ],
    "initial_data_type": "BBH_SKS",
    "object_types": "BHBH",
    "number_of_orbits": 25.7486733449,
    "reference_mass_ratio": 0.9999323307745346,
    "reference_chi_eff": -0.5999383264823726,
    "reference_chi1_perp": 2.6619483460280836e-09,
    "reference_chi2_perp": 3.1585603395064536e-08,
    "reference_eccentricity": 0.0001158,
    "reference_dimensionless_spin1": [
        2.67532625248e-09,
        -3.75610923588e-09,
        -0.40000233413
    ],
    "reference_dimensionless_spin2": [
        -2.59017680575e-09,
        2.8435517995e-08,
        -0.799860789321
    ],
    "reference_orbital_frequency": [
        -4.94750227988e-11,
        3.87674559489e-11,
        0.0119538501404
    ],
    "reference_mass1": 0.499997156215,
    "reference_mass2": 0.500030992925,
    "reference_time": 640.0,
    "reference_position1": [
        2.84546196805,
        9.00127570379,
        -4.70084003744e-06
    ],
    "reference_position2": [
        -2.54739071368,
        -9.16321163724,
        -4.66425103487e-06
    ],
    "reference_mean_anomaly": 2.481362,
    "keywords": [],
    "point_of_contact_email": "tonyc@cita.utoronto.ca",
    "authors_emails": [],
    "simulation_bibtex_keys": [
        "Chu:2015kft",
        "Boyle:2019kee",
        "SXSCatalogWebsite"
    ],
    "code_bibtex_keys": [
        "Ossokine:2013zga",
        "Hemberger:2012jz",
        "Szilagyi:2009qz",
        "Boyle:2009vi",
        "Scheel:2008rj",
        "Boyle:2007ft",
        "Scheel:2006gg",
        "Lindblom:2005qh",
        "Pfeiffer:2002wt",
        "SpECwebsite"
    ],
    "initial_data_bibtex_keys": [
        "Buchman:2012dw",
        "Lovelace:2008tw",
        "Pfeiffer:2007yz",
        "Caudill:2006hw",
        "Cook:2004kt"
    ],
    "quasicircular_bibtex_keys": [
        "Mroue:2012kv",
        "Buonanno:2010yk",
        "Mroue:2010re",
        "Boyle:2007ft"
    ],
    "initial_separation": 18.7,
    "initial_orbital_frequency": 0.0114152943297,
    "initial_adot": -0.000157081884967,
    "object1": "bh",
    "object2": "bh",
    "initial_ADM_energy": 0.9940445851865584,
    "initial_ADM_linear_momentum": [
        1.15919e-11,
        -1.8666852e-09,
        1.4590216e-09
    ],
    "initial_ADM_angular_momentum": [
        9.09213688e-08,
        5.736021427e-07,
        0.9231593617182677
    ],
    "initial_mass1": 0.500000000360808,
    "initial_mass2": 0.499999999978732,
    "initial_dimensionless_spin1": [
        -2.709e-13,
        -3.599e-13,
        -0.399999998864
    ],
    "initial_dimensionless_spin2": [
        -3.718e-13,
        2.017e-13,
        -0.80000000182
    ],
    "initial_position1": [
        9.496205298456015,
        -0.0742473910736652,
        0.0
    ],
    "initial_position2": [
        -9.203794701543984,
        -0.0742473910736652,
        0.0
    ],
    "relaxation_time": 640.0,
    "common_horizon_time": 9362.51601506,
    "remnant_mass": 0.963738163302,
    "remnant_dimensionless_spin": [
        -1.99189957531e-09,
        4.22464832324e-09,
        0.494138364274
    ],
    "remnant_velocity": [
        0.000218927694413,
        0.000246967403811,
        -6.74970843628e-09
    ],
    "metadata_version": 1,
    "spec_revisions": "InitialCommit-23643-gf982f00",
    "spells_revision": "InitialCommit-22529-g5f7bd68",
    "com_parameters": {
        "space_translation": [
            0.158051094,
            -0.0701248886,
            -4.53823306e-07
        ],
        "boost_velocity": [
            -8.73394925e-07,
            7.51947134e-07,
            -7.88898036e-09
        ]
    },
    "initial_mass_ratio": 1.000000000764152
}