{
    "simulation_name": "BBH_CFMS_d19.2_q2_sA_0_0_-0.500_sB_0_0_-0.500/Lev5",
    "alternative_names": [
        "PRIVATE:BBH:0054",
        "SXS:BBH:0238"
    ],
    "initial_data_type": "BBH_CFMS",
    "object_types": "BHBH",
    "number_of_orbits": 32.0040190419,
    "reference_mass_ratio": 1.999938990378315,
    "reference_chi_eff": -0.499510858913175,
    "reference_chi1_perp": 3.7185372266474676e-12,
    "reference_chi2_perp": 3.599500726705662e-12,
    "reference_eccentricity": "<6.4e-05",
    "reference_dimensionless_spin1": [
        2.20221001001e-13,
        1.12989876242e-13,
        -0.499537354331
    ],
    "reference_dimensionless_spin2": [
        3.28042606293e-14,
        1.29979573233e-13,
        -0.499457869694
    ],
    "reference_orbital_frequency": [
        4.30705440737e-14,
        -7.12396512183e-14,
        0.0112603095877
    ],
    "reference_mass1": 0.666962973416,
    "reference_mass2": 0.333491659808,
    "reference_time": 380.0,
    "reference_position1": [
        -2.85606611521,
        -5.74310189633,
        -1.10746822416e-10
    ],
    "reference_position2": [
        5.61503683798,
        11.4253548272,
        -3.45304582785e-11
    ],
    "reference_mean_anomaly": 6.066494,
    "keywords": [],
    "point_of_contact_email": "tonyc@cita.utoronto.ca",
    "authors_emails": [],
    "simulation_bibtex_keys": [
        "Chu:2015kft",
        "Boyle:2019kee",
        "SXSCatalogWebsite"
    ],
    "code_bibtex_keys": [
        "Ossokine:2013zga",
        "Hemberger:2012jz",
        "Szilagyi:2009qz",
        "Boyle:2009vi",
        "Scheel:2008rj",
        "Boyle:2007ft",
        "Scheel:2006gg",
        "Lindblom:2005qh",
        "Pfeiffer:2002wt",
        "SpECwebsite"
    ],
    "initial_data_bibtex_keys": [
        "Buchman:2012dw",
        "Lovelace:2008tw",
        "Pfeiffer:2007yz",
        "Caudill:2006hw",
        "Cook:2004kt"
    ],
    "quasicircular_bibtex_keys": [
        "Mroue:2012kv",
        "Buonanno:2010yk",
        "Mroue:2010re",
        "Boyle:2007ft"
    ],
    "initial_separation": 19.2,
    "initial_orbital_frequency": 0.0111713399011,
    "initial_adot": -3.17782368147e-05,
    "object1": "bh",
    "object2": "bh",
    "initial_ADM_energy": 0.9953107764928003,
    "initial_ADM_linear_momentum": [
        -7.4990112e-09,
        2.984447e-10,
        -4.7850043e-09
    ],
    "initial_ADM_angular_momentum": [
        1.6899460485e-06,
        2.1964647163e-06,
        0.820158749028047
    ],
    "initial_mass1": 0.666666665803094,
    "initial_mass2": 0.333333334810195,
    "initial_dimensionless_spin1": [
        1.59e-14,
        -1.13e-14,
        -0.500000000595
    ],
    "initial_dimensionless_spin2": [
        1.7e-15,
        -1e-14,
        -0.499999999484
    ],
    "initial_position1": [
        6.392410164331201,
        0.010883546603815,
        0.0
    ],
    "initial_position2": [
        -12.807589835668798,
        0.010883546603815,
        0.0
    ],
    "relaxation_time": 380.0,
    "common_horizon_time": 12164.9261388,
    "remnant_mass": 0.970430103009,
    "remnant_dimensionless_spin": [
        3.43300257016e-10,
        4.63167855672e-10,
        0.428253507098
    ],
    "remnant_velocity": [
        -3.22369694199e-05,
        -0.000767528111076,
        2.03602244336e-09
    ],
    "metadata_version": 1,
    "spec_revisions": [
        "InitialCommit-22272-g66cd00a",
        "InitialCommit-23906-g40010e4"
    ],
    "spells_revision": "InitialCommit-21916-g19475f2",
    "com_parameters": {
        "space_translation": [
            -0.0233197168,
            0.00698031811,
            -1.85974939e-09
        ],
        "boost_velocity": [
            3.93599692e-06,
            -3.09097738e-06,
            6.89217404e-13
        ]
    },
    "initial_mass_ratio": 1.999999988548112
}