{
    "simulation_name": "0036/Lev3",
    "alternative_names": [
        "PRIVATE:BBH:0473",
        "SXS:BBH:0360"
    ],
    "initial_data_type": "BBH_SKS",
    "object_types": "BHBH",
    "number_of_orbits": 19.6328296937,
    "reference_mass_ratio": 1.7706890419072174,
    "reference_chi_eff": 0.18210246893221163,
    "reference_chi1_perp": 0.012597285235233008,
    "reference_chi2_perp": 1.779960983963449e-05,
    "reference_eccentricity": 8.25e-05,
    "reference_dimensionless_spin1": [
        -0.00400858659101,
        0.0118260509014,
        0.186014978475
    ],
    "reference_dimensionless_spin2": [
        0.00037265331687,
        1.02006181993e-05,
        0.175187406971
    ],
    "reference_orbital_frequency": [
        3.624564455e-05,
        2.43897820053e-06,
        0.0166459654463
    ],
    "reference_mass1": 0.639080407797,
    "reference_mass2": 0.360921874294,
    "reference_time": 640.0,
    "reference_position1": [
        -2.99615701895,
        -4.55469249781,
        0.00710704954781
    ],
    "reference_position2": [
        5.27555645243,
        8.08844460546,
        -0.0127566179067
    ],
    "reference_mean_anomaly": 0.10604,
    "keywords": [],
    "point_of_contact_email": "daniel.hemberger@gmail.com",
    "authors_emails": [],
    "simulation_bibtex_keys": [
        "Blackman:2017dfb",
        "Boyle:2019kee",
        "SXSCatalogWebsite"
    ],
    "code_bibtex_keys": [
        "Ossokine:2013zga",
        "Hemberger:2012jz",
        "Szilagyi:2009qz",
        "Boyle:2009vi",
        "Scheel:2008rj",
        "Boyle:2007ft",
        "Scheel:2006gg",
        "Lindblom:2005qh",
        "Pfeiffer:2002wt",
        "SpECwebsite"
    ],
    "initial_data_bibtex_keys": [
        "Buchman:2012dw",
        "Lovelace:2008tw",
        "Pfeiffer:2007yz",
        "Caudill:2006hw",
        "Cook:2004kt"
    ],
    "quasicircular_bibtex_keys": [
        "Mroue:2012kv",
        "Buonanno:2010yk",
        "Mroue:2010re",
        "Boyle:2007ft"
    ],
    "initial_separation": 14.9331054688,
    "initial_orbital_frequency": 0.015875259538,
    "initial_adot": 8.4936987678e-06,
    "object1": "bh",
    "object2": "bh",
    "initial_ADM_energy": 0.9931179266583617,
    "initial_ADM_linear_momentum": [
        -9.94726333e-08,
        3.3624245e-09,
        -2.27206e-11
    ],
    "initial_ADM_angular_momentum": [
        0.0007859602621993,
        0.0050065989441446,
        1.1080099849900633
    ],
    "initial_mass1": 0.639090674004851,
    "initial_mass2": 0.360909324507785,
    "initial_dimensionless_spin1": [
        0.00182181590378,
        0.0126656184407,
        0.185807920194
    ],
    "initial_dimensionless_spin2": [
        0.000292697294617,
        -8.77502513203e-05,
        0.175312737311
    ],
    "initial_position1": [
        5.392665588907043,
        0.0180557191630169,
        6.38460150579e-05
    ],
    "initial_position2": [
        -9.540439879892956,
        0.0180557191630169,
        6.38460150579e-05
    ],
    "relaxation_time": 640.0,
    "common_horizon_time": 5073.42183196,
    "remnant_mass": 0.953521844991,
    "remnant_dimensionless_spin": [
        8.27015318862e-05,
        0.00295186759909,
        0.707439970005
    ],
    "remnant_velocity": [
        -0.000323136956553,
        7.99000780219e-05,
        2.36785241551e-05
    ],
    "metadata_version": 1,
    "spec_revisions": [
        "InitialCommit-28971-g2d4b796",
        "InitialCommit-29041-g3c13f91"
    ],
    "spells_revision": "2d4b796de925e97fe323094e8c08fb6ad6e8a830",
    "com_parameters": {
        "space_translation": [
            -0.00460814602,
            0.00144233546,
            -4.66816522e-05
        ],
        "boost_velocity": [
            1.46808879e-06,
            -1.96395909e-05,
            -1.85221464e-08
        ]
    },
    "initial_mass_ratio": 1.77077905891308
}