{
    "simulation_name": "0008/Lev3",
    "alternative_names": [
        "PRIVATE:BBH:0712",
        "SXS:BBH:0641"
    ],
    "initial_data_type": "BBH_SKS",
    "object_types": "BHBH",
    "number_of_orbits": 18.9435505865,
    "reference_mass_ratio": 0.999999962195048,
    "reference_chi_eff": 0.012088894899611659,
    "reference_chi1_perp": 0.799732187945129,
    "reference_chi2_perp": 0.79973219268495,
    "reference_eccentricity": 0.0003794,
    "reference_dimensionless_spin1": [
        -0.76980124665,
        -0.211269702341,
        0.0498886010721
    ],
    "reference_dimensionless_spin2": [
        -0.769801276755,
        -0.211269689669,
        0.0498881624989
    ],
    "reference_orbital_frequency": [
        -7.41166905322e-05,
        0.00304767990814,
        0.0156190036257
    ],
    "reference_mass1": 0.500040294581,
    "reference_mass2": 0.500040313485,
    "reference_time": 580.0,
    "reference_position1": [
        -7.27666478558,
        2.79262850451,
        -0.579446572873
    ],
    "reference_position2": [
        7.27657156084,
        -2.79267591329,
        0.579453072922
    ],
    "reference_mean_anomaly": 2.843836,
    "keywords": [],
    "point_of_contact_email": "sfield@astro.cornell.edu",
    "authors_emails": [],
    "simulation_bibtex_keys": [
        "Blackman:2017pcm",
        "Boyle:2019kee",
        "SXSCatalogWebsite"
    ],
    "code_bibtex_keys": [
        "Ossokine:2013zga",
        "Hemberger:2012jz",
        "Szilagyi:2009qz",
        "Boyle:2009vi",
        "Scheel:2008rj",
        "Boyle:2007ft",
        "Scheel:2006gg",
        "Lindblom:2005qh",
        "Pfeiffer:2002wt",
        "SpECwebsite"
    ],
    "initial_data_bibtex_keys": [
        "Buchman:2012dw",
        "Lovelace:2008tw",
        "Pfeiffer:2007yz",
        "Caudill:2006hw",
        "Cook:2004kt"
    ],
    "quasicircular_bibtex_keys": [
        "Mroue:2012kv",
        "Buonanno:2010yk",
        "Mroue:2010re",
        "Boyle:2007ft"
    ],
    "initial_separation": 15.3837890625,
    "initial_orbital_frequency": 0.014712274488,
    "initial_adot": -0.0001225015422746,
    "object1": "bh",
    "object2": "bh",
    "initial_ADM_energy": 0.9928432555524322,
    "initial_ADM_linear_momentum": [
        -3.1646892e-09,
        2.1615636e-08,
        -1.0875096e-09
    ],
    "initial_ADM_angular_momentum": [
        -0.3891540743164114,
        0.1242023703733982,
        1.1126111118348814
    ],
    "initial_mass1": 0.4999999958110319,
    "initial_mass2": 0.5000000049010659,
    "initial_dimensionless_spin1": [
        -0.772370593174,
        0.208401567578,
        0.0033673956255
    ],
    "initial_dimensionless_spin2": [
        -0.772370617814,
        0.208401579707,
        0.00336739044447
    ],
    "initial_position1": [
        7.6918942353330095,
        4.65953544e-08,
        1.67938032e-08
    ],
    "initial_position2": [
        -7.6918948271669905,
        4.65953544e-08,
        1.67938032e-08
    ],
    "relaxation_time": 580.0,
    "common_horizon_time": 5096.59625081,
    "remnant_mass": 0.944137242761,
    "remnant_dimensionless_spin": [
        -0.256746904284,
        0.104138186653,
        0.718905671972
    ],
    "remnant_velocity": [
        -1.06571080837e-07,
        -6.85435458989e-08,
        3.24891392035e-08
    ],
    "metadata_version": 1,
    "spec_revisions": "InitialCommit-29628-g2cce9e5",
    "spells_revision": "2cce9e5c03773621b7d160cd7247fc453684f921",
    "com_parameters": {
        "space_translation": [
            1.57646736e-05,
            1.32264786e-05,
            -9.06607626e-06
        ],
        "boost_velocity": [
            -1.02572491e-07,
            -6.44966467e-08,
            1.33406681e-08
        ]
    },
    "initial_mass_ratio": 0.9999999818199322
}