{
    "simulation_name": "BBH_CFMS_d14.6_q3_sA_0_0_0.300_sB_0_0_0.300/Lev5",
    "alternative_names": [
        "PRIVATE:BBH:0057",
        "SXS:BBH:0283"
    ],
    "initial_data_type": "BBH_CFMS",
    "object_types": "BHBH",
    "number_of_orbits": 23.4653634404,
    "reference_mass_ratio": 2.999928911067546,
    "reference_chi_eff": 0.2999574506867633,
    "reference_chi1_perp": 1.5608660064182266e-12,
    "reference_chi2_perp": 2.7584070727790113e-12,
    "reference_eccentricity": "<5.1e-05",
    "reference_dimensionless_spin1": [
        1.08838091475e-13,
        -4.83832797813e-14,
        0.299966368345
    ],
    "reference_dimensionless_spin2": [
        2.48063621207e-12,
        1.14724295773e-12,
        0.299930698346
    ],
    "reference_orbital_frequency": [
        -1.42150241277e-14,
        8.05825562792e-14,
        0.0164602748483
    ],
    "reference_mass1": 0.750039614517,
    "reference_mass2": 0.25001912937,
    "reference_time": 220.0,
    "reference_position1": [
        -3.29774829813,
        -1.59260110355,
        -3.36482708414e-12
    ],
    "reference_position2": [
        9.75525767314,
        4.781258736,
        -2.32960328167e-11
    ],
    "reference_mean_anomaly": 6.267869,
    "keywords": [],
    "point_of_contact_email": "tonyc@cita.utoronto.ca",
    "authors_emails": [],
    "simulation_bibtex_keys": [
        "Chu:2015kft",
        "Boyle:2019kee",
        "SXSCatalogWebsite"
    ],
    "code_bibtex_keys": [
        "Ossokine:2013zga",
        "Hemberger:2012jz",
        "Szilagyi:2009qz",
        "Boyle:2009vi",
        "Scheel:2008rj",
        "Boyle:2007ft",
        "Scheel:2006gg",
        "Lindblom:2005qh",
        "Pfeiffer:2002wt",
        "SpECwebsite"
    ],
    "initial_data_bibtex_keys": [
        "Buchman:2012dw",
        "Lovelace:2008tw",
        "Pfeiffer:2007yz",
        "Caudill:2006hw",
        "Cook:2004kt"
    ],
    "quasicircular_bibtex_keys": [
        "Mroue:2012kv",
        "Buonanno:2010yk",
        "Mroue:2010re",
        "Boyle:2007ft"
    ],
    "initial_separation": 14.6,
    "initial_orbital_frequency": 0.0163645097256,
    "initial_adot": -2.50238310705e-05,
    "object1": "bh",
    "object2": "bh",
    "initial_ADM_energy": 0.9943771459936408,
    "initial_ADM_linear_momentum": [
        -6.9811906e-09,
        -1.0215068e-09,
        1.116816e-10
    ],
    "initial_ADM_angular_momentum": [
        1.6354348671e-06,
        4.435360974e-07,
        0.9983673869588148
    ],
    "initial_mass1": 0.750000000028634,
    "initial_mass2": 0.250000000053224,
    "initial_dimensionless_spin1": [
        7.99999999999e-15,
        -4.6e-15,
        0.300000000086
    ],
    "initial_dimensionless_spin2": [
        1.89e-14,
        2.78e-14,
        0.299999999858
    ],
    "initial_position1": [
        3.6354388068386756,
        0.0159700056629541,
        0.0
    ],
    "initial_position2": [
        -10.964561193161323,
        0.0159700056629541,
        0.0
    ],
    "relaxation_time": 220.0,
    "common_horizon_time": 5925.94055239,
    "remnant_mass": 0.964735279817,
    "remnant_dimensionless_spin": [
        2.06097396659e-09,
        -2.73875152396e-09,
        0.679577149164
    ],
    "remnant_velocity": [
        3.95624264494e-05,
        0.000379113915412,
        1.76845779249e-09
    ],
    "metadata_version": 1,
    "spec_revisions": [
        "InitialCommit-22272-g66cd00a",
        "InitialCommit-23906-g40010e4"
    ],
    "spells_revision": "InitialCommit-21916-g19475f2",
    "com_parameters": {
        "space_translation": [
            -0.0201307458,
            0.00274233468,
            -1.21677023e-09
        ],
        "boost_velocity": [
            1.20437236e-06,
            -1.46234259e-06,
            1.13542345e-12
        ]
    },
    "initial_mass_ratio": 2.999999999475848
}