{
    "simulation_name": "BBH_SKS_d14.9_q3_sA_0_0_0_sB_0_0_0.600/Lev5",
    "alternative_names": [
        "PRIVATE:BBH:0062",
        "SXS:BBH:0278"
    ],
    "initial_data_type": "BBH_SKS",
    "object_types": "BHBH",
    "number_of_orbits": 22.7907887888,
    "reference_mass_ratio": 2.9998255515102454,
    "reference_chi_eff": 0.15001673803129872,
    "reference_chi1_perp": 6.753490878022942e-08,
    "reference_chi2_perp": 1.5340424798153664e-08,
    "reference_eccentricity": 0.0001976,
    "reference_dimensionless_spin1": [
        4.00023170279e-08,
        5.44133164735e-08,
        6.19732756504e-05
    ],
    "reference_dimensionless_spin2": [
        -2.39279716784e-09,
        4.09712410924e-09,
        0.599854872916
    ],
    "reference_orbital_frequency": [
        2.74461942764e-10,
        -1.28424961152e-10,
        0.0162325609577
    ],
    "reference_mass1": 0.74999962841,
    "reference_mass2": 0.250014414349,
    "reference_time": 340.0,
    "reference_position1": [
        2.6808888177,
        -2.7166240124,
        7.34278197344e-07
    ],
    "reference_position2": [
        -7.92684440465,
        8.28179065647,
        1.00064960087e-06
    ],
    "reference_mean_anomaly": 0.5214,
    "keywords": [],
    "point_of_contact_email": "tonyc@cita.utoronto.ca",
    "authors_emails": [],
    "simulation_bibtex_keys": [
        "Chu:2015kft",
        "Boyle:2019kee",
        "SXSCatalogWebsite"
    ],
    "code_bibtex_keys": [
        "Ossokine:2013zga",
        "Hemberger:2012jz",
        "Szilagyi:2009qz",
        "Boyle:2009vi",
        "Scheel:2008rj",
        "Boyle:2007ft",
        "Scheel:2006gg",
        "Lindblom:2005qh",
        "Pfeiffer:2002wt",
        "SpECwebsite"
    ],
    "initial_data_bibtex_keys": [
        "Buchman:2012dw",
        "Lovelace:2008tw",
        "Pfeiffer:2007yz",
        "Caudill:2006hw",
        "Cook:2004kt"
    ],
    "quasicircular_bibtex_keys": [
        "Mroue:2012kv",
        "Buonanno:2010yk",
        "Mroue:2010re",
        "Boyle:2007ft"
    ],
    "initial_separation": 14.9,
    "initial_orbital_frequency": 0.0156799053192,
    "initial_adot": 0.00016051105844,
    "object1": "bh",
    "object2": "bh",
    "initial_ADM_energy": 0.9944315004140851,
    "initial_ADM_linear_momentum": [
        -4.29826464e-07,
        -3.5760813195e-06,
        1.270978614e-07
    ],
    "initial_ADM_angular_momentum": [
        4.7520720292e-06,
        3.68019425222e-05,
        0.859625203784381
    ],
    "initial_mass1": 0.749999994032168,
    "initial_mass2": 0.250000008766282,
    "initial_dimensionless_spin1": [
        2.21010255e-08,
        -1.5915146e-08,
        -4.5576405e-08
    ],
    "initial_dimensionless_spin2": [
        5.4603e-12,
        8.837e-13,
        0.599999988199
    ],
    "initial_position1": [
        3.794985082063217,
        0.074244821405895,
        0.0
    ],
    "initial_position2": [
        -11.105014917936783,
        0.074244821405895,
        0.0
    ],
    "relaxation_time": 340.0,
    "common_horizon_time": 5969.76685712,
    "remnant_mass": 0.969720306093,
    "remnant_dimensionless_spin": [
        2.55487384855e-08,
        1.85341307899e-08,
        0.559132048779
    ],
    "remnant_velocity": [
        -0.000607684271915,
        -0.000109852785623,
        3.24656822366e-09
    ],
    "metadata_version": 1,
    "spec_revisions": "InitialCommit-23643-gf982f00",
    "spells_revision": "InitialCommit-23245-gfd35c55",
    "com_parameters": {
        "space_translation": [
            0.050044003,
            0.0353318277,
            -3.00039122e-07
        ],
        "boost_velocity": [
            4.355732e-06,
            2.53150528e-06,
            2.85548868e-09
        ]
    },
    "initial_mass_ratio": 2.999999870933293
}