{
    "simulation_name": "0004/Lev3",
    "alternative_names": [
        "PRIVATE:BBH:0244",
        "SXS:BBH:0329"
    ],
    "initial_data_type": "BBH_SKS",
    "object_types": "BHBH",
    "number_of_orbits": 16.035404989,
    "reference_mass_ratio": 1.0000005584782603,
    "reference_chi_eff": -0.8001878774891856,
    "reference_chi1_perp": 2.6236090650116645e-07,
    "reference_chi2_perp": 2.3826072120896057e-08,
    "reference_eccentricity": 0.000402,
    "reference_dimensionless_spin1": [
        -9.11550475144e-08,
        -2.62218396812e-07,
        -0.800507256936
    ],
    "reference_dimensionless_spin2": [
        -2.20182032286e-09,
        -1.88901596881e-08,
        -0.799868497864
    ],
    "reference_orbital_frequency": [
        -3.88436880206e-10,
        4.65043863704e-10,
        0.014908350628
    ],
    "reference_mass1": 0.500041229453,
    "reference_mass2": 0.500040950191,
    "reference_time": 640.0,
    "reference_position1": [
        -8.21403175669,
        0.72031889428,
        -2.06153901974e-06
    ],
    "reference_position2": [
        8.21387859598,
        -0.720410794887,
        -1.58856860719e-06
    ],
    "reference_mean_anomaly": 1.477774,
    "keywords": [],
    "point_of_contact_email": "daniel.hemberger@gmail.com",
    "authors_emails": [],
    "simulation_bibtex_keys": [
        "Blackman:2017dfb",
        "Boyle:2019kee",
        "SXSCatalogWebsite"
    ],
    "code_bibtex_keys": [
        "Ossokine:2013zga",
        "Hemberger:2012jz",
        "Szilagyi:2009qz",
        "Boyle:2009vi",
        "Scheel:2008rj",
        "Boyle:2007ft",
        "Scheel:2006gg",
        "Lindblom:2005qh",
        "Pfeiffer:2002wt",
        "SpECwebsite"
    ],
    "initial_data_bibtex_keys": [
        "Buchman:2012dw",
        "Lovelace:2008tw",
        "Pfeiffer:2007yz",
        "Caudill:2006hw",
        "Cook:2004kt"
    ],
    "quasicircular_bibtex_keys": [
        "Mroue:2012kv",
        "Buonanno:2010yk",
        "Mroue:2010re",
        "Boyle:2007ft"
    ],
    "initial_separation": 16.3301391602,
    "initial_orbital_frequency": 0.013728515386,
    "initial_adot": -0.0003236927694653,
    "object1": "bh",
    "object2": "bh",
    "initial_ADM_energy": 0.9933976265962942,
    "initial_ADM_linear_momentum": [
        4.5100573e-09,
        -1.63130374e-08,
        3.7469e-11
    ],
    "initial_ADM_angular_momentum": [
        1.235536288e-07,
        1.44407982e-08,
        0.774482662198526
    ],
    "initial_mass1": 0.499999986375121,
    "initial_mass2": 0.500000000097718,
    "initial_dimensionless_spin1": [
        -2.28757351e-07,
        -1.558366952e-07,
        -0.80064012337
    ],
    "initial_dimensionless_spin2": [
        9.74644249999e-09,
        -1.47209349e-08,
        -0.799999962415
    ],
    "initial_position1": [
        8.165088871733499,
        6.2517775587e-06,
        -1.2670712e-09
    ],
    "initial_position2": [
        -8.165050288466503,
        6.2517775587e-06,
        -1.2670712e-09
    ],
    "relaxation_time": 640.0,
    "common_horizon_time": 4874.43198632,
    "remnant_mass": 0.966582061105,
    "remnant_dimensionless_spin": [
        -4.36011581367e-08,
        -1.78824745376e-08,
        0.426723606184
    ],
    "remnant_velocity": [
        3.26947874067e-07,
        -4.2882566021e-07,
        8.34019560183e-09
    ],
    "metadata_version": 1,
    "spec_revisions": "InitialCommit-28977-g3727d27",
    "spells_revision": "3727d27cb1189c2dffa859c586de4b14bf054cbd",
    "com_parameters": {
        "space_translation": [
            1.39963774e-05,
            1.02296317e-05,
            -3.03831116e-06
        ],
        "boost_velocity": [
            -9.77390941e-08,
            -1.06668873e-07,
            -1.17619029e-09
        ]
    },
    "initial_mass_ratio": 0.9999999725548061
}