{
    "simulation_name": "BBH_CFMS_d20.2_q7_sA_0_0_-0.400_sB_0_0_0/Lev3",
    "alternative_names": [
        "PRIVATE:BBH:0019",
        "SXS:BBH:0206"
    ],
    "initial_data_type": "BBH_CFMS",
    "object_types": "BHBH",
    "number_of_orbits": 73.1643100026,
    "reference_mass_ratio": 7.001214018453055,
    "reference_chi_eff": -0.3498909155268235,
    "reference_chi1_perp": 3.595921783135776e-08,
    "reference_chi2_perp": 9.447002939838704e-08,
    "reference_eccentricity": 6.13e-05,
    "reference_dimensionless_spin1": [
        1.75268022831e-08,
        1.15709253634e-08,
        -0.399866580565
    ],
    "reference_dimensionless_spin2": [
        9.02395059767e-08,
        2.79538322693e-08,
        -5.88880036338e-07
    ],
    "reference_orbital_frequency": [
        3.5876353062e-10,
        -7.56003030132e-10,
        0.0103672754232
    ],
    "reference_mass1": 0.875145220447,
    "reference_mass2": 0.124999067039,
    "reference_time": 640.0,
    "reference_position1": [
        2.38211324601,
        0.841120244573,
        5.38738920369e-07
    ],
    "reference_position2": [
        -16.8375463202,
        -6.10931492953,
        6.97002572479e-07
    ],
    "reference_mean_anomaly": 0.658075,
    "keywords": [],
    "point_of_contact_email": "kbarkett@caltech.edu",
    "authors_emails": [],
    "simulation_bibtex_keys": [
        "SXSCatalog",
        "Kumar:2015tha"
    ],
    "code_bibtex_keys": [
        "Ossokine:2013zga",
        "Hemberger:2012jz",
        "Szilagyi:2009qz",
        "Boyle:2009vi",
        "Scheel:2008rj",
        "Boyle:2007ft",
        "Scheel:2006gg",
        "Lindblom:2005qh",
        "Pfeiffer:2002wt",
        "SpECwebsite"
    ],
    "initial_data_bibtex_keys": [
        "Buchman:2012dw",
        "Lovelace:2008tw",
        "Pfeiffer:2007yz",
        "Caudill:2006hw",
        "Cook:2004kt"
    ],
    "quasicircular_bibtex_keys": [
        "Mroue:2012kv",
        "Buonanno:2010yk",
        "Mroue:2010re",
        "Boyle:2007ft"
    ],
    "initial_separation": 20.216715,
    "initial_orbital_frequency": 0.01036089,
    "initial_adot": -7.83e-06,
    "object1": "bh",
    "object2": "bh",
    "initial_ADM_energy": 0.9977197737809843,
    "initial_ADM_linear_momentum": [
        -2.09497386e-08,
        1.88953078e-08,
        2.93837401e-08
    ],
    "initial_ADM_angular_momentum": [
        2.2416746303e-06,
        1.68394382311e-05,
        0.2431746553795519
    ],
    "initial_mass1": 0.874999999996518,
    "initial_mass2": 0.12499999995,
    "initial_dimensionless_spin1": [
        5.89999999999e-15,
        1.7e-15,
        -0.400000000076
    ],
    "initial_dimensionless_spin2": [
        4.7e-15,
        -8e-16,
        -2.4613e-12
    ],
    "initial_position1": [
        2.5172311079262717,
        0.0142965895671911,
        0.0
    ],
    "initial_position2": [
        -17.69948389207373,
        0.0142965895671911,
        0.0
    ],
    "relaxation_time": 640.0,
    "common_horizon_time": 30516.5011551,
    "remnant_mass": 0.990228850676,
    "remnant_dimensionless_spin": [
        -3.80573576242e-09,
        3.81556999895e-09,
        0.0619435951435
    ],
    "remnant_velocity": [
        0.000306344765869,
        -0.000282814573146,
        1.26702434937e-08
    ],
    "metadata_version": 1,
    "spec_revisions": "InitialCommit-23641-g46c3a52",
    "spells_revision": "46c3a52584a85512961f338ef6945b8061437627",
    "com_parameters": {
        "space_translation": [
            -0.0948502757,
            -0.0447411584,
            -1.11025591e-05
        ],
        "boost_velocity": [
            1.6766267e-05,
            8.12311351e-06,
            1.24382493e-09
        ]
    },
    "initial_mass_ratio": 7.000000002772144
}