{
    "simulation_name": "BBH_SKS_d14.3_q1.22_sA_0_0_0_sB_0_0_0/Lev4",
    "alternative_names": [
        "PRIVATE:BBH:0226",
        "SXS:BBH:0310"
    ],
    "initial_data_type": "BBH_SKS",
    "object_types": "BHBH",
    "number_of_orbits": 15.1902155692,
    "reference_mass_ratio": 1.2211814547658781,
    "reference_chi_eff": 0.00012375154518937942,
    "reference_chi1_perp": 1.723319892562955e-07,
    "reference_chi2_perp": 1.2093422748035066e-07,
    "reference_eccentricity": 0.000788,
    "reference_dimensionless_spin1": [
        1.58640262554e-07,
        -6.73248469348e-08,
        0.000145609380623
    ],
    "reference_dimensionless_spin2": [
        1.1916699287e-07,
        -2.05970286964e-08,
        9.70591619125e-05
    ],
    "reference_orbital_frequency": [
        -3.88706946672e-10,
        -1.89560580965e-09,
        0.0182300719131
    ],
    "reference_mass1": 0.549787578696,
    "reference_mass2": 0.450209570863,
    "reference_time": 640.0,
    "reference_position1": [
        1.84011105498,
        -6.16590801691,
        -1.49907638314e-05
    ],
    "reference_position2": [
        -2.26711795245,
        7.53837244507,
        -1.36533360182e-05
    ],
    "reference_mean_anomaly": 6.121986,
    "keywords": [],
    "point_of_contact_email": "glovelace@fullerton.edu",
    "authors_emails": [],
    "simulation_bibtex_keys": [
        "Abbott:2016apu",
        "Boyle:2019kee",
        "SXSCatalogWebsite"
    ],
    "code_bibtex_keys": [
        "Ossokine:2013zga",
        "Hemberger:2012jz",
        "Szilagyi:2009qz",
        "Boyle:2009vi",
        "Scheel:2008rj",
        "Boyle:2007ft",
        "Scheel:2006gg",
        "Lindblom:2005qh",
        "Pfeiffer:2002wt",
        "SpECwebsite"
    ],
    "initial_data_bibtex_keys": [
        "Buchman:2012dw",
        "Lovelace:2008tw",
        "Pfeiffer:2007yz",
        "Caudill:2006hw",
        "Cook:2004kt"
    ],
    "quasicircular_bibtex_keys": [
        "Mroue:2012kv",
        "Buonanno:2010yk",
        "Mroue:2010re",
        "Boyle:2007ft"
    ],
    "initial_separation": 14.2578735352,
    "initial_orbital_frequency": 0.017066184424,
    "initial_adot": -4.17688635534e-05,
    "object1": "bh",
    "object2": "bh",
    "initial_ADM_energy": 0.9923420969678808,
    "initial_ADM_linear_momentum": [
        1.285405e-10,
        -1.022603e-10,
        -9e-16
    ],
    "initial_ADM_angular_momentum": [
        2.582e-13,
        1.713e-13,
        1.0717918142879879
    ],
    "initial_mass1": 0.5497953615294433,
    "initial_mass2": 0.4502046384853017,
    "initial_dimensionless_spin1": [
        5.09999999999e-15,
        2.4e-15,
        -5.0582271e-09
    ],
    "initial_dimensionless_spin2": [
        -1.2275e-12,
        3.0105e-12,
        -3.199175013e-07
    ],
    "initial_position1": [
        6.418844111104987,
        0.0088150216284498,
        0.0
    ],
    "initial_position2": [
        -7.8390294240950125,
        0.0088150216284498,
        0.0
    ],
    "relaxation_time": 640.0,
    "common_horizon_time": 3696.54211981,
    "remnant_mass": 0.952532925197,
    "remnant_dimensionless_spin": [
        3.40970849062e-08,
        -8.34152032467e-08,
        0.680979004173
    ],
    "remnant_velocity": [
        0.00017888967934,
        2.41652677633e-05,
        -2.53587320587e-08
    ],
    "metadata_version": 1,
    "spec_revisions": "InitialCommit-28921-gba01e07",
    "spells_revision": "ba01e0763f47d6d86441ce90899b2488ed90247e",
    "com_parameters": {
        "space_translation": [
            -0.00229199262,
            0.000799415934,
            3.08294037e-06
        ],
        "boost_velocity": [
            2.05058589e-06,
            2.58606514e-06,
            -2.827044e-08
        ]
    },
    "initial_mass_ratio": 1.221212121179407
}