{
    "simulation_name": "BBH_SKS_d16.5_q1_sA_0_0_-0.900_sB_0_0_0.900/Lev5",
    "alternative_names": [
        "PRIVATE:BBH:0042",
        "SXS:BBH:0211"
    ],
    "initial_data_type": "BBH_SKS",
    "object_types": "BHBH",
    "number_of_orbits": 22.28564352,
    "reference_mass_ratio": 1.0000073722082836,
    "reference_chi_eff": 4.783372305270169e-05,
    "reference_chi1_perp": 4.2859447710344784e-09,
    "reference_chi2_perp": 5.8744365105089214e-09,
    "reference_eccentricity": 0.0002801,
    "reference_dimensionless_spin1": [
        1.84985343883e-10,
        1.37111890337e-09,
        -0.899685955589
    ],
    "reference_dimensionless_spin2": [
        8.674358627e-09,
        1.47911538195e-09,
        0.89978825606
    ],
    "reference_orbital_frequency": [
        6.32583356105e-11,
        -3.33026729444e-11,
        0.0141070732677
    ],
    "reference_mass1": 0.500086003739,
    "reference_mass2": 0.500082317028,
    "reference_time": 330.0,
    "reference_position1": [
        -0.797728723315,
        -8.166998026,
        -1.73736284209e-06
    ],
    "reference_position2": [
        0.783152631763,
        8.68892740457,
        -1.70465985404e-06
    ],
    "reference_mean_anomaly": 6.130368,
    "keywords": [],
    "point_of_contact_email": "tonyc@cita.utoronto.ca",
    "authors_emails": [],
    "simulation_bibtex_keys": [
        "Chu:2015kft",
        "Boyle:2019kee",
        "SXSCatalogWebsite"
    ],
    "code_bibtex_keys": [
        "Ossokine:2013zga",
        "Hemberger:2012jz",
        "Szilagyi:2009qz",
        "Boyle:2009vi",
        "Scheel:2008rj",
        "Boyle:2007ft",
        "Scheel:2006gg",
        "Lindblom:2005qh",
        "Pfeiffer:2002wt",
        "SpECwebsite"
    ],
    "initial_data_bibtex_keys": [
        "Buchman:2012dw",
        "Lovelace:2008tw",
        "Pfeiffer:2007yz",
        "Caudill:2006hw",
        "Cook:2004kt"
    ],
    "quasicircular_bibtex_keys": [
        "Mroue:2012kv",
        "Buonanno:2010yk",
        "Mroue:2010re",
        "Boyle:2007ft"
    ],
    "initial_separation": 16.5,
    "initial_orbital_frequency": 0.0130194667062,
    "initial_adot": 3.1365040108e-05,
    "object1": "bh",
    "object2": "bh",
    "initial_ADM_energy": 0.9933724685988172,
    "initial_ADM_linear_momentum": [
        1.85977861e-08,
        -2.53027415e-08,
        3.6135571e-09
    ],
    "initial_ADM_angular_momentum": [
        1.772370629e-07,
        1.0891137487e-06,
        1.143767570864305
    ],
    "initial_mass1": 0.499999991442874,
    "initial_mass2": 0.500000007719242,
    "initial_dimensionless_spin1": [
        1.398e-13,
        2.644e-13,
        -0.899999988782
    ],
    "initial_dimensionless_spin2": [
        1.855e-13,
        -6.76300000002e-13,
        0.900000010179
    ],
    "initial_position1": [
        8.32145687001027,
        0.3056398775220661,
        0.0
    ],
    "initial_position2": [
        -8.17854312998973,
        0.3056398775220661,
        0.0
    ],
    "relaxation_time": 330.0,
    "common_horizon_time": 6602.76330809,
    "remnant_mass": 0.951110249754,
    "remnant_dimensionless_spin": [
        4.4261243423e-09,
        -1.61186850471e-09,
        0.683515731462
    ],
    "remnant_velocity": [
        0.000923854576058,
        0.00101218499419,
        -5.33959785265e-09
    ],
    "metadata_version": 1,
    "spec_revisions": "InitialCommit-23918-gd9c410e",
    "spells_revision": "InitialCommit-23245-gfd35c55",
    "com_parameters": {
        "space_translation": [
            0.0187927781,
            0.300007963,
            1.11485153e-07
        ],
        "boost_velocity": [
            3.59511198e-06,
            1.35979385e-06,
            -6.38438026e-09
        ]
    },
    "initial_mass_ratio": 0.9999999674472645
}