{
    "simulation_name": "0017/Lev3",
    "alternative_names": [
        "PRIVATE:BBH:0271",
        "SXS:BBH:0341"
    ],
    "initial_data_type": "BBH_SKS",
    "object_types": "BHBH",
    "number_of_orbits": 19.3860033867,
    "reference_mass_ratio": 1.999982600725848,
    "reference_chi_eff": 0.03202130597000397,
    "reference_chi1_perp": 0.7985242864841124,
    "reference_chi2_perp": 1.6559795525820066e-05,
    "reference_eccentricity": 0.0002771,
    "reference_dimensionless_spin1": [
        -0.161388064457,
        0.780817452221,
        0.0649601587376
    ],
    "reference_dimensionless_spin2": [
        -2.06605418956e-06,
        6.95611893576e-06,
        0.00013199485675
    ],
    "reference_orbital_frequency": [
        0.00160085336025,
        -1.90876593936e-05,
        0.0163016553901
    ],
    "reference_mass1": 0.666667298076,
    "reference_mass2": 0.333336548945,
    "reference_time": 440.0,
    "reference_position1": [
        3.43400689358,
        3.75152509512,
        -0.330758302412
    ],
    "reference_position2": [
        -6.8260446351,
        -7.53652427158,
        0.663580931031
    ],
    "reference_mean_anomaly": 3.777078,
    "keywords": [],
    "point_of_contact_email": "daniel.hemberger@gmail.com",
    "authors_emails": [],
    "simulation_bibtex_keys": [
        "Blackman:2017dfb",
        "Boyle:2019kee",
        "SXSCatalogWebsite"
    ],
    "code_bibtex_keys": [
        "Ossokine:2013zga",
        "Hemberger:2012jz",
        "Szilagyi:2009qz",
        "Boyle:2009vi",
        "Scheel:2008rj",
        "Boyle:2007ft",
        "Scheel:2006gg",
        "Lindblom:2005qh",
        "Pfeiffer:2002wt",
        "SpECwebsite"
    ],
    "initial_data_bibtex_keys": [
        "Buchman:2012dw",
        "Lovelace:2008tw",
        "Pfeiffer:2007yz",
        "Caudill:2006hw",
        "Cook:2004kt"
    ],
    "quasicircular_bibtex_keys": [
        "Mroue:2012kv",
        "Buonanno:2010yk",
        "Mroue:2010re",
        "Boyle:2007ft"
    ],
    "initial_separation": 14.9536743164,
    "initial_orbital_frequency": 0.015963595111,
    "initial_adot": 2.43293144886e-05,
    "object1": "bh",
    "object2": "bh",
    "initial_ADM_energy": 0.9934250010139369,
    "initial_ADM_linear_momentum": [
        1.008204e-09,
        -1.1049976e-09,
        3.71036e-11
    ],
    "initial_ADM_angular_momentum": [
        0.036822592890641,
        0.3395330261313052,
        1.0010827507135718
    ],
    "initial_mass1": 0.666666667732308,
    "initial_mass2": 0.333333331468137,
    "initial_dimensionless_spin1": [
        0.0823494300275,
        0.794232369879,
        0.0491065611073
    ],
    "initial_dimensionless_spin2": [
        -4.475138e-10,
        1.19568135e-08,
        -9.93630281999e-08
    ],
    "initial_position1": [
        4.990504446624943,
        0.0226448112399367,
        0.0040992037467251
    ],
    "initial_position2": [
        -9.963169869775058,
        0.0226448112399367,
        0.0040992037467251
    ],
    "relaxation_time": 440.0,
    "common_horizon_time": 5055.92855575,
    "remnant_mass": 0.957646585468,
    "remnant_dimensionless_spin": [
        -0.0105868198669,
        0.222185127847,
        0.683818431373
    ],
    "remnant_velocity": [
        -0.0003244337615,
        -0.000854220570011,
        -0.00258816936274
    ],
    "metadata_version": 1,
    "spec_revisions": [
        "InitialCommit-28971-g2d4b796",
        "InitialCommit-28997-g8de95ad"
    ],
    "spells_revision": "2d4b796de925e97fe323094e8c08fb6ad6e8a830",
    "com_parameters": {
        "space_translation": [
            -0.00214658,
            0.00364605,
            0.00143476
        ],
        "boost_velocity": [
            5.36591315e-06,
            1.07068774e-05,
            -4.47343921e-06
        ]
    },
    "initial_mass_ratio": 2.0000000143881023
}