{
    "simulation_name": "0003/Lev3",
    "alternative_names": [
        "PRIVATE:BBH:0289",
        "SXS:BBH:0328"
    ],
    "initial_data_type": "BBH_SKS",
    "object_types": "BHBH",
    "number_of_orbits": 21.289205428,
    "reference_mass_ratio": 0.9999998692225519,
    "reference_chi_eff": 0.7997930106695076,
    "reference_chi1_perp": 4.1900077000807255e-08,
    "reference_chi2_perp": 4.385514054378589e-08,
    "reference_eccentricity": 0.0001123,
    "reference_dimensionless_spin1": [
        3.36635959645e-08,
        2.63950616552e-08,
        0.799792895488
    ],
    "reference_dimensionless_spin2": [
        -4.04977970539e-08,
        -1.63367560531e-08,
        0.799793125851
    ],
    "reference_orbital_frequency": [
        -2.67291848283e-11,
        6.91186453507e-11,
        0.0171424278596
    ],
    "reference_mass1": 0.500040277554,
    "reference_mass2": 0.500040342948,
    "reference_time": 640.0,
    "reference_position1": [
        -2.07896773612,
        -7.09003637855,
        1.65007456752e-06
    ],
    "reference_position2": [
        2.07917248069,
        7.09012306628,
        1.5993833982e-06
    ],
    "reference_mean_anomaly": 2.816275,
    "keywords": [],
    "point_of_contact_email": "daniel.hemberger@gmail.com",
    "authors_emails": [],
    "simulation_bibtex_keys": [
        "Blackman:2017dfb",
        "Boyle:2019kee",
        "SXSCatalogWebsite"
    ],
    "code_bibtex_keys": [
        "Ossokine:2013zga",
        "Hemberger:2012jz",
        "Szilagyi:2009qz",
        "Boyle:2009vi",
        "Scheel:2008rj",
        "Boyle:2007ft",
        "Scheel:2006gg",
        "Lindblom:2005qh",
        "Pfeiffer:2002wt",
        "SpECwebsite"
    ],
    "initial_data_bibtex_keys": [
        "Buchman:2012dw",
        "Lovelace:2008tw",
        "Pfeiffer:2007yz",
        "Caudill:2006hw",
        "Cook:2004kt"
    ],
    "quasicircular_bibtex_keys": [
        "Mroue:2012kv",
        "Buonanno:2010yk",
        "Mroue:2010re",
        "Boyle:2007ft"
    ],
    "initial_separation": 14.5659790039,
    "initial_orbital_frequency": 0.015660232979,
    "initial_adot": 0.0003785068693329,
    "object1": "bh",
    "object2": "bh",
    "initial_ADM_energy": 0.9923063512848608,
    "initial_ADM_linear_momentum": [
        -2.6309932e-09,
        -4.4194422e-09,
        -2.9981e-12
    ],
    "initial_ADM_angular_momentum": [
        -2.223180169e-07,
        4.56491414e-08,
        1.4572349732318333
    ],
    "initial_mass1": 0.500000013906735,
    "initial_mass2": 0.50000000204647,
    "initial_dimensionless_spin1": [
        -1.139e-13,
        7.37999999999e-14,
        0.799999999206
    ],
    "initial_dimensionless_spin2": [
        8.67999999999e-14,
        -1.107e-13,
        0.800000030395
    ],
    "initial_position1": [
        7.282988932988886,
        1.292338932e-07,
        -4.309878e-10
    ],
    "initial_position2": [
        -7.282990070911115,
        1.292338932e-07,
        -4.309878e-10
    ],
    "relaxation_time": 640.0,
    "common_horizon_time": 5078.66560282,
    "remnant_mass": 0.911264038749,
    "remnant_dimensionless_spin": [
        -2.05847904761e-09,
        3.8740274239e-09,
        0.907503340589
    ],
    "remnant_velocity": [
        2.09428952299e-07,
        8.72685984594e-08,
        7.86724654358e-08
    ],
    "metadata_version": 1,
    "spec_revisions": "InitialCommit-28977-g3727d27",
    "spells_revision": "3727d27cb1189c2dffa859c586de4b14bf054cbd",
    "com_parameters": {
        "space_translation": [
            -2.69954544e-05,
            -1.22412772e-05,
            -2.69049298e-05
        ],
        "boost_velocity": [
            2.02009239e-07,
            8.68361354e-08,
            2.0808375e-08
        ]
    },
    "initial_mass_ratio": 1.00000002372053
}