{
    "simulation_name": "BBH_SKS_d15.4_q1_sA_0_0_0.750_sB_0_0_0.750/Lev3",
    "alternative_names": [
        "PRIVATE:BBH:0109",
        "SXS:BBH:0175",
        "S^{++}_{0.75}"
    ],
    "initial_data_type": "BBH_SKS",
    "object_types": "BHBH",
    "number_of_orbits": 23.9254779017,
    "reference_mass_ratio": 0.9999998951358895,
    "reference_chi_eff": 0.7499353115849781,
    "reference_chi1_perp": 5.2275678624226616e-08,
    "reference_chi2_perp": 5.350647427770959e-08,
    "reference_eccentricity": 0.0035386,
    "reference_dimensionless_spin1": [
        4.05801586512e-08,
        -3.92858299765e-08,
        0.749935730861
    ],
    "reference_dimensionless_spin2": [
        -3.71487520171e-08,
        3.22719211406e-08,
        0.749934892309
    ],
    "reference_orbital_frequency": [
        8.26130650178e-11,
        -4.1712775959e-11,
        0.0156964701297
    ],
    "reference_mass1": 0.500018493021,
    "reference_mass2": 0.500018545455,
    "reference_time": 600.0,
    "reference_position1": [
        -7.69145248491,
        1.48038956946,
        -4.14377392305e-06
    ],
    "reference_position2": [
        7.69126079566,
        -1.48044090778,
        -4.23260393e-06
    ],
    "reference_mean_anomaly": 1.132627,
    "keywords": [],
    "point_of_contact_email": "glovelace@fullerton.edu",
    "authors_emails": [],
    "simulation_bibtex_keys": [
        "Lovelace:2014twa",
        "Boyle:2019kee",
        "SXSCatalogWebsite"
    ],
    "code_bibtex_keys": [
        "Ossokine:2013zga",
        "Hemberger:2012jz",
        "Szilagyi:2009qz",
        "Boyle:2009vi",
        "Scheel:2008rj",
        "Boyle:2007ft",
        "Scheel:2006gg",
        "Lindblom:2005qh",
        "Pfeiffer:2002wt",
        "SpECwebsite"
    ],
    "initial_data_bibtex_keys": [
        "Buchman:2012dw",
        "Lovelace:2008tw",
        "Pfeiffer:2007yz",
        "Caudill:2006hw",
        "Cook:2004kt"
    ],
    "quasicircular_bibtex_keys": [
        "Mroue:2012kv",
        "Buonanno:2010yk",
        "Mroue:2010re",
        "Boyle:2007ft"
    ],
    "initial_separation": 15.366,
    "initial_orbital_frequency": 0.014635495222,
    "initial_adot": 0.000281641467605,
    "object1": "bh",
    "object2": "bh",
    "initial_ADM_energy": 0.9926752246964061,
    "initial_ADM_linear_momentum": [
        1.69356076e-08,
        4.00299289e-08,
        -2.6264317e-09
    ],
    "initial_ADM_angular_momentum": [
        -2.34631402e-08,
        -2.223043178e-07,
        1.4588857047614097
    ],
    "initial_mass1": 0.499999998177279,
    "initial_mass2": 0.499999998419277,
    "initial_dimensionless_spin1": [
        -4.86999999999e-14,
        1.207e-13,
        0.749999998524
    ],
    "initial_dimensionless_spin2": [
        -3.789e-13,
        -2.342e-13,
        0.749999999218
    ],
    "initial_position1": [
        7.683002457916919,
        -1.9054576688e-06,
        0.0
    ],
    "initial_position2": [
        -7.682997542083081,
        -1.9054576688e-06,
        0.0
    ],
    "relaxation_time": 600.0,
    "common_horizon_time": 6182.93410333,
    "remnant_mass": 0.915751541311,
    "remnant_dimensionless_spin": [
        4.03622680326e-09,
        -2.83462712454e-09,
        0.895581247832
    ],
    "remnant_velocity": [
        -2.56595686721e-07,
        -3.37382276562e-08,
        2.39215746388e-09
    ],
    "metadata_version": 1,
    "spec_revisions": "InitialCommit-24453-g2ede67a",
    "spells_revision": "2ede67a2b83ff536b803a23e4ee99c9aefd1cba8",
    "com_parameters": {
        "space_translation": [
            5.27158932e-05,
            -6.54105106e-06,
            -4.33313959e-06
        ],
        "boost_velocity": [
            -2.32239672e-07,
            -5.02931639e-08,
            -6.7774437e-09
        ]
    },
    "initial_mass_ratio": 0.999999999516004
}