{
    "simulation_name": "BBH_SKS_d15_q2_sA_0_0_0.600_sB_0_0_0.600/Lev5",
    "alternative_names": [
        "PRIVATE:BBH:0063",
        "SXS:BBH:0256"
    ],
    "initial_data_type": "BBH_SKS",
    "object_types": "BHBH",
    "number_of_orbits": 23.88102755,
    "reference_mass_ratio": 1.9999570791983936,
    "reference_chi_eff": 0.5999475156935512,
    "reference_chi1_perp": 6.84732482242819e-08,
    "reference_chi2_perp": 8.689549597072147e-09,
    "reference_eccentricity": 7.79e-05,
    "reference_dimensionless_spin1": [
        -2.74573285539e-08,
        7.55725057124e-08,
        0.59992834899
    ],
    "reference_dimensionless_spin2": [
        -9.60320045163e-09,
        1.1792880724e-08,
        0.599985848278
    ],
    "reference_orbital_frequency": [
        -2.4982340912e-11,
        3.31400672995e-10,
        0.0159779632974
    ],
    "reference_mass1": 0.666667556288,
    "reference_mass2": 0.333340931774,
    "reference_time": 310.0,
    "reference_position1": [
        1.0398295003,
        -5.01608301974,
        -1.84927594956e-06
    ],
    "reference_position2": [
        -2.12708123464,
        10.0970375112,
        -2.16769044733e-06
    ],
    "reference_mean_anomaly": 5.815849,
    "keywords": [],
    "point_of_contact_email": "tonyc@cita.utoronto.ca",
    "authors_emails": [],
    "simulation_bibtex_keys": [
        "Chu:2015kft",
        "Boyle:2019kee",
        "SXSCatalogWebsite"
    ],
    "code_bibtex_keys": [
        "Ossokine:2013zga",
        "Hemberger:2012jz",
        "Szilagyi:2009qz",
        "Boyle:2009vi",
        "Scheel:2008rj",
        "Boyle:2007ft",
        "Scheel:2006gg",
        "Lindblom:2005qh",
        "Pfeiffer:2002wt",
        "SpECwebsite"
    ],
    "initial_data_bibtex_keys": [
        "Buchman:2012dw",
        "Lovelace:2008tw",
        "Pfeiffer:2007yz",
        "Caudill:2006hw",
        "Cook:2004kt"
    ],
    "quasicircular_bibtex_keys": [
        "Mroue:2012kv",
        "Buonanno:2010yk",
        "Mroue:2010re",
        "Boyle:2007ft"
    ],
    "initial_separation": 15.0,
    "initial_orbital_frequency": 0.0153708035454,
    "initial_adot": 0.000190521817584,
    "object1": "bh",
    "object2": "bh",
    "initial_ADM_energy": 0.9933276151003179,
    "initial_ADM_linear_momentum": [
        9.3790733e-09,
        9.24710156e-08,
        6.6015551e-09
    ],
    "initial_ADM_angular_momentum": [
        2.987571102e-07,
        1.9407615086e-06,
        1.2911954090427835
    ],
    "initial_mass1": 0.666666663796212,
    "initial_mass2": 0.333333334868256,
    "initial_dimensionless_spin1": [
        -3.5975e-12,
        9.33780000001e-12,
        0.600000002445
    ],
    "initial_dimensionless_spin2": [
        3.2e-14,
        -1.411e-13,
        0.599999991805
    ],
    "initial_position1": [
        4.998026250942713,
        0.0289725731091846,
        0.0
    ],
    "initial_position2": [
        -10.001973749057287,
        0.0289725731091846,
        0.0
    ],
    "relaxation_time": 310.0,
    "common_horizon_time": 6032.71196151,
    "remnant_mass": 0.939592379911,
    "remnant_dimensionless_spin": [
        -8.45998257903e-09,
        3.67744223761e-08,
        0.838562812514
    ],
    "remnant_velocity": [
        -6.4376412311e-05,
        -8.28047698837e-05,
        -8.72425759942e-09
    ],
    "metadata_version": 1,
    "spec_revisions": [
        "InitialCommit-23245-gfd35c55",
        "InitialCommit-23998-g09003e6",
        "InitialCommit-23616-g8bcb0a7"
    ],
    "spells_revision": "InitialCommit-22529-g5f7bd68",
    "com_parameters": {
        "space_translation": [
            -0.000222866389,
            -0.00395730073,
            5.24003095e-07
        ],
        "boost_velocity": [
            3.5486997e-07,
            1.37430724e-05,
            -9.13480119e-09
        ]
    },
    "initial_mass_ratio": 1.9999999821791
}