{
    "simulation_name": "0071/Lev3",
    "alternative_names": [
        "PRIVATE:BBH:0334",
        "SXS:BBH:0392"
    ],
    "initial_data_type": "BBH_SKS",
    "object_types": "BHBH",
    "number_of_orbits": 19.3253889269,
    "reference_mass_ratio": 1.4999044251520184,
    "reference_chi_eff": 0.19971553945459844,
    "reference_chi1_perp": 1.2853407873670587e-07,
    "reference_chi2_perp": 3.011629031570887e-08,
    "reference_eccentricity": 0.0001732,
    "reference_dimensionless_spin1": [
        -1.55167207903e-08,
        -1.24148083096e-07,
        -0.200319096228
    ],
    "reference_dimensionless_spin2": [
        -2.96753880257e-08,
        1.77357257519e-08,
        0.799729259729
    ],
    "reference_orbital_frequency": [
        -1.00667669447e-09,
        -1.10483564011e-10,
        0.016435226625
    ],
    "reference_mass1": 0.600031971934,
    "reference_mass2": 0.400046804231,
    "reference_time": 640.0,
    "reference_position1": [
        -4.01135722606,
        -4.61326842522,
        -8.12958630314e-06
    ],
    "reference_position2": [
        5.95490265982,
        6.93454583333,
        -7.44151272241e-06
    ],
    "reference_mean_anomaly": 3.974458,
    "keywords": [],
    "point_of_contact_email": "daniel.hemberger@gmail.com",
    "authors_emails": [],
    "simulation_bibtex_keys": [
        "Blackman:2017dfb",
        "Boyle:2019kee",
        "SXSCatalogWebsite"
    ],
    "code_bibtex_keys": [
        "Ossokine:2013zga",
        "Hemberger:2012jz",
        "Szilagyi:2009qz",
        "Boyle:2009vi",
        "Scheel:2008rj",
        "Boyle:2007ft",
        "Scheel:2006gg",
        "Lindblom:2005qh",
        "Pfeiffer:2002wt",
        "SpECwebsite"
    ],
    "initial_data_bibtex_keys": [
        "Buchman:2012dw",
        "Lovelace:2008tw",
        "Pfeiffer:2007yz",
        "Caudill:2006hw",
        "Cook:2004kt"
    ],
    "quasicircular_bibtex_keys": [
        "Mroue:2012kv",
        "Buonanno:2010yk",
        "Mroue:2010re",
        "Boyle:2007ft"
    ],
    "initial_separation": 15.0736083984,
    "initial_orbital_frequency": 0.015285291077,
    "initial_adot": 0.0001895189023671,
    "object1": "bh",
    "object2": "bh",
    "initial_ADM_energy": 0.9929465515488723,
    "initial_ADM_linear_momentum": [
        -6.79549003e-08,
        -4.94759399e-08,
        1.18463e-11
    ],
    "initial_ADM_angular_momentum": [
        -1.276285802e-07,
        3.28869937e-08,
        1.1100173810615461
    ],
    "initial_mass1": 0.60000000275065,
    "initial_mass2": 0.40000001966328,
    "initial_dimensionless_spin1": [
        -1.54100636e-08,
        -6.77328640001e-08,
        -0.200160027841
    ],
    "initial_dimensionless_spin2": [
        -6.25756280003e-09,
        2.5511028e-09,
        0.800000096622
    ],
    "initial_position1": [
        6.057672514716338,
        0.0122350750191748,
        2.328619e-10
    ],
    "initial_position2": [
        -9.01593588368366,
        0.0122350750191748,
        2.328619e-10
    ],
    "relaxation_time": 640.0,
    "common_horizon_time": 5053.96915484,
    "remnant_mass": 0.951763418101,
    "remnant_dimensionless_spin": [
        -4.34752694673e-08,
        -3.65645982402e-08,
        0.685888592511
    ],
    "remnant_velocity": [
        0.000164989368547,
        0.000829706455266,
        -8.45333426239e-09
    ],
    "metadata_version": 1,
    "spec_revisions": "InitialCommit-28977-g3727d27",
    "spells_revision": "3727d27cb1189c2dffa859c586de4b14bf054cbd",
    "com_parameters": {
        "space_translation": [
            -0.0017091557,
            -0.00112953071,
            -1.17156048e-06
        ],
        "boost_velocity": [
            4.41714233e-06,
            -6.07577462e-06,
            -1.24908647e-08
        ]
    },
    "initial_mass_ratio": 1.4999999331393283
}