{
    "simulation_name": "BBH_SKS_d16.9_q2_sA_0_0_-0.129_sB_0_0_-0.850/Lev5",
    "alternative_names": [
        "PRIVATE:BBH:0044",
        "SXS:BBH:0243"
    ],
    "initial_data_type": "BBH_SKS",
    "object_types": "BHBH",
    "number_of_orbits": 23.2784871207,
    "reference_mass_ratio": 1.9996631313836328,
    "reference_chi_eff": -0.3690180288561251,
    "reference_chi1_perp": 4.379646880260381e-08,
    "reference_chi2_perp": 1.2235185523982958e-07,
    "reference_eccentricity": 0.0002245,
    "reference_dimensionless_spin1": [
        -1.62485579455e-09,
        4.46006944519e-08,
        -0.128717085261
    ],
    "reference_dimensionless_spin2": [
        2.07580978807e-08,
        6.72162998449e-08,
        -0.8495389662
    ],
    "reference_orbital_frequency": [
        1.47027156771e-09,
        -2.68820967294e-10,
        0.0137836218502
    ],
    "reference_mass1": 0.666673110907,
    "reference_mass2": 0.333392710224,
    "reference_time": 520.0,
    "reference_position1": [
        4.12691645366,
        4.02841534947,
        1.07976079182e-05
    ],
    "reference_position2": [
        -7.77388813614,
        -8.36598133123,
        1.18253160975e-05
    ],
    "reference_mean_anomaly": 1.814821,
    "keywords": [],
    "point_of_contact_email": "tonyc@cita.utoronto.ca",
    "authors_emails": [],
    "simulation_bibtex_keys": [
        "Chu:2015kft",
        "Boyle:2019kee",
        "SXSCatalogWebsite"
    ],
    "code_bibtex_keys": [
        "Ossokine:2013zga",
        "Hemberger:2012jz",
        "Szilagyi:2009qz",
        "Boyle:2009vi",
        "Scheel:2008rj",
        "Boyle:2007ft",
        "Scheel:2006gg",
        "Lindblom:2005qh",
        "Pfeiffer:2002wt",
        "SpECwebsite"
    ],
    "initial_data_bibtex_keys": [
        "Buchman:2012dw",
        "Lovelace:2008tw",
        "Pfeiffer:2007yz",
        "Caudill:2006hw",
        "Cook:2004kt"
    ],
    "quasicircular_bibtex_keys": [
        "Mroue:2012kv",
        "Buonanno:2010yk",
        "Mroue:2010re",
        "Boyle:2007ft"
    ],
    "initial_separation": 16.9,
    "initial_orbital_frequency": 0.0130570683142,
    "initial_adot": -0.000233056913842,
    "object1": "bh",
    "object2": "bh",
    "initial_ADM_energy": 0.994211821116337,
    "initial_ADM_linear_momentum": [
        -9.07137196e-08,
        -6.750847559e-07,
        -5.78218091e-08
    ],
    "initial_ADM_angular_momentum": [
        -3.1514766426e-06,
        -1.85251222661e-05,
        0.8881291871261697
    ],
    "initial_mass1": 0.666666665674454,
    "initial_mass2": 0.333333318201016,
    "initial_dimensionless_spin1": [
        -4.4085e-12,
        -8.58559999999e-12,
        -0.128654004968
    ],
    "initial_dimensionless_spin2": [
        8.24e-14,
        4.9e-14,
        -0.849999955609
    ],
    "initial_position1": [
        5.790104502411617,
        -0.0631316103558159,
        0.0
    ],
    "initial_position2": [
        -11.109895497588383,
        -0.0631316103558159,
        0.0
    ],
    "relaxation_time": 520.0,
    "common_horizon_time": 7315.88440828,
    "remnant_mass": 0.966957254438,
    "remnant_dimensionless_spin": [
        6.4150223102e-08,
        8.2025533482e-09,
        0.529185961469
    ],
    "remnant_velocity": [
        0.000415696895746,
        -0.000173307161195,
        3.28613504436e-08
    ],
    "metadata_version": 1,
    "spec_revisions": [
        "InitialCommit-23808-ge525bec",
        "InitialCommit-24359-gce55d2a"
    ],
    "spells_revision": "InitialCommit-23245-gfd35c55",
    "com_parameters": {
        "space_translation": [
            0.153468144,
            -0.0884549652,
            -5.32712826e-06
        ],
        "boost_velocity": [
            6.27084417e-06,
            1.55951484e-05,
            3.03928887e-08
        ]
    },
    "initial_mass_ratio": 2.00000008781727
}