{
    "simulation_name": "0278/Lev3",
    "alternative_names": [
        "PRIVATE:BBH:0434",
        "SXS:BBH:0580"
    ],
    "initial_data_type": "BBH_SKS",
    "object_types": "BHBH",
    "number_of_orbits": 18.29660469,
    "reference_mass_ratio": 1.929269559557781,
    "reference_chi_eff": -0.2565819962771584,
    "reference_chi1_perp": 0.0010004879304890836,
    "reference_chi2_perp": 1.8080193874928965e-05,
    "reference_eccentricity": 0.0002788,
    "reference_dimensionless_spin1": [
        -0.000125180755657,
        0.000991903160624,
        0.0154184087181
    ],
    "reference_dimensionless_spin2": [
        -0.000126620287702,
        2.21471738113e-05,
        -0.781343997741
    ],
    "reference_orbital_frequency": [
        2.98244514115e-06,
        -3.76539449801e-07,
        0.0161527417981
    ],
    "reference_mass1": 0.658660502485,
    "reference_mass2": 0.341404081779,
    "reference_time": 640.0,
    "reference_position1": [
        -4.05503850495,
        -3.3691890322,
        0.000655612746724
    ],
    "reference_position2": [
        7.8404293227,
        6.55320819606,
        -0.0013094657909
    ],
    "reference_mean_anomaly": 2.555986,
    "keywords": [],
    "point_of_contact_email": "daniel.hemberger@gmail.com",
    "authors_emails": [],
    "simulation_bibtex_keys": [
        "Blackman:2017dfb",
        "Boyle:2019kee",
        "SXSCatalogWebsite"
    ],
    "code_bibtex_keys": [
        "Ossokine:2013zga",
        "Hemberger:2012jz",
        "Szilagyi:2009qz",
        "Boyle:2009vi",
        "Scheel:2008rj",
        "Boyle:2007ft",
        "Scheel:2006gg",
        "Lindblom:2005qh",
        "Pfeiffer:2002wt",
        "SpECwebsite"
    ],
    "initial_data_bibtex_keys": [
        "Buchman:2012dw",
        "Lovelace:2008tw",
        "Pfeiffer:2007yz",
        "Caudill:2006hw",
        "Cook:2004kt"
    ],
    "quasicircular_bibtex_keys": [
        "Mroue:2012kv",
        "Buonanno:2010yk",
        "Mroue:2010re",
        "Boyle:2007ft"
    ],
    "initial_separation": 15.3166503906,
    "initial_orbital_frequency": 0.015113279715,
    "initial_adot": -0.0002165568302966,
    "object1": "bh",
    "object2": "bh",
    "initial_ADM_energy": 0.9935770690866286,
    "initial_ADM_linear_momentum": [
        -1.40930853e-08,
        -8.45894989e-08,
        -8.939e-13
    ],
    "initial_ADM_angular_momentum": [
        0.0001312003484663,
        0.0004064330857028,
        0.9261374843860385
    ],
    "initial_mass1": 0.658646444755933,
    "initial_mass2": 0.341353560251561,
    "initial_dimensionless_spin1": [
        0.000326263517265,
        0.000960586072493,
        0.0152933873309
    ],
    "initial_dimensionless_spin2": [
        -9.33870410135e-05,
        4.6066839883e-05,
        -0.78163603135
    ],
    "initial_position1": [
        5.220703115699678,
        0.018400879426578,
        1.32034255603e-05
    ],
    "initial_position2": [
        -10.095947274900322,
        0.018400879426578,
        1.32034255603e-05
    ],
    "relaxation_time": 640.0,
    "common_horizon_time": 5004.95725442,
    "remnant_mass": 0.964056979155,
    "remnant_dimensionless_spin": [
        3.69238033037e-05,
        0.000310917672831,
        0.583997999389
    ],
    "remnant_velocity": [
        0.000361705395888,
        -0.000124101167784,
        -5.67215315536e-07
    ],
    "metadata_version": 1,
    "spec_revisions": [
        "InitialCommit-29087-gbf4785c",
        "InitialCommit-29089-g8b04a13"
    ],
    "spells_revision": "8b04a13a5f37970ac7f06dcc5dbbd046e8370016",
    "com_parameters": {
        "space_translation": [
            -0.00488583425,
            0.00215755431,
            -6.30092183e-06
        ],
        "boost_velocity": [
            -3.40317285e-06,
            -1.83857537e-05,
            -1.89401366e-08
        ]
    },
    "initial_mass_ratio": 1.9295139159250092
}