{
    "simulation_name": "0282/Lev3",
    "alternative_names": [
        "PRIVATE:BBH:0513",
        "SXS:BBH:0584"
    ],
    "initial_data_type": "BBH_SKS",
    "object_types": "BHBH",
    "number_of_orbits": 17.6110681204,
    "reference_mass_ratio": 1.999769140747325,
    "reference_chi_eff": -0.4002653440218808,
    "reference_chi1_perp": 3.4551733821687926e-07,
    "reference_chi2_perp": 1.4300430316332205e-07,
    "reference_eccentricity": 0.0004072,
    "reference_dimensionless_spin1": [
        2.39536771407e-07,
        -1.97269854848e-07,
        -0.400434275003
    ],
    "reference_dimensionless_spin2": [
        -1.65314991104e-08,
        -6.60397870305e-08,
        -0.399927521059
    ],
    "reference_orbital_frequency": [
        -9.00139941235e-10,
        -2.85829253842e-09,
        0.01598139237
    ],
    "reference_mass1": 0.666615880403,
    "reference_mass2": 0.333346418254,
    "reference_time": 640.0,
    "reference_position1": [
        -4.33244677266,
        -2.86040036649,
        -8.96409648822e-05
    ],
    "reference_position2": [
        8.64543336747,
        5.81752760866,
        -8.7357936958e-05
    ],
    "reference_mean_anomaly": 3.544328,
    "keywords": [],
    "point_of_contact_email": "daniel.hemberger@gmail.com",
    "authors_emails": [],
    "simulation_bibtex_keys": [
        "Blackman:2017dfb",
        "Boyle:2019kee",
        "SXSCatalogWebsite"
    ],
    "code_bibtex_keys": [
        "Ossokine:2013zga",
        "Hemberger:2012jz",
        "Szilagyi:2009qz",
        "Boyle:2009vi",
        "Scheel:2008rj",
        "Boyle:2007ft",
        "Scheel:2006gg",
        "Lindblom:2005qh",
        "Pfeiffer:2002wt",
        "SpECwebsite"
    ],
    "initial_data_bibtex_keys": [
        "Buchman:2012dw",
        "Lovelace:2008tw",
        "Pfeiffer:2007yz",
        "Caudill:2006hw",
        "Cook:2004kt"
    ],
    "quasicircular_bibtex_keys": [
        "Mroue:2012kv",
        "Buonanno:2010yk",
        "Mroue:2010re",
        "Boyle:2007ft"
    ],
    "initial_separation": 15.4602050781,
    "initial_orbital_frequency": 0.015206686176,
    "initial_adot": -0.0001063989380326,
    "object1": "bh",
    "object2": "bh",
    "initial_ADM_energy": 0.9937017460454461,
    "initial_ADM_linear_momentum": [
        3.77813213e-08,
        -2.56952608e-08,
        -2.2702e-12
    ],
    "initial_ADM_angular_momentum": [
        -2.05956521e-08,
        -5.51989527e-08,
        0.7865406677739474
    ],
    "initial_mass1": 0.666666667737665,
    "initial_mass2": 0.333333339364183,
    "initial_dimensionless_spin1": [
        -4.73154375e-08,
        -1.307046516e-07,
        -0.400320058946
    ],
    "initial_dimensionless_spin2": [
        6.1663616e-09,
        -3.5318328e-09,
        -0.400000042801
    ],
    "initial_position1": [
        5.167298053120847,
        0.0219772100641825,
        -2.8699021e-09
    ],
    "initial_position2": [
        -10.292907024979153,
        0.0219772100641825,
        -2.8699021e-09
    ],
    "relaxation_time": 640.0,
    "common_horizon_time": 4931.95306164,
    "remnant_mass": 0.968548602949,
    "remnant_dimensionless_spin": [
        5.16866400188e-09,
        -1.85608230722e-07,
        0.467891292756
    ],
    "remnant_velocity": [
        -0.00048896526773,
        0.000538721504037,
        -1.92907869877e-07
    ],
    "metadata_version": 1,
    "spec_revisions": "InitialCommit-29089-g8b04a13",
    "spells_revision": "8b04a13a5f37970ac7f06dcc5dbbd046e8370016",
    "com_parameters": {
        "space_translation": [
            -0.00204967875,
            0.000272006086,
            4.56894836e-05
        ],
        "boost_velocity": [
            8.68737161e-06,
            1.39055942e-05,
            -2.16726378e-07
        ]
    },
    "initial_mass_ratio": 1.9999999670278976
}