{
    "simulation_name": "0150/Lev3",
    "alternative_names": [
        "PRIVATE:BBH:0354",
        "SXS:BBH:0461"
    ],
    "initial_data_type": "BBH_SKS",
    "object_types": "BHBH",
    "number_of_orbits": 17.4928443766,
    "reference_mass_ratio": 2.0000092652358563,
    "reference_chi_eff": -0.4002818627478865,
    "reference_chi1_perp": 2.2195309859336128e-07,
    "reference_chi2_perp": 2.7004469502763237e-08,
    "reference_eccentricity": 0.0001519,
    "reference_dimensionless_spin1": [
        -1.29857879828e-07,
        -1.81866394689e-07,
        -0.600463016195
    ],
    "reference_dimensionless_spin2": [
        1.66880726255e-08,
        -2.12191436393e-08,
        8.2298871945e-05
    ],
    "reference_orbital_frequency": [
        -1.24317860138e-09,
        1.26634236335e-09,
        0.0157552459514
    ],
    "reference_mass1": 0.666648395111,
    "reference_mass2": 0.333322653399,
    "reference_time": 470.0,
    "reference_position1": [
        2.78944973153,
        4.46788637161,
        2.83897637405e-05
    ],
    "reference_position2": [
        -5.48566303536,
        -8.93945139773,
        2.88144373192e-05
    ],
    "reference_mean_anomaly": 2.174655,
    "keywords": [],
    "point_of_contact_email": "daniel.hemberger@gmail.com",
    "authors_emails": [],
    "simulation_bibtex_keys": [
        "Blackman:2017dfb",
        "Boyle:2019kee",
        "SXSCatalogWebsite"
    ],
    "code_bibtex_keys": [
        "Ossokine:2013zga",
        "Hemberger:2012jz",
        "Szilagyi:2009qz",
        "Boyle:2009vi",
        "Scheel:2008rj",
        "Boyle:2007ft",
        "Scheel:2006gg",
        "Lindblom:2005qh",
        "Pfeiffer:2002wt",
        "SpECwebsite"
    ],
    "initial_data_bibtex_keys": [
        "Buchman:2012dw",
        "Lovelace:2008tw",
        "Pfeiffer:2007yz",
        "Caudill:2006hw",
        "Cook:2004kt"
    ],
    "quasicircular_bibtex_keys": [
        "Mroue:2012kv",
        "Buonanno:2010yk",
        "Mroue:2010re",
        "Boyle:2007ft"
    ],
    "initial_separation": 15.4719238281,
    "initial_orbital_frequency": 0.015187429651,
    "initial_adot": -7.41076402065e-05,
    "object1": "bh",
    "object2": "bh",
    "initial_ADM_energy": 0.9937131819891986,
    "initial_ADM_linear_momentum": [
        4.52388353e-08,
        -1.06588498e-07,
        6.2904e-12
    ],
    "initial_ADM_angular_momentum": [
        5.110655622e-07,
        -2.548386786e-07,
        0.742930926441626
    ],
    "initial_mass1": 0.666666687915852,
    "initial_mass2": 0.333333328523125,
    "initial_dimensionless_spin1": [
        -6.80280106001e-08,
        -1.976280357e-07,
        -0.600480111764
    ],
    "initial_dimensionless_spin2": [
        2.6e-15,
        5.86e-14,
        -7.6740241e-09
    ],
    "initial_position1": [
        5.185133407603672,
        0.0240384217116232,
        8.93521297e-08
    ],
    "initial_position2": [
        -10.286790420496327,
        0.0240384217116232,
        8.93521297e-08
    ],
    "relaxation_time": 470.0,
    "common_horizon_time": 4919.03857601,
    "remnant_mass": 0.969368756165,
    "remnant_dimensionless_spin": [
        -8.00724880934e-08,
        -3.42457064378e-08,
        0.42668015432
    ],
    "remnant_velocity": [
        -0.000156640349324,
        0.000997704146993,
        1.2076791007e-07
    ],
    "metadata_version": 1,
    "spec_revisions": "InitialCommit-28992-g2927f34",
    "spells_revision": "2927f34e8cc941f34696edeebf6ddc873b3bebb5",
    "com_parameters": {
        "space_translation": [
            -0.00350074617,
            0.00132360423,
            -1.66620998e-05
        ],
        "boost_velocity": [
            3.34524861e-06,
            1.24169661e-05,
            9.78342771e-08
        ]
    },
    "initial_mass_ratio": 2.0000000926088073
}