{
    "simulation_name": "BBH_SKS_d18.7_q1_sA_0_0_-0.600_sB_0_0_-0.600/Lev5",
    "alternative_names": [
        "PRIVATE:BBH:0091",
        "SXS:BBH:0215"
    ],
    "initial_data_type": "BBH_SKS",
    "object_types": "BHBH",
    "number_of_orbits": 25.7565960193,
    "reference_mass_ratio": 1.000000126314319,
    "reference_chi_eff": -0.599956921591997,
    "reference_chi1_perp": 3.004322747696739e-08,
    "reference_chi2_perp": 2.772414541192042e-08,
    "reference_eccentricity": 0.0001975,
    "reference_dimensionless_spin1": [
        -1.37067964032e-08,
        2.61173148876e-08,
        -0.599956872698
    ],
    "reference_dimensionless_spin2": [
        1.3006931921e-08,
        -2.50993194207e-08,
        -0.599956970486
    ],
    "reference_orbital_frequency": [
        -8.52001534841e-12,
        7.76959529631e-12,
        0.0118889793127
    ],
    "reference_mass1": 0.500006716725,
    "reference_mass2": 0.500006653567,
    "reference_time": 490.0,
    "reference_position1": [
        8.31277708741,
        -4.61231372115,
        -3.93894284874e-06
    ],
    "reference_position2": [
        -8.31278127305,
        4.61239775639,
        -3.9568857084e-06
    ],
    "reference_mean_anomaly": 0.946397,
    "keywords": [],
    "point_of_contact_email": "tonyc@cita.utoronto.ca",
    "authors_emails": [],
    "simulation_bibtex_keys": [
        "Chu:2015kft",
        "Boyle:2019kee",
        "SXSCatalogWebsite"
    ],
    "code_bibtex_keys": [
        "Ossokine:2013zga",
        "Hemberger:2012jz",
        "Szilagyi:2009qz",
        "Boyle:2009vi",
        "Scheel:2008rj",
        "Boyle:2007ft",
        "Scheel:2006gg",
        "Lindblom:2005qh",
        "Pfeiffer:2002wt",
        "SpECwebsite"
    ],
    "initial_data_bibtex_keys": [
        "Buchman:2012dw",
        "Lovelace:2008tw",
        "Pfeiffer:2007yz",
        "Caudill:2006hw",
        "Cook:2004kt"
    ],
    "quasicircular_bibtex_keys": [
        "Mroue:2012kv",
        "Buonanno:2010yk",
        "Mroue:2010re",
        "Boyle:2007ft"
    ],
    "initial_separation": 18.7,
    "initial_orbital_frequency": 0.0114785044133,
    "initial_adot": -0.000123547104402,
    "object1": "bh",
    "object2": "bh",
    "initial_ADM_energy": 0.994025769610587,
    "initial_ADM_linear_momentum": [
        8.9141916e-09,
        9.13128925e-08,
        -1.2404602e-09
    ],
    "initial_ADM_angular_momentum": [
        -7.01405588e-08,
        -3.72800712e-07,
        0.9231266091371582
    ],
    "initial_mass1": 0.500000003822355,
    "initial_mass2": 0.499999991530867,
    "initial_dimensionless_spin1": [
        1.67e-14,
        4.32799999999e-13,
        -0.600000052714
    ],
    "initial_dimensionless_spin2": [
        -4.17300000001e-13,
        3.173e-13,
        -0.599999943886
    ],
    "initial_position1": [
        9.350007826203237,
        -8.08424717e-07,
        0.0
    ],
    "initial_position2": [
        -9.349992173796762,
        -8.08424717e-07,
        0.0
    ],
    "relaxation_time": 490.0,
    "common_horizon_time": 9363.93175101,
    "remnant_mass": 0.963744959224,
    "remnant_dimensionless_spin": [
        -5.5104688549e-10,
        4.6028247861e-10,
        0.494212734663
    ],
    "remnant_velocity": [
        -3.35024453859e-08,
        9.10338884283e-08,
        -7.9255702482e-09
    ],
    "metadata_version": 1,
    "spec_revisions": "InitialCommit-23643-gf982f00",
    "spells_revision": "InitialCommit-22529-g5f7bd68",
    "com_parameters": {
        "space_translation": [
            1.38650558e-05,
            -2.27299407e-06,
            -2.10246047e-07
        ],
        "boost_velocity": [
            -3.20870402e-08,
            8.52355653e-08,
            -9.062443e-09
        ]
    },
    "initial_mass_ratio": 1.0000000245829763
}