{
    "simulation_name": "0135/Lev3",
    "alternative_names": [
        "PRIVATE:BBH:0338",
        "SXS:BBH:0447"
    ],
    "initial_data_type": "BBH_SKS",
    "object_types": "BHBH",
    "number_of_orbits": 18.3148558618,
    "reference_mass_ratio": 1.0000172376537788,
    "reference_chi_eff": -0.10025385249677914,
    "reference_chi1_perp": 2.2205549200307806e-07,
    "reference_chi2_perp": 1.804867844857789e-08,
    "reference_eccentricity": 0.0002242,
    "reference_dimensionless_spin1": [
        5.59802255776e-10,
        -2.29015017799e-07,
        -0.60044573861
    ],
    "reference_dimensionless_spin2": [
        4.84329511772e-10,
        1.90801652229e-08,
        0.399946655751
    ],
    "reference_orbital_frequency": [
        -4.27623517046e-10,
        1.97913984219e-10,
        0.0158166163344
    ],
    "reference_mass1": 0.500011932014,
    "reference_mass2": 0.50000331313,
    "reference_time": 640.0,
    "reference_position1": [
        -7.01198723004,
        -3.60456100832,
        -2.63275025402e-06
    ],
    "reference_position2": [
        6.95375411566,
        3.60023894662,
        -2.3453215985e-06
    ],
    "reference_mean_anomaly": 2.009667,
    "keywords": [],
    "point_of_contact_email": "daniel.hemberger@gmail.com",
    "authors_emails": [],
    "simulation_bibtex_keys": [
        "Blackman:2017dfb",
        "Boyle:2019kee",
        "SXSCatalogWebsite"
    ],
    "code_bibtex_keys": [
        "Ossokine:2013zga",
        "Hemberger:2012jz",
        "Szilagyi:2009qz",
        "Boyle:2009vi",
        "Scheel:2008rj",
        "Boyle:2007ft",
        "Scheel:2006gg",
        "Lindblom:2005qh",
        "Pfeiffer:2002wt",
        "SpECwebsite"
    ],
    "initial_data_bibtex_keys": [
        "Buchman:2012dw",
        "Lovelace:2008tw",
        "Pfeiffer:2007yz",
        "Caudill:2006hw",
        "Cook:2004kt"
    ],
    "quasicircular_bibtex_keys": [
        "Mroue:2012kv",
        "Buonanno:2010yk",
        "Mroue:2010re",
        "Boyle:2007ft"
    ],
    "initial_separation": 15.5349121094,
    "initial_orbital_frequency": 0.014933605356,
    "initial_adot": -5.70579103542e-05,
    "object1": "bh",
    "object2": "bh",
    "initial_ADM_energy": 0.992870174867449,
    "initial_ADM_linear_momentum": [
        -2.66676903e-08,
        -1.4672668e-08,
        4.97993e-11
    ],
    "initial_ADM_angular_momentum": [
        -2.832040625e-07,
        9.17435692e-08,
        1.072429450941892
    ],
    "initial_mass1": 0.500000019155067,
    "initial_mass2": 0.500000019450795,
    "initial_dimensionless_spin1": [
        -1.089053592e-07,
        -1.778124869e-07,
        -0.600480097215
    ],
    "initial_dimensionless_spin2": [
        -6.21630609999e-09,
        4.5787518e-09,
        0.400000012959
    ],
    "initial_position1": [
        7.7951556206979715,
        0.0019231762456715,
        -9.2237225e-09
    ],
    "initial_position2": [
        -7.739756488702029,
        0.0019231762456715,
        -9.2237225e-09
    ],
    "relaxation_time": 640.0,
    "common_horizon_time": 5041.95512764,
    "remnant_mass": 0.954024086784,
    "remnant_dimensionless_spin": [
        -1.72755124809e-08,
        -2.03212408593e-08,
        0.654722609665
    ],
    "remnant_velocity": [
        0.000115404219312,
        0.000780604721453,
        1.12669666239e-08
    ],
    "metadata_version": 1,
    "spec_revisions": "InitialCommit-28993-g473c7e9",
    "spells_revision": "473c7e9948ef075e173e9e9b5314b754eab42364",
    "com_parameters": {
        "space_translation": [
            -0.000846982503,
            -0.00270495195,
            -3.83008572e-06
        ],
        "boost_velocity": [
            3.90231104e-07,
            -1.24990693e-06,
            -2.09865713e-09
        ]
    },
    "initial_mass_ratio": 0.999999999408544
}