{
    "simulation_name": "BBH_SKS_d14_q3.50_sA_0_0_0_sB_0_0_0/Lev3",
    "alternative_names": [
        "PRIVATE:BBH:0007",
        "SXS:BBH:0193"
    ],
    "initial_data_type": "BBH_SKS",
    "object_types": "BHBH",
    "number_of_orbits": 19.5857943231,
    "reference_mass_ratio": 3.497587193378263,
    "reference_chi_eff": -5.0999169100172115e-05,
    "reference_chi1_perp": 1.4152431786892595e-07,
    "reference_chi2_perp": 2.695328300105699e-08,
    "reference_eccentricity": "<3.9e-05",
    "reference_dimensionless_spin1": [
        -7.25448886462e-09,
        1.41339027558e-07,
        -5.86243045187e-05
    ],
    "reference_dimensionless_spin2": [
        7.87395605236e-09,
        2.57788527952e-08,
        -2.43295931047e-05
    ],
    "reference_orbital_frequency": [
        -2.09662668537e-09,
        -3.39736494552e-10,
        0.0178236303185
    ],
    "reference_mass1": 0.777639160562,
    "reference_mass2": 0.222335889734,
    "reference_time": 330.0,
    "reference_position1": [
        2.84770966216,
        -1.39596523329,
        -3.80055322879e-06
    ],
    "reference_position2": [
        -10.1073260521,
        4.83786507189,
        -5.2056549665e-06
    ],
    "reference_mean_anomaly": 0.939754,
    "keywords": [],
    "point_of_contact_email": "jonathan.blackman.0@gmail.com",
    "authors_emails": [],
    "simulation_bibtex_keys": [
        "Blackman:2015pia",
        "Boyle:2019kee",
        "SXSCatalogWebsite"
    ],
    "code_bibtex_keys": [
        "Ossokine:2013zga",
        "Hemberger:2012jz",
        "Szilagyi:2009qz",
        "Boyle:2009vi",
        "Scheel:2008rj",
        "Boyle:2007ft",
        "Scheel:2006gg",
        "Lindblom:2005qh",
        "Pfeiffer:2002wt",
        "SpECwebsite"
    ],
    "initial_data_bibtex_keys": [
        "Buchman:2012dw",
        "Lovelace:2008tw",
        "Pfeiffer:2007yz",
        "Caudill:2006hw",
        "Cook:2004kt"
    ],
    "quasicircular_bibtex_keys": [
        "Mroue:2012kv",
        "Buonanno:2010yk",
        "Mroue:2010re",
        "Boyle:2007ft"
    ],
    "initial_separation": 14.0,
    "initial_orbital_frequency": 0.01746093,
    "initial_adot": -3.29e-06,
    "object1": "bh",
    "object2": "bh",
    "initial_ADM_energy": 0.9945963083443533,
    "initial_ADM_linear_momentum": [
        1.1498571111e-06,
        2.4962028812e-06,
        -1.163422726e-07
    ],
    "initial_ADM_angular_momentum": [
        -5.1936278761e-06,
        -2.55074210132e-05,
        0.7442595345220809
    ],
    "initial_mass1": 0.777654272177072,
    "initial_mass2": 0.222345713056826,
    "initial_dimensionless_spin1": [
        -9.63792999999e-11,
        4.12090000001e-12,
        -1.38468354e-08
    ],
    "initial_dimensionless_spin2": [
        -1.501994e-10,
        -6.15859999999e-12,
        -2.16119743001e-07
    ],
    "initial_position1": [
        3.1117154522702446,
        0.0351207465036073,
        0.0
    ],
    "initial_position2": [
        -10.888284547729755,
        0.0351207465036073,
        0.0
    ],
    "relaxation_time": 330.0,
    "common_horizon_time": 4770.47112572,
    "remnant_mass": 0.974860833109,
    "remnant_dimensionless_spin": [
        -5.31589425189e-08,
        5.15164889557e-08,
        0.504351240743
    ],
    "remnant_velocity": [
        -0.000137645676862,
        0.000565316195067,
        -8.29343155992e-09
    ],
    "metadata_version": 1,
    "spec_revisions": "InitialCommit-23461-g9badef7",
    "spells_revision": "9badef7eb2406fac17a4660fd1847a17cd4a5a1e",
    "com_parameters": {
        "space_translation": [
            -0.0118477262,
            -0.00453323102,
            -3.00801154e-06
        ],
        "boost_velocity": [
            2.00884626e-06,
            1.32391417e-05,
            -1.30890555e-08
        ]
    },
    "initial_mass_ratio": 3.4975006330719003
}