{
    "simulation_name": "0250/Lev3",
    "alternative_names": [
        "PRIVATE:BBH:0445",
        "SXS:BBH:0552"
    ],
    "initial_data_type": "BBH_SKS",
    "object_types": "BHBH",
    "number_of_orbits": 20.5127845318,
    "reference_mass_ratio": 1.7500997107430287,
    "reference_chi_eff": 0.36361533619992875,
    "reference_chi1_perp": 2.5827602886980924e-08,
    "reference_chi2_perp": 2.875483252660967e-08,
    "reference_eccentricity": 9.3e-05,
    "reference_dimensionless_spin1": [
        -2.39994985416e-08,
        5.63844562849e-08,
        0.799926319134
    ],
    "reference_dimensionless_spin2": [
        -1.68542865771e-08,
        -7.88886036021e-09,
        -0.399972388827
    ],
    "reference_orbital_frequency": [
        -4.62931569154e-10,
        6.49459689938e-10,
        0.0169518050661
    ],
    "reference_mass1": 0.636380118179,
    "reference_mass2": 0.363625063345,
    "reference_time": 610.0,
    "reference_position1": [
        -4.15017897123,
        -3.43741423615,
        8.7622518325e-06
    ],
    "reference_position2": [
        7.3285592305,
        6.08955418749,
        8.71072270817e-06
    ],
    "reference_mean_anomaly": 5.274397,
    "keywords": [],
    "point_of_contact_email": "daniel.hemberger@gmail.com",
    "authors_emails": [],
    "simulation_bibtex_keys": [
        "Blackman:2017dfb",
        "Boyle:2019kee",
        "SXSCatalogWebsite"
    ],
    "code_bibtex_keys": [
        "Ossokine:2013zga",
        "Hemberger:2012jz",
        "Szilagyi:2009qz",
        "Boyle:2009vi",
        "Scheel:2008rj",
        "Boyle:2007ft",
        "Scheel:2006gg",
        "Lindblom:2005qh",
        "Pfeiffer:2002wt",
        "SpECwebsite"
    ],
    "initial_data_bibtex_keys": [
        "Buchman:2012dw",
        "Lovelace:2008tw",
        "Pfeiffer:2007yz",
        "Caudill:2006hw",
        "Cook:2004kt"
    ],
    "quasicircular_bibtex_keys": [
        "Mroue:2012kv",
        "Buonanno:2010yk",
        "Mroue:2010re",
        "Boyle:2007ft"
    ],
    "initial_separation": 14.7025146484,
    "initial_orbital_frequency": 0.015920305476,
    "initial_adot": 6.75453936038e-05,
    "object1": "bh",
    "object2": "bh",
    "initial_ADM_energy": 0.992980891869639,
    "initial_ADM_linear_momentum": [
        5.0280296e-09,
        -5.64539698e-08,
        1.5413e-12
    ],
    "initial_ADM_angular_momentum": [
        -2.24892e-11,
        -6.9756e-12,
        1.268644117286527
    ],
    "initial_mass1": 0.636363650058611,
    "initial_mass2": 0.363636341391,
    "initial_dimensionless_spin1": [
        -1.127e-13,
        1.067e-13,
        0.800000015506
    ],
    "initial_dimensionless_spin2": [
        1.218e-13,
        -1.39e-14,
        -0.399999958807
    ],
    "initial_position1": [
        5.317907225192823,
        0.0200986082573776,
        -8.1248787e-09
    ],
    "initial_position2": [
        -9.384607423207175,
        0.0200986082573776,
        -8.1248787e-09
    ],
    "relaxation_time": 610.0,
    "common_horizon_time": 5091.71309899,
    "remnant_mass": 0.940830440222,
    "remnant_dimensionless_spin": [
        -2.8067147265e-08,
        3.71491763873e-08,
        0.832926278219
    ],
    "remnant_velocity": [
        0.000395880334189,
        0.000232898424945,
        3.58852452692e-08
    ],
    "metadata_version": 1,
    "spec_revisions": "InitialCommit-29089-g8b04a13",
    "spells_revision": "8b04a13a5f37970ac7f06dcc5dbbd046e8370016",
    "com_parameters": {
        "space_translation": [
            -0.0031443124,
            0.0019094734,
            -6.14231398e-06
        ],
        "boost_velocity": [
            2.56630248e-06,
            7.81722134e-06,
            2.09503999e-08
        ]
    },
    "initial_mass_ratio": 1.7500001447170015
}