{
    "simulation_name": "0093/Lev3",
    "alternative_names": [
        "PRIVATE:BBH:0345",
        "SXS:BBH:0414"
    ],
    "initial_data_type": "BBH_SKS",
    "object_types": "BHBH",
    "number_of_orbits": 17.0790962402,
    "reference_mass_ratio": 1.749744711017313,
    "reference_chi_eff": -0.5454949104179972,
    "reference_chi1_perp": 1.5664546608715345e-07,
    "reference_chi2_perp": 4.596996714490742e-08,
    "reference_eccentricity": 0.0002925,
    "reference_dimensionless_spin1": [
        2.98489173021e-08,
        -1.44835834757e-07,
        -0.400215110803
    ],
    "reference_dimensionless_spin2": [
        3.38151760438e-08,
        -2.092721149e-08,
        -0.799697471412
    ],
    "reference_orbital_frequency": [
        -2.55849107203e-10,
        -3.92374014448e-10,
        0.0155948021216
    ],
    "reference_mass1": 0.636371791589,
    "reference_mass2": 0.363694079246,
    "reference_time": 640.0,
    "reference_position1": [
        -5.44056557338,
        -1.95435496758,
        -1.1005084567e-05
    ],
    "reference_position2": [
        9.53169069558,
        3.45698545518,
        -1.06232966021e-05
    ],
    "reference_mean_anomaly": 3.439083,
    "keywords": [],
    "point_of_contact_email": "daniel.hemberger@gmail.com",
    "authors_emails": [],
    "simulation_bibtex_keys": [
        "Blackman:2017dfb",
        "Boyle:2019kee",
        "SXSCatalogWebsite"
    ],
    "code_bibtex_keys": [
        "Ossokine:2013zga",
        "Hemberger:2012jz",
        "Szilagyi:2009qz",
        "Boyle:2009vi",
        "Scheel:2008rj",
        "Boyle:2007ft",
        "Scheel:2006gg",
        "Lindblom:2005qh",
        "Pfeiffer:2002wt",
        "SpECwebsite"
    ],
    "initial_data_bibtex_keys": [
        "Buchman:2012dw",
        "Lovelace:2008tw",
        "Pfeiffer:2007yz",
        "Caudill:2006hw",
        "Cook:2004kt"
    ],
    "quasicircular_bibtex_keys": [
        "Mroue:2012kv",
        "Buonanno:2010yk",
        "Mroue:2010re",
        "Boyle:2007ft"
    ],
    "initial_separation": 15.7607421875,
    "initial_orbital_frequency": 0.014540015503,
    "initial_adot": -0.000251672715706,
    "object1": "bh",
    "object2": "bh",
    "initial_ADM_energy": 0.9936225624756089,
    "initial_ADM_linear_momentum": [
        -4.18002954e-08,
        -6.59697103e-08,
        -2.455e-13
    ],
    "initial_ADM_angular_momentum": [
        -2.736844643e-07,
        1.702366092e-07,
        0.7956576013368716
    ],
    "initial_mass1": 0.636363662983339,
    "initial_mass2": 0.363636369784766,
    "initial_dimensionless_spin1": [
        -7.3408882e-08,
        -1.17722827e-07,
        -0.400320085518
    ],
    "initial_dimensionless_spin2": [
        9.8957685e-09,
        -8.02536399999e-09,
        -0.800000010654
    ],
    "initial_position1": [
        5.734576748665444,
        0.017199311553306,
        4.0046069e-09
    ],
    "initial_position2": [
        -10.026165438834557,
        0.017199311553306,
        4.0046069e-09
    ],
    "relaxation_time": 640.0,
    "common_horizon_time": 4920.87131494,
    "remnant_mass": 0.967748672041,
    "remnant_dimensionless_spin": [
        -3.10213430999e-09,
        -6.26439370059e-08,
        0.46724216247
    ],
    "remnant_velocity": [
        0.000167836365033,
        -0.000499931403596,
        -8.98637816799e-09
    ],
    "metadata_version": 1,
    "spec_revisions": "InitialCommit-28977-g3727d27",
    "spells_revision": "3727d27cb1189c2dffa859c586de4b14bf054cbd",
    "com_parameters": {
        "space_translation": [
            -0.00447785898,
            0.000942087152,
            7.53078053e-07
        ],
        "boost_velocity": [
            2.81283732e-08,
            -1.44055664e-05,
            -2.02669115e-08
        ]
    },
    "initial_mass_ratio": 1.7500000436149952
}