{
    "simulation_name": "0220/Lev3",
    "alternative_names": [
        "PRIVATE:BBH:0389",
        "SXS:BBH:0525"
    ],
    "initial_data_type": "BBH_SKS",
    "object_types": "BHBH",
    "number_of_orbits": 19.691799554,
    "reference_mass_ratio": 1.250109299823327,
    "reference_chi_eff": 0.2665815876246184,
    "reference_chi1_perp": 2.9018569075843375e-08,
    "reference_chi2_perp": 8.529394320920866e-08,
    "reference_eccentricity": 9.78e-05,
    "reference_dimensionless_spin1": [
        -1.76803004425e-09,
        3.92650793782e-08,
        0.799762677154
    ],
    "reference_dimensionless_spin2": [
        1.02967344822e-08,
        6.12816857479e-08,
        -0.399953050886
    ],
    "reference_orbital_frequency": [
        5.58822592423e-10,
        8.46609071346e-10,
        0.0164390712609
    ],
    "reference_mass1": 0.555598717557,
    "reference_mass2": 0.444440112265,
    "reference_time": 640.0,
    "reference_position1": [
        -4.41272501753,
        -5.10636312883,
        1.5779158399e-05
    ],
    "reference_position2": [
        5.57651211012,
        6.4310685137,
        1.48454130898e-05
    ],
    "reference_mean_anomaly": 4.114475,
    "keywords": [],
    "point_of_contact_email": "daniel.hemberger@gmail.com",
    "authors_emails": [],
    "simulation_bibtex_keys": [
        "Blackman:2017dfb",
        "Boyle:2019kee",
        "SXSCatalogWebsite"
    ],
    "code_bibtex_keys": [
        "Ossokine:2013zga",
        "Hemberger:2012jz",
        "Szilagyi:2009qz",
        "Boyle:2009vi",
        "Scheel:2008rj",
        "Boyle:2007ft",
        "Scheel:2006gg",
        "Lindblom:2005qh",
        "Pfeiffer:2002wt",
        "SpECwebsite"
    ],
    "initial_data_bibtex_keys": [
        "Buchman:2012dw",
        "Lovelace:2008tw",
        "Pfeiffer:2007yz",
        "Caudill:2006hw",
        "Cook:2004kt"
    ],
    "quasicircular_bibtex_keys": [
        "Mroue:2012kv",
        "Buonanno:2010yk",
        "Mroue:2010re",
        "Boyle:2007ft"
    ],
    "initial_separation": 15.0693359375,
    "initial_orbital_frequency": 0.01535412882,
    "initial_adot": 9.85913827262e-05,
    "object1": "bh",
    "object2": "bh",
    "initial_ADM_energy": 0.9927024603067426,
    "initial_ADM_linear_momentum": [
        -2.0999815e-08,
        -2.77062974e-08,
        2.8428e-12
    ],
    "initial_ADM_angular_momentum": [
        -1.0772e-12,
        1.07507e-11,
        1.2475804272440731
    ],
    "initial_mass1": 0.555555564931474,
    "initial_mass2": 0.444444450126449,
    "initial_dimensionless_spin1": [
        -1.152e-13,
        1.714e-13,
        0.800000027125
    ],
    "initial_dimensionless_spin2": [
        -3e-15,
        2.62e-14,
        -0.399999983824
    ],
    "initial_position1": [
        6.665553127287858,
        0.0095016596737386,
        2.3248874e-09
    ],
    "initial_position2": [
        -8.403782810212142,
        0.0095016596737386,
        2.3248874e-09
    ],
    "relaxation_time": 640.0,
    "common_horizon_time": 5084.23016711,
    "remnant_mass": 0.941709186662,
    "remnant_dimensionless_spin": [
        2.29861915738e-08,
        4.80477465194e-08,
        0.787697957207
    ],
    "remnant_velocity": [
        0.000278537039238,
        0.000644887393889,
        4.96615074197e-08
    ],
    "metadata_version": 1,
    "spec_revisions": "InitialCommit-29087-gbf4785c",
    "spells_revision": "bf4785ce24ad399d0fce82459c642899a154ab08",
    "com_parameters": {
        "space_translation": [
            -0.000629646419,
            0.00125339483,
            -7.66159909e-06
        ],
        "boost_velocity": [
            2.63582319e-06,
            9.56402713e-06,
            3.28169244e-08
        ]
    },
    "initial_mass_ratio": 1.2500000051151785
}