{
    "simulation_name": "0060/Lev3",
    "alternative_names": [
        "PRIVATE:BBH:0763",
        "SXS:BBH:0692"
    ],
    "initial_data_type": "BBH_SKS",
    "object_types": "BHBH",
    "number_of_orbits": 18.079521403,
    "reference_mass_ratio": 1.666665217219467,
    "reference_chi_eff": -0.2975390237669749,
    "reference_chi1_perp": 0.7998393885564667,
    "reference_chi2_perp": 0.027585629399839922,
    "reference_eccentricity": 0.0002926,
    "reference_dimensionless_spin1": [
        -0.777816545837,
        -0.184398605714,
        0.0274474774062
    ],
    "reference_dimensionless_spin2": [
        -0.00913311934909,
        -0.0993339697368,
        -0.793377378803
    ],
    "reference_orbital_frequency": [
        -9.51699644523e-05,
        0.0024450770695,
        0.015715171589
    ],
    "reference_mass1": 0.625045795927,
    "reference_mass2": 0.375027803706,
    "reference_time": 640.0,
    "reference_position1": [
        -5.03234232517,
        -2.95474928203,
        0.455820332886
    ],
    "reference_position2": [
        8.42344843447,
        5.00129031338,
        -0.700549023156
    ],
    "reference_mean_anomaly": 3.692569,
    "keywords": [],
    "point_of_contact_email": "daniel.hemberger@gmail.com",
    "authors_emails": [],
    "simulation_bibtex_keys": [
        "Blackman:2017pcm",
        "Boyle:2019kee",
        "SXSCatalogWebsite"
    ],
    "code_bibtex_keys": [
        "Ossokine:2013zga",
        "Hemberger:2012jz",
        "Szilagyi:2009qz",
        "Boyle:2009vi",
        "Scheel:2008rj",
        "Boyle:2007ft",
        "Scheel:2006gg",
        "Lindblom:2005qh",
        "Pfeiffer:2002wt",
        "SpECwebsite"
    ],
    "initial_data_bibtex_keys": [
        "Buchman:2012dw",
        "Lovelace:2008tw",
        "Pfeiffer:2007yz",
        "Caudill:2006hw",
        "Cook:2004kt"
    ],
    "quasicircular_bibtex_keys": [
        "Mroue:2012kv",
        "Buonanno:2010yk",
        "Mroue:2010re",
        "Boyle:2007ft"
    ],
    "initial_separation": 15.4997558594,
    "initial_orbital_frequency": 0.014644919837,
    "initial_adot": -0.0002437498582865,
    "object1": "bh",
    "object2": "bh",
    "initial_ADM_energy": 0.9934078191133576,
    "initial_ADM_linear_momentum": [
        1.30487398e-08,
        -2.77399756e-08,
        -9.70528e-10
    ],
    "initial_ADM_angular_momentum": [
        -0.3095585197577325,
        0.0691313936111715,
        0.9459669216014086
    ],
    "initial_mass1": 0.6250000035182508,
    "initial_mass2": 0.3749999949410719,
    "initial_dimensionless_spin1": [
        -0.780207918387,
        0.176840923633,
        -0.000600836974732
    ],
    "initial_dimensionless_spin2": [
        -0.0240515047228,
        -0.0674111844511,
        -0.79679183752
    ],
    "initial_position1": [
        5.802551997463362,
        0.0179765954617572,
        -0.0250609625141499
    ],
    "initial_position2": [
        -9.69720386193664,
        0.0179765954617572,
        -0.0250609625141499
    ],
    "relaxation_time": 640.0,
    "common_horizon_time": 5009.88961654,
    "remnant_mass": 0.96005251386,
    "remnant_dimensionless_spin": [
        -0.207807150138,
        0.00182381625737,
        0.635074379922
    ],
    "remnant_velocity": [
        0.000583526023562,
        -0.000223858381603,
        -5.67039964655e-05
    ],
    "metadata_version": 1,
    "spec_revisions": "InitialCommit-29628-g2cce9e5",
    "spells_revision": "2cce9e5c03773621b7d160cd7247fc453684f921",
    "com_parameters": {
        "space_translation": [
            -0.00250855,
            0.00038614,
            0.00103382
        ],
        "boost_velocity": [
            6.04948466e-06,
            1.2601098e-05,
            -1.10508152e-06
        ]
    },
    "initial_mass_ratio": 1.6666666985327943
}