{
    "simulation_name": "0054/Lev3",
    "alternative_names": [
        "PRIVATE:BBH:0249",
        "SXS:BBH:0376"
    ],
    "initial_data_type": "BBH_SKS",
    "object_types": "BHBH",
    "number_of_orbits": 18.957177049,
    "reference_mass_ratio": 1.0000143778683568,
    "reference_chi_eff": 0.09990925838709257,
    "reference_chi1_perp": 1.502618961287361e-08,
    "reference_chi2_perp": 1.6457537091507896e-08,
    "reference_eccentricity": 0.000362,
    "reference_dimensionless_spin1": [
        1.16266546127e-08,
        1.3093434038e-08,
        0.599871701123
    ],
    "reference_dimensionless_spin2": [
        -1.65866819821e-08,
        -2.35852455732e-09,
        -0.400060372743
    ],
    "reference_orbital_frequency": [
        5.217171684e-12,
        8.96845628142e-11,
        0.0160978559849
    ],
    "reference_mass1": 0.500011001902,
    "reference_mass2": 0.500003812913,
    "reference_time": 640.0,
    "reference_position1": [
        -6.13756920491,
        -4.69260443059,
        3.3038858274e-06
    ],
    "reference_position2": [
        6.18911067247,
        4.70027503161,
        3.24756114079e-06
    ],
    "reference_mean_anomaly": 3.565019,
    "keywords": [],
    "point_of_contact_email": "daniel.hemberger@gmail.com",
    "authors_emails": [],
    "simulation_bibtex_keys": [
        "Blackman:2017dfb",
        "Boyle:2019kee",
        "SXSCatalogWebsite"
    ],
    "code_bibtex_keys": [
        "Ossokine:2013zga",
        "Hemberger:2012jz",
        "Szilagyi:2009qz",
        "Boyle:2009vi",
        "Scheel:2008rj",
        "Boyle:2007ft",
        "Scheel:2006gg",
        "Lindblom:2005qh",
        "Pfeiffer:2002wt",
        "SpECwebsite"
    ],
    "initial_data_bibtex_keys": [
        "Buchman:2012dw",
        "Lovelace:2008tw",
        "Pfeiffer:2007yz",
        "Caudill:2006hw",
        "Cook:2004kt"
    ],
    "quasicircular_bibtex_keys": [
        "Mroue:2012kv",
        "Buonanno:2010yk",
        "Mroue:2010re",
        "Boyle:2007ft"
    ],
    "initial_separation": 15.3138427734,
    "initial_orbital_frequency": 0.015180213646,
    "initial_adot": 2.71829795559e-05,
    "object1": "bh",
    "object2": "bh",
    "initial_ADM_energy": 0.9927311503130394,
    "initial_ADM_linear_momentum": [
        -3.9613894e-08,
        7.6417585e-08,
        -8.45641e-11
    ],
    "initial_ADM_angular_momentum": [
        2.458035682e-07,
        1.227530293e-07,
        1.1577307950538915
    ],
    "initial_mass1": 0.50000002539779,
    "initial_mass2": 0.500000017110869,
    "initial_dimensionless_spin1": [
        -2.354e-13,
        4.511e-13,
        0.600000028061
    ],
    "initial_dimensionless_spin2": [
        3.43e-13,
        -1.121e-13,
        -0.399999987403
    ],
    "initial_position1": [
        7.62962441022462,
        1.45641399935e-05,
        -6.02553209e-08
    ],
    "initial_position2": [
        -7.684218363175379,
        1.45641399935e-05,
        -6.02553209e-08
    ],
    "relaxation_time": 640.0,
    "common_horizon_time": 5063.0830909,
    "remnant_mass": 0.948536318935,
    "remnant_dimensionless_spin": [
        3.3429731926e-09,
        -2.18364535705e-09,
        0.71566680754
    ],
    "remnant_velocity": [
        -0.000608297378603,
        0.000429818250297,
        5.72918931253e-08
    ],
    "metadata_version": 1,
    "spec_revisions": "InitialCommit-28977-g3727d27",
    "spells_revision": "3727d27cb1189c2dffa859c586de4b14bf054cbd",
    "com_parameters": {
        "space_translation": [
            -0.000730755157,
            0.00227886908,
            -1.53147161e-05
        ],
        "boost_velocity": [
            -1.83592203e-07,
            5.00570221e-07,
            1.56523817e-08
        ]
    },
    "initial_mass_ratio": 1.0000000165738412
}