{
    "simulation_name": "0162/Lev3",
    "alternative_names": [
        "BFI:q4_7d:0162",
        "SXS:BBH:1654"
    ],
    "initial_data_type": "BBH_SKS",
    "object_types": "BHBH",
    "number_of_orbits": 20.6643146862,
    "reference_mass_ratio": 3.71981594406005,
    "reference_chi_eff": 0.06726011414400414,
    "reference_chi1_perp": 0.5521069332612063,
    "reference_chi2_perp": 0.6684594394922828,
    "reference_eccentricity": 0.0005586,
    "reference_dimensionless_spin1": [
        -0.462980830866,
        -0.300880205077,
        0.0199368155092
    ],
    "reference_dimensionless_spin2": [
        -0.185386017136,
        -0.623489842657,
        0.283554524661
    ],
    "reference_orbital_frequency": [
        -0.00108803073898,
        0.0015835973533,
        0.0178099949659
    ],
    "reference_mass1": 0.78817669937,
    "reference_mass2": 0.211885940386,
    "reference_time": 350.0,
    "reference_position1": [
        3.00435865644,
        -0.229269756163,
        0.19540965378
    ],
    "reference_position2": [
        -11.2424680899,
        0.715714681351,
        -0.758967948215
    ],
    "reference_mean_anomaly": 0.567767,
    "keywords": [],
    "point_of_contact_email": "mgiesler@tapir.caltech.edu",
    "authors_emails": [],
    "simulation_bibtex_keys": [
        "Varma:2019csw",
        "Boyle:2019kee",
        "SXSCatalogWebsite"
    ],
    "code_bibtex_keys": [
        "Ossokine:2013zga",
        "Hemberger:2012jz",
        "Szilagyi:2009qz",
        "Boyle:2009vi",
        "Scheel:2008rj",
        "Boyle:2007ft",
        "Scheel:2006gg",
        "Lindblom:2005qh",
        "Pfeiffer:2002wt",
        "SpECwebsite"
    ],
    "initial_data_bibtex_keys": [
        "Buchman:2012dw",
        "Lovelace:2008tw",
        "Pfeiffer:2007yz",
        "Caudill:2006hw",
        "Cook:2004kt"
    ],
    "quasicircular_bibtex_keys": [
        "Mroue:2012kv",
        "Buonanno:2010yk",
        "Mroue:2010re",
        "Boyle:2007ft"
    ],
    "initial_separation": 13.9298095703,
    "initial_orbital_frequency": 0.017252181582,
    "initial_adot": 0.0003495751523802,
    "object1": "bh",
    "object2": "bh",
    "initial_ADM_energy": 0.9947805067114794,
    "initial_ADM_linear_momentum": [
        -6.7132147e-09,
        -1.147824922e-07,
        5.978622e-10
    ],
    "initial_ADM_angular_momentum": [
        -0.3410342514576024,
        -0.14227964508619,
        0.7363003076676485
    ],
    "initial_mass1": 0.7881302833036458,
    "initial_mass2": 0.2118697290938078,
    "initial_dimensionless_spin1": [
        -0.510548530176037,
        -0.2108670442616763,
        0.013957902434818
    ],
    "initial_dimensionless_spin2": [
        -0.5162597992753875,
        -0.4157542424490165,
        0.2537000021590023
    ],
    "initial_position1": [
        2.9627153729624367,
        0.0293127094916801,
        -0.0106502402456198
    ],
    "initial_position2": [
        -10.967094197337563,
        0.0293127094916801,
        -0.0106502402456198
    ],
    "relaxation_time": 350.0,
    "common_horizon_time": 4996.59893956,
    "remnant_mass": 0.973585299827,
    "remnant_dimensionless_spin": [
        -0.27482800563,
        -0.118917422002,
        0.532765228051
    ],
    "remnant_velocity": [
        -0.00122036878566,
        -7.81747597171e-05,
        0.00138123807643
    ],
    "metadata_version": 1,
    "spec_revisions": "InitialCommit-30548-g8a39246",
    "spells_revision": "8a392465d586c8ca817d062b58522dabb63df692",
    "com_parameters": {
        "space_translation": [
            -0.01340989,
            0.01461362,
            -0.00211542
        ],
        "boost_velocity": [
            2.21279961e-05,
            -2.83722061e-05,
            5.83958029e-07
        ]
    },
    "initial_mass_ratio": 3.71988148884965
}