{
    "simulation_name": "020/Lev3",
    "alternative_names": "SXS:BBH:1165",
    "initial_data_type": "BBH_SKS",
    "object_types": "BHBH",
    "number_of_orbits": 40.3364240819,
    "reference_mass_ratio": 2.0001219045213303,
    "reference_chi_eff": -4.6209779942745924e-05,
    "reference_chi1_perp": 3.7629981806723196e-08,
    "reference_chi2_perp": 1.7078660030783667e-08,
    "reference_eccentricity": 0.0015612,
    "reference_dimensionless_spin1": [
        -3.64048295451e-08,
        9.52581387126e-09,
        -7.90813341498e-05
    ],
    "reference_dimensionless_spin2": [
        1.06902693731e-08,
        1.3319573262e-08,
        1.95373356626e-05
    ],
    "reference_orbital_frequency": [
        1.11696709244e-10,
        1.62514200952e-10,
        0.0107022260464
    ],
    "reference_mass1": 0.666693856669,
    "reference_mass2": 0.333326611324,
    "reference_time": 520.0,
    "reference_position1": [
        4.87977995993,
        -4.60132831125,
        5.28292637263e-06
    ],
    "reference_position2": [
        -9.84746478439,
        9.19205513795,
        5.22717760476e-06
    ],
    "reference_mean_anomaly": 1.090912,
    "keywords": [],
    "point_of_contact_email": "hblim@caltech.edu",
    "authors_emails": [],
    "simulation_bibtex_keys": [
        "Boyle:2019kee",
        "SXSCatalogWebsite"
    ],
    "code_bibtex_keys": [
        "Ossokine:2013zga",
        "Hemberger:2012jz",
        "Szilagyi:2009qz",
        "Boyle:2009vi",
        "Scheel:2008rj",
        "Boyle:2007ft",
        "Scheel:2006gg",
        "Lindblom:2005qh",
        "Pfeiffer:2002wt",
        "SpECwebsite"
    ],
    "initial_data_bibtex_keys": [
        "Buchman:2012dw",
        "Lovelace:2008tw",
        "Pfeiffer:2007yz",
        "Caudill:2006hw",
        "Cook:2004kt"
    ],
    "quasicircular_bibtex_keys": [
        "Mroue:2012kv",
        "Buonanno:2010yk",
        "Mroue:2010re",
        "Boyle:2007ft"
    ],
    "initial_separation": 19.9219360352,
    "initial_orbital_frequency": 0.010548828125,
    "initial_adot": 1.0492641547e-06,
    "object1": "bh",
    "object2": "bh",
    "initial_ADM_energy": 0.9948923289971787,
    "initial_ADM_linear_momentum": [
        2.7997771e-09,
        -5.7483834e-09,
        -3.4113e-12
    ],
    "initial_ADM_angular_momentum": [
        -2.42045e-11,
        1.7913e-11,
        1.0946135606855216
    ],
    "initial_mass1": 0.6666666689836177,
    "initial_mass2": 0.3333333324647672,
    "initial_dimensionless_spin1": [
        -7.12e-14,
        6.181e-13,
        -6.2938634e-09
    ],
    "initial_dimensionless_spin2": [
        8.776e-13,
        -4.751e-13,
        -1.719362586e-07
    ],
    "initial_position1": [
        6.646247959627999,
        0.0195696503961303,
        2.5202085e-08
    ],
    "initial_position2": [
        -13.275688075572003,
        0.0195696503961303,
        2.5202085e-08
    ],
    "relaxation_time": 520.0,
    "common_horizon_time": 15678.4936783,
    "remnant_mass": 0.961256311352,
    "remnant_dimensionless_spin": [
        -3.30168871328e-09,
        1.41692641503e-08,
        0.623390926067
    ],
    "remnant_velocity": [
        0.000310040006886,
        0.000413493726124,
        4.52652419777e-08
    ],
    "metadata_version": 1,
    "spec_revisions": [
        "InitialCommit-29563-gfb84698",
        "InitialCommit-29570-g976e624"
    ],
    "spells_revision": "fb84698ae3438f76f7f4f9e0a351c2e11277db0e",
    "com_parameters": {
        "space_translation": [
            -0.00552371924,
            -0.00784020669,
            -1.80877236e-05
        ],
        "boost_velocity": [
            -6.90770993e-06,
            9.79901428e-06,
            2.00667508e-08
        ]
    },
    "initial_mass_ratio": 2.00000001216225
}