{
    "simulation_name": "0213/Lev3",
    "alternative_names": [
        "BFI:q4_7d:0213",
        "SXS:BBH:1704"
    ],
    "initial_data_type": "BBH_SKS",
    "object_types": "BHBH",
    "number_of_orbits": 19.0484915067,
    "reference_mass_ratio": 2.077076884901822,
    "reference_chi_eff": -0.017790012421016934,
    "reference_chi1_perp": 0.5351700975637305,
    "reference_chi2_perp": 0.5853987324262324,
    "reference_eccentricity": 0.0005555,
    "reference_dimensionless_spin1": [
        -0.432763389636,
        -0.323568189036,
        -0.178596021658
    ],
    "reference_dimensionless_spin2": [
        -0.320316963121,
        -0.449208607891,
        0.398664100174
    ],
    "reference_orbital_frequency": [
        -0.00124006180812,
        0.00256224718164,
        0.0163456217863
    ],
    "reference_mass1": 0.674981969089,
    "reference_mass2": 0.324967252775,
    "reference_time": 640.0,
    "reference_position1": [
        -2.81522775781,
        -4.00700987059,
        0.42305171392
    ],
    "reference_position2": [
        5.75817489192,
        8.41603560058,
        -0.873892772582
    ],
    "reference_mean_anomaly": 3.550578,
    "keywords": [],
    "point_of_contact_email": "mgiesler@tapir.caltech.edu",
    "authors_emails": [],
    "simulation_bibtex_keys": [
        "Varma:2019csw",
        "Boyle:2019kee",
        "SXSCatalogWebsite"
    ],
    "code_bibtex_keys": [
        "Ossokine:2013zga",
        "Hemberger:2012jz",
        "Szilagyi:2009qz",
        "Boyle:2009vi",
        "Scheel:2008rj",
        "Boyle:2007ft",
        "Scheel:2006gg",
        "Lindblom:2005qh",
        "Pfeiffer:2002wt",
        "SpECwebsite"
    ],
    "initial_data_bibtex_keys": [
        "Buchman:2012dw",
        "Lovelace:2008tw",
        "Pfeiffer:2007yz",
        "Caudill:2006hw",
        "Cook:2004kt"
    ],
    "quasicircular_bibtex_keys": [
        "Mroue:2012kv",
        "Buonanno:2010yk",
        "Mroue:2010re",
        "Boyle:2007ft"
    ],
    "initial_separation": 14.9721069336,
    "initial_orbital_frequency": 0.015529506286,
    "initial_adot": 0.000150974777415,
    "object1": "bh",
    "object2": "bh",
    "initial_ADM_energy": 0.9935543834590874,
    "initial_ADM_linear_momentum": [
        -1.2534715e-08,
        -2.49784235e-08,
        5.5054165e-09
    ],
    "initial_ADM_angular_momentum": [
        -0.3002320525213892,
        -0.051927994088045,
        0.9154541824113591
    ],
    "initial_mass1": 0.6750504377882115,
    "initial_mass2": 0.3249495626142259,
    "initial_dimensionless_spin1": [
        -0.521440617950112,
        -0.1152245470670915,
        -0.1963502648285758
    ],
    "initial_dimensionless_spin2": [
        -0.5775810082429131,
        -0.1085098684844466,
        0.3438084165587971
    ],
    "initial_position1": [
        4.884744610292184,
        0.0230649689612062,
        -0.0077983765580003
    ],
    "initial_position2": [
        -10.087362323307815,
        0.0230649689612062,
        -0.0077983765580003
    ],
    "relaxation_time": 640.0,
    "common_horizon_time": 5020.17596633,
    "remnant_mass": 0.961449602507,
    "remnant_dimensionless_spin": [
        -0.209953943398,
        -0.0629089201389,
        0.593302785003
    ],
    "remnant_velocity": [
        0.00133247125852,
        -0.000533033167509,
        -0.00101649936793
    ],
    "metadata_version": 1,
    "spec_revisions": "InitialCommit-30548-g8a39246",
    "spells_revision": "8a392465d586c8ca817d062b58522dabb63df692",
    "com_parameters": {
        "space_translation": [
            -0.00182946,
            -0.00432932,
            0.00120797
        ],
        "boost_velocity": [
            -7.2733067e-06,
            2.72793166e-05,
            -5.2044829e-06
        ]
    },
    "initial_mass_ratio": 2.077400665990798
}