{
    "simulation_name": "BBH_SKS_d13.4_q1_sA_-0.001_-0.001_-0.438_sB_-0.001_0.001_-0.438/Lev4",
    "alternative_names": [
        "PRIVATE:BBH:0107",
        "SXS:BBH:1135"
    ],
    "initial_data_type": "BBH_SKS",
    "object_types": "BHBH",
    "number_of_orbits": 10.3281191849,
    "reference_mass_ratio": 0.9999999971560678,
    "reference_chi_eff": -0.43750245384795894,
    "reference_chi1_perp": 0.001676538297256238,
    "reference_chi2_perp": 0.0017276958920158887,
    "reference_eccentricity": 0.0002957,
    "reference_dimensionless_spin1": [
        -0.000642499374111,
        -0.00163702166366,
        -0.437502219052
    ],
    "reference_dimensionless_spin2": [
        -0.00154728063102,
        0.000613811373392,
        -0.437502611189
    ],
    "reference_orbital_frequency": [
        -1.17992616414e-06,
        4.48150601918e-06,
        0.0196799974046
    ],
    "reference_mass1": 0.500011939141,
    "reference_mass2": 0.500011940563,
    "reference_time": 290.0,
    "reference_position1": [
        5.37060345192,
        -4.26607883904,
        0.000697649286945
    ],
    "reference_position2": [
        -5.37059968868,
        4.2660951524,
        -0.00188928274727
    ],
    "reference_mean_anomaly": 2.653141,
    "keywords": [],
    "point_of_contact_email": "haroon.a.kh@gmail.com",
    "authors_emails": [],
    "simulation_bibtex_keys": [
        "Boyle:2019kee",
        "SXSCatalogWebsite"
    ],
    "code_bibtex_keys": [
        "Ossokine:2013zga",
        "Hemberger:2012jz",
        "Szilagyi:2009qz",
        "Boyle:2009vi",
        "Scheel:2008rj",
        "Boyle:2007ft",
        "Scheel:2006gg",
        "Lindblom:2005qh",
        "Pfeiffer:2002wt",
        "SpECwebsite"
    ],
    "initial_data_bibtex_keys": [
        "Buchman:2012dw",
        "Lovelace:2008tw",
        "Pfeiffer:2007yz",
        "Caudill:2006hw",
        "Cook:2004kt"
    ],
    "quasicircular_bibtex_keys": [
        "Mroue:2012kv",
        "Buonanno:2010yk",
        "Mroue:2010re",
        "Boyle:2007ft"
    ],
    "initial_separation": 13.36310989,
    "initial_orbital_frequency": 0.01878623,
    "initial_adot": -0.000198340285,
    "object1": "bh",
    "object2": "bh",
    "initial_ADM_energy": 0.9919985716841746,
    "initial_ADM_linear_momentum": [
        4.6088577e-09,
        4.20013718e-08,
        -2.3507225797e-06
    ],
    "initial_ADM_angular_momentum": [
        -0.0006196651815176,
        2.41655623733e-05,
        0.862304212446988
    ],
    "initial_mass1": 0.499999994071756,
    "initial_mass2": 0.499999994056782,
    "initial_dimensionless_spin1": [
        -0.00122756571061,
        -0.00122756570574,
        -0.43756799618
    ],
    "initial_dimensionless_spin2": [
        -0.00122765504963,
        0.00122765505694,
        -0.437567993874
    ],
    "initial_position1": [
        6.681556782641544,
        -3.86541023e-07,
        0.0
    ],
    "initial_position2": [
        -6.681553107358456,
        -3.86541023e-07,
        0.0
    ],
    "relaxation_time": 290.0,
    "common_horizon_time": 2338.29318844,
    "remnant_mass": 0.961127062738,
    "remnant_dimensionless_spin": [
        -0.000431940163976,
        8.25110026748e-05,
        0.547828675631
    ],
    "remnant_velocity": [
        4.14160123539e-09,
        4.03546543021e-08,
        -2.61154876909e-06
    ],
    "metadata_version": 1,
    "spec_revisions": "InitialCommit-24503-g299b439",
    "spells_revision": "299b439f40b0399ad526457be6af9d0bc6ef1999",
    "com_parameters": {
        "space_translation": [
            1.54974577e-06,
            -9.99498387e-07,
            1.84370006e-05
        ],
        "boost_velocity": [
            1.54038776e-09,
            2.88790019e-08,
            -2.36476541e-06
        ]
    },
    "initial_mass_ratio": 1.000000000029948
}