{
    "simulation_name": "0451/Lev3",
    "alternative_names": [
        "BFI:q4_7d:0451",
        "SXS:BBH:1932"
    ],
    "initial_data_type": "BBH_SKS",
    "object_types": "BHBH",
    "number_of_orbits": 17.513597218,
    "reference_mass_ratio": 3.998432993262298,
    "reference_chi_eff": -0.4800512283727279,
    "reference_chi1_perp": 2.866906906343289e-07,
    "reference_chi2_perp": 1.7756908039880208e-07,
    "reference_eccentricity": 0.000577,
    "reference_dimensionless_spin1": [
        1.64198252139e-07,
        -6.90804767901e-08,
        -0.800053029362
    ],
    "reference_dimensionless_spin2": [
        -1.94236767175e-07,
        -7.530543855e-08,
        0.799454530606
    ],
    "reference_orbital_frequency": [
        -1.47698956707e-09,
        -4.30515659408e-09,
        0.0171043253942
    ],
    "reference_mass1": 0.799947476681,
    "reference_mass2": 0.200065245067,
    "reference_time": 370.0,
    "reference_position1": [
        2.98455205173,
        -0.0540705063889,
        -1.94874912909e-05
    ],
    "reference_position2": [
        -11.8534894555,
        0.0252131706441,
        -2.0748827436e-05
    ],
    "reference_mean_anomaly": 4.169119,
    "keywords": [],
    "point_of_contact_email": "glovelace@fullerton.edu",
    "authors_emails": [],
    "simulation_bibtex_keys": [
        "Varma:2019csw",
        "Boyle:2019kee",
        "SXSCatalogWebsite"
    ],
    "code_bibtex_keys": [
        "Ossokine:2013zga",
        "Hemberger:2012jz",
        "Szilagyi:2009qz",
        "Boyle:2009vi",
        "Scheel:2008rj",
        "Boyle:2007ft",
        "Scheel:2006gg",
        "Lindblom:2005qh",
        "Pfeiffer:2002wt",
        "SpECwebsite"
    ],
    "initial_data_bibtex_keys": [
        "Buchman:2012dw",
        "Lovelace:2008tw",
        "Pfeiffer:2007yz",
        "Caudill:2006hw",
        "Cook:2004kt"
    ],
    "quasicircular_bibtex_keys": [
        "Mroue:2012kv",
        "Buonanno:2010yk",
        "Mroue:2010re",
        "Boyle:2007ft"
    ],
    "initial_separation": 14.4904785156,
    "initial_orbital_frequency": 0.01605502895,
    "initial_adot": 0.0002843572796596,
    "object1": "bh",
    "object2": "bh",
    "initial_ADM_energy": 0.9953446352112889,
    "initial_ADM_linear_momentum": [
        9.1973856e-09,
        -7.08032562e-08,
        -6.744e-13
    ],
    "initial_ADM_angular_momentum": [
        -4.9943e-12,
        2.38413e-11,
        0.2373552413077223
    ],
    "initial_mass1": 0.7999999951257736,
    "initial_mass2": 0.2000000067757722,
    "initial_dimensionless_spin1": [
        1.848e-13,
        7.82e-14,
        -0.7999999979646497
    ],
    "initial_dimensionless_spin2": [
        -5.157e-13,
        4.346e-13,
        0.8000000214838578
    ],
    "initial_position1": [
        2.940607496249068,
        0.0331559756501636,
        3.855003e-10
    ],
    "initial_position2": [
        -11.549871019350931,
        0.0331559756501636,
        3.855003e-10
    ],
    "relaxation_time": 370.0,
    "common_horizon_time": 4669.98649392,
    "remnant_mass": 0.983928602541,
    "remnant_dimensionless_spin": [
        4.20311184715e-07,
        -2.14881362857e-07,
        0.0574997223323
    ],
    "remnant_velocity": [
        0.000153600338471,
        0.000889052575721,
        -3.21719558805e-07
    ],
    "metadata_version": 1,
    "spec_revisions": "InitialCommit-30548-g8a39246",
    "spells_revision": "8a392465d586c8ca817d062b58522dabb63df692",
    "com_parameters": {
        "space_translation": [
            -0.0078155,
            0.01641444,
            0.00013102
        ],
        "boost_velocity": [
            1.26999941e-05,
            -1.49995227e-05,
            -3.18879348e-07
        ]
    },
    "initial_mass_ratio": 3.9999998401134294
}