{
    "simulation_name": "067/Lev3",
    "alternative_names": [
        "BFI:q8_3dAl:067",
        "SXS:BBH:1477"
    ],
    "initial_data_type": "BBH_SKS",
    "object_types": "BHBH",
    "number_of_orbits": 21.2989855695,
    "reference_mass_ratio": 1.0000001565986951,
    "reference_chi_eff": 0.79991413848851,
    "reference_chi1_perp": 6.329340042437803e-08,
    "reference_chi2_perp": 6.194558355040431e-08,
    "reference_eccentricity": 9.74e-05,
    "reference_dimensionless_spin1": [
        -2.59943751273e-08,
        -6.04813503175e-08,
        0.799914264418
    ],
    "reference_dimensionless_spin2": [
        3.72386344325e-08,
        4.68222459566e-08,
        0.799914012559
    ],
    "reference_orbital_frequency": [
        6.67491893571e-12,
        -6.24053346099e-11,
        0.0171331892014
    ],
    "reference_mass1": 0.500042559352,
    "reference_mass2": 0.500042481046,
    "reference_time": 640.0,
    "reference_position1": [
        -2.11839459843,
        -7.08125767968,
        -6.53366639389e-06
    ],
    "reference_position2": [
        2.1181228083,
        7.08118095619,
        -6.48373212294e-06
    ],
    "reference_mean_anomaly": 2.681143,
    "keywords": [],
    "point_of_contact_email": "scheel@tapir.caltech.edu",
    "authors_emails": [],
    "simulation_bibtex_keys": [
        "Varma:2018mmi",
        "Boyle:2019kee",
        "SXSCatalogWebsite"
    ],
    "code_bibtex_keys": [
        "Ossokine:2013zga",
        "Hemberger:2012jz",
        "Szilagyi:2009qz",
        "Boyle:2009vi",
        "Scheel:2008rj",
        "Boyle:2007ft",
        "Scheel:2006gg",
        "Lindblom:2005qh",
        "Pfeiffer:2002wt",
        "SpECwebsite"
    ],
    "initial_data_bibtex_keys": [
        "Buchman:2012dw",
        "Lovelace:2008tw",
        "Pfeiffer:2007yz",
        "Caudill:2006hw",
        "Cook:2004kt"
    ],
    "quasicircular_bibtex_keys": [
        "Mroue:2012kv",
        "Buonanno:2010yk",
        "Mroue:2010re",
        "Boyle:2007ft"
    ],
    "initial_separation": 14.5659790039,
    "initial_orbital_frequency": 0.015660417847,
    "initial_adot": 0.0003851361444449,
    "object1": "bh",
    "object2": "bh",
    "initial_ADM_energy": 0.9923064074479336,
    "initial_ADM_linear_momentum": [
        1.1413749e-09,
        1.57877437e-08,
        -1.9874e-12
    ],
    "initial_ADM_angular_momentum": [
        -1.08536e-11,
        -1.34186e-11,
        1.4572384649341097
    ],
    "initial_mass1": 0.5000000147917444,
    "initial_mass2": 0.5000000004204237,
    "initial_dimensionless_spin1": [
        -3.49e-14,
        9.4e-15,
        0.8000000035636629
    ],
    "initial_dimensionless_spin2": [
        4.92e-14,
        -3.28e-14,
        0.8000000267399069
    ],
    "initial_position1": [
        7.282989387483236,
        -2.83613535e-08,
        1.6730154e-09
    ],
    "initial_position2": [
        -7.2829896164167645,
        -2.83613535e-08,
        1.6730154e-09
    ],
    "relaxation_time": 640.0,
    "common_horizon_time": 5084.91007862,
    "remnant_mass": 0.911258202522,
    "remnant_dimensionless_spin": [
        1.99178167132e-09,
        -4.47755912545e-09,
        0.907535846837
    ],
    "remnant_velocity": [
        -2.73232281829e-07,
        -7.96120829958e-08,
        -7.21461703394e-09
    ],
    "metadata_version": 1,
    "spec_revisions": "InitialCommit-30348-g755d64a",
    "spells_revision": "755d64a9ecb1396c12985e0534d4ae1a0d4a7c34",
    "com_parameters": {
        "space_translation": [
            3.68666391e-05,
            1.36404089e-05,
            -5.13779298e-07
        ],
        "boost_velocity": [
            -2.69023579e-07,
            -8.13502647e-08,
            -1.14099725e-08
        ]
    },
    "initial_mass_ratio": 1.0000000287426414
}