{
    "simulation_name": "038/Lev3",
    "alternative_names": [
        "BFI:q8_3dAl:038",
        "SXS:BBH:1448"
    ],
    "initial_data_type": "BBH_SKS",
    "object_types": "BHBH",
    "number_of_orbits": 19.0939385315,
    "reference_mass_ratio": 6.94514884714659,
    "reference_chi_eff": -0.35475015984443425,
    "reference_chi1_perp": 5.645182918304796e-07,
    "reference_chi2_perp": 2.1558498464979558e-07,
    "reference_eccentricity": 0.0002625,
    "reference_dimensionless_spin1": [
        -1.41871149628e-07,
        -3.80148287254e-07,
        -0.481394701355
    ],
    "reference_dimensionless_spin2": [
        -1.15195270446e-07,
        1.39889729501e-08,
        0.524815031624
    ],
    "reference_orbital_frequency": [
        -5.80521345114e-10,
        -6.71337668207e-09,
        0.0198987149388
    ],
    "reference_mass1": 0.874255497027,
    "reference_mass2": 0.125880023059,
    "reference_time": 640.0,
    "reference_position1": [
        1.67120459147,
        -0.179148287263,
        -3.50514833698e-05
    ],
    "reference_position2": [
        -11.6159121404,
        0.887406045424,
        -3.50792878734e-05
    ],
    "reference_mean_anomaly": 1.130775,
    "keywords": [],
    "point_of_contact_email": "vvarma@caltech.edu",
    "authors_emails": [],
    "simulation_bibtex_keys": [
        "Varma:2018mmi",
        "Boyle:2019kee",
        "SXSCatalogWebsite"
    ],
    "code_bibtex_keys": [
        "Ossokine:2013zga",
        "Hemberger:2012jz",
        "Szilagyi:2009qz",
        "Boyle:2009vi",
        "Scheel:2008rj",
        "Boyle:2007ft",
        "Scheel:2006gg",
        "Lindblom:2005qh",
        "Pfeiffer:2002wt",
        "SpECwebsite"
    ],
    "initial_data_bibtex_keys": [
        "Buchman:2012dw",
        "Lovelace:2008tw",
        "Pfeiffer:2007yz",
        "Caudill:2006hw",
        "Cook:2004kt"
    ],
    "quasicircular_bibtex_keys": [
        "Mroue:2012kv",
        "Buonanno:2010yk",
        "Mroue:2010re",
        "Boyle:2007ft"
    ],
    "initial_separation": 13.1694946289,
    "initial_orbital_frequency": 0.018797002689,
    "initial_adot": 0.0001870602029617,
    "object1": "bh",
    "object2": "bh",
    "initial_ADM_energy": 0.9964801575737924,
    "initial_ADM_linear_momentum": [
        6.761103e-09,
        -6.65980794e-08,
        -5.49004e-11
    ],
    "initial_ADM_angular_momentum": [
        1.88857e-11,
        -6.482e-12,
        0.1157940500499084
    ],
    "initial_mass1": 0.8741169503079339,
    "initial_mass2": 0.1258830755405957,
    "initial_dimensionless_spin1": [
        2.41e-13,
        -4.85e-14,
        -0.4816307149976346
    ],
    "initial_dimensionless_spin2": [
        1.529e-13,
        -3.613e-13,
        0.5247807743573645
    ],
    "initial_position1": [
        1.6802203851648392,
        0.0270213612897583,
        1.87371198e-08
    ],
    "initial_position2": [
        -11.489274243735162,
        0.0270213612897583,
        1.87371198e-08
    ],
    "relaxation_time": 640.0,
    "common_horizon_time": 4548.33106036,
    "remnant_mass": 0.990364538148,
    "remnant_dimensionless_spin": [
        2.7824532688e-08,
        -6.22176165943e-07,
        0.0125152107341
    ],
    "remnant_velocity": [
        5.54195943089e-05,
        -0.000418568117298,
        -1.46485904709e-07
    ],
    "metadata_version": 1,
    "spec_revisions": "InitialCommit-30391-g7de1691",
    "spells_revision": "7de1691a20fa3565c2276fa60966e8a261a47fe7",
    "com_parameters": {
        "space_translation": [
            0.0225020721,
            -0.03716621,
            9.55443702e-05
        ],
        "boost_velocity": [
            -2.01587987e-05,
            4.10278881e-06,
            -1.57325128e-07
        ]
    },
    "initial_mass_ratio": 6.943879838922765
}