{
    "simulation_name": "0202/Lev3",
    "alternative_names": [
        "BFI:q4_7d:0202",
        "SXS:BBH:1693"
    ],
    "initial_data_type": "BBH_SKS",
    "object_types": "BHBH",
    "number_of_orbits": 20.1301394734,
    "reference_mass_ratio": 2.454755754310625,
    "reference_chi_eff": 0.1660770030391926,
    "reference_chi1_perp": 0.7520229887242557,
    "reference_chi2_perp": 0.10585889988747774,
    "reference_eccentricity": 0.0002639,
    "reference_dimensionless_spin1": [
        -0.324843494582,
        -0.676113720056,
        0.060853344004
    ],
    "reference_dimensionless_spin2": [
        -0.02523312831,
        -0.0341705423381,
        0.512814649019
    ],
    "reference_orbital_frequency": [
        -0.00250803507324,
        0.00200053891116,
        0.0169402540126
    ],
    "reference_mass1": 0.710567223381,
    "reference_mass2": 0.289465549529,
    "reference_time": 640.0,
    "reference_position1": [
        -0.861584205823,
        -4.15640694436,
        0.389437380482
    ],
    "reference_position2": [
        2.01250205161,
        10.2220572651,
        -0.883056407421
    ],
    "reference_mean_anomaly": 2.733082,
    "keywords": [],
    "point_of_contact_email": "mgiesler@tapir.caltech.edu",
    "authors_emails": [],
    "simulation_bibtex_keys": [
        "Varma:2019csw",
        "Boyle:2019kee",
        "SXSCatalogWebsite"
    ],
    "code_bibtex_keys": [
        "Ossokine:2013zga",
        "Hemberger:2012jz",
        "Szilagyi:2009qz",
        "Boyle:2009vi",
        "Scheel:2008rj",
        "Boyle:2007ft",
        "Scheel:2006gg",
        "Lindblom:2005qh",
        "Pfeiffer:2002wt",
        "SpECwebsite"
    ],
    "initial_data_bibtex_keys": [
        "Buchman:2012dw",
        "Lovelace:2008tw",
        "Pfeiffer:2007yz",
        "Caudill:2006hw",
        "Cook:2004kt"
    ],
    "quasicircular_bibtex_keys": [
        "Mroue:2012kv",
        "Buonanno:2010yk",
        "Mroue:2010re",
        "Boyle:2007ft"
    ],
    "initial_separation": 14.5264892578,
    "initial_orbital_frequency": 0.016278164562,
    "initial_adot": 0.0002124225664461,
    "object1": "bh",
    "object2": "bh",
    "initial_ADM_energy": 0.9937611195922044,
    "initial_ADM_linear_momentum": [
        -6.645979e-09,
        -2.5488433e-08,
        6.8603679e-09
    ],
    "initial_ADM_angular_momentum": [
        -0.290174503046343,
        -0.2443398185501989,
        0.9502325620406712
    ],
    "initial_mass1": 0.7105521050914014,
    "initial_mass2": 0.289447895082786,
    "initial_dimensionless_spin1": [
        -0.5604536552495356,
        -0.5013447862446568,
        0.0313032876593095
    ],
    "initial_dimensionless_spin2": [
        -0.0780965800601544,
        -0.0396839171247994,
        0.5070938696246704
    ],
    "initial_position1": [
        4.218230369980787,
        0.0269881541905061,
        -0.0183667293636707
    ],
    "initial_position2": [
        -10.308258887819214,
        0.0269881541905061,
        -0.0183667293636707
    ],
    "relaxation_time": 640.0,
    "common_horizon_time": 5055.93535299,
    "remnant_mass": 0.960572931137,
    "remnant_dimensionless_spin": [
        -0.180034754541,
        -0.199136285816,
        0.661433930675
    ],
    "remnant_velocity": [
        -0.00110065770585,
        -0.000623497820888,
        0.00310012454565
    ],
    "metadata_version": 1,
    "spec_revisions": "InitialCommit-30548-g8a39246",
    "spells_revision": "8a392465d586c8ca817d062b58522dabb63df692",
    "com_parameters": {
        "space_translation": [
            -0.00801935,
            0.00120704,
            -0.00068554
        ],
        "boost_velocity": [
            7.8364111e-06,
            -7.47747224e-06,
            6.78882907e-06
        ]
    },
    "initial_mass_ratio": 2.4548532470349245
}