{
    "simulation_name": "BBH_SKS_d13.2_q3_sA_0_0_0_sB_0_0_0/Lev5",
    "alternative_names": [
        "PRIVATE:BBH:0171",
        "SXS:BBH:1182"
    ],
    "initial_data_type": "BBH_SKS",
    "object_types": "BHBH",
    "number_of_orbits": 15.2227553438,
    "reference_mass_ratio": 3.000014041853941,
    "reference_chi_eff": -7.416018650891513e-05,
    "reference_chi1_perp": 3.2641543801129095e-07,
    "reference_chi2_perp": 5.672581074799154e-07,
    "reference_eccentricity": 0.006703,
    "reference_dimensionless_spin1": [
        -5.82561600018e-08,
        -3.21150073927e-07,
        -0.000117957611453
    ],
    "reference_dimensionless_spin2": [
        1.63218920364e-07,
        -5.43272682023e-07,
        5.72327030846e-05
    ],
    "reference_orbital_frequency": [
        -6.32242505732e-09,
        -3.18188245659e-09,
        0.0206444259685
    ],
    "reference_mass1": 0.749965804748,
    "reference_mass2": 0.249987431487,
    "reference_time": 640.0,
    "reference_position1": [
        3.22037596847,
        0.384992409958,
        -1.22029573441e-05
    ],
    "reference_position2": [
        -9.79091731094,
        -1.21370513425,
        -1.64341137086e-05
    ],
    "reference_mean_anomaly": 0.714512,
    "keywords": [],
    "point_of_contact_email": "pschmidt@tapir.caltech.edu",
    "authors_emails": [],
    "simulation_bibtex_keys": [
        "Boyle:2019kee",
        "SXSCatalogWebsite"
    ],
    "code_bibtex_keys": [
        "Ossokine:2013zga",
        "Hemberger:2012jz",
        "Szilagyi:2009qz",
        "Boyle:2009vi",
        "Scheel:2008rj",
        "Boyle:2007ft",
        "Scheel:2006gg",
        "Lindblom:2005qh",
        "Pfeiffer:2002wt",
        "SpECwebsite"
    ],
    "initial_data_bibtex_keys": [
        "Buchman:2012dw",
        "Lovelace:2008tw",
        "Pfeiffer:2007yz",
        "Caudill:2006hw",
        "Cook:2004kt"
    ],
    "quasicircular_bibtex_keys": [
        "Mroue:2012kv",
        "Buonanno:2010yk",
        "Mroue:2010re",
        "Boyle:2007ft"
    ],
    "initial_separation": 13.2,
    "initial_orbital_frequency": 0.018951752029,
    "initial_adot": -6.56642585089e-05,
    "object1": "bh",
    "object2": "bh",
    "initial_ADM_energy": 0.9938037555812638,
    "initial_ADM_linear_momentum": [
        6.499906e-10,
        -5.991621e-10,
        -1.4161785e-09
    ],
    "initial_ADM_angular_momentum": [
        -4.624857027e-07,
        -1.6113700645e-06,
        0.7892830588530318
    ],
    "initial_mass1": 0.7500000001091678,
    "initial_mass2": 0.2500000001501468,
    "initial_dimensionless_spin1": [
        -2.29823081e-08,
        -1.6619186e-09,
        -1.187203658e-07
    ],
    "initial_dimensionless_spin2": [
        -7.07967325999e-08,
        -7.1802651e-08,
        -2.1217902868e-06
    ],
    "initial_position1": [
        3.298696056656703,
        0.0351017609038114,
        0.0
    ],
    "initial_position2": [
        -9.901303943343297,
        0.0351017609038114,
        0.0
    ],
    "relaxation_time": 640.0,
    "common_horizon_time": 3383.85514043,
    "remnant_mass": 0.971227068973,
    "remnant_dimensionless_spin": [
        -1.95331888857e-07,
        -1.99272216291e-07,
        0.540481538287
    ],
    "remnant_velocity": [
        0.000537949538775,
        -4.03288104011e-05,
        -9.99188570258e-09
    ],
    "metadata_version": 1,
    "spec_revisions": "InitialCommit-28071-g46c46a2",
    "spells_revision": "46c46a294b9817bdc5bfb9d6f9c4569ae3c1f89c",
    "com_parameters": {
        "space_translation": [
            0.00222691383,
            0.000271844008,
            -2.6068207e-05
        ],
        "boost_velocity": [
            -3.65803489e-05,
            1.91045567e-05,
            1.89016154e-08
        ]
    },
    "initial_mass_ratio": 2.9999999986349097
}