{
    "simulation_name": "026/Lev3",
    "alternative_names": "SXS:BBH:1171",
    "initial_data_type": "BBH_SKS",
    "object_types": "BHBH",
    "number_of_orbits": 19.0036823301,
    "reference_mass_ratio": 2.999883217199065,
    "reference_chi_eff": -0.6748205734782979,
    "reference_chi1_perp": 2.667168890938096e-06,
    "reference_chi2_perp": 1.5340780854122542e-06,
    "reference_eccentricity": 0.0021688,
    "reference_dimensionless_spin1": [
        2.48594865828e-06,
        2.22404094605e-07,
        -0.699855592222
    ],
    "reference_dimensionless_spin2": [
        1.25771453062e-06,
        1.26816716955e-06,
        -0.599718440908
    ],
    "reference_orbital_frequency": [
        3.07423940448e-09,
        -1.52290592996e-08,
        0.0154099373777
    ],
    "reference_mass1": 0.750042235827,
    "reference_mass2": 0.250023811436,
    "reference_time": 560.0,
    "reference_position1": [
        -2.31004009162,
        3.26066235304,
        -0.000130179734209
    ],
    "reference_position2": [
        7.03481183098,
        -9.70770350782,
        -0.000144860152382
    ],
    "reference_mean_anomaly": 0.576141,
    "keywords": [],
    "point_of_contact_email": "hblim@caltech.edu",
    "authors_emails": [],
    "simulation_bibtex_keys": [
        "Boyle:2019kee",
        "SXSCatalogWebsite"
    ],
    "code_bibtex_keys": [
        "Ossokine:2013zga",
        "Hemberger:2012jz",
        "Szilagyi:2009qz",
        "Boyle:2009vi",
        "Scheel:2008rj",
        "Boyle:2007ft",
        "Scheel:2006gg",
        "Lindblom:2005qh",
        "Pfeiffer:2002wt",
        "SpECwebsite"
    ],
    "initial_data_bibtex_keys": [
        "Buchman:2012dw",
        "Lovelace:2008tw",
        "Pfeiffer:2007yz",
        "Caudill:2006hw",
        "Cook:2004kt"
    ],
    "quasicircular_bibtex_keys": [
        "Mroue:2012kv",
        "Buonanno:2010yk",
        "Mroue:2010re",
        "Boyle:2007ft"
    ],
    "initial_separation": 15.7561035156,
    "initial_orbital_frequency": 0.014681737564,
    "initial_adot": -0.0001672382453315,
    "object1": "bh",
    "object2": "bh",
    "initial_ADM_energy": 0.9948735349981557,
    "initial_ADM_linear_momentum": [
        1.66270664e-08,
        -3.30450825e-08,
        -1.6405e-11
    ],
    "initial_ADM_angular_momentum": [
        1.1488330648e-06,
        -3.13616937e-08,
        0.4378241290009781
    ],
    "initial_mass1": 0.749999998714233,
    "initial_mass2": 0.2499999992028561,
    "initial_dimensionless_spin1": [
        1.8575128346e-06,
        -8.1e-15,
        -0.699999997270544
    ],
    "initial_dimensionless_spin2": [
        1.5921539217e-06,
        -1e-16,
        -0.6000000058235879
    ],
    "initial_position1": [
        3.965633763828817,
        0.0302859039878913,
        1.082932378e-07
    ],
    "initial_position2": [
        -11.790469751771182,
        0.0302859039878913,
        1.082932378e-07
    ],
    "relaxation_time": 560.0,
    "common_horizon_time": 5629.43314855,
    "remnant_mass": 0.979704164206,
    "remnant_dimensionless_spin": [
        4.86095778633e-07,
        1.91258725176e-07,
        0.203346246869
    ],
    "remnant_velocity": [
        -9.99512827991e-05,
        -0.000923231581134,
        -4.99975072466e-07
    ],
    "metadata_version": 1,
    "spec_revisions": [
        "InitialCommit-29563-gfb84698",
        "InitialCommit-29570-g976e624"
    ],
    "spells_revision": "fb84698ae3438f76f7f4f9e0a351c2e11277db0e",
    "com_parameters": {
        "space_translation": [
            -0.009984,
            0.01221803,
            0.00015319
        ],
        "boost_velocity": [
            1.12551871e-05,
            -2.30093777e-05,
            -4.97269257e-07
        ]
    },
    "initial_mass_ratio": 3.0000000044226587
}