{
    "simulation_name": "0078/Lev3",
    "alternative_names": [
        "BFI:q4_7d:0078",
        "SXS:BBH:1574"
    ],
    "initial_data_type": "BBH_SKS",
    "object_types": "BHBH",
    "number_of_orbits": 19.3360374464,
    "reference_mass_ratio": 2.7674154634481973,
    "reference_chi_eff": -0.14757168073928723,
    "reference_chi1_perp": 0.4775123188718375,
    "reference_chi2_perp": 0.15822893707732275,
    "reference_eccentricity": 0.0002701,
    "reference_dimensionless_spin1": [
        -0.465553705412,
        -0.103824904938,
        0.083283839943
    ],
    "reference_dimensionless_spin2": [
        -0.149662173451,
        -0.0739883966417,
        -0.776189016023
    ],
    "reference_orbital_frequency": [
        -0.000157340041424,
        0.00116408897728,
        0.0167145146367
    ],
    "reference_mass1": 0.734555155618,
    "reference_mass2": 0.265430024989,
    "reference_time": 360.0,
    "reference_position1": [
        3.77408342141,
        -1.22459002377,
        0.114820302208
    ],
    "reference_position2": [
        -10.5558392511,
        3.35161720893,
        -0.338784435293
    ],
    "reference_mean_anomaly": 6.231477,
    "keywords": [],
    "point_of_contact_email": "kbarkett@caltech.edu",
    "authors_emails": [],
    "simulation_bibtex_keys": [
        "Varma:2019csw",
        "Boyle:2019kee",
        "SXSCatalogWebsite"
    ],
    "code_bibtex_keys": [
        "Ossokine:2013zga",
        "Hemberger:2012jz",
        "Szilagyi:2009qz",
        "Boyle:2009vi",
        "Scheel:2008rj",
        "Boyle:2007ft",
        "Scheel:2006gg",
        "Lindblom:2005qh",
        "Pfeiffer:2002wt",
        "SpECwebsite"
    ],
    "initial_data_bibtex_keys": [
        "Buchman:2012dw",
        "Lovelace:2008tw",
        "Pfeiffer:2007yz",
        "Caudill:2006hw",
        "Cook:2004kt"
    ],
    "quasicircular_bibtex_keys": [
        "Mroue:2012kv",
        "Buonanno:2010yk",
        "Mroue:2010re",
        "Boyle:2007ft"
    ],
    "initial_separation": 14.6813354492,
    "initial_orbital_frequency": 0.015890347072,
    "initial_adot": -0.0002340063124531,
    "object1": "bh",
    "object2": "bh",
    "initial_ADM_energy": 0.994215766011029,
    "initial_ADM_linear_momentum": [
        2.6985577e-08,
        -4.1870963e-09,
        4.563196e-10
    ],
    "initial_ADM_angular_momentum": [
        -0.2699276127329218,
        0.0037704576141434,
        0.8459776070195242
    ],
    "initial_mass1": 0.7346163983919581,
    "initial_mass2": 0.2653835851421789,
    "initial_dimensionless_spin1": [
        -0.4778014685307717,
        -0.0036169527149978,
        0.0780139435715575
    ],
    "initial_dimensionless_spin2": [
        -0.1612572381668171,
        0.0179669353158202,
        -0.7775918872951856
    ],
    "initial_position1": [
        3.8934290443583066,
        0.026613499949816,
        -0.0126889610745412
    ],
    "initial_position2": [
        -10.787906404841694,
        0.026613499949816,
        -0.0126889610745412
    ],
    "relaxation_time": 360.0,
    "common_horizon_time": 5002.4212402,
    "remnant_mass": 0.968598378461,
    "remnant_dimensionless_spin": [
        -0.208134985074,
        -0.0167509809891,
        0.582211318123
    ],
    "remnant_velocity": [
        0.000978945803343,
        -3.1071681891e-05,
        -0.00174741857738
    ],
    "metadata_version": 1,
    "spec_revisions": "InitialCommit-30548-g8a39246",
    "spells_revision": "8a392465d586c8ca817d062b58522dabb63df692",
    "com_parameters": {
        "space_translation": [
            -0.00498028,
            -0.00089941,
            -0.00010571
        ],
        "boost_velocity": [
            6.08377098e-06,
            1.04326816e-05,
            -1.91203195e-06
        ]
    },
    "initial_mass_ratio": 2.768130508141219
}