{
    "simulation_name": "062/Lev3",
    "alternative_names": [
        "BFI:q8_3dAl:062",
        "SXS:BBH:1472"
    ],
    "initial_data_type": "BBH_SKS",
    "object_types": "BHBH",
    "number_of_orbits": 16.8370313314,
    "reference_mass_ratio": 2.3657451506544356,
    "reference_chi_eff": -0.5966263475601644,
    "reference_chi1_perp": 4.757441643135626e-07,
    "reference_chi2_perp": 1.1243593403952478e-07,
    "reference_eccentricity": 9.37e-05,
    "reference_dimensionless_spin1": [
        -2.38115584085e-07,
        1.92756398824e-07,
        -0.799785891291
    ],
    "reference_dimensionless_spin2": [
        3.08651305876e-08,
        6.58911224934e-08,
        -0.11600264217
    ],
    "reference_orbital_frequency": [
        1.79018033011e-09,
        5.16014857406e-09,
        0.015913937747
    ],
    "reference_mass1": 0.702949084369,
    "reference_mass2": 0.297136436769,
    "reference_time": 580.0,
    "reference_position1": [
        -4.34915705164,
        1.68562194328,
        7.56383569626e-05
    ],
    "reference_position2": [
        10.2965654732,
        -3.90033763256,
        7.58021063122e-05
    ],
    "reference_mean_anomaly": 2.238402,
    "keywords": [],
    "point_of_contact_email": "vvarma@caltech.edu",
    "authors_emails": [],
    "simulation_bibtex_keys": [
        "Varma:2018mmi",
        "Boyle:2019kee",
        "SXSCatalogWebsite"
    ],
    "code_bibtex_keys": [
        "Ossokine:2013zga",
        "Hemberger:2012jz",
        "Szilagyi:2009qz",
        "Boyle:2009vi",
        "Scheel:2008rj",
        "Boyle:2007ft",
        "Scheel:2006gg",
        "Lindblom:2005qh",
        "Pfeiffer:2002wt",
        "SpECwebsite"
    ],
    "initial_data_bibtex_keys": [
        "Buchman:2012dw",
        "Lovelace:2008tw",
        "Pfeiffer:2007yz",
        "Caudill:2006hw",
        "Cook:2004kt"
    ],
    "quasicircular_bibtex_keys": [
        "Mroue:2012kv",
        "Buonanno:2010yk",
        "Mroue:2010re",
        "Boyle:2007ft"
    ],
    "initial_separation": 15.487487793,
    "initial_orbital_frequency": 0.015127809855,
    "initial_adot": -0.0001322628904981,
    "object1": "bh",
    "object2": "bh",
    "initial_ADM_energy": 0.9941747264828795,
    "initial_ADM_linear_momentum": [
        5.4211666e-09,
        -7.48713194e-08,
        1.1466e-12
    ],
    "initial_ADM_angular_momentum": [
        4.30218e-11,
        -5.13892e-11,
        0.5529202352356997
    ],
    "initial_mass1": 0.7028606054048447,
    "initial_mass2": 0.2971393928765352,
    "initial_dimensionless_spin1": [
        -9.128e-13,
        -2.626e-13,
        -0.799999993493348
    ],
    "initial_dimensionless_spin2": [
        7.91e-14,
        -4.68e-14,
        -0.1160429722648279
    ],
    "initial_position1": [
        4.637797010529358,
        0.0292874750398191,
        1.27148043e-08
    ],
    "initial_position2": [
        -10.849690782470642,
        0.0292874750398191,
        1.27148043e-08
    ],
    "relaxation_time": 580.0,
    "common_horizon_time": 4810.7684693,
    "remnant_mass": 0.975157210572,
    "remnant_dimensionless_spin": [
        -9.48650198232e-10,
        1.5128859309e-07,
        0.282168793539
    ],
    "remnant_velocity": [
        -0.000896151026595,
        -0.000663753750157,
        2.90342989567e-07
    ],
    "metadata_version": 1,
    "spec_revisions": "InitialCommit-30334-g101f63a",
    "spells_revision": "101f63aab75cb5786e73598b576d3e30d20f6561",
    "com_parameters": {
        "space_translation": [
            -0.00459032042,
            0.00421204275,
            -8.64387738e-05
        ],
        "boost_velocity": [
            1.16119429e-05,
            -3.07106927e-05,
            2.71458692e-07
        ]
    },
    "initial_mass_ratio": 2.365423845692824
}