{
    "simulation_name": "0038/Lev3",
    "alternative_names": [
        "BFI:q4_7d:0038",
        "SXS:BBH:1535"
    ],
    "initial_data_type": "BBH_SKS",
    "object_types": "BHBH",
    "number_of_orbits": 19.9265571866,
    "reference_mass_ratio": 2.921018157104775,
    "reference_chi_eff": -0.0014761661671681796,
    "reference_chi1_perp": 0.7959767680166949,
    "reference_chi2_perp": 0.7061983841866485,
    "reference_eccentricity": 0.0006321,
    "reference_dimensionless_spin1": [
        -0.366427256046,
        -0.709375503404,
        -0.00676257550741
    ],
    "reference_dimensionless_spin2": [
        -0.245845627115,
        -0.636393188415,
        0.254724820779
    ],
    "reference_orbital_frequency": [
        -0.00351932056116,
        0.00320232612327,
        0.016770116966
    ],
    "reference_mass1": 0.745018534872,
    "reference_mass2": 0.255054400487,
    "reference_time": 640.0,
    "reference_position1": [
        -0.286129853905,
        -3.6590594981,
        0.652453350223
    ],
    "reference_position2": [
        0.733748743371,
        10.6940710644,
        -1.87431049523
    ],
    "reference_mean_anomaly": 2.923025,
    "keywords": [],
    "point_of_contact_email": "kidder@astro.cornell.edu",
    "authors_emails": [],
    "simulation_bibtex_keys": [
        "Varma:2019csw",
        "Boyle:2019kee",
        "SXSCatalogWebsite"
    ],
    "code_bibtex_keys": [
        "Ossokine:2013zga",
        "Hemberger:2012jz",
        "Szilagyi:2009qz",
        "Boyle:2009vi",
        "Scheel:2008rj",
        "Boyle:2007ft",
        "Scheel:2006gg",
        "Lindblom:2005qh",
        "Pfeiffer:2002wt",
        "SpECwebsite"
    ],
    "initial_data_bibtex_keys": [
        "Buchman:2012dw",
        "Lovelace:2008tw",
        "Pfeiffer:2007yz",
        "Caudill:2006hw",
        "Cook:2004kt"
    ],
    "quasicircular_bibtex_keys": [
        "Mroue:2012kv",
        "Buonanno:2010yk",
        "Mroue:2010re",
        "Boyle:2007ft"
    ],
    "initial_separation": 14.4142456055,
    "initial_orbital_frequency": 0.016341992481,
    "initial_adot": 0.0003126037975343,
    "object1": "bh",
    "object2": "bh",
    "initial_ADM_energy": 0.994270154900667,
    "initial_ADM_linear_momentum": [
        6.4641277e-09,
        -6.5181705e-08,
        6.4268422e-09
    ],
    "initial_ADM_angular_momentum": [
        -0.3755675637247632,
        -0.2872378172109007,
        0.8104770014838542
    ],
    "initial_mass1": 0.7449579358976407,
    "initial_mass2": 0.2550420866082456,
    "initial_dimensionless_spin1": [
        -0.5950518388358143,
        -0.5302924586196641,
        -0.0489504656481652
    ],
    "initial_dimensionless_spin2": [
        -0.6747100587265001,
        -0.2222950391545267,
        0.1608051808559113
    ],
    "initial_position1": [
        3.6889225165390904,
        0.0291853165767347,
        -0.0131240443610033
    ],
    "initial_position2": [
        -10.72532308896091,
        0.0291853165767347,
        -0.0131240443610033
    ],
    "relaxation_time": 640.0,
    "common_horizon_time": 5015.40406398,
    "remnant_mass": 0.966676463273,
    "remnant_dimensionless_spin": [
        -0.265047322177,
        -0.250306376503,
        0.585739201232
    ],
    "remnant_velocity": [
        -0.00286404143828,
        -0.00135062119861,
        0.00384095720851
    ],
    "metadata_version": 1,
    "spec_revisions": "InitialCommit-30548-g8a39246",
    "spells_revision": "8a392465d586c8ca817d062b58522dabb63df692",
    "com_parameters": {
        "space_translation": [
            -0.00696661,
            -0.00377806,
            -0.0009856
        ],
        "boost_velocity": [
            1.29086576e-05,
            -4.73899528e-06,
            -7.80630509e-07
        ]
    },
    "initial_mass_ratio": 2.9209215851575294
}