{
    "simulation_name": "017/Lev3",
    "alternative_names": [
        "BFI:q8_3dAl:017",
        "SXS:BBH:1429"
    ],
    "initial_data_type": "BBH_SKS",
    "object_types": "BHBH",
    "number_of_orbits": 20.4766787917,
    "reference_mass_ratio": 7.7475595073484085,
    "reference_chi_eff": -0.2664232621968913,
    "reference_chi1_perp": 9.116586079278371e-07,
    "reference_chi2_perp": 6.265705998962198e-07,
    "reference_eccentricity": 6.68e-05,
    "reference_dimensionless_spin1": [
        8.80457036598e-07,
        9.24751357459e-08,
        -0.20028311741
    ],
    "reference_dimensionless_spin2": [
        4.39980789292e-07,
        1.54531560803e-07,
        -0.778847969759
    ],
    "reference_orbital_frequency": [
        3.20620971435e-09,
        -1.15579118475e-08,
        0.0207158847344
    ],
    "reference_mass1": 0.885765658356,
    "reference_mass2": 0.11432834527,
    "reference_time": 640.0,
    "reference_position1": [
        1.32966999527,
        0.598649151232,
        -2.47329115562e-05
    ],
    "reference_position2": [
        -10.4159380801,
        -4.87863594115,
        -2.5970951634e-05
    ],
    "reference_mean_anomaly": 5.159924,
    "keywords": [],
    "point_of_contact_email": "jonathan.blackman.0@gmail.com",
    "authors_emails": [],
    "simulation_bibtex_keys": [
        "Varma:2018mmi",
        "Boyle:2019kee",
        "SXSCatalogWebsite"
    ],
    "code_bibtex_keys": [
        "Ossokine:2013zga",
        "Hemberger:2012jz",
        "Szilagyi:2009qz",
        "Boyle:2009vi",
        "Scheel:2008rj",
        "Boyle:2007ft",
        "Scheel:2006gg",
        "Lindblom:2005qh",
        "Pfeiffer:2002wt",
        "SpECwebsite"
    ],
    "initial_data_bibtex_keys": [
        "Buchman:2012dw",
        "Lovelace:2008tw",
        "Pfeiffer:2007yz",
        "Caudill:2006hw",
        "Cook:2004kt"
    ],
    "quasicircular_bibtex_keys": [
        "Mroue:2012kv",
        "Buonanno:2010yk",
        "Mroue:2010re",
        "Boyle:2007ft"
    ],
    "initial_separation": 12.7787475586,
    "initial_orbital_frequency": 0.019350422626,
    "initial_adot": -0.0003153565706262,
    "object1": "bh",
    "object2": "bh",
    "initial_ADM_energy": 0.9966787706892835,
    "initial_ADM_linear_momentum": [
        3.81573236e-08,
        -2.82130657e-08,
        4.30853e-11
    ],
    "initial_ADM_angular_momentum": [
        2.20483e-11,
        5.86813e-11,
        0.2627436849447773
    ],
    "initial_mass1": 0.8856975945575775,
    "initial_mass2": 0.1143023557874164,
    "initial_dimensionless_spin1": [
        2.488e-13,
        -3.531e-13,
        -0.2003394066222462
    ],
    "initial_dimensionless_spin2": [
        -6.0182e-12,
        -1.7698e-12,
        -0.7796804281227053
    ],
    "initial_position1": [
        1.471698965112209,
        0.0247645506137007,
        1.3400746e-09
    ],
    "initial_position2": [
        -11.30704859348779,
        0.0247645506137007,
        1.3400746e-09
    ],
    "relaxation_time": 640.0,
    "common_horizon_time": 4650.99012375,
    "remnant_mass": 0.990550012252,
    "remnant_dimensionless_spin": [
        9.42022813968e-07,
        9.46703122385e-08,
        0.166939439096
    ],
    "remnant_velocity": [
        0.000130034578853,
        0.000316516182154,
        -5.28977098178e-08
    ],
    "metadata_version": 1,
    "spec_revisions": "InitialCommit-30391-g7de1691",
    "spells_revision": "7de1691a20fa3565c2276fa60966e8a261a47fe7",
    "com_parameters": {
        "space_translation": [
            0.0263689643,
            -0.0391343947,
            1.86872721e-05
        ],
        "boost_velocity": [
            -4.90582171e-05,
            3.93496879e-05,
            -7.90530247e-08
        ]
    },
    "initial_mass_ratio": 7.748725636108755
}