{
    "simulation_name": "029/Lev3",
    "alternative_names": "SXS:BBH:1174",
    "initial_data_type": "BBH_SKS",
    "object_types": "BHBH",
    "number_of_orbits": 18.881492767,
    "reference_mass_ratio": 2.9999184859154946,
    "reference_chi_eff": -0.6748345606638398,
    "reference_chi1_perp": 2.6666437969058806e-06,
    "reference_chi2_perp": 1.5966796583302905e-06,
    "reference_eccentricity": "<5.6e-05",
    "reference_dimensionless_spin1": [
        2.45362595152e-06,
        2.98267241959e-07,
        -0.699871915334
    ],
    "reference_dimensionless_spin2": [
        1.24952154573e-06,
        1.28416644102e-06,
        -0.599724537552
    ],
    "reference_orbital_frequency": [
        4.22328433183e-09,
        -1.39319949817e-08,
        0.0154015026594
    ],
    "reference_mass1": 0.750046965323,
    "reference_mass2": 0.250022448558,
    "reference_time": 550.0,
    "reference_position1": [
        -1.87466743852,
        3.52832809813,
        -0.000113025184158
    ],
    "reference_position2": [
        5.74444535196,
        -10.5231722593,
        -0.000127825240826
    ],
    "reference_mean_anomaly": 1.55237,
    "keywords": [],
    "point_of_contact_email": "hblim@caltech.edu",
    "authors_emails": [],
    "simulation_bibtex_keys": [
        "Boyle:2019kee",
        "SXSCatalogWebsite"
    ],
    "code_bibtex_keys": [
        "Ossokine:2013zga",
        "Hemberger:2012jz",
        "Szilagyi:2009qz",
        "Boyle:2009vi",
        "Scheel:2008rj",
        "Boyle:2007ft",
        "Scheel:2006gg",
        "Lindblom:2005qh",
        "Pfeiffer:2002wt",
        "SpECwebsite"
    ],
    "initial_data_bibtex_keys": [
        "Buchman:2012dw",
        "Lovelace:2008tw",
        "Pfeiffer:2007yz",
        "Caudill:2006hw",
        "Cook:2004kt"
    ],
    "quasicircular_bibtex_keys": [
        "Mroue:2012kv",
        "Buonanno:2010yk",
        "Mroue:2010re",
        "Boyle:2007ft"
    ],
    "initial_separation": 15.7561035156,
    "initial_orbital_frequency": 0.014670817158,
    "initial_adot": -0.0001785466196377,
    "object1": "bh",
    "object2": "bh",
    "initial_ADM_energy": 0.9948644211583002,
    "initial_ADM_linear_momentum": [
        -4.26697869e-08,
        -2.17643924e-08,
        -2.30152e-11
    ],
    "initial_ADM_angular_momentum": [
        1.1488478805e-06,
        -3.1313108e-08,
        0.4372180496669555
    ],
    "initial_mass1": 0.7499999952480075,
    "initial_mass2": 0.2500000130815498,
    "initial_dimensionless_spin1": [
        1.8575127435e-06,
        4.1e-15,
        -0.6999999861280153
    ],
    "initial_dimensionless_spin2": [
        1.5921542025e-06,
        2.74e-14,
        -0.6000000426543234
    ],
    "initial_position1": [
        3.9655084326936,
        0.030278353727829,
        8.18278043e-08
    ],
    "initial_position2": [
        -11.7905950829064,
        0.030278353727829,
        8.18278043e-08
    ],
    "relaxation_time": 550.0,
    "common_horizon_time": 5577.35866814,
    "remnant_mass": 0.979704391606,
    "remnant_dimensionless_spin": [
        4.66515425631e-07,
        2.45182953235e-07,
        0.203343455739
    ],
    "remnant_velocity": [
        -0.000693348632151,
        -0.000590005293036,
        -4.44340672416e-07
    ],
    "metadata_version": 1,
    "spec_revisions": [
        "InitialCommit-29563-gfb84698",
        "InitialCommit-29585-gff0b753d"
    ],
    "spells_revision": "fb84698ae3438f76f7f4f9e0a351c2e11277db0e",
    "com_parameters": {
        "space_translation": [
            -0.00842279,
            0.01317882,
            0.00014301
        ],
        "boost_velocity": [
            1.23244698e-05,
            -2.36447319e-05,
            -4.53753263e-07
        ]
    },
    "initial_mass_ratio": 2.999999824013442
}