{
    "simulation_name": "0461/Lev3",
    "alternative_names": [
        "BFI:q4_7d:0461",
        "SXS:BBH:1942"
    ],
    "initial_data_type": "BBH_SKS",
    "object_types": "BHBH",
    "number_of_orbits": 21.6409932797,
    "reference_mass_ratio": 3.998957917221335,
    "reference_chi_eff": 0.16011012483850268,
    "reference_chi1_perp": 6.270709183841453e-07,
    "reference_chi2_perp": 1.1042525687734017e-06,
    "reference_eccentricity": 3.7e-05,
    "reference_dimensionless_spin1": [
        7.59558266116e-08,
        -9.34735004325e-07,
        0.400044108074
    ],
    "reference_dimensionless_spin2": [
        1.08233904627e-06,
        -3.74357220191e-08,
        -0.799375777034
    ],
    "reference_orbital_frequency": [
        -5.69546358578e-09,
        -1.60102381179e-08,
        0.0188765526278
    ],
    "reference_mass1": 0.799998258911,
    "reference_mass2": 0.200051682331,
    "reference_time": 640.0,
    "reference_position1": [
        1.99326284563,
        -1.85801545309,
        -0.000189150751165
    ],
    "reference_position2": [
        -8.17654734727,
        7.48997591624,
        -0.000184290659075
    ],
    "reference_mean_anomaly": 2.935218,
    "keywords": [],
    "point_of_contact_email": "vvarma@caltech.edu",
    "authors_emails": [],
    "simulation_bibtex_keys": [
        "Varma:2019csw",
        "Boyle:2019kee",
        "SXSCatalogWebsite"
    ],
    "code_bibtex_keys": [
        "Ossokine:2013zga",
        "Hemberger:2012jz",
        "Szilagyi:2009qz",
        "Boyle:2009vi",
        "Scheel:2008rj",
        "Boyle:2007ft",
        "Scheel:2006gg",
        "Lindblom:2005qh",
        "Pfeiffer:2002wt",
        "SpECwebsite"
    ],
    "initial_data_bibtex_keys": [
        "Buchman:2012dw",
        "Lovelace:2008tw",
        "Pfeiffer:2007yz",
        "Caudill:2006hw",
        "Cook:2004kt"
    ],
    "quasicircular_bibtex_keys": [
        "Mroue:2012kv",
        "Buonanno:2010yk",
        "Mroue:2010re",
        "Boyle:2007ft"
    ],
    "initial_separation": 13.6363525391,
    "initial_orbital_frequency": 0.017511605134,
    "initial_adot": -0.0002680989312319,
    "object1": "bh",
    "object2": "bh",
    "initial_ADM_energy": 0.9948862819808861,
    "initial_ADM_linear_momentum": [
        -1.10357563e-07,
        1.696717899e-07,
        -1.191231e-10
    ],
    "initial_ADM_angular_momentum": [
        -4.5834e-12,
        1.1383e-12,
        0.9006118826288164
    ],
    "initial_mass1": 0.8000000494791983,
    "initial_mass2": 0.2000000234618647,
    "initial_dimensionless_spin1": [
        1.185e-13,
        -4.223e-13,
        0.4000000117962126
    ],
    "initial_dimensionless_spin2": [
        -2.845e-12,
        -5.118e-13,
        -0.7999999390257904
    ],
    "initial_position1": [
        2.7193501120713006,
        0.0280937543570119,
        2.73949543e-08
    ],
    "initial_position2": [
        -10.9170024270287,
        0.0280937543570119,
        2.73949543e-08
    ],
    "relaxation_time": 640.0,
    "common_horizon_time": 5017.07652375,
    "remnant_mass": 0.97280837717,
    "remnant_dimensionless_spin": [
        -1.23036351039e-07,
        -9.86445162257e-07,
        0.664783574664
    ],
    "remnant_velocity": [
        -0.000200566818486,
        0.000243631828905,
        -6.2516382664e-07
    ],
    "metadata_version": 1,
    "spec_revisions": "InitialCommit-30548-g8a39246",
    "spells_revision": "8a392465d586c8ca817d062b58522dabb63df692",
    "com_parameters": {
        "space_translation": [
            -0.01175973,
            -0.00985101,
            0.0002159
        ],
        "boost_velocity": [
            2.33939764e-06,
            1.58089999e-05,
            -6.18895435e-07
        ]
    },
    "initial_mass_ratio": 3.9999997781587235
}