{
    "simulation_name": "0185/Lev3",
    "alternative_names": [
        "BFI:q4_7d:0185",
        "SXS:BBH:1677"
    ],
    "initial_data_type": "BBH_SKS",
    "object_types": "BHBH",
    "number_of_orbits": 20.5293315208,
    "reference_mass_ratio": 2.6359378592974116,
    "reference_chi_eff": 0.2067534938051194,
    "reference_chi1_perp": 0.05316464337260994,
    "reference_chi2_perp": 0.7362086709598346,
    "reference_eccentricity": 0.0005954,
    "reference_dimensionless_spin1": [
        -0.0558477493796,
        -0.00429695437044,
        0.268229726969
    ],
    "reference_dimensionless_spin2": [
        -0.491883444314,
        -0.546518914479,
        0.0568809933854
    ],
    "reference_orbital_frequency": [
        -0.000318488459507,
        0.000714552434256,
        0.0171245514193
    ],
    "reference_mass1": 0.725034103847,
    "reference_mass2": 0.275057358158,
    "reference_time": 360.0,
    "reference_position1": [
        3.97225028563,
        -0.722769028495,
        0.104154040401
    ],
    "reference_position2": [
        -10.5694650135,
        1.82784986737,
        -0.272727040279
    ],
    "reference_mean_anomaly": 4.986928,
    "keywords": [],
    "point_of_contact_email": "mgiesler@tapir.caltech.edu",
    "authors_emails": [],
    "simulation_bibtex_keys": [
        "Varma:2019csw",
        "Boyle:2019kee",
        "SXSCatalogWebsite"
    ],
    "code_bibtex_keys": [
        "Ossokine:2013zga",
        "Hemberger:2012jz",
        "Szilagyi:2009qz",
        "Boyle:2009vi",
        "Scheel:2008rj",
        "Boyle:2007ft",
        "Scheel:2006gg",
        "Lindblom:2005qh",
        "Pfeiffer:2002wt",
        "SpECwebsite"
    ],
    "initial_data_bibtex_keys": [
        "Buchman:2012dw",
        "Lovelace:2008tw",
        "Pfeiffer:2007yz",
        "Caudill:2006hw",
        "Cook:2004kt"
    ],
    "quasicircular_bibtex_keys": [
        "Mroue:2012kv",
        "Buonanno:2010yk",
        "Mroue:2010re",
        "Boyle:2007ft"
    ],
    "initial_separation": 14.3742675781,
    "initial_orbital_frequency": 0.016418738077,
    "initial_adot": 0.0001969747093887,
    "object1": "bh",
    "object2": "bh",
    "initial_ADM_energy": 0.9938902087605483,
    "initial_ADM_linear_momentum": [
        -3.1067181e-09,
        -8.1776173e-09,
        1.8895983e-09
    ],
    "initial_ADM_angular_momentum": [
        -0.0843838417088475,
        -0.0028880744042045,
        1.0033226525704466
    ],
    "initial_mass1": 0.724991993341098,
    "initial_mass2": 0.2750080024634141,
    "initial_dimensionless_spin1": [
        -0.0576375103197696,
        0.0066573951270137,
        0.2677552178951401
    ],
    "initial_dimensionless_spin2": [
        -0.7015338888867548,
        -0.2242141629705057,
        0.0433713275279978
    ],
    "initial_position1": [
        3.954019731367824,
        0.0250132850055608,
        0.007007654992228
    ],
    "initial_position2": [
        -10.420247846732176,
        0.0250132850055608,
        0.007007654992228
    ],
    "relaxation_time": 360.0,
    "common_horizon_time": 5072.28037311,
    "remnant_mass": 0.962747091427,
    "remnant_dimensionless_spin": [
        -0.0543005025424,
        -0.00324116347324,
        0.678965379534
    ],
    "remnant_velocity": [
        -0.000165063935252,
        0.000275171234733,
        -0.000157020636138
    ],
    "metadata_version": 1,
    "spec_revisions": "InitialCommit-30548-g8a39246",
    "spells_revision": "8a392465d586c8ca817d062b58522dabb63df692",
    "com_parameters": {
        "space_translation": [
            -0.00222073,
            0.00485554,
            0.00019026
        ],
        "boost_velocity": [
            -3.7697737e-06,
            -1.97327615e-05,
            -3.65415893e-07
        ]
    },
    "initial_mass_ratio": 2.636257806488914
}