{
    "simulation_name": "0025/Lev3",
    "alternative_names": "SXS:BBH:1201",
    "initial_data_type": "BBH_SKS",
    "object_types": "BHBH",
    "number_of_orbits": 17.30957906,
    "reference_mass_ratio": 1.000028061528309,
    "reference_chi_eff": -0.42060757514616787,
    "reference_chi1_perp": 0.0205165149179568,
    "reference_chi2_perp": 0.8497421623296628,
    "reference_eccentricity": 0.000179,
    "reference_dimensionless_spin1": [
        -0.0274739465944,
        -0.0700081466603,
        -0.846316068454
    ],
    "reference_dimensionless_spin2": [
        -0.84926493293,
        0.00686783802548,
        0.0288251881265
    ],
    "reference_orbital_frequency": [
        0.000382944609776,
        0.00161699700252,
        0.0152657016677
    ],
    "reference_mass1": 0.500056825265,
    "reference_mass2": 0.5000427933,
    "reference_time": 600.0,
    "reference_position1": [
        -7.43335864715,
        3.13837095326,
        -0.160389348846
    ],
    "reference_position2": [
        7.40116064831,
        -3.10471103296,
        0.128771657408
    ],
    "reference_mean_anomaly": 0.703836,
    "keywords": [],
    "point_of_contact_email": "nikkdemos@gmail.com",
    "authors_emails": [],
    "simulation_bibtex_keys": [
        "Boyle:2019kee",
        "SXSCatalogWebsite"
    ],
    "code_bibtex_keys": [
        "Ossokine:2013zga",
        "Hemberger:2012jz",
        "Szilagyi:2009qz",
        "Boyle:2009vi",
        "Scheel:2008rj",
        "Boyle:2007ft",
        "Scheel:2006gg",
        "Lindblom:2005qh",
        "Pfeiffer:2002wt",
        "SpECwebsite"
    ],
    "initial_data_bibtex_keys": [
        "Buchman:2012dw",
        "Lovelace:2008tw",
        "Pfeiffer:2007yz",
        "Caudill:2006hw",
        "Cook:2004kt"
    ],
    "quasicircular_bibtex_keys": [
        "Mroue:2012kv",
        "Buonanno:2010yk",
        "Mroue:2010re",
        "Boyle:2007ft"
    ],
    "initial_separation": 15.8865356445,
    "initial_orbital_frequency": 0.014134799153,
    "initial_adot": -0.0003598731689541,
    "object1": "bh",
    "object2": "bh",
    "initial_ADM_energy": 0.9931662584533784,
    "initial_ADM_linear_momentum": [
        -3.18653737e-08,
        2.67508229e-08,
        3.6640634e-09
    ],
    "initial_ADM_angular_momentum": [
        -0.1905508876594898,
        0.1093985753868895,
        0.9333251803878192
    ],
    "initial_mass1": 0.5000000426246122,
    "initial_mass2": 0.4999999769109104,
    "initial_dimensionless_spin1": [
        -0.0307083800736862,
        -0.0515184511593426,
        -0.8478814032017762
    ],
    "initial_dimensionless_spin2": [
        -0.7260867670178898,
        0.4419159713951163,
        -0.0005541371649098
    ],
    "initial_position1": [
        7.967500732159759,
        0.001218990564741,
        0.0193206486994505
    ],
    "initial_position2": [
        -7.9190349123402415,
        0.001218990564741,
        0.0193206486994505
    ],
    "relaxation_time": 600.0,
    "common_horizon_time": 4985.10086914,
    "remnant_mass": 0.959284253506,
    "remnant_dimensionless_spin": [
        -0.127751389235,
        0.0385078344418,
        0.569087162045
    ],
    "remnant_velocity": [
        0.00111249952753,
        -0.00159995630465,
        -0.00390529255817
    ],
    "metadata_version": 1,
    "spec_revisions": "InitialCommit-29711-g4bf8596",
    "spells_revision": "4bf8596f8e73975a15262ac9188ea97b55f1415f",
    "com_parameters": {
        "space_translation": [
            -0.00172809,
            -0.00174393,
            -0.00068251
        ],
        "boost_velocity": [
            1.38267968e-06,
            5.4602066e-07,
            1.06984658e-06
        ]
    },
    "initial_mass_ratio": 1.0000001314274096
}