{
    "simulation_name": "074/Lev3",
    "alternative_names": [
        "BFI:q8_3dAl:074",
        "SXS:BBH:1484"
    ],
    "initial_data_type": "BBH_SKS",
    "object_types": "BHBH",
    "number_of_orbits": 18.0270106624,
    "reference_mass_ratio": 2.90128307712238,
    "reference_chi_eff": -0.3404821439046362,
    "reference_chi1_perp": 2.850028264228394e-07,
    "reference_chi2_perp": 1.8738518819183438e-07,
    "reference_eccentricity": 0.0005345,
    "reference_dimensionless_spin1": [
        -2.08987201723e-07,
        5.49502382795e-08,
        -0.560337195822
    ],
    "reference_dimensionless_spin2": [
        1.39684248966e-07,
        7.93113630718e-08,
        0.297379597643
    ],
    "reference_orbital_frequency": [
        -1.93713565083e-09,
        6.20037020145e-10,
        0.0165210120313
    ],
    "reference_mass1": 0.743667873805,
    "reference_mass2": 0.256323789867,
    "reference_time": 410.0,
    "reference_position1": [
        3.6038937732,
        1.52027790742,
        2.51643841423e-05
    ],
    "reference_position2": [
        -10.3427202228,
        -4.53983909769,
        2.37565414359e-05
    ],
    "reference_mean_anomaly": 5.640569,
    "keywords": [],
    "point_of_contact_email": "vvarma@caltech.edu",
    "authors_emails": [],
    "simulation_bibtex_keys": [
        "Varma:2018mmi",
        "Boyle:2019kee",
        "SXSCatalogWebsite"
    ],
    "code_bibtex_keys": [
        "Ossokine:2013zga",
        "Hemberger:2012jz",
        "Szilagyi:2009qz",
        "Boyle:2009vi",
        "Scheel:2008rj",
        "Boyle:2007ft",
        "Scheel:2006gg",
        "Lindblom:2005qh",
        "Pfeiffer:2002wt",
        "SpECwebsite"
    ],
    "initial_data_bibtex_keys": [
        "Buchman:2012dw",
        "Lovelace:2008tw",
        "Pfeiffer:2007yz",
        "Caudill:2006hw",
        "Cook:2004kt"
    ],
    "quasicircular_bibtex_keys": [
        "Mroue:2012kv",
        "Buonanno:2010yk",
        "Mroue:2010re",
        "Boyle:2007ft"
    ],
    "initial_separation": 14.8879394531,
    "initial_orbital_frequency": 0.015974796375,
    "initial_adot": -1.8146147476e-06,
    "object1": "bh",
    "object2": "bh",
    "initial_ADM_energy": 0.9944371707390695,
    "initial_ADM_linear_momentum": [
        -2.79769353e-08,
        -1.324018569e-07,
        -2.5869e-12
    ],
    "initial_ADM_angular_momentum": [
        -4.72058e-11,
        1.4936e-11,
        0.5640344862067439
    ],
    "initial_mass1": 0.7436567370756809,
    "initial_mass2": 0.2563432509409825,
    "initial_dimensionless_spin1": [
        -3.442e-13,
        2.99e-14,
        -0.5603042245451652
    ],
    "initial_dimensionless_spin2": [
        5.14e-14,
        -5.666e-13,
        0.2973376033136891
    ],
    "initial_position1": [
        3.847553958051342,
        0.0295615591738708,
        -6.7422783e-09
    ],
    "initial_position2": [
        -11.040385495048657,
        0.0295615591738708,
        -6.7422783e-09
    ],
    "relaxation_time": 410.0,
    "common_horizon_time": 4869.63034349,
    "remnant_mass": 0.976481037695,
    "remnant_dimensionless_spin": [
        -1.05066209295e-07,
        3.4585377282e-08,
        0.312901602705
    ],
    "remnant_velocity": [
        0.000202294563189,
        -0.000954996166329,
        2.47559781416e-07
    ],
    "metadata_version": 1,
    "spec_revisions": "InitialCommit-30391-g7de1691",
    "spells_revision": "7de1691a20fa3565c2276fa60966e8a261a47fe7",
    "com_parameters": {
        "space_translation": [
            -0.00172976495,
            -0.00365074737,
            -8.07223027e-05
        ],
        "boost_velocity": [
            2.16091173e-05,
            4.28408622e-07,
            2.50008381e-07
        ]
    },
    "initial_mass_ratio": 2.9010193728365095
}