{
    "simulation_name": "077/Lev3",
    "alternative_names": [
        "BFI:q8_3dAl:077",
        "SXS:BBH:1487"
    ],
    "initial_data_type": "BBH_SKS",
    "object_types": "BHBH",
    "number_of_orbits": 17.8743238172,
    "reference_mass_ratio": 1.25453174888791,
    "reference_chi_eff": -0.21801112862827282,
    "reference_chi1_perp": 8.391089510242185e-08,
    "reference_chi2_perp": 3.6895044481466426e-08,
    "reference_eccentricity": 0.000662,
    "reference_dimensionless_spin1": [
        2.79000016486e-08,
        -4.88773014249e-08,
        -0.799743761785
    ],
    "reference_dimensionless_spin2": [
        -5.74507781262e-09,
        -5.82436609973e-08,
        0.511790929031
    ],
    "reference_orbital_frequency": [
        -2.25621303434e-10,
        -6.55574924715e-10,
        0.0156901440445
    ],
    "reference_mass1": 0.55648114646,
    "reference_mass2": 0.443576774325,
    "reference_time": 640.0,
    "reference_position1": [
        -6.49758439625,
        -2.73229151913,
        8.98187948574e-06
    ],
    "reference_position2": [
        8.06451664561,
        3.44678569454,
        9.44945762117e-06
    ],
    "reference_mean_anomaly": 1.89637,
    "keywords": [],
    "point_of_contact_email": "vvarma@caltech.edu",
    "authors_emails": [],
    "simulation_bibtex_keys": [
        "Varma:2018mmi",
        "Boyle:2019kee",
        "SXSCatalogWebsite"
    ],
    "code_bibtex_keys": [
        "Ossokine:2013zga",
        "Hemberger:2012jz",
        "Szilagyi:2009qz",
        "Boyle:2009vi",
        "Scheel:2008rj",
        "Boyle:2007ft",
        "Scheel:2006gg",
        "Lindblom:2005qh",
        "Pfeiffer:2002wt",
        "SpECwebsite"
    ],
    "initial_data_bibtex_keys": [
        "Buchman:2012dw",
        "Lovelace:2008tw",
        "Pfeiffer:2007yz",
        "Caudill:2006hw",
        "Cook:2004kt"
    ],
    "quasicircular_bibtex_keys": [
        "Mroue:2012kv",
        "Buonanno:2010yk",
        "Mroue:2010re",
        "Boyle:2007ft"
    ],
    "initial_separation": 15.6293945312,
    "initial_orbital_frequency": 0.014646169544,
    "initial_adot": -7.41263451342e-05,
    "object1": "bh",
    "object2": "bh",
    "initial_ADM_energy": 0.9930642600860727,
    "initial_ADM_linear_momentum": [
        -1.94927795e-08,
        -3.8870469e-08,
        2.0643e-12
    ],
    "initial_ADM_angular_momentum": [
        1.68909e-11,
        -1.72512e-11,
        0.9697376709287883
    ],
    "initial_mass1": 0.5564381628601359,
    "initial_mass2": 0.4435618287456669,
    "initial_dimensionless_spin1": [
        7.997e-13,
        8.31e-14,
        -0.7999999900791703
    ],
    "initial_dimensionless_spin2": [
        -1.706e-13,
        4.796e-13,
        0.5117474495791237
    ],
    "initial_position1": [
        6.973497167283159,
        0.0115327560906482,
        1.158301e-10
    ],
    "initial_position2": [
        -8.655897363916843,
        0.0115327560906482,
        1.158301e-10
    ],
    "relaxation_time": 640.0,
    "common_horizon_time": 5011.70851619,
    "remnant_mass": 0.958936437531,
    "remnant_dimensionless_spin": [
        -1.09737745433e-09,
        -4.47856030618e-08,
        0.575553468719
    ],
    "remnant_velocity": [
        -2.88577337767e-05,
        -0.0012187260939,
        5.07598361851e-08
    ],
    "metadata_version": 1,
    "spec_revisions": "InitialCommit-30391-g7de1691",
    "spells_revision": "7de1691a20fa3565c2276fa60966e8a261a47fe7",
    "com_parameters": {
        "space_translation": [
            -0.00250933028,
            -0.0019414795,
            -1.13675345e-05
        ],
        "boost_velocity": [
            6.42599791e-06,
            -1.90161082e-06,
            2.52595687e-08
        ]
    },
    "initial_mass_ratio": 1.2544771141233413
}