{
    "simulation_name": "058/Lev3",
    "alternative_names": [
        "BFI:q8_3dAl:058",
        "SXS:BBH:1468"
    ],
    "initial_data_type": "BBH_SKS",
    "object_types": "BHBH",
    "number_of_orbits": 21.6121103948,
    "reference_mass_ratio": 2.267472424788338,
    "reference_chi_eff": 0.6019038616974728,
    "reference_chi1_perp": 2.8888578023946736e-07,
    "reference_chi2_perp": 1.6906333342405217e-07,
    "reference_eccentricity": 0.0004641,
    "reference_dimensionless_spin1": [
        1.31840263106e-07,
        -2.95913208674e-07,
        0.514755640904
    ],
    "reference_dimensionless_spin2": [
        1.04382770876e-07,
        -5.83162123804e-08,
        0.799510049216
    ],
    "reference_orbital_frequency": [
        -1.31099094389e-09,
        -2.1255600237e-09,
        0.0174420381356
    ],
    "reference_mass1": 0.693949521414,
    "reference_mass2": 0.306045407136,
    "reference_time": 380.0,
    "reference_position1": [
        4.29150380667,
        1.15239419275,
        1.35247249525e-05
    ],
    "reference_position2": [
        -9.76512014099,
        -2.65748819808,
        1.20039026612e-05
    ],
    "reference_mean_anomaly": 5.988793,
    "keywords": [],
    "point_of_contact_email": "vvarma@caltech.edu",
    "authors_emails": [],
    "simulation_bibtex_keys": [
        "Varma:2018mmi",
        "Boyle:2019kee",
        "SXSCatalogWebsite"
    ],
    "code_bibtex_keys": [
        "Ossokine:2013zga",
        "Hemberger:2012jz",
        "Szilagyi:2009qz",
        "Boyle:2009vi",
        "Scheel:2008rj",
        "Boyle:2007ft",
        "Scheel:2006gg",
        "Lindblom:2005qh",
        "Pfeiffer:2002wt",
        "SpECwebsite"
    ],
    "initial_data_bibtex_keys": [
        "Buchman:2012dw",
        "Lovelace:2008tw",
        "Pfeiffer:2007yz",
        "Caudill:2006hw",
        "Cook:2004kt"
    ],
    "quasicircular_bibtex_keys": [
        "Mroue:2012kv",
        "Buonanno:2010yk",
        "Mroue:2010re",
        "Boyle:2007ft"
    ],
    "initial_separation": 14.1723022461,
    "initial_orbital_frequency": 0.016422291159,
    "initial_adot": 0.0003398524591208,
    "object1": "bh",
    "object2": "bh",
    "initial_ADM_energy": 0.9933348292726228,
    "initial_ADM_linear_momentum": [
        -5.3904354e-08,
        -6.47944142e-08,
        -3.7164e-12
    ],
    "initial_ADM_angular_momentum": [
        1.66964e-11,
        -4.2522e-12,
        1.2182618697248857
    ],
    "initial_mass1": 0.6940332385006347,
    "initial_mass2": 0.3059667927469849,
    "initial_dimensionless_spin1": [
        1.58e-14,
        1.64e-14,
        0.514713409668062
    ],
    "initial_dimensionless_spin2": [
        3.37e-14,
        -4.64e-14,
        0.8000000373759493
    ],
    "initial_position1": [
        4.339564289293706,
        0.0233249037913231,
        -9.36667e-10
    ],
    "initial_position2": [
        -9.832737956806294,
        0.0233249037913231,
        -9.36667e-10
    ],
    "relaxation_time": 380.0,
    "common_horizon_time": 5088.92370967,
    "remnant_mass": 0.94557310131,
    "remnant_dimensionless_spin": [
        7.28077920961e-09,
        -1.55355184997e-07,
        0.811883282769
    ],
    "remnant_velocity": [
        -0.000208949731923,
        2.9283194502e-05,
        1.37860794659e-07
    ],
    "metadata_version": 1,
    "spec_revisions": "InitialCommit-30334-g101f63a",
    "spells_revision": "101f63aab75cb5786e73598b576d3e30d20f6561",
    "com_parameters": {
        "space_translation": [
            -0.00524318367,
            -0.00549377556,
            -2.41636599e-05
        ],
        "boost_velocity": [
            6.37408335e-06,
            4.25001234e-05,
            1.16876106e-07
        ]
    },
    "initial_mass_ratio": 2.268328638770143
}