{
    "simulation_name": "047/Lev3",
    "alternative_names": [
        "BFI:q8_3dAl:047",
        "SXS:BBH:1457"
    ],
    "initial_data_type": "BBH_SKS",
    "object_types": "BHBH",
    "number_of_orbits": 22.6789189602,
    "reference_mass_ratio": 3.2451938875476034,
    "reference_chi_eff": 0.6048750305597878,
    "reference_chi1_perp": 3.881575235959066e-07,
    "reference_chi2_perp": 2.1802566312321533e-07,
    "reference_eccentricity": 0.0005016,
    "reference_dimensionless_spin1": [
        4.97401005271e-07,
        2.36412164507e-07,
        0.54485194579
    ],
    "reference_dimensionless_spin2": [
        1.28117286022e-07,
        1.76684083639e-07,
        0.799661578366
    ],
    "reference_orbital_frequency": [
        6.25681400439e-09,
        2.56400724187e-10,
        0.0185373167694
    ],
    "reference_mass1": 0.764425632373,
    "reference_mass2": 0.235556228337,
    "reference_time": 400.0,
    "reference_position1": [
        1.67803832253,
        2.80854303946,
        -2.88914966074e-05
    ],
    "reference_position2": [
        -5.3822815903,
        -9.20531887401,
        -2.63422888667e-05
    ],
    "reference_mean_anomaly": 0.302565,
    "keywords": [],
    "point_of_contact_email": "scheel@tapir.caltech.edu",
    "authors_emails": [],
    "simulation_bibtex_keys": [
        "Varma:2018mmi",
        "Boyle:2019kee",
        "SXSCatalogWebsite"
    ],
    "code_bibtex_keys": [
        "Ossokine:2013zga",
        "Hemberger:2012jz",
        "Szilagyi:2009qz",
        "Boyle:2009vi",
        "Scheel:2008rj",
        "Boyle:2007ft",
        "Scheel:2006gg",
        "Lindblom:2005qh",
        "Pfeiffer:2002wt",
        "SpECwebsite"
    ],
    "initial_data_bibtex_keys": [
        "Buchman:2012dw",
        "Lovelace:2008tw",
        "Pfeiffer:2007yz",
        "Caudill:2006hw",
        "Cook:2004kt"
    ],
    "quasicircular_bibtex_keys": [
        "Mroue:2012kv",
        "Buonanno:2010yk",
        "Mroue:2010re",
        "Boyle:2007ft"
    ],
    "initial_separation": 13.571472168,
    "initial_orbital_frequency": 0.017378634671,
    "initial_adot": 0.0004016218086293,
    "object1": "bh",
    "object2": "bh",
    "initial_ADM_energy": 0.9941358290803294,
    "initial_ADM_linear_momentum": [
        5.6731983e-09,
        -1.268740665e-07,
        -1.6766e-11
    ],
    "initial_ADM_angular_momentum": [
        -2.37921e-11,
        4.403e-12,
        1.1088122721072688
    ],
    "initial_mass1": 0.7644991914824799,
    "initial_mass2": 0.2355007647239514,
    "initial_dimensionless_spin1": [
        -6.93e-14,
        2.712e-13,
        0.544821946694286
    ],
    "initial_dimensionless_spin2": [
        5.91e-13,
        -5.809e-13,
        0.800000039408375
    ],
    "initial_position1": [
        3.1967049050392045,
        0.0280731522798647,
        1.6292834e-09
    ],
    "initial_position2": [
        -10.374767262960795,
        0.0280731522798647,
        1.6292834e-09
    ],
    "relaxation_time": 400.0,
    "common_horizon_time": 5069.53585299,
    "remnant_mass": 0.957814124933,
    "remnant_dimensionless_spin": [
        5.5774783896e-07,
        1.65814562014e-07,
        0.786792554303
    ],
    "remnant_velocity": [
        -0.000198973873967,
        -3.58504241607e-05,
        -4.36869070524e-08
    ],
    "metadata_version": 1,
    "spec_revisions": "InitialCommit-30391-g7de1691",
    "spells_revision": "7de1691a20fa3565c2276fa60966e8a261a47fe7",
    "com_parameters": {
        "space_translation": [
            0.00534152929,
            -0.00226870267,
            -2.21517605e-05
        ],
        "boost_velocity": [
            1.01031457e-05,
            2.04999597e-05,
            -5.91672845e-08
        ]
    },
    "initial_mass_ratio": 3.2462705264613825
}