{
    "simulation_name": "055/Lev3",
    "alternative_names": [
        "BFI:q8_3dAl:055",
        "SXS:BBH:1465"
    ],
    "initial_data_type": "BBH_SKS",
    "object_types": "BHBH",
    "number_of_orbits": 17.8540670995,
    "reference_mass_ratio": 1.7079671264582177,
    "reference_chi_eff": -0.21332035730618262,
    "reference_chi1_perp": 1.0760220436699893e-07,
    "reference_chi2_perp": 2.469614826741888e-08,
    "reference_eccentricity": 0.0001282,
    "reference_dimensionless_spin1": [
        4.39543010557e-09,
        -8.68813259861e-08,
        -0.787563932112
    ],
    "reference_dimensionless_spin2": [
        8.96191039264e-09,
        3.32593834092e-10,
        0.767468791042
    ],
    "reference_orbital_frequency": [
        -9.94228537163e-11,
        -4.20478297123e-10,
        0.0159825458928
    ],
    "reference_mass1": 0.630757287233,
    "reference_mass2": 0.369302943518,
    "reference_time": 640.0,
    "reference_position1": [
        -4.85918950744,
        -3.14707040391,
        8.23883728758e-06
    ],
    "reference_position2": [
        8.17648513288,
        5.42922315729,
        8.54555871469e-06
    ],
    "reference_mean_anomaly": 3.782253,
    "keywords": [],
    "point_of_contact_email": "vvarma@caltech.edu",
    "authors_emails": [],
    "simulation_bibtex_keys": [
        "Varma:2018mmi",
        "Boyle:2019kee",
        "SXSCatalogWebsite"
    ],
    "code_bibtex_keys": [
        "Ossokine:2013zga",
        "Hemberger:2012jz",
        "Szilagyi:2009qz",
        "Boyle:2009vi",
        "Scheel:2008rj",
        "Boyle:2007ft",
        "Scheel:2006gg",
        "Lindblom:2005qh",
        "Pfeiffer:2002wt",
        "SpECwebsite"
    ],
    "initial_data_bibtex_keys": [
        "Buchman:2012dw",
        "Lovelace:2008tw",
        "Pfeiffer:2007yz",
        "Caudill:2006hw",
        "Cook:2004kt"
    ],
    "quasicircular_bibtex_keys": [
        "Mroue:2012kv",
        "Buonanno:2010yk",
        "Mroue:2010re",
        "Boyle:2007ft"
    ],
    "initial_separation": 15.4335327148,
    "initial_orbital_frequency": 0.014711221904,
    "initial_adot": 8.99846205666e-05,
    "object1": "bh",
    "object2": "bh",
    "initial_ADM_energy": 0.9934171126829401,
    "initial_ADM_linear_momentum": [
        -1.87606818e-08,
        -2.78877939e-08,
        1.0307e-12
    ],
    "initial_ADM_angular_momentum": [
        -4.4595e-12,
        3.277e-12,
        0.8414049361367713
    ],
    "initial_mass1": 0.6307108934939233,
    "initial_mass2": 0.3692890674138926,
    "initial_dimensionless_spin1": [
        3.36e-14,
        -4.56e-14,
        -0.7875478482864855
    ],
    "initial_dimensionless_spin2": [
        -2.899e-13,
        -2.6e-15,
        0.7674366345370982
    ],
    "initial_position1": [
        5.747953894388667,
        0.0206532347321339,
        2.921288e-10
    ],
    "initial_position2": [
        -9.685578820411333,
        0.0206532347321339,
        2.921288e-10
    ],
    "relaxation_time": 640.0,
    "common_horizon_time": 4952.21634251,
    "remnant_mass": 0.964559420947,
    "remnant_dimensionless_spin": [
        -6.64624259139e-09,
        -3.29579028581e-08,
        0.484507658352
    ],
    "remnant_velocity": [
        -0.000618092579413,
        -0.00125863987101,
        4.35435784892e-08
    ],
    "metadata_version": 1,
    "spec_revisions": "InitialCommit-30348-g755d64a",
    "spells_revision": "755d64a9ecb1396c12985e0534d4ae1a0d4a7c34",
    "com_parameters": {
        "space_translation": [
            -0.00190174267,
            -0.00326626158,
            -9.04465865e-06
        ],
        "boost_velocity": [
            2.5931699e-06,
            1.22952921e-05,
            2.04947541e-08
        ]
    },
    "initial_mass_ratio": 1.7079056737605334
}