{
    "simulation_name": "006/Lev3",
    "alternative_names": [
        "PRIVATE:BBH:0570",
        "SXS:BBH:1153"
    ],
    "initial_data_type": "BBH_SKS",
    "object_types": "BHBH",
    "number_of_orbits": 40.567784622,
    "reference_mass_ratio": 1.00000002903432,
    "reference_chi_eff": 2.6134354273566806e-05,
    "reference_chi1_perp": 7.860626230555438e-09,
    "reference_chi2_perp": 1.203913135696289e-08,
    "reference_eccentricity": 0.00104,
    "reference_dimensionless_spin1": [
        -7.79271094792e-09,
        1.03075699821e-09,
        2.59902617848e-05
    ],
    "reference_dimensionless_spin2": [
        1.10948496196e-08,
        -4.6740292672e-09,
        2.62784467665e-05
    ],
    "reference_orbital_frequency": [
        1.09286997615e-11,
        -3.76866076635e-11,
        0.0100591601887
    ],
    "reference_mass1": 0.499994503323,
    "reference_mass2": 0.499994488806,
    "reference_time": 640.0,
    "reference_position1": [
        10.4556096101,
        1.28525857203,
        5.22288582484e-06
    ],
    "reference_position2": [
        -10.4555490221,
        -1.28531798169,
        5.23597394173e-06
    ],
    "reference_mean_anomaly": 2.959018,
    "keywords": [],
    "point_of_contact_email": "hblim@caltech.edu",
    "authors_emails": [],
    "simulation_bibtex_keys": [
        "Boyle:2019kee",
        "SXSCatalogWebsite"
    ],
    "code_bibtex_keys": [
        "Ossokine:2013zga",
        "Hemberger:2012jz",
        "Szilagyi:2009qz",
        "Boyle:2009vi",
        "Scheel:2008rj",
        "Boyle:2007ft",
        "Scheel:2006gg",
        "Lindblom:2005qh",
        "Pfeiffer:2002wt",
        "SpECwebsite"
    ],
    "initial_data_bibtex_keys": [
        "Buchman:2012dw",
        "Lovelace:2008tw",
        "Pfeiffer:2007yz",
        "Caudill:2006hw",
        "Cook:2004kt"
    ],
    "quasicircular_bibtex_keys": [
        "Mroue:2012kv",
        "Buonanno:2010yk",
        "Mroue:2010re",
        "Boyle:2007ft"
    ],
    "initial_separation": 20.7902832031,
    "initial_orbital_frequency": 0.0099303894043,
    "initial_adot": -1.02037655861e-05,
    "object1": "bh",
    "object2": "bh",
    "initial_ADM_energy": 0.9944712944875751,
    "initial_ADM_linear_momentum": [
        -8.52379115e-08,
        -6.50011757e-08,
        -3.6786e-12
    ],
    "initial_ADM_angular_momentum": [
        -8.369e-13,
        2.55261e-11,
        1.252798022642324
    ],
    "initial_mass1": 0.5000000121543909,
    "initial_mass2": 0.5000000034175541,
    "initial_dimensionless_spin1": [
        -3.45e-14,
        3.2145e-12,
        -3.5054279e-09
    ],
    "initial_dimensionless_spin2": [
        1.99931e-11,
        -6.11096999998e-11,
        -1.103638172e-07
    ],
    "initial_position1": [
        10.395142483490332,
        -1.144541306e-06,
        2.895738e-09
    ],
    "initial_position2": [
        -10.395140719609667,
        -1.144541306e-06,
        2.895738e-09
    ],
    "relaxation_time": 640.0,
    "common_horizon_time": 16654.0028613,
    "remnant_mass": 0.951602637436,
    "remnant_dimensionless_spin": [
        1.65045017122e-09,
        -2.92399305033e-09,
        0.686442373059
    ],
    "remnant_velocity": [
        1.07105302048e-07,
        -4.75053766113e-08,
        3.07318860165e-08
    ],
    "metadata_version": 1,
    "spec_revisions": "InitialCommit-29563-gfb84698",
    "spells_revision": "fb84698ae3438f76f7f4f9e0a351c2e11277db0e",
    "com_parameters": {
        "space_translation": [
            -3.50432744e-05,
            -8.59703545e-07,
            -1.16065787e-05
        ],
        "boost_velocity": [
            1.02549569e-07,
            -4.18238194e-08,
            1.40634071e-08
        ]
    },
    "initial_mass_ratio": 1.0000000174736734
}