{
    "simulation_name": "001/Lev3",
    "alternative_names": [
        "BFI:HybTest:001",
        "SXS:BBH:1412"
    ],
    "initial_data_type": "BBH_SKS",
    "object_types": "BHBH",
    "number_of_orbits": 145.090915445,
    "reference_mass_ratio": 1.629974689500553,
    "reference_chi_eff": 0.13384776731362483,
    "reference_chi1_perp": 3.472333882130463e-08,
    "reference_chi2_perp": 4.660246159746113e-09,
    "reference_eccentricity": 0.000445,
    "reference_dimensionless_spin1": [
        -1.9725445813e-09,
        -3.88547464063e-08,
        0.400006079655
    ],
    "reference_dimensionless_spin2": [
        -3.80164646712e-09,
        1.86541359438e-09,
        -0.299983545203
    ],
    "reference_orbital_frequency": [
        -1.14906425443e-11,
        -5.18534985885e-11,
        0.00500114587555
    ],
    "reference_mass1": 0.619766627622,
    "reference_mass2": 0.380230829113,
    "reference_time": 400.0,
    "reference_position1": [
        -5.22860970903,
        11.5433622247,
        1.06049127835e-06
    ],
    "reference_position2": [
        8.58628837552,
        -18.8875621291,
        7.76714745394e-07
    ],
    "reference_mean_anomaly": 1.971032,
    "keywords": [],
    "point_of_contact_email": "scheel@tapir.caltech.edu",
    "authors_emails": [],
    "simulation_bibtex_keys": [
        "Varma:2018mmi",
        "Boyle:2019kee",
        "SXSCatalogWebsite"
    ],
    "code_bibtex_keys": [
        "Ossokine:2013zga",
        "Hemberger:2012jz",
        "Szilagyi:2009qz",
        "Boyle:2009vi",
        "Scheel:2008rj",
        "Boyle:2007ft",
        "Scheel:2006gg",
        "Lindblom:2005qh",
        "Pfeiffer:2002wt",
        "SpECwebsite"
    ],
    "initial_data_bibtex_keys": [
        "Buchman:2012dw",
        "Lovelace:2008tw",
        "Pfeiffer:2007yz",
        "Caudill:2006hw",
        "Cook:2004kt"
    ],
    "quasicircular_bibtex_keys": [
        "Mroue:2012kv",
        "Buonanno:2010yk",
        "Mroue:2010re",
        "Boyle:2007ft"
    ],
    "initial_separation": 33.2966918945,
    "initial_orbital_frequency": 0.00497294904,
    "initial_adot": 1.3978230507e-06,
    "object1": "bh",
    "object2": "bh",
    "initial_ADM_energy": 0.9966386400311966,
    "initial_ADM_linear_momentum": [
        -4.707624e-09,
        -1.30466441e-08,
        1.77691e-11
    ],
    "initial_ADM_angular_momentum": [
        4.066156e-10,
        -4.781144e-10,
        1.5509963961864246
    ],
    "initial_mass1": 0.6197718606935684,
    "initial_mass2": 0.3802281376821747,
    "initial_dimensionless_spin1": [
        4.41e-14,
        -1.12e-14,
        0.3999999920285817
    ],
    "initial_dimensionless_spin2": [
        2.74e-14,
        -1.64e-14,
        -0.3000000086461465
    ],
    "initial_position1": [
        12.649607911557418,
        0.0126241370349592,
        8.36283772e-08
    ],
    "initial_position2": [
        -20.647083982942583,
        0.0126241370349592,
        8.36283772e-08
    ],
    "relaxation_time": 400.0,
    "common_horizon_time": 115697.986765,
    "remnant_mass": 0.951204006094,
    "remnant_dimensionless_spin": [
        -4.69637038833e-08,
        -9.3105207123e-08,
        0.734186618143
    ],
    "remnant_velocity": [
        -6.99888020559e-05,
        -0.000285898816716,
        -2.75387976718e-08
    ],
    "metadata_version": 1,
    "spec_revisions": [
        "InitialCommit-30517-ge17b061",
        "InitialCommit-30518-g04f3d32"
    ],
    "spells_revision": "e17b0615c6bf86e4200c16f10279040974488400",
    "com_parameters": {
        "space_translation": [
            0.016801,
            0.03864568,
            0.00048473
        ],
        "boost_velocity": [
            -4.2883454e-06,
            -5.89491885e-06,
            -3.20333622e-08
        ]
    },
    "initial_mass_ratio": 1.62999999019437
}