{
    "simulation_name": "BBH_SKS_d14.6_q2.98_sA_0_0_0.470_sB_0_0_-0.360/Lev3",
    "alternative_names": "SXS:BBH:1387",
    "initial_data_type": "BBH_SKS",
    "object_types": "BHBH",
    "number_of_orbits": 23.3490264934,
    "reference_mass_ratio": 2.983099759706139,
    "reference_chi_eff": 0.26159887366117446,
    "reference_chi1_perp": 2.82630690687482e-07,
    "reference_chi2_perp": 5.418415119314293e-07,
    "reference_eccentricity": 0.0001628,
    "reference_dimensionless_spin1": [
        -5.03465902779e-08,
        7.19465030873e-07,
        0.469939519226
    ],
    "reference_dimensionless_spin2": [
        -1.68916971524e-07,
        1.78262502114e-07,
        -0.359902056062
    ],
    "reference_orbital_frequency": [
        7.24413895732e-10,
        1.5916741964e-08,
        0.0167784811319
    ],
    "reference_mass1": 0.748899402227,
    "reference_mass2": 0.251047387802,
    "reference_time": 450.0,
    "reference_position1": [
        1.39099215436,
        3.41540895475,
        0.000112306505688
    ],
    "reference_position2": [
        -4.3118765738,
        -10.3985877432,
        0.000125657240866
    ],
    "reference_mean_anomaly": "NaN",
    "keywords": [],
    "point_of_contact_email": "scheel@tapir.caltech.edu",
    "authors_emails": [],
    "simulation_bibtex_keys": [
        "Boyle:2019kee",
        "SXSCatalogWebsite"
    ],
    "code_bibtex_keys": [
        "Ossokine:2013zga",
        "Hemberger:2012jz",
        "Szilagyi:2009qz",
        "Boyle:2009vi",
        "Scheel:2008rj",
        "Boyle:2007ft",
        "Scheel:2006gg",
        "Lindblom:2005qh",
        "Pfeiffer:2002wt",
        "SpECwebsite"
    ],
    "initial_data_bibtex_keys": [
        "Buchman:2012dw",
        "Lovelace:2008tw",
        "Pfeiffer:2007yz",
        "Caudill:2006hw",
        "Cook:2004kt"
    ],
    "quasicircular_bibtex_keys": [
        "Mroue:2012kv",
        "Buonanno:2010yk",
        "Mroue:2010re",
        "Boyle:2007ft"
    ],
    "initial_separation": 14.6171875,
    "initial_orbital_frequency": 0.016283014737,
    "initial_adot": -2.45459155239e-05,
    "object1": "bh",
    "object2": "bh",
    "initial_ADM_energy": 0.9942751361589649,
    "initial_ADM_linear_momentum": [
        -6.59059e-11,
        1.0577045e-09,
        5.113e-13
    ],
    "initial_ADM_angular_momentum": [
        1.34565e-11,
        -1.37198e-11,
        1.0535311691163112
    ],
    "initial_mass1": 0.7489571409166921,
    "initial_mass2": 0.2510428426975679,
    "initial_dimensionless_spin1": [
        1.94669e-11,
        -5.18250999999e-11,
        0.469999995874
    ],
    "initial_dimensionless_spin2": [
        -9.1e-15,
        7.20000000001e-15,
        -0.359999989356
    ],
    "initial_position1": [
        3.6273731519936243,
        -0.0024908413434303,
        0.0
    ],
    "initial_position2": [
        -10.989814348006377,
        -0.0024908413434303,
        0.0
    ],
    "relaxation_time": 450.0,
    "common_horizon_time": 5863.93506133,
    "remnant_mass": 0.962533545175,
    "remnant_dimensionless_spin": [
        1.66540429702e-08,
        1.05315782568e-06,
        0.732852829325
    ],
    "remnant_velocity": [
        0.000204587126291,
        0.00016269395313,
        8.11287578708e-07
    ],
    "metadata_version": 1,
    "spec_revisions": "InitialCommit-29276-ge39f0e2",
    "spells_revision": "e39f0e274eb7cb1be05cb3ab8cf154e240d5467a",
    "com_parameters": {
        "space_translation": [
            -0.03040666,
            -0.04379808,
            -0.00029046
        ],
        "boost_velocity": [
            -4.84661832e-05,
            4.30306688e-05,
            8.07476327e-07
        ]
    },
    "initial_mass_ratio": 2.983383763778373
}