{
    "simulation_name": "0333/Lev3",
    "alternative_names": [
        "BFI:q4_7d:0333",
        "SXS:BBH:1819"
    ],
    "initial_data_type": "BBH_SKS",
    "object_types": "BHBH",
    "number_of_orbits": 17.4069447652,
    "reference_mass_ratio": 2.6976253101691667,
    "reference_chi_eff": -0.4926171929982518,
    "reference_chi1_perp": 0.027474077069827286,
    "reference_chi2_perp": 0.7314072946383879,
    "reference_eccentricity": 0.0004817,
    "reference_dimensionless_spin1": [
        -0.0120115114836,
        -0.0558882059867,
        -0.656461356618
    ],
    "reference_dimensionless_spin2": [
        -0.659521757907,
        -0.317414943875,
        -0.0360980690868
    ],
    "reference_orbital_frequency": [
        -0.0002204150699,
        0.000941653775704,
        0.0162397370868
    ],
    "reference_mass1": 0.729562256258,
    "reference_mass2": 0.270446104397,
    "reference_time": 520.0,
    "reference_position1": [
        -1.84439682591,
        3.74399931923,
        -0.23833200608
    ],
    "reference_position2": [
        5.06846861754,
        -10.0019827937,
        0.652547913953
    ],
    "reference_mean_anomaly": 0.66787,
    "keywords": [],
    "point_of_contact_email": "m.okounkova@gmail.com",
    "authors_emails": [],
    "simulation_bibtex_keys": [
        "Varma:2019csw",
        "Boyle:2019kee",
        "SXSCatalogWebsite"
    ],
    "code_bibtex_keys": [
        "Ossokine:2013zga",
        "Hemberger:2012jz",
        "Szilagyi:2009qz",
        "Boyle:2009vi",
        "Scheel:2008rj",
        "Boyle:2007ft",
        "Scheel:2006gg",
        "Lindblom:2005qh",
        "Pfeiffer:2002wt",
        "SpECwebsite"
    ],
    "initial_data_bibtex_keys": [
        "Buchman:2012dw",
        "Lovelace:2008tw",
        "Pfeiffer:2007yz",
        "Caudill:2006hw",
        "Cook:2004kt"
    ],
    "quasicircular_bibtex_keys": [
        "Mroue:2012kv",
        "Buonanno:2010yk",
        "Mroue:2010re",
        "Boyle:2007ft"
    ],
    "initial_separation": 15.1711425781,
    "initial_orbital_frequency": 0.015311770612,
    "initial_adot": -0.0001529561868337,
    "object1": "bh",
    "object2": "bh",
    "initial_ADM_energy": 0.9943980778927047,
    "initial_ADM_linear_momentum": [
        -6.51714567e-08,
        -2.1984568e-08,
        4.4718768e-09
    ],
    "initial_ADM_angular_momentum": [
        -0.0638577011648825,
        0.0019796653378886,
        0.542036853128121
    ],
    "initial_mass1": 0.7295755520575247,
    "initial_mass2": 0.2704244510830436,
    "initial_dimensionless_spin1": [
        -0.0217939417052365,
        -0.0474515768037632,
        -0.6567753084225554
    ],
    "initial_dimensionless_spin2": [
        -0.7007362504705166,
        0.2091853837759751,
        -0.0508073546492724
    ],
    "initial_position1": [
        4.1335532229099385,
        0.0290875720425961,
        0.0071734734836654
    ],
    "initial_position2": [
        -11.037589355190061,
        0.0290875720425961,
        0.0071734734836654
    ],
    "relaxation_time": 520.0,
    "common_horizon_time": 4839.43822727,
    "remnant_mass": 0.976312856546,
    "remnant_dimensionless_spin": [
        -0.0249839429206,
        0.00125738431317,
        0.290492104445
    ],
    "remnant_velocity": [
        0.000377213240773,
        0.000796342392233,
        0.0011691384176
    ],
    "metadata_version": 1,
    "spec_revisions": "InitialCommit-30548-g8a39246",
    "spells_revision": "8a392465d586c8ca817d062b58522dabb63df692",
    "com_parameters": {
        "space_translation": [
            -0.00499832,
            -0.00676307,
            -0.00106017
        ],
        "boost_velocity": [
            -1.43927615e-06,
            1.98556678e-05,
            1.57116474e-06
        ]
    },
    "initial_mass_ratio": 2.697890479709182
}