{
    "simulation_name": "050/Lev3",
    "alternative_names": [
        "BFI:q8_3dAl:050",
        "SXS:BBH:1460"
    ],
    "initial_data_type": "BBH_SKS",
    "object_types": "BHBH",
    "number_of_orbits": 23.2819103176,
    "reference_mass_ratio": 8.000472961726159,
    "reference_chi_eff": 0.12200096486706019,
    "reference_chi1_perp": 3.493918782575963e-07,
    "reference_chi2_perp": 1.5516864746572174e-07,
    "reference_eccentricity": 0.0002232,
    "reference_dimensionless_spin1": [
        3.70633928054e-08,
        3.13959320563e-07,
        0.123660418868
    ],
    "reference_dimensionless_spin2": [
        -4.66656579572e-08,
        -1.67853781703e-07,
        0.108724548002
    ],
    "reference_orbital_frequency": [
        5.22314640803e-09,
        -6.09552057723e-09,
        0.0213128177201
    ],
    "reference_mass1": 0.888854156823,
    "reference_mass2": 0.111100201335,
    "reference_time": 320.0,
    "reference_position1": [
        1.21926285497,
        0.66139454479,
        -5.11904632972e-05
    ],
    "reference_position2": [
        -9.7901831203,
        -5.53678051424,
        -5.026506503e-05
    ],
    "reference_mean_anomaly": 2.848058,
    "keywords": [],
    "point_of_contact_email": "jonathan.blackman.0@gmail.com",
    "authors_emails": [],
    "simulation_bibtex_keys": [
        "Varma:2018mmi",
        "Boyle:2019kee",
        "SXSCatalogWebsite"
    ],
    "code_bibtex_keys": [
        "Ossokine:2013zga",
        "Hemberger:2012jz",
        "Szilagyi:2009qz",
        "Boyle:2009vi",
        "Scheel:2008rj",
        "Boyle:2007ft",
        "Scheel:2006gg",
        "Lindblom:2005qh",
        "Pfeiffer:2002wt",
        "SpECwebsite"
    ],
    "initial_data_bibtex_keys": [
        "Buchman:2012dw",
        "Lovelace:2008tw",
        "Pfeiffer:2007yz",
        "Caudill:2006hw",
        "Cook:2004kt"
    ],
    "quasicircular_bibtex_keys": [
        "Mroue:2012kv",
        "Buonanno:2010yk",
        "Mroue:2010re",
        "Boyle:2007ft"
    ],
    "initial_separation": 12.2276000977,
    "initial_orbital_frequency": 0.020939663772,
    "initial_adot": 7.02483243422e-05,
    "object1": "bh",
    "object2": "bh",
    "initial_ADM_energy": 0.9965321717700575,
    "initial_ADM_linear_momentum": [
        9.1181179e-09,
        1.77471843e-08,
        1.6794e-11
    ],
    "initial_ADM_angular_momentum": [
        -1.18228e-11,
        7.8798e-12,
        0.5029662137377529
    ],
    "initial_mass1": 0.8888888387370989,
    "initial_mass2": 0.1111111163045333,
    "initial_dimensionless_spin1": [
        -2.955e-13,
        -8.92e-14,
        0.1235670176481056
    ],
    "initial_dimensionless_spin2": [
        1.495e-13,
        4.157e-13,
        0.108677929207372
    ],
    "initial_position1": [
        1.3645840781302394,
        0.0235716202317501,
        4.8495863e-09
    ],
    "initial_position2": [
        -10.863016019569761,
        0.0235716202317501,
        4.8495863e-09
    ],
    "relaxation_time": 320.0,
    "common_horizon_time": 4871.09348154,
    "remnant_mass": 0.988333127772,
    "remnant_dimensionless_spin": [
        -9.95504562644e-08,
        2.03974680695e-07,
        0.395241963047
    ],
    "remnant_velocity": [
        0.000288991542415,
        -3.90525455008e-05,
        -1.49940656115e-06
    ],
    "metadata_version": 1,
    "spec_revisions": "InitialCommit-30391-g7de1691",
    "spells_revision": "7de1691a20fa3565c2276fa60966e8a261a47fe7",
    "com_parameters": {
        "space_translation": [
            -0.0078717,
            0.02131866,
            0.00074072
        ],
        "boost_velocity": [
            1.69723739e-05,
            -3.95516565e-05,
            -1.51625514e-06
        ]
    },
    "initial_mass_ratio": 7.999999174707531
}