{
    "simulation_name": "0067/Lev3",
    "alternative_names": [
        "BFI:q4_7d:0067",
        "SXS:BBH:1563"
    ],
    "initial_data_type": "BBH_SKS",
    "object_types": "BHBH",
    "number_of_orbits": 18.8899396079,
    "reference_mass_ratio": 3.352768502366774,
    "reference_chi_eff": -0.2644149886147582,
    "reference_chi1_perp": 0.6684444339962471,
    "reference_chi2_perp": 0.10454402186952845,
    "reference_eccentricity": 0.0004306,
    "reference_dimensionless_spin1": [
        -0.480217141893,
        -0.479628188654,
        -0.280673797293
    ],
    "reference_dimensionless_spin2": [
        -0.0702704198003,
        -0.0837741666995,
        -0.126627282314
    ],
    "reference_orbital_frequency": [
        -0.00191785401472,
        0.00299122091423,
        0.0169929833876
    ],
    "reference_mass1": 0.770287897947,
    "reference_mass2": 0.229746818906,
    "reference_time": 640.0,
    "reference_position1": [
        -0.413166204244,
        -3.30639765368,
        0.550339080946
    ],
    "reference_position2": [
        1.25702782347,
        11.0926939365,
        -1.79578665104
    ],
    "reference_mean_anomaly": 2.474243,
    "keywords": [],
    "point_of_contact_email": "kidder@astro.cornell.edu",
    "authors_emails": [],
    "simulation_bibtex_keys": [
        "Varma:2019csw",
        "Boyle:2019kee",
        "SXSCatalogWebsite"
    ],
    "code_bibtex_keys": [
        "Ossokine:2013zga",
        "Hemberger:2012jz",
        "Szilagyi:2009qz",
        "Boyle:2009vi",
        "Scheel:2008rj",
        "Boyle:2007ft",
        "Scheel:2006gg",
        "Lindblom:2005qh",
        "Pfeiffer:2002wt",
        "SpECwebsite"
    ],
    "initial_data_bibtex_keys": [
        "Buchman:2012dw",
        "Lovelace:2008tw",
        "Pfeiffer:2007yz",
        "Caudill:2006hw",
        "Cook:2004kt"
    ],
    "quasicircular_bibtex_keys": [
        "Mroue:2012kv",
        "Buonanno:2010yk",
        "Mroue:2010re",
        "Boyle:2007ft"
    ],
    "initial_separation": 14.5158081055,
    "initial_orbital_frequency": 0.016552567597,
    "initial_adot": -7.2612809157e-06,
    "object1": "bh",
    "object2": "bh",
    "initial_ADM_energy": 0.9947190911257547,
    "initial_ADM_linear_momentum": [
        1.62276384e-08,
        -9.23386344e-08,
        3.891165e-10
    ],
    "initial_ADM_angular_momentum": [
        -0.3657361650536413,
        -0.1568227577761004,
        0.5945643153332375
    ],
    "initial_mass1": 0.7702572363784395,
    "initial_mass2": 0.2297427610654344,
    "initial_dimensionless_spin1": [
        -0.6063362698584839,
        -0.2814214201329621,
        -0.3045244164809842
    ],
    "initial_dimensionless_spin2": [
        -0.0979811441753471,
        0.0145021424669973,
        -0.1346974252077543
    ],
    "initial_position1": [
        3.353260062241547,
        0.0310234898705968,
        -0.0188952904714886
    ],
    "initial_position2": [
        -11.162548043258452,
        0.0310234898705968,
        -0.0188952904714886
    ],
    "relaxation_time": 640.0,
    "common_horizon_time": 4907.19724572,
    "remnant_mass": 0.975467860023,
    "remnant_dimensionless_spin": [
        -0.289929736946,
        -0.0850410060289,
        0.43655437176
    ],
    "remnant_velocity": [
        0.000659829678681,
        -0.000137780177843,
        -0.00275253258241
    ],
    "metadata_version": 1,
    "spec_revisions": "InitialCommit-30548-g8a39246",
    "spells_revision": "8a392465d586c8ca817d062b58522dabb63df692",
    "com_parameters": {
        "space_translation": [
            -0.01033655,
            -0.00289134,
            0.00039365
        ],
        "boost_velocity": [
            1.57179381e-05,
            -5.60421607e-06,
            -3.5662942e-06
        ]
    },
    "initial_mass_ratio": 3.3526942603386662
}