{
    "simulation_name": "BBH_SKS_d15.4_q1_sA_0_0_0.500_sB_0_0_0.500/Lev4",
    "alternative_names": [
        "PRIVATE:BBH:0011",
        "SXS:BBH:1123"
    ],
    "initial_data_type": "BBH_SKS",
    "object_types": "BHBH",
    "number_of_orbits": 21.94558935,
    "reference_mass_ratio": 1.0000000080280542,
    "reference_chi_eff": 0.5000474756684999,
    "reference_chi1_perp": 1.1327206106442869e-08,
    "reference_chi2_perp": 1.2836786473256077e-08,
    "reference_eccentricity": 0.0006331,
    "reference_dimensionless_spin1": [
        8.3735550251e-09,
        -8.19724107172e-09,
        0.500047452012
    ],
    "reference_dimensionless_spin2": [
        -7.85171354924e-09,
        9.66823876477e-09,
        0.500047499325
    ],
    "reference_orbital_frequency": [
        1.01812119527e-11,
        -7.26655807377e-12,
        0.0158076888019
    ],
    "reference_mass1": 0.499996634998,
    "reference_mass2": 0.499996630984,
    "reference_time": 600.0,
    "reference_position1": [
        -7.75769395939,
        0.867469099003,
        -2.55096972135e-06
    ],
    "reference_position2": [
        7.75759187672,
        -0.867800429605,
        -2.56176028363e-06
    ],
    "reference_mean_anomaly": 3.45332,
    "keywords": [],
    "point_of_contact_email": "glovelace@fullerton.edu",
    "authors_emails": [],
    "simulation_bibtex_keys": [
        "Boyle:2019kee",
        "SXSCatalogWebsite"
    ],
    "code_bibtex_keys": [
        "Ossokine:2013zga",
        "Hemberger:2012jz",
        "Szilagyi:2009qz",
        "Boyle:2009vi",
        "Scheel:2008rj",
        "Boyle:2007ft",
        "Scheel:2006gg",
        "Lindblom:2005qh",
        "Pfeiffer:2002wt",
        "SpECwebsite"
    ],
    "initial_data_bibtex_keys": [
        "Buchman:2012dw",
        "Lovelace:2008tw",
        "Pfeiffer:2007yz",
        "Caudill:2006hw",
        "Cook:2004kt"
    ],
    "quasicircular_bibtex_keys": [
        "Mroue:2012kv",
        "Buonanno:2010yk",
        "Mroue:2010re",
        "Boyle:2007ft"
    ],
    "initial_separation": 15.366,
    "initial_orbital_frequency": 0.01499726082,
    "initial_adot": 0.0001236742171,
    "object1": "bh",
    "object2": "bh",
    "initial_ADM_energy": 0.9926551005102195,
    "initial_ADM_linear_momentum": [
        -6.09128564e-08,
        -3.090264734e-07,
        1.6182288e-09
    ],
    "initial_ADM_angular_momentum": [
        7.85013405e-08,
        4.992600712e-07,
        1.3420561525602799
    ],
    "initial_mass1": 0.499999998275568,
    "initial_mass2": 0.499999999260461,
    "initial_dimensionless_spin1": [
        -3.1143e-12,
        -1.3306e-12,
        0.499999990421
    ],
    "initial_dimensionless_spin2": [
        1.3455e-12,
        -9.73399999999e-13,
        0.500000008123
    ],
    "initial_position1": [
        7.682981412027801,
        4.1748069302e-06,
        0.0
    ],
    "initial_position2": [
        -7.683018587972199,
        4.1748069302e-06,
        0.0
    ],
    "relaxation_time": 600.0,
    "common_horizon_time": 5737.16672642,
    "remnant_mass": 0.932651636929,
    "remnant_dimensionless_spin": [
        4.89407222971e-10,
        4.08387261274e-11,
        0.831254247705
    ],
    "remnant_velocity": [
        -5.61999199705e-08,
        -3.07120665099e-07,
        4.10831323458e-09
    ],
    "metadata_version": 1,
    "spec_revisions": "InitialCommit-23628-gb2f60b8",
    "spells_revision": "b2f60b833933fbca72bf18d8355cc5a8cdd12b90",
    "com_parameters": {
        "space_translation": [
            -1.91083342e-05,
            1.25838391e-05,
            -3.69976975e-06
        ],
        "boost_velocity": [
            -5.43824438e-08,
            -2.89581272e-07,
            -4.097601e-09
        ]
    },
    "initial_mass_ratio": 0.999999998030214
}