{
    "simulation_name": "d15.47_q8.0_sA_0_0_-0.900_sB_0_0_0/Lev3",
    "alternative_names": "SXS:BBH:1375",
    "initial_data_type": "BBH_SKS",
    "object_types": "BHBH",
    "number_of_orbits": 28.0413606473,
    "reference_mass_ratio": 7.9979287585079355,
    "reference_chi_eff": -0.800341384746717,
    "reference_chi1_perp": 1.7416084096935085e-06,
    "reference_chi2_perp": 1.7556779586647177e-07,
    "reference_eccentricity": 0.0011129,
    "reference_dimensionless_spin1": [
        -3.76742496502e-07,
        -9.39942307049e-07,
        -0.900407294693
    ],
    "reference_dimensionless_spin2": [
        1.49914928702e-07,
        -9.13793938798e-08,
        -2.13658499777e-05
    ],
    "reference_orbital_frequency": [
        -7.78907593706e-09,
        -1.02678578169e-08,
        0.0155903770863
    ],
    "reference_mass1": 0.888658795109,
    "reference_mass2": 0.111111116633,
    "reference_time": 580.0,
    "reference_position1": [
        -1.66883465707,
        0.894709223939,
        -0.000110178716499
    ],
    "reference_position2": [
        12.3268451877,
        -6.21404504617,
        -0.000107868205676
    ],
    "reference_mean_anomaly": 6.060175,
    "keywords": [],
    "point_of_contact_email": "ian.hinder@aei.mpg.de",
    "authors_emails": [],
    "simulation_bibtex_keys": [
        "Boyle:2019kee",
        "SXSCatalogWebsite"
    ],
    "code_bibtex_keys": [
        "Ossokine:2013zga",
        "Hemberger:2012jz",
        "Szilagyi:2009qz",
        "Boyle:2009vi",
        "Scheel:2008rj",
        "Boyle:2007ft",
        "Scheel:2006gg",
        "Lindblom:2005qh",
        "Pfeiffer:2002wt",
        "SpECwebsite"
    ],
    "initial_data_bibtex_keys": [
        "Buchman:2012dw",
        "Lovelace:2008tw",
        "Pfeiffer:2007yz",
        "Caudill:2006hw",
        "Cook:2004kt"
    ],
    "quasicircular_bibtex_keys": [
        "Mroue:2012kv",
        "Buonanno:2010yk",
        "Mroue:2010re",
        "Boyle:2007ft"
    ],
    "initial_separation": 15.47,
    "initial_orbital_frequency": 0.015226179355,
    "initial_adot": -2.17541275253e-05,
    "object1": "bh",
    "object2": "bh",
    "initial_ADM_energy": 0.9973058523974119,
    "initial_ADM_linear_momentum": [
        2.081530649e-07,
        -1.4396739152e-06,
        -2.5369069e-09
    ],
    "initial_ADM_angular_momentum": [
        -0.0024725986709416,
        -0.0175915038943209,
        0.5233388731322617
    ],
    "initial_mass1": 0.8888870656634863,
    "initial_mass2": 0.1111171950059959,
    "initial_dimensionless_spin1": [
        7.38859e-11,
        1.245464e-10,
        -0.8999977518578123
    ],
    "initial_dimensionless_spin2": [
        8.6744033e-09,
        -1.10078068e-08,
        9.997112366e-06
    ],
    "initial_position1": [
        1.634216220084718,
        0.0846742933251045,
        0.0
    ],
    "initial_position2": [
        -13.835783779915282,
        0.0846742933251045,
        0.0
    ],
    "relaxation_time": 580.0,
    "common_horizon_time": 8489.21836047,
    "remnant_mass": 0.992805855881,
    "remnant_dimensionless_spin": [
        -5.84475073106e-07,
        -2.61951534296e-06,
        -0.344217239573
    ],
    "remnant_velocity": [
        -0.000129574311585,
        -0.000385687055408,
        -8.4091357178e-07
    ],
    "metadata_version": 1,
    "spec_revisions": "InitialCommit-28586-gfa21ea5",
    "spells_revision": "51b3b91aa78bfa06ac6f0c79d2ffe18830b246f7",
    "com_parameters": {
        "space_translation": [
            -0.08428203,
            0.09025554,
            0.00046359
        ],
        "boost_velocity": [
            -4.94943035e-05,
            1.97802853e-05,
            -8.22693768e-07
        ]
    },
    "initial_mass_ratio": 7.999545575421714
}