{
    "simulation_name": "049/Lev3",
    "alternative_names": [
        "BFI:q8_3dAl:049",
        "SXS:BBH:1459"
    ],
    "initial_data_type": "BBH_SKS",
    "object_types": "BHBH",
    "number_of_orbits": 22.399874164,
    "reference_mass_ratio": 2.258915344752285,
    "reference_chi_eff": 0.7742872667380778,
    "reference_chi1_perp": 1.0573714159926068e-07,
    "reference_chi2_perp": 3.143562934280206e-07,
    "reference_eccentricity": 0.0006864,
    "reference_dimensionless_spin1": [
        -2.20110575683e-07,
        1.92767493611e-07,
        0.763095723272
    ],
    "reference_dimensionless_spin2": [
        1.44567038416e-07,
        4.40300387945e-08,
        0.799568016005
    ],
    "reference_orbital_frequency": [
        -2.6666620431e-09,
        4.72114350275e-09,
        0.0177081521963
    ],
    "reference_mass1": 0.693210870966,
    "reference_mass2": 0.306877755546,
    "reference_time": 350.0,
    "reference_position1": [
        4.34406173984,
        -0.686163325927,
        3.34231692328e-05
    ],
    "reference_position2": [
        -9.88864364493,
        1.52086924386,
        3.06914594439e-05
    ],
    "reference_mean_anomaly": 5.608046,
    "keywords": [],
    "point_of_contact_email": "scheel@tapir.caltech.edu",
    "authors_emails": [],
    "simulation_bibtex_keys": [
        "Varma:2018mmi",
        "Boyle:2019kee",
        "SXSCatalogWebsite"
    ],
    "code_bibtex_keys": [
        "Ossokine:2013zga",
        "Hemberger:2012jz",
        "Szilagyi:2009qz",
        "Boyle:2009vi",
        "Scheel:2008rj",
        "Boyle:2007ft",
        "Scheel:2006gg",
        "Lindblom:2005qh",
        "Pfeiffer:2002wt",
        "SpECwebsite"
    ],
    "initial_data_bibtex_keys": [
        "Buchman:2012dw",
        "Lovelace:2008tw",
        "Pfeiffer:2007yz",
        "Caudill:2006hw",
        "Cook:2004kt"
    ],
    "quasicircular_bibtex_keys": [
        "Mroue:2012kv",
        "Buonanno:2010yk",
        "Mroue:2010re",
        "Boyle:2007ft"
    ],
    "initial_separation": 13.9713134766,
    "initial_orbital_frequency": 0.016611741937,
    "initial_adot": 0.0004103128931292,
    "object1": "bh",
    "object2": "bh",
    "initial_ADM_energy": 0.9932204748627091,
    "initial_ADM_linear_momentum": [
        -4.13846225e-08,
        -3.88316545e-08,
        9.8407e-12
    ],
    "initial_ADM_angular_momentum": [
        -2.94039e-11,
        -1.15485e-11,
        1.3271035682794672
    ],
    "initial_mass1": 0.6932054719155472,
    "initial_mass2": 0.3067945040387892,
    "initial_dimensionless_spin1": [
        2.478e-13,
        -4.69e-13,
        0.7632170509974563
    ],
    "initial_dimensionless_spin2": [
        -5.119e-13,
        8.032e-13,
        0.7999999953842669
    ],
    "initial_position1": [
        4.280720713760257,
        0.0250450874340508,
        5.4258668e-09
    ],
    "initial_position2": [
        -9.690592762839744,
        0.0250450874340508,
        5.4258668e-09
    ],
    "relaxation_time": 350.0,
    "common_horizon_time": 5089.99925813,
    "remnant_mass": 0.932143461042,
    "remnant_dimensionless_spin": [
        -1.72452872431e-07,
        2.73956313906e-07,
        0.889665466985
    ],
    "remnant_velocity": [
        8.62206816803e-06,
        8.36052295532e-05,
        3.11738829293e-07
    ],
    "metadata_version": 1,
    "spec_revisions": "InitialCommit-30391-g7de1691",
    "spells_revision": "7de1691a20fa3565c2276fa60966e8a261a47fe7",
    "com_parameters": {
        "space_translation": [
            -0.0043260833,
            -0.00322602855,
            -6.58973046e-05
        ],
        "boost_velocity": [
            -6.93579329e-07,
            1.8117983e-05,
            2.78766912e-07
        ]
    },
    "initial_mass_ratio": 2.2595107239206036
}