{
    "simulation_name": "022/Lev3",
    "alternative_names": "SXS:BBH:1167",
    "initial_data_type": "BBH_SKS",
    "object_types": "BHBH",
    "number_of_orbits": 40.5205447051,
    "reference_mass_ratio": 2.0001076615613305,
    "reference_chi_eff": -4.494727644625452e-05,
    "reference_chi1_perp": 3.6331064112409435e-08,
    "reference_chi2_perp": 3.581038646161704e-08,
    "reference_eccentricity": 0.0003762,
    "reference_dimensionless_spin1": [
        2.08676642652e-08,
        -2.9738885014e-08,
        -7.01521110662e-05
    ],
    "reference_dimensionless_spin2": [
        3.30120457545e-08,
        -1.3877663633e-08,
        5.46510638418e-06
    ],
    "reference_orbital_frequency": [
        -9.13030792312e-11,
        -2.82974932875e-10,
        0.010680195344
    ],
    "reference_mass1": 0.666680537194,
    "reference_mass2": 0.333322325596,
    "reference_time": 600.0,
    "reference_position1": [
        6.69617096348,
        0.548691295992,
        -1.96768528297e-06
    ],
    "reference_position2": [
        -13.4333594095,
        -1.15867151204,
        -2.18500611913e-06
    ],
    "reference_mean_anomaly": 4.882883,
    "keywords": [],
    "point_of_contact_email": "hblim@caltech.edu",
    "authors_emails": [],
    "simulation_bibtex_keys": [
        "Boyle:2019kee",
        "SXSCatalogWebsite"
    ],
    "code_bibtex_keys": [
        "Ossokine:2013zga",
        "Hemberger:2012jz",
        "Szilagyi:2009qz",
        "Boyle:2009vi",
        "Scheel:2008rj",
        "Boyle:2007ft",
        "Scheel:2006gg",
        "Lindblom:2005qh",
        "Pfeiffer:2002wt",
        "SpECwebsite"
    ],
    "initial_data_bibtex_keys": [
        "Buchman:2012dw",
        "Lovelace:2008tw",
        "Pfeiffer:2007yz",
        "Caudill:2006hw",
        "Cook:2004kt"
    ],
    "quasicircular_bibtex_keys": [
        "Mroue:2012kv",
        "Buonanno:2010yk",
        "Mroue:2010re",
        "Boyle:2007ft"
    ],
    "initial_separation": 19.9219360352,
    "initial_orbital_frequency": 0.010555969841,
    "initial_adot": -7.6183379491e-06,
    "object1": "bh",
    "object2": "bh",
    "initial_ADM_energy": 0.994900731503457,
    "initial_ADM_linear_momentum": [
        2.42201124e-08,
        -1.119369122e-07,
        -6.1221e-12
    ],
    "initial_ADM_angular_momentum": [
        -2.68619e-11,
        1.229687e-10,
        1.095408824822653
    ],
    "initial_mass1": 0.6666666814080546,
    "initial_mass2": 0.3333333305872477,
    "initial_dimensionless_spin1": [
        -8.3154e-12,
        7.8097e-12,
        -2.57203198e-08
    ],
    "initial_dimensionless_spin2": [
        -7.25308e-11,
        1.571885e-10,
        -1.427181997e-07
    ],
    "initial_position1": [
        6.646272574168171,
        0.0195835547133137,
        3.9481381e-09
    ],
    "initial_position2": [
        -13.27566346103183,
        0.0195835547133137,
        3.9481381e-09
    ],
    "relaxation_time": 600.0,
    "common_horizon_time": 15790.2918109,
    "remnant_mass": 0.961262008085,
    "remnant_dimensionless_spin": [
        2.85465637703e-09,
        -2.36970828124e-08,
        0.623388090901
    ],
    "remnant_velocity": [
        -0.000252816145887,
        0.000450602857759,
        4.55628975804e-08
    ],
    "metadata_version": 1,
    "spec_revisions": [
        "InitialCommit-29563-gfb84698",
        "InitialCommit-29570-g976e624"
    ],
    "spells_revision": "fb84698ae3438f76f7f4f9e0a351c2e11277db0e",
    "com_parameters": {
        "space_translation": [
            -0.00243858219,
            -0.00486490073,
            -3.48884547e-05
        ],
        "boost_velocity": [
            -3.8693772e-06,
            4.88960485e-06,
            6.16822814e-09
        ]
    },
    "initial_mass_ratio": 2.0000000607006783
}