{
    "simulation_name": "BBH_SKS_d15.2_q1_sA_-0.001_-0.001_0.200_sB_0_0_0/Lev3",
    "alternative_names": [
        "PRIVATE:BBH:0149",
        "SXS:BBH:1114"
    ],
    "initial_data_type": "BBH_SKS",
    "object_types": "BHBH",
    "number_of_orbits": 18.6646359453,
    "reference_mass_ratio": 1.0000000538212308,
    "reference_chi_eff": 0.09995096752123331,
    "reference_chi1_perp": 0.0018967617546052193,
    "reference_chi2_perp": 3.263272917746696e-08,
    "reference_eccentricity": 5.19e-05,
    "reference_dimensionless_spin1": [
        -0.000432200771785,
        -0.00182930216725,
        0.199950180789
    ],
    "reference_dimensionless_spin2": [
        -2.09542964395e-08,
        2.80922669723e-09,
        -4.80896916813e-05
    ],
    "reference_orbital_frequency": [
        -3.4885555171e-06,
        2.20188447915e-06,
        0.0162583579679
    ],
    "reference_mass1": 0.499988592902,
    "reference_mass2": 0.499988565992,
    "reference_time": 640.0,
    "reference_position1": [
        -5.68261341096,
        -5.20503251497,
        -0.000209437217251
    ],
    "reference_position2": [
        5.67201775407,
        5.1858198254,
        0.000819682988806
    ],
    "reference_mean_anomaly": 2.197881,
    "keywords": [],
    "point_of_contact_email": "jonathan.blackman.0@gmail.com",
    "authors_emails": [],
    "simulation_bibtex_keys": [
        "Boyle:2019kee",
        "SXSCatalogWebsite"
    ],
    "code_bibtex_keys": [
        "Ossokine:2013zga",
        "Hemberger:2012jz",
        "Szilagyi:2009qz",
        "Boyle:2009vi",
        "Scheel:2008rj",
        "Boyle:2007ft",
        "Scheel:2006gg",
        "Lindblom:2005qh",
        "Pfeiffer:2002wt",
        "SpECwebsite"
    ],
    "initial_data_bibtex_keys": [
        "Buchman:2012dw",
        "Lovelace:2008tw",
        "Pfeiffer:2007yz",
        "Caudill:2006hw",
        "Cook:2004kt"
    ],
    "quasicircular_bibtex_keys": [
        "Mroue:2012kv",
        "Buonanno:2010yk",
        "Mroue:2010re",
        "Boyle:2007ft"
    ],
    "initial_separation": 15.2307128906,
    "initial_orbital_frequency": 0.0154924,
    "initial_adot": -1.2417782e-05,
    "object1": "bh",
    "object2": "bh",
    "initial_ADM_energy": 0.9926788528824964,
    "initial_ADM_linear_momentum": [
        1.53119e-11,
        -1.23872e-11,
        4.100799261e-07
    ],
    "initial_ADM_angular_momentum": [
        -0.0003663038147475,
        -0.0003163377394877,
        1.1552190652614698
    ],
    "initial_mass1": 0.499999999992889,
    "initial_mass2": 0.500000000008111,
    "initial_dimensionless_spin1": [
        -0.00145480139791,
        -0.00132377340061,
        0.199990000002
    ],
    "initial_dimensionless_spin2": [
        -4.924654e-10,
        1.0291415e-09,
        -3.19523395e-08
    ],
    "initial_position1": [
        7.599446902636223,
        -0.0107818221141884,
        0.0
    ],
    "initial_position2": [
        -7.6312659879637765,
        -0.0107818221141884,
        0.0
    ],
    "relaxation_time": 640.0,
    "common_horizon_time": 4947.37025273,
    "remnant_mass": 0.948708381653,
    "remnant_dimensionless_spin": [
        -0.00023595661906,
        -0.000162257824001,
        0.716668910767
    ],
    "remnant_velocity": [
        0.000108610176454,
        9.91724658836e-05,
        1.03300443678e-05
    ],
    "metadata_version": 1,
    "spec_revisions": "InitialCommit-27407-g32961c6",
    "spells_revision": "32961c67f1817230be27beb116586ffd1818efaf",
    "com_parameters": {
        "space_translation": [
            -0.0105228569,
            -0.0102328016,
            3.28356316e-05
        ],
        "boost_velocity": [
            1.19170583e-07,
            -7.21331756e-08,
            3.77518563e-07
        ]
    },
    "initial_mass_ratio": 0.9999999999695561
}