{
    "simulation_name": "004/Lev3",
    "alternative_names": [
        "BFI:HybTest:004",
        "SXS:BBH:1415"
    ],
    "initial_data_type": "BBH_SKS",
    "object_types": "BHBH",
    "number_of_orbits": 147.655937535,
    "reference_mass_ratio": 1.500035635744635,
    "reference_chi_eff": 0.4999938801906285,
    "reference_chi1_perp": 1.579251159517507e-08,
    "reference_chi2_perp": 1.0920357108908068e-08,
    "reference_eccentricity": "<4.3e-05",
    "reference_dimensionless_spin1": [
        1.52024143235e-08,
        1.76305212464e-08,
        0.499985954748
    ],
    "reference_dimensionless_spin2": [
        1.21808761517e-09,
        -5.0250315305e-09,
        0.500005768637
    ],
    "reference_orbital_frequency": [
        7.85332076071e-11,
        3.66973108167e-11,
        0.00501113325988
    ],
    "reference_mass1": 0.600008304204,
    "reference_mass2": 0.399996033365,
    "reference_time": 640.0,
    "reference_position1": [
        -13.2928239377,
        -0.762838542619,
        5.151256159e-06
    ],
    "reference_position2": [
        19.9881679181,
        1.18985352811,
        4.61538503936e-06
    ],
    "reference_mean_anomaly": 1.263158,
    "keywords": [],
    "point_of_contact_email": "scheel@tapir.caltech.edu",
    "authors_emails": [],
    "simulation_bibtex_keys": [
        "Varma:2018mmi",
        "Boyle:2019kee",
        "SXSCatalogWebsite"
    ],
    "code_bibtex_keys": [
        "Ossokine:2013zga",
        "Hemberger:2012jz",
        "Szilagyi:2009qz",
        "Boyle:2009vi",
        "Scheel:2008rj",
        "Boyle:2007ft",
        "Scheel:2006gg",
        "Lindblom:2005qh",
        "Pfeiffer:2002wt",
        "SpECwebsite"
    ],
    "initial_data_bibtex_keys": [
        "Buchman:2012dw",
        "Lovelace:2008tw",
        "Pfeiffer:2007yz",
        "Caudill:2006hw",
        "Cook:2004kt"
    ],
    "quasicircular_bibtex_keys": [
        "Mroue:2012kv",
        "Buonanno:2010yk",
        "Mroue:2010re",
        "Boyle:2007ft"
    ],
    "initial_separation": 33.246887207,
    "initial_orbital_frequency": 0.004922787749,
    "initial_adot": 3.03131128107e-05,
    "object1": "bh",
    "object2": "bh",
    "initial_ADM_energy": 0.9965629837290151,
    "initial_ADM_linear_momentum": [
        5.3151285e-09,
        2.21967262e-08,
        -3.70008e-11
    ],
    "initial_ADM_angular_momentum": [
        -5.127983e-10,
        5.888314e-10,
        1.7196027592031433
    ],
    "initial_mass1": 0.5999999807285717,
    "initial_mass2": 0.3999999923134632,
    "initial_dimensionless_spin1": [
        2.28e-14,
        -3.53e-14,
        0.5000000047393162
    ],
    "initial_dimensionless_spin2": [
        -6.45e-14,
        3.99e-14,
        0.4999999856018331
    ],
    "initial_position1": [
        13.297370395008217,
        0.0110630537250124,
        -1.82049359e-08
    ],
    "initial_position2": [
        -19.949516811991785,
        0.0110630537250124,
        -1.82049359e-08
    ],
    "relaxation_time": 640.0,
    "common_horizon_time": 116280.861919,
    "remnant_mass": 0.937224451796,
    "remnant_dimensionless_spin": [
        1.13850498674e-08,
        1.30649385236e-08,
        0.821908898194
    ],
    "remnant_velocity": [
        -0.000115447996962,
        -3.40461293784e-05,
        -1.63655760688e-08
    ],
    "metadata_version": 1,
    "spec_revisions": [
        "InitialCommit-30517-ge17b061",
        "InitialCommit-30518-g04f3d32",
        "InitialCommit-30525-g3acfc51"
    ],
    "spells_revision": "e17b0615c6bf86e4200c16f10279040974488400",
    "com_parameters": {
        "space_translation": [
            0.01409415,
            0.0304589,
            0.00032241
        ],
        "boost_velocity": [
            -7.53857302e-07,
            6.40084948e-06,
            -8.02919456e-09
        ]
    },
    "initial_mass_ratio": 1.4999999806459419
}