{
    "simulation_name": "046/Lev3",
    "alternative_names": [
        "BFI:q8_3dAl:046",
        "SXS:BBH:1456"
    ],
    "initial_data_type": "BBH_SKS",
    "object_types": "BHBH",
    "number_of_orbits": 23.1429172774,
    "reference_mass_ratio": 2.9947179306245446,
    "reference_chi_eff": 0.7328974023285794,
    "reference_chi1_perp": 2.3978046507621463e-07,
    "reference_chi2_perp": 2.6618937104369623e-07,
    "reference_eccentricity": 0.0004467,
    "reference_dimensionless_spin1": [
        -2.39870932378e-07,
        1.24449087078e-07,
        0.744987082743
    ],
    "reference_dimensionless_spin2": [
        4.70742724461e-08,
        -1.27490660545e-07,
        0.696692219616
    ],
    "reference_orbital_frequency": [
        -5.92397722877e-09,
        -2.92358360458e-09,
        0.0188987646507
    ],
    "reference_mass1": 0.749686211242,
    "reference_mass2": 0.250336168083,
    "reference_time": 640.0,
    "reference_position1": [
        2.50509141798,
        -2.33528437697,
        9.4162842876e-05
    ],
    "reference_position2": [
        -7.60685371496,
        6.99250868056,
        9.24361506578e-05
    ],
    "reference_mean_anomaly": 4.133475,
    "keywords": [],
    "point_of_contact_email": "scheel@tapir.caltech.edu",
    "authors_emails": [],
    "simulation_bibtex_keys": [
        "Varma:2018mmi",
        "Boyle:2019kee",
        "SXSCatalogWebsite"
    ],
    "code_bibtex_keys": [
        "Ossokine:2013zga",
        "Hemberger:2012jz",
        "Szilagyi:2009qz",
        "Boyle:2009vi",
        "Scheel:2008rj",
        "Boyle:2007ft",
        "Scheel:2006gg",
        "Lindblom:2005qh",
        "Pfeiffer:2002wt",
        "SpECwebsite"
    ],
    "initial_data_bibtex_keys": [
        "Buchman:2012dw",
        "Lovelace:2008tw",
        "Pfeiffer:2007yz",
        "Caudill:2006hw",
        "Cook:2004kt"
    ],
    "quasicircular_bibtex_keys": [
        "Mroue:2012kv",
        "Buonanno:2010yk",
        "Mroue:2010re",
        "Boyle:2007ft"
    ],
    "initial_separation": 13.5510864258,
    "initial_orbital_frequency": 0.017496447201,
    "initial_adot": 0.0003313637759898,
    "object1": "bh",
    "object2": "bh",
    "initial_ADM_energy": 0.9938366749359357,
    "initial_ADM_linear_momentum": [
        1.191786214e-07,
        -1.100370886e-07,
        -1.19186e-11
    ],
    "initial_ADM_angular_momentum": [
        8.4935e-12,
        -9.24e-12,
        1.234447501235254
    ],
    "initial_mass1": 0.7497000883213382,
    "initial_mass2": 0.2502998548823698,
    "initial_dimensionless_spin1": [
        5.853e-13,
        -7.079e-13,
        0.744888306405277
    ],
    "initial_dimensionless_spin2": [
        9.952e-13,
        5.99e-14,
        0.697005438869309
    ],
    "initial_position1": [
        3.3842158721092326,
        0.0289495743123486,
        -1.17919846e-08
    ],
    "initial_position2": [
        -10.166870553690767,
        0.0289495743123486,
        -1.17919846e-08
    ],
    "relaxation_time": 640.0,
    "common_horizon_time": 5077.4831553,
    "remnant_mass": 0.945526826632,
    "remnant_dimensionless_spin": [
        -3.08736474756e-07,
        -2.8433507174e-08,
        0.871559660965
    ],
    "remnant_velocity": [
        0.000100014847412,
        -2.24764909816e-05,
        3.18417894335e-07
    ],
    "metadata_version": 1,
    "spec_revisions": "InitialCommit-30391-g7de1691",
    "spells_revision": "7de1691a20fa3565c2276fa60966e8a261a47fe7",
    "com_parameters": {
        "space_translation": [
            -0.00601396,
            0.0055957,
            -0.00010037
        ],
        "boost_velocity": [
            9.98297176e-06,
            -1.42784301e-05,
            3.09095459e-07
        ]
    },
    "initial_mass_ratio": 2.9952078425042044
}