{
    "simulation_name": "BBH_SKS_d23.1_q1_sA_0_0_0_sB_0_0_0/Lev4",
    "alternative_names": [
        "PRIVATE:BBH:0143",
        "SXS:BBH:1132"
    ],
    "initial_data_type": "BBH_SKS",
    "object_types": "BHBH",
    "number_of_orbits": 53.4154770749,
    "reference_mass_ratio": 1.0000000000779998,
    "reference_chi_eff": -1.1360230305399541e-07,
    "reference_chi1_perp": 3.5705377374263184e-10,
    "reference_chi2_perp": 2.349310863989349e-10,
    "reference_eccentricity": "<7.7e-04",
    "reference_dimensionless_spin1": [
        1.17303550452e-10,
        -3.37234746011e-10,
        -1.13493976198e-07
    ],
    "reference_dimensionless_spin2": [
        -7.34068012512e-11,
        2.23168226243e-10,
        -1.1371062991e-07
    ],
    "reference_orbital_frequency": [
        -7.1294060062e-15,
        -5.58174380757e-14,
        0.00853972880002
    ],
    "reference_mass1": 0.500000033627,
    "reference_mass2": 0.500000033588,
    "reference_time": 170.0,
    "reference_position1": [
        1.44709148849,
        11.6506246652,
        2.62194214345e-09
    ],
    "reference_position2": [
        -1.44709154734,
        -11.6506245233,
        2.46722413419e-09
    ],
    "reference_mean_anomaly": 1.512942,
    "keywords": [],
    "point_of_contact_email": "glovelace@fullerton.edu",
    "authors_emails": [],
    "simulation_bibtex_keys": [
        "Boyle:2019kee",
        "SXSCatalogWebsite"
    ],
    "code_bibtex_keys": [
        "Ossokine:2013zga",
        "Hemberger:2012jz",
        "Szilagyi:2009qz",
        "Boyle:2009vi",
        "Scheel:2008rj",
        "Boyle:2007ft",
        "Scheel:2006gg",
        "Lindblom:2005qh",
        "Pfeiffer:2002wt",
        "SpECwebsite"
    ],
    "initial_data_bibtex_keys": [
        "Buchman:2012dw",
        "Lovelace:2008tw",
        "Pfeiffer:2007yz",
        "Caudill:2006hw",
        "Cook:2004kt"
    ],
    "quasicircular_bibtex_keys": [
        "Mroue:2012kv",
        "Buonanno:2010yk",
        "Mroue:2010re",
        "Boyle:2007ft"
    ],
    "initial_separation": 23.12716512,
    "initial_orbital_frequency": 0.00851783,
    "initial_adot": -4.675904e-06,
    "object1": "bh",
    "object2": "bh",
    "initial_ADM_energy": 0.994987997679003,
    "initial_ADM_linear_momentum": [
        -2.156564e-10,
        3.97011e-10,
        4.51632e-11
    ],
    "initial_ADM_angular_momentum": [
        3.54751846e-08,
        1.445901368e-07,
        1.3091640743018833
    ],
    "initial_mass1": 0.4999999855169243,
    "initial_mass2": 0.4999999855057323,
    "initial_dimensionless_spin1": [
        1.2758e-12,
        -3.8937e-12,
        -6.57153999998e-10
    ],
    "initial_dimensionless_spin2": [
        -3.554e-13,
        9.47700000001e-13,
        -3.283941e-10
    ],
    "initial_position1": [
        11.563582584517457,
        3.69708105e-08,
        0.0
    ],
    "initial_position2": [
        -11.563582535482544,
        3.69708105e-08,
        0.0
    ],
    "relaxation_time": 170.0,
    "common_horizon_time": 25474.4104703,
    "remnant_mass": 0.951608906492,
    "remnant_dimensionless_spin": [
        -3.12651035929e-12,
        -2.44613319028e-11,
        0.686434292137
    ],
    "remnant_velocity": [
        -3.40232406062e-09,
        -8.28900285473e-10,
        1.42762599404e-08
    ],
    "metadata_version": 1,
    "spec_revisions": "InitialCommit-26573-g5935362",
    "spells_revision": "593536299f649bb020ee4fa66645853abf050cb3",
    "com_parameters": {
        "space_translation": [
            1.26851144e-07,
            7.71162638e-08,
            -1.84456482e-05
        ],
        "boost_velocity": [
            -4.60987218e-10,
            -2.16743029e-10,
            4.39388235e-09
        ]
    },
    "initial_mass_ratio": 1.000000000022384
}