{
    "simulation_name": "025/Lev3",
    "alternative_names": "SXS:BBH:1170",
    "initial_data_type": "BBH_SKS",
    "object_types": "BHBH",
    "number_of_orbits": 19.0296657029,
    "reference_mass_ratio": 2.9998134284257496,
    "reference_chi_eff": -0.6748248642422017,
    "reference_chi1_perp": 2.493637282355588e-06,
    "reference_chi2_perp": 1.3766314975194219e-06,
    "reference_eccentricity": 0.0097234,
    "reference_dimensionless_spin1": [
        2.41248071317e-06,
        5.24240192899e-07,
        -0.69986441608
    ],
    "reference_dimensionless_spin2": [
        1.07318842184e-06,
        1.24664955619e-06,
        -0.599710880397
    ],
    "reference_orbital_frequency": [
        1.76805863069e-09,
        -1.22062311386e-08,
        0.0152918126818
    ],
    "reference_mass1": 0.750031876041,
    "reference_mass2": 0.250026174606,
    "reference_time": 600.0,
    "reference_position1": [
        -3.77222517203,
        1.36517241671,
        -0.00012396301497
    ],
    "reference_position2": [
        11.354737645,
        -3.98098562409,
        -0.00012997942387
    ],
    "reference_mean_anomaly": 1.957825,
    "keywords": [],
    "point_of_contact_email": "hblim@caltech.edu",
    "authors_emails": [],
    "simulation_bibtex_keys": [
        "Boyle:2019kee",
        "SXSCatalogWebsite"
    ],
    "code_bibtex_keys": [
        "Ossokine:2013zga",
        "Hemberger:2012jz",
        "Szilagyi:2009qz",
        "Boyle:2009vi",
        "Scheel:2008rj",
        "Boyle:2007ft",
        "Scheel:2006gg",
        "Lindblom:2005qh",
        "Pfeiffer:2002wt",
        "SpECwebsite"
    ],
    "initial_data_bibtex_keys": [
        "Buchman:2012dw",
        "Lovelace:2008tw",
        "Pfeiffer:2007yz",
        "Caudill:2006hw",
        "Cook:2004kt"
    ],
    "quasicircular_bibtex_keys": [
        "Mroue:2012kv",
        "Buonanno:2010yk",
        "Mroue:2010re",
        "Boyle:2007ft"
    ],
    "initial_separation": 15.7561035156,
    "initial_orbital_frequency": 0.014690828699,
    "initial_adot": -6.31995538978e-05,
    "object1": "bh",
    "object2": "bh",
    "initial_ADM_energy": 0.9948753453006217,
    "initial_ADM_linear_momentum": [
        -1.617857e-10,
        -9.17602608e-08,
        -1.17391e-11
    ],
    "initial_ADM_angular_momentum": [
        1.1488432604e-06,
        -3.14693493e-08,
        0.4379037282559486
    ],
    "initial_mass1": 0.7499999974222779,
    "initial_mass2": 0.2499999976188444,
    "initial_dimensionless_spin1": [
        1.8575126507e-06,
        3.09e-14,
        -0.6999999943986748
    ],
    "initial_dimensionless_spin2": [
        1.5921544024e-06,
        5.13e-14,
        -0.6000000206062024
    ],
    "initial_position1": [
        3.9660195415530173,
        0.030181898311266,
        2.64700532e-08
    ],
    "initial_position2": [
        -11.790083974046983,
        0.030181898311266,
        2.64700532e-08
    ],
    "relaxation_time": 600.0,
    "common_horizon_time": 5641.27204455,
    "remnant_mass": 0.979705265152,
    "remnant_dimensionless_spin": [
        3.6819304786e-07,
        2.88791370747e-07,
        0.203298737623
    ],
    "remnant_velocity": [
        6.09561036776e-05,
        -0.000929380030717,
        -3.61088239178e-07
    ],
    "metadata_version": 1,
    "spec_revisions": [
        "InitialCommit-29563-gfb84698",
        "InitialCommit-29570-g976e624"
    ],
    "spells_revision": "fb84698ae3438f76f7f4f9e0a351c2e11277db0e",
    "com_parameters": {
        "space_translation": [
            -0.0141388375,
            0.0121283745,
            9.09884787e-05
        ],
        "boost_velocity": [
            1.66588191e-05,
            -2.27227669e-05,
            -3.6070173e-07
        ]
    },
    "initial_mass_ratio": 3.0000000182629787
}