{
    "simulation_name": "0480/Lev3",
    "alternative_names": [
        "BFI:q4_7d:0480",
        "SXS:BBH:1961"
    ],
    "initial_data_type": "BBH_SKS",
    "object_types": "BHBH",
    "number_of_orbits": 18.6911644183,
    "reference_mass_ratio": 3.9999037450985817,
    "reference_chi_eff": -0.32012264548564867,
    "reference_chi1_perp": 4.6514060687480654e-07,
    "reference_chi2_perp": 1.3068335298050206e-07,
    "reference_eccentricity": 0.0002005,
    "reference_dimensionless_spin1": [
        -1.98834540594e-07,
        4.19037580362e-07,
        -0.400157996595
    ],
    "reference_dimensionless_spin2": [
        -8.13829450058e-08,
        1.02247015003e-07,
        1.10551569418e-05
    ],
    "reference_orbital_frequency": [
        7.46262242186e-09,
        1.99781614894e-09,
        0.0177204741473
    ],
    "reference_mass1": 0.799955097597,
    "reference_mass2": 0.19999358699,
    "reference_time": 590.0,
    "reference_position1": [
        -1.94058420373,
        -2.13459995161,
        4.5784265256e-05
    ],
    "reference_position2": [
        7.65881599434,
        8.68869139562,
        4.05214464049e-05
    ],
    "reference_mean_anomaly": 2.353379,
    "keywords": [],
    "point_of_contact_email": "glovelace@fullerton.edu",
    "authors_emails": [],
    "simulation_bibtex_keys": [
        "Varma:2019csw",
        "Boyle:2019kee",
        "SXSCatalogWebsite"
    ],
    "code_bibtex_keys": [
        "Ossokine:2013zga",
        "Hemberger:2012jz",
        "Szilagyi:2009qz",
        "Boyle:2009vi",
        "Scheel:2008rj",
        "Boyle:2007ft",
        "Scheel:2006gg",
        "Lindblom:2005qh",
        "Pfeiffer:2002wt",
        "SpECwebsite"
    ],
    "initial_data_bibtex_keys": [
        "Buchman:2012dw",
        "Lovelace:2008tw",
        "Pfeiffer:2007yz",
        "Caudill:2006hw",
        "Cook:2004kt"
    ],
    "quasicircular_bibtex_keys": [
        "Mroue:2012kv",
        "Buonanno:2010yk",
        "Mroue:2010re",
        "Boyle:2007ft"
    ],
    "initial_separation": 14.2746582031,
    "initial_orbital_frequency": 0.017045772524,
    "initial_adot": -2.48384313591e-05,
    "object1": "bh",
    "object2": "bh",
    "initial_ADM_energy": 0.9951591774350904,
    "initial_ADM_linear_momentum": [
        4.50466489e-08,
        -2.272734774e-07,
        -9.9954e-12
    ],
    "initial_ADM_angular_momentum": [
        7.61242e-11,
        4.38816e-11,
        0.4503535844938444
    ],
    "initial_mass1": 0.8000000232961648,
    "initial_mass2": 0.1999999835621743,
    "initial_dimensionless_spin1": [
        7.672e-13,
        -2.466e-13,
        -0.4000000815443372
    ],
    "initial_dimensionless_spin2": [
        3.1256e-12,
        1.37367e-11,
        -8.00457873e-08
    ],
    "initial_position1": [
        2.8768132482227577,
        0.029760107090284,
        -1.95635485e-08
    ],
    "initial_position2": [
        -11.397844954877241,
        0.029760107090284,
        -1.95635485e-08
    ],
    "relaxation_time": 590.0,
    "common_horizon_time": 4815.16274792,
    "remnant_mass": 0.981888463884,
    "remnant_dimensionless_spin": [
        5.69500299344e-09,
        1.08903778018e-07,
        0.257873985815
    ],
    "remnant_velocity": [
        -0.000593798957433,
        0.00040347253945,
        1.94147795171e-07
    ],
    "metadata_version": 1,
    "spec_revisions": "InitialCommit-30548-g8a39246",
    "spells_revision": "8a392465d586c8ca817d062b58522dabb63df692",
    "com_parameters": {
        "space_translation": [
            -0.00553327985,
            -0.0171107268,
            -7.36199074e-05
        ],
        "boost_velocity": [
            6.94300714e-06,
            3.28783469e-05,
            2.00922451e-07
        ]
    },
    "initial_mass_ratio": 4.000000445237375
}