{
    "simulation_name": "075/Lev3",
    "alternative_names": [
        "BFI:q8_3dAl:075",
        "SXS:BBH:1485"
    ],
    "initial_data_type": "BBH_SKS",
    "object_types": "BHBH",
    "number_of_orbits": 20.8693581887,
    "reference_mass_ratio": 3.0930243607618904,
    "reference_chi_eff": 0.16861126849248428,
    "reference_chi1_perp": 5.958798708570978e-07,
    "reference_chi2_perp": 2.6819396635607196e-07,
    "reference_eccentricity": 0.0005472,
    "reference_dimensionless_spin1": [
        4.15812680735e-07,
        -6.50108532993e-07,
        0.352668790712
    ],
    "reference_dimensionless_spin2": [
        2.10328972258e-07,
        1.78570741497e-07,
        -0.400683131515
    ],
    "reference_orbital_frequency": [
        2.48696877212e-09,
        -8.97503489494e-09,
        0.0175984153375
    ],
    "reference_mass1": 0.755620149752,
    "reference_mass2": 0.244298156632,
    "reference_time": 370.0,
    "reference_position1": [
        3.4812985745,
        0.535141882938,
        -1.80026492503e-05
    ],
    "reference_position2": [
        -10.8344026383,
        -1.75302083104,
        -1.71465288909e-05
    ],
    "reference_mean_anomaly": 5.769807,
    "keywords": [],
    "point_of_contact_email": "vvarma@caltech.edu",
    "authors_emails": [],
    "simulation_bibtex_keys": [
        "Varma:2018mmi",
        "Boyle:2019kee",
        "SXSCatalogWebsite"
    ],
    "code_bibtex_keys": [
        "Ossokine:2013zga",
        "Hemberger:2012jz",
        "Szilagyi:2009qz",
        "Boyle:2009vi",
        "Scheel:2008rj",
        "Boyle:2007ft",
        "Scheel:2006gg",
        "Lindblom:2005qh",
        "Pfeiffer:2002wt",
        "SpECwebsite"
    ],
    "initial_data_bibtex_keys": [
        "Buchman:2012dw",
        "Lovelace:2008tw",
        "Pfeiffer:2007yz",
        "Caudill:2006hw",
        "Cook:2004kt"
    ],
    "quasicircular_bibtex_keys": [
        "Mroue:2012kv",
        "Buonanno:2010yk",
        "Mroue:2010re",
        "Boyle:2007ft"
    ],
    "initial_separation": 14.1303710938,
    "initial_orbital_frequency": 0.017084143264,
    "initial_adot": -5.4185061062e-05,
    "object1": "bh",
    "object2": "bh",
    "initial_ADM_energy": 0.9942259180737221,
    "initial_ADM_linear_momentum": [
        7.7621061e-09,
        -1.44891009e-07,
        2.5857e-12
    ],
    "initial_ADM_angular_momentum": [
        9.29051e-11,
        -2.11423e-11,
        0.9684834102043455
    ],
    "initial_mass1": 0.7556935736294926,
    "initial_mass2": 0.2443063681649436,
    "initial_dimensionless_spin1": [
        2.5e-15,
        1.069e-13,
        0.3526167865811829
    ],
    "initial_dimensionless_spin2": [
        2.277e-13,
        -4.4e-15,
        -0.4006473239022935
    ],
    "initial_position1": [
        3.446239277217781,
        0.0271215188250786,
        -2.48812913e-08
    ],
    "initial_position2": [
        -10.684131816582218,
        0.0271215188250786,
        -2.48812913e-08
    ],
    "relaxation_time": 370.0,
    "common_horizon_time": 5051.89641874,
    "remnant_mass": 0.966520418653,
    "remnant_dimensionless_spin": [
        4.06941195928e-07,
        -6.94454235964e-07,
        0.678301360832
    ],
    "remnant_velocity": [
        -0.000229735429955,
        -0.000208100678882,
        -7.63982965861e-08
    ],
    "metadata_version": 1,
    "spec_revisions": "InitialCommit-30391-g7de1691",
    "spells_revision": "7de1691a20fa3565c2276fa60966e8a261a47fe7",
    "com_parameters": {
        "space_translation": [
            -0.000806375623,
            0.00030863623,
            1.31008375e-05
        ],
        "boost_velocity": [
            2.44492704e-05,
            1.71949972e-06,
            -5.87531128e-08
        ]
    },
    "initial_mass_ratio": 3.0932209393710344
}