{
    "simulation_name": "084/Lev3",
    "alternative_names": [
        "BFI:q8_3dAl:084",
        "SXS:BBH:1494"
    ],
    "initial_data_type": "BBH_SKS",
    "object_types": "BHBH",
    "number_of_orbits": 17.4988012461,
    "reference_mass_ratio": 2.2079536463257314,
    "reference_chi_eff": -0.44760359008327066,
    "reference_chi1_perp": 4.659603576904737e-07,
    "reference_chi2_perp": 1.336141663070481e-07,
    "reference_eccentricity": 0.0002721,
    "reference_dimensionless_spin1": [
        -3.24447801068e-07,
        1.68594431157e-07,
        -0.474095398048
    ],
    "reference_dimensionless_spin2": [
        -4.62389713156e-08,
        1.48575317362e-10,
        -0.38911090609
    ],
    "reference_orbital_frequency": [
        -7.74905173039e-10,
        4.81867117725e-09,
        0.0160812222279
    ],
    "reference_mass1": 0.688334413439,
    "reference_mass2": 0.311752203034,
    "reference_time": 640.0,
    "reference_position1": [
        -3.85992483049,
        -2.93868504825,
        8.54452784989e-05
    ],
    "reference_position2": [
        8.48624402315,
        6.5085953708,
        8.32093646338e-05
    ],
    "reference_mean_anomaly": 3.264187,
    "keywords": [],
    "point_of_contact_email": "scheel@tapir.caltech.edu",
    "authors_emails": [],
    "simulation_bibtex_keys": [
        "Varma:2018mmi",
        "Boyle:2019kee",
        "SXSCatalogWebsite"
    ],
    "code_bibtex_keys": [
        "Ossokine:2013zga",
        "Hemberger:2012jz",
        "Szilagyi:2009qz",
        "Boyle:2009vi",
        "Scheel:2008rj",
        "Boyle:2007ft",
        "Scheel:2006gg",
        "Lindblom:2005qh",
        "Pfeiffer:2002wt",
        "SpECwebsite"
    ],
    "initial_data_bibtex_keys": [
        "Buchman:2012dw",
        "Lovelace:2008tw",
        "Pfeiffer:2007yz",
        "Caudill:2006hw",
        "Cook:2004kt"
    ],
    "quasicircular_bibtex_keys": [
        "Mroue:2012kv",
        "Buonanno:2010yk",
        "Mroue:2010re",
        "Boyle:2007ft"
    ],
    "initial_separation": 15.3957519531,
    "initial_orbital_frequency": 0.015299175638,
    "initial_adot": -0.000114002530291,
    "object1": "bh",
    "object2": "bh",
    "initial_ADM_energy": 0.9939163437382438,
    "initial_ADM_linear_momentum": [
        -2.38803484e-08,
        -1.38295427e-08,
        -5.196e-12
    ],
    "initial_ADM_angular_momentum": [
        6.09734e-11,
        -1.13628e-11,
        0.7127568612506824
    ],
    "initial_mass1": 0.6882425950429185,
    "initial_mass2": 0.3117574006469334,
    "initial_dimensionless_spin1": [
        -3.006e-13,
        6.88e-14,
        -0.4743074940488832
    ],
    "initial_dimensionless_spin2": [
        4.521e-13,
        3.35e-14,
        -0.3891339099864504
    ],
    "initial_position1": [
        4.817825846309182,
        0.0245950435590228,
        4.13726378e-08
    ],
    "initial_position2": [
        -10.577926106790818,
        0.0245950435590228,
        4.13726378e-08
    ],
    "relaxation_time": 640.0,
    "common_horizon_time": 4903.35668041,
    "remnant_mass": 0.971411923652,
    "remnant_dimensionless_spin": [
        -7.23754058746e-08,
        2.3038217907e-07,
        0.415690703466
    ],
    "remnant_velocity": [
        -5.38008649585e-05,
        0.000781967895453,
        2.4176628672e-07
    ],
    "metadata_version": 1,
    "spec_revisions": [
        "InitialCommit-30348-g755d64a",
        "InitialCommit-30349-gc8919fa"
    ],
    "spells_revision": "755d64a9ecb1396c12985e0534d4ae1a0d4a7c34",
    "com_parameters": {
        "space_translation": [
            -0.0043046432,
            0.00408019935,
            -6.33038558e-05
        ],
        "boost_velocity": [
            1.1246109e-05,
            -3.44284569e-05,
            2.2868008e-07
        ]
    },
    "initial_mass_ratio": 2.207622316630604
}