{
    "simulation_name": "0450/Lev3",
    "alternative_names": [
        "BFI:q4_7d:0450",
        "SXS:BBH:1931"
    ],
    "initial_data_type": "BBH_SKS",
    "object_types": "BHBH",
    "number_of_orbits": 17.0138660349,
    "reference_mass_ratio": 4.000026345780819,
    "reference_chi_eff": -0.6400570494682141,
    "reference_chi1_perp": 1.1901409944300485e-06,
    "reference_chi2_perp": 8.769471054513438e-08,
    "reference_eccentricity": 7.39e-05,
    "reference_dimensionless_spin1": [
        8.26299695331e-07,
        3.8186734608e-07,
        -0.800084059375
    ],
    "reference_dimensionless_spin2": [
        5.92342646454e-08,
        6.46560081669e-08,
        5.52061940001e-05
    ],
    "reference_orbital_frequency": [
        7.76636578056e-09,
        -1.01652840882e-08,
        0.0172393127258
    ],
    "reference_mass1": 0.799984292018,
    "reference_mass2": 0.19999475575,
    "reference_time": 640.0,
    "reference_position1": [
        -0.58440196297,
        -2.90794261427,
        -4.71971897916e-05
    ],
    "reference_position2": [
        2.10487617691,
        11.6454322464,
        -3.98272166262e-05
    ],
    "reference_mean_anomaly": 3.470132,
    "keywords": [],
    "point_of_contact_email": "glovelace@fullerton.edu",
    "authors_emails": [],
    "simulation_bibtex_keys": [
        "Varma:2019csw",
        "Boyle:2019kee",
        "SXSCatalogWebsite"
    ],
    "code_bibtex_keys": [
        "Ossokine:2013zga",
        "Hemberger:2012jz",
        "Szilagyi:2009qz",
        "Boyle:2009vi",
        "Scheel:2008rj",
        "Boyle:2007ft",
        "Scheel:2006gg",
        "Lindblom:2005qh",
        "Pfeiffer:2002wt",
        "SpECwebsite"
    ],
    "initial_data_bibtex_keys": [
        "Buchman:2012dw",
        "Lovelace:2008tw",
        "Pfeiffer:2007yz",
        "Caudill:2006hw",
        "Cook:2004kt"
    ],
    "quasicircular_bibtex_keys": [
        "Mroue:2012kv",
        "Buonanno:2010yk",
        "Mroue:2010re",
        "Boyle:2007ft"
    ],
    "initial_separation": 14.6624755859,
    "initial_orbital_frequency": 0.016406436244,
    "initial_adot": -7.19179827364e-05,
    "object1": "bh",
    "object2": "bh",
    "initial_ADM_energy": 0.9953647387641613,
    "initial_ADM_linear_momentum": [
        6.6761567e-08,
        -9.32786355e-08,
        2.05305e-11
    ],
    "initial_ADM_angular_momentum": [
        -1.473456e-10,
        3.51898e-11,
        0.2124523812604817
    ],
    "initial_mass1": 0.7999999676932625,
    "initial_mass2": 0.1999999983766267,
    "initial_dimensionless_spin1": [
        -1.3018e-12,
        -4.023e-13,
        -0.7999999494348251
    ],
    "initial_dimensionless_spin2": [
        -8.729e-13,
        -8.387e-13,
        -6.71860479e-08
    ],
    "initial_position1": [
        2.9688802123477687,
        0.0330786045704238,
        -1.70396747e-08
    ],
    "initial_position2": [
        -11.693595373552231,
        0.0330786045704238,
        -1.70396747e-08
    ],
    "relaxation_time": 640.0,
    "common_horizon_time": 4625.02426109,
    "remnant_mass": 0.98455231424,
    "remnant_dimensionless_spin": [
        6.55410442924e-07,
        4.50700661115e-07,
        0.0396463040461
    ],
    "remnant_velocity": [
        -0.000176538649491,
        -0.000831349789862,
        -2.80443696743e-07
    ],
    "metadata_version": 1,
    "spec_revisions": "InitialCommit-30548-g8a39246",
    "spells_revision": "8a392465d586c8ca817d062b58522dabb63df692",
    "com_parameters": {
        "space_translation": [
            0.0130791,
            0.00019476,
            0.00014604
        ],
        "boost_velocity": [
            -2.93132452e-05,
            1.16750794e-05,
            -2.61441785e-07
        ]
    },
    "initial_mass_ratio": 3.999999870933778
}