{
    "simulation_name": "082/Lev3",
    "alternative_names": [
        "BFI:q8_3dAl:082",
        "SXS:BBH:1492"
    ],
    "initial_data_type": "BBH_SKS",
    "object_types": "BHBH",
    "number_of_orbits": 16.5977916278,
    "reference_mass_ratio": 0.9999257364289156,
    "reference_chi_eff": -0.6320725037217053,
    "reference_chi1_perp": 4.6533295406914014e-08,
    "reference_chi2_perp": 5.700294663562683e-08,
    "reference_eccentricity": 0.0007066,
    "reference_dimensionless_spin1": [
        3.26147911225e-08,
        3.15613822678e-08,
        -0.470684177846
    ],
    "reference_dimensionless_spin2": [
        -4.92024687857e-08,
        -3.13246567402e-08,
        -0.793448844324
    ],
    "reference_orbital_frequency": [
        -5.19586656528e-12,
        5.73722479107e-11,
        0.0151060814322
    ],
    "reference_mass1": 0.499999699929,
    "reference_mass2": 0.50003683445,
    "reference_time": 640.0,
    "reference_position1": [
        -8.13626468054,
        -0.279259322811,
        -2.79828294303e-06
    ],
    "reference_position2": [
        8.16084441392,
        0.274092615083,
        -2.79477901914e-06
    ],
    "reference_mean_anomaly": 1.281836,
    "keywords": [],
    "point_of_contact_email": "scheel@tapir.caltech.edu",
    "authors_emails": [],
    "simulation_bibtex_keys": [
        "Varma:2018mmi",
        "Boyle:2019kee",
        "SXSCatalogWebsite"
    ],
    "code_bibtex_keys": [
        "Ossokine:2013zga",
        "Hemberger:2012jz",
        "Szilagyi:2009qz",
        "Boyle:2009vi",
        "Scheel:2008rj",
        "Boyle:2007ft",
        "Scheel:2006gg",
        "Lindblom:2005qh",
        "Pfeiffer:2002wt",
        "SpECwebsite"
    ],
    "initial_data_bibtex_keys": [
        "Buchman:2012dw",
        "Lovelace:2008tw",
        "Pfeiffer:2007yz",
        "Caudill:2006hw",
        "Cook:2004kt"
    ],
    "quasicircular_bibtex_keys": [
        "Mroue:2012kv",
        "Buonanno:2010yk",
        "Mroue:2010re",
        "Boyle:2007ft"
    ],
    "initial_separation": 16.1379394531,
    "initial_orbital_frequency": 0.014132207452,
    "initial_adot": -0.0002247630177902,
    "object1": "bh",
    "object2": "bh",
    "initial_ADM_energy": 0.993256006690533,
    "initial_ADM_linear_momentum": [
        9.2741835e-09,
        1.35957847e-08,
        4.2504e-12
    ],
    "initial_ADM_angular_momentum": [
        5.676e-13,
        -1.606e-12,
        0.8461841963959574
    ],
    "initial_mass1": 0.5000000051743657,
    "initial_mass2": 0.4999999949877972,
    "initial_dimensionless_spin1": [
        -1.501e-13,
        -4.1e-15,
        -0.470653032838301
    ],
    "initial_dimensionless_spin2": [
        5.21e-14,
        -3.37e-14,
        -0.7935893077756915
    ],
    "initial_position1": [
        8.058485433994841,
        -0.0022488654835686,
        6.90077e-11
    ],
    "initial_position2": [
        -8.079454019105158,
        -0.0022488654835686,
        6.90077e-11
    ],
    "relaxation_time": 640.0,
    "common_horizon_time": 4938.74570263,
    "remnant_mass": 0.964227062742,
    "remnant_dimensionless_spin": [
        -4.31006405764e-09,
        -1.41897652429e-09,
        0.483429492586
    ],
    "remnant_velocity": [
        0.000267587432017,
        -3.57423196181e-05,
        2.34635034327e-08
    ],
    "metadata_version": 1,
    "spec_revisions": [
        "InitialCommit-30348-g755d64a",
        "InitialCommit-30349-gc8919fa"
    ],
    "spells_revision": "755d64a9ecb1396c12985e0534d4ae1a0d4a7c34",
    "com_parameters": {
        "space_translation": [
            0.000605803261,
            0.000769852412,
            -5.47909415e-06
        ],
        "boost_velocity": [
            -1.79468148e-07,
            7.47943942e-07,
            -9.87921268e-10
        ]
    },
    "initial_mass_ratio": 1.0000000203731372
}