{
    "simulation_name": "085/Lev3",
    "alternative_names": [
        "BFI:q8_3dAl:085",
        "SXS:BBH:1495"
    ],
    "initial_data_type": "BBH_SKS",
    "object_types": "BHBH",
    "number_of_orbits": 20.8537221777,
    "reference_mass_ratio": 1.0000559474240105,
    "reference_chi_eff": 0.6564106050310899,
    "reference_chi1_perp": 1.719710479564886e-08,
    "reference_chi2_perp": 6.580260603762585e-09,
    "reference_eccentricity": 0.0005575,
    "reference_dimensionless_spin1": [
        -3.44987537795e-09,
        -1.8000204615e-08,
        0.779143104361
    ],
    "reference_dimensionless_spin2": [
        4.73104526594e-09,
        4.57243963879e-09,
        0.533671239134
    ],
    "reference_orbital_frequency": [
        5.45283921945e-11,
        -4.04372250626e-11,
        0.0167915376703
    ],
    "reference_mass1": 0.500034998463,
    "reference_mass2": 0.500007024358,
    "reference_time": 570.0,
    "reference_position1": [
        -7.48617250164,
        0.3275864994,
        -5.18574738237e-06
    ],
    "reference_position2": [
        7.49127747594,
        -0.335528899529,
        -5.23598166286e-06
    ],
    "reference_mean_anomaly": 1.999676,
    "keywords": [],
    "point_of_contact_email": "scheel@tapir.caltech.edu",
    "authors_emails": [],
    "simulation_bibtex_keys": [
        "Varma:2018mmi",
        "Boyle:2019kee",
        "SXSCatalogWebsite"
    ],
    "code_bibtex_keys": [
        "Ossokine:2013zga",
        "Hemberger:2012jz",
        "Szilagyi:2009qz",
        "Boyle:2009vi",
        "Scheel:2008rj",
        "Boyle:2007ft",
        "Scheel:2006gg",
        "Lindblom:2005qh",
        "Pfeiffer:2002wt",
        "SpECwebsite"
    ],
    "initial_data_bibtex_keys": [
        "Buchman:2012dw",
        "Lovelace:2008tw",
        "Pfeiffer:2007yz",
        "Caudill:2006hw",
        "Cook:2004kt"
    ],
    "quasicircular_bibtex_keys": [
        "Mroue:2012kv",
        "Buonanno:2010yk",
        "Mroue:2010re",
        "Boyle:2007ft"
    ],
    "initial_separation": 14.7183227539,
    "initial_orbital_frequency": 0.015692882268,
    "initial_adot": 0.0002496654757863,
    "object1": "bh",
    "object2": "bh",
    "initial_ADM_energy": 0.9923733212769682,
    "initial_ADM_linear_momentum": [
        -5.02585e-11,
        -6.166517e-09,
        -2.7579e-12
    ],
    "initial_ADM_angular_momentum": [
        1.05502e-11,
        -1.0355e-11,
        1.3958458143545531
    ],
    "initial_mass1": 0.5000000005350479,
    "initial_mass2": 0.5000000093466047,
    "initial_dimensionless_spin1": [
        -1.319e-13,
        1.807e-13,
        0.7791584746996018
    ],
    "initial_dimensionless_spin2": [
        6.18e-14,
        -1.552e-13,
        0.5336048774569657
    ],
    "initial_position1": [
        7.351602762479049,
        0.0014844716162021,
        -3.46722e-11
    ],
    "initial_position2": [
        -7.366719991420951,
        0.0014844716162021,
        -3.46722e-11
    ],
    "relaxation_time": 570.0,
    "common_horizon_time": 5106.2845943,
    "remnant_mass": 0.923039655066,
    "remnant_dimensionless_spin": [
        3.08439806736e-09,
        -3.59578847393e-09,
        0.872167146419
    ],
    "remnant_velocity": [
        -9.43646441283e-05,
        4.63230272634e-05,
        -6.61203825788e-09
    ],
    "metadata_version": 1,
    "spec_revisions": [
        "InitialCommit-30348-g755d64a",
        "InitialCommit-30349-gc8919fa"
    ],
    "spells_revision": "755d64a9ecb1396c12985e0534d4ae1a0d4a7c34",
    "com_parameters": {
        "space_translation": [
            0.000236614784,
            0.000191248634,
            -4.08760916e-07
        ],
        "boost_velocity": [
            -5.98555403e-07,
            8.5964221e-08,
            -1.07070015e-08
        ]
    },
    "initial_mass_ratio": 0.9999999823768867
}