{
    "simulation_name": "BBH_SKS_d15.4_q1_sA_0_0_0.999_sB_0_0_0.999/Lev3",
    "alternative_names": [
        "PRIVATE:BBH:0165",
        "SXS:BBH:1124"
    ],
    "initial_data_type": "BBH_SKS",
    "object_types": "BHBH",
    "number_of_orbits": 25.7280362655,
    "reference_mass_ratio": 0.9999992796123148,
    "reference_chi_eff": 0.9980007416310048,
    "reference_chi1_perp": 1.1095383981117723e-09,
    "reference_chi2_perp": 2.551519343786023e-09,
    "reference_eccentricity": 0.0008701,
    "reference_dimensionless_spin1": [
        -5.15196629794e-10,
        1.37475766096e-09,
        0.998000728154
    ],
    "reference_dimensionless_spin2": [
        2.75665899101e-10,
        -2.12189356949e-09,
        0.998000755108
    ],
    "reference_orbital_frequency": [
        7.60893461537e-13,
        6.47213050781e-12,
        0.0153949016449
    ],
    "reference_mass1": 0.49825913021,
    "reference_mass2": 0.49825948915,
    "reference_time": 380.0,
    "reference_position1": [
        6.96762001131,
        -3.7601056639,
        8.15542162498e-08
    ],
    "reference_position2": [
        -6.96764334806,
        3.76003617382,
        7.90814438012e-08
    ],
    "reference_mean_anomaly": 5.090575,
    "keywords": [],
    "point_of_contact_email": "mgiesler@tapir.caltech.edu",
    "authors_emails": [],
    "simulation_bibtex_keys": [
        "Boyle:2019kee",
        "SXSCatalogWebsite"
    ],
    "code_bibtex_keys": [
        "Ossokine:2013zga",
        "Hemberger:2012jz",
        "Szilagyi:2009qz",
        "Boyle:2009vi",
        "Scheel:2008rj",
        "Boyle:2007ft",
        "Scheel:2006gg",
        "Lindblom:2005qh",
        "Pfeiffer:2002wt",
        "SpECwebsite"
    ],
    "initial_data_bibtex_keys": [
        "Buchman:2012dw",
        "Lovelace:2008tw",
        "Pfeiffer:2007yz",
        "Caudill:2006hw",
        "Cook:2004kt"
    ],
    "quasicircular_bibtex_keys": [
        "Mroue:2012kv",
        "Buonanno:2010yk",
        "Mroue:2010re",
        "Boyle:2007ft"
    ],
    "initial_separation": 15.366,
    "initial_orbital_frequency": 0.013389482347,
    "initial_adot": 0.0012155658406356,
    "object1": "bh",
    "object2": "bh",
    "initial_ADM_energy": 0.9891347183764454,
    "initial_ADM_linear_momentum": [
        4.90004e-11,
        -3.61953419e-08,
        4.87394907e-08
    ],
    "initial_ADM_angular_momentum": [
        -0.0008860427658317,
        -0.0052420897131618,
        1.5885481097045804
    ],
    "initial_mass1": 0.4980372488302918,
    "initial_mass2": 0.4980376118353674,
    "initial_dimensionless_spin1": [
        5.04899999999e-13,
        -6.60000000001e-13,
        0.998796871785
    ],
    "initial_dimensionless_spin2": [
        2.752e-13,
        -5.11799999998e-13,
        0.998796913426
    ],
    "initial_position1": [
        7.682997206435502,
        1.6663074718e-06,
        0.0
    ],
    "initial_position2": [
        -7.683002793564498,
        1.6663074718e-06,
        0.0
    ],
    "relaxation_time": 380.0,
    "common_horizon_time": 6538.06880961,
    "remnant_mass": 0.882779524535,
    "remnant_dimensionless_spin": [
        -4.31027382111e-11,
        1.67748519011e-10,
        0.950665510736
    ],
    "remnant_velocity": [
        -2.57301935727e-08,
        -1.04476618069e-07,
        1.63841654682e-08
    ],
    "metadata_version": 1,
    "spec_revisions": "InitialCommit-25909-g9fb09d4",
    "spells_revision": "9fb09d49ceaf8141bff86829214baa30116d3acd",
    "com_parameters": {
        "space_translation": [
            -6.64350953e-06,
            2.02643464e-06,
            -8.5138846e-06
        ],
        "boost_velocity": [
            -2.18097698e-08,
            -9.13260556e-08,
            5.68151035e-09
        ]
    },
    "initial_mass_ratio": 0.999999271129194
}