{
    "simulation_name": "BBH_SKS_d21.7_q2.04_sA_0_0_0.430_sB_0_0_-0.510/Lev3",
    "alternative_names": [
        "PRIVATE:BBH:0564",
        "SXS:BBH:1147"
    ],
    "initial_data_type": "BBH_SKS",
    "object_types": "BHBH",
    "number_of_orbits": 52.8850952286,
    "reference_mass_ratio": 2.0377888564120474,
    "reference_chi_eff": 0.12065259921148616,
    "reference_chi1_perp": 2.1330172406347763e-08,
    "reference_chi2_perp": 1.5823219663488458e-07,
    "reference_eccentricity": 0.0001895,
    "reference_dimensionless_spin1": [
        -3.1828527587e-08,
        8.5088552576e-08,
        0.430140353244
    ],
    "reference_dimensionless_spin2": [
        -6.00803306275e-08,
        5.43021934201e-08,
        -0.510018097152
    ],
    "reference_orbital_frequency": [
        -4.18855974417e-10,
        1.48213743848e-09,
        0.00938842443634
    ],
    "reference_mass1": 0.670778413747,
    "reference_mass2": 0.329169732986,
    "reference_time": 640.0,
    "reference_position1": [
        6.86127482351,
        -2.21319181126,
        -1.91782985625e-05
    ],
    "reference_position2": [
        -14.1171571257,
        4.32518984728,
        -2.11464372981e-05
    ],
    "reference_mean_anomaly": 3.259513,
    "keywords": [],
    "point_of_contact_email": "glovelace@fullerton.edu",
    "authors_emails": [],
    "simulation_bibtex_keys": [
        "Boyle:2019kee",
        "SXSCatalogWebsite"
    ],
    "code_bibtex_keys": [
        "Ossokine:2013zga",
        "Hemberger:2012jz",
        "Szilagyi:2009qz",
        "Boyle:2009vi",
        "Scheel:2008rj",
        "Boyle:2007ft",
        "Scheel:2006gg",
        "Lindblom:2005qh",
        "Pfeiffer:2002wt",
        "SpECwebsite"
    ],
    "initial_data_bibtex_keys": [
        "Buchman:2012dw",
        "Lovelace:2008tw",
        "Pfeiffer:2007yz",
        "Caudill:2006hw",
        "Cook:2004kt"
    ],
    "quasicircular_bibtex_keys": [
        "Mroue:2012kv",
        "Buonanno:2010yk",
        "Mroue:2010re",
        "Boyle:2007ft"
    ],
    "initial_separation": 21.7308959961,
    "initial_orbital_frequency": 0.009199957177,
    "initial_adot": -2.19804138332e-05,
    "object1": "bh",
    "object2": "bh",
    "initial_ADM_energy": 0.9953066339873052,
    "initial_ADM_linear_momentum": [
        -7.0728e-11,
        -1.7608635e-09,
        -5.189e-13
    ],
    "initial_ADM_angular_momentum": [
        4.07736e-11,
        -3.0207e-12,
        1.2612274631858302
    ],
    "initial_mass1": 0.6708328320594996,
    "initial_mass2": 0.329167187529465,
    "initial_dimensionless_spin1": [
        4.61699999999e-13,
        6.61400000001e-13,
        0.430000004134
    ],
    "initial_dimensionless_spin2": [
        -1.214e-13,
        7.75e-14,
        -0.510000012762
    ],
    "initial_position1": [
        7.13367788297191,
        -0.0348542335120376,
        0.0
    ],
    "initial_position2": [
        -14.59721811312809,
        -0.0348542335120376,
        0.0
    ],
    "relaxation_time": 640.0,
    "common_horizon_time": 23018.6153596,
    "remnant_mass": 0.955483988158,
    "remnant_dimensionless_spin": [
        -5.68859203617e-08,
        1.25630399971e-07,
        0.728674714139
    ],
    "remnant_velocity": [
        -0.000321051718931,
        -5.02136368524e-05,
        -2.23113873432e-08
    ],
    "metadata_version": 1,
    "spec_revisions": "InitialCommit-29219-gb7e9df7",
    "spells_revision": "b7e9df7bfc2a1337a17d46c6bc4c6ec1921696cc",
    "com_parameters": {
        "space_translation": [
            -0.0129505354,
            -0.066574329,
            -5.38767392e-06
        ],
        "boost_velocity": [
            -8.53525368e-06,
            -8.50559549e-06,
            -4.3502639e-08
        ]
    },
    "initial_mass_ratio": 2.0379699358686865
}