{
    "simulation_name": "0170/Lev3",
    "alternative_names": [
        "BFI:q4_7d:0170",
        "SXS:BBH:1662"
    ],
    "initial_data_type": "BBH_SKS",
    "object_types": "BHBH",
    "number_of_orbits": 18.3332612112,
    "reference_mass_ratio": 2.612842060751905,
    "reference_chi_eff": -0.28579588938447315,
    "reference_chi1_perp": 0.5559334731110805,
    "reference_chi2_perp": 0.004222584125157365,
    "reference_eccentricity": 0.0002217,
    "reference_dimensionless_spin1": [
        -0.517877429623,
        -0.209467741473,
        -0.38592409089
    ],
    "reference_dimensionless_spin2": [
        0.000454573563719,
        -0.00557172480064,
        -0.0135458339556
    ],
    "reference_orbital_frequency": [
        -0.000462442620964,
        0.00160468631496,
        0.01635227951
    ],
    "reference_mass1": 0.723176372422,
    "reference_mass2": 0.276777683307,
    "reference_time": 460.0,
    "reference_position1": [
        1.66226182292,
        3.87932669513,
        -0.349233994934
    ],
    "reference_position2": [
        -4.23416044186,
        -10.1489919749,
        0.860645888372
    ],
    "reference_mean_anomaly": 5.158084,
    "keywords": [],
    "point_of_contact_email": "mgiesler@tapir.caltech.edu",
    "authors_emails": [],
    "simulation_bibtex_keys": [
        "Varma:2019csw",
        "Boyle:2019kee",
        "SXSCatalogWebsite"
    ],
    "code_bibtex_keys": [
        "Ossokine:2013zga",
        "Hemberger:2012jz",
        "Szilagyi:2009qz",
        "Boyle:2009vi",
        "Scheel:2008rj",
        "Boyle:2007ft",
        "Scheel:2006gg",
        "Lindblom:2005qh",
        "Pfeiffer:2002wt",
        "SpECwebsite"
    ],
    "initial_data_bibtex_keys": [
        "Buchman:2012dw",
        "Lovelace:2008tw",
        "Pfeiffer:2007yz",
        "Caudill:2006hw",
        "Cook:2004kt"
    ],
    "quasicircular_bibtex_keys": [
        "Mroue:2012kv",
        "Buonanno:2010yk",
        "Mroue:2010re",
        "Boyle:2007ft"
    ],
    "initial_separation": 14.9693603516,
    "initial_orbital_frequency": 0.015854004151,
    "initial_adot": -3.94487186505e-05,
    "object1": "bh",
    "object2": "bh",
    "initial_ADM_energy": 0.9941688251021558,
    "initial_ADM_linear_momentum": [
        1.880597503e-07,
        -3.4853334e-09,
        5.0739922e-09
    ],
    "initial_ADM_angular_momentum": [
        -0.2891089770823088,
        -0.0266035760101654,
        0.6887594366983358
    ],
    "initial_mass1": 0.7232346302426227,
    "initial_mass2": 0.2767654004292133,
    "initial_dimensionless_spin1": [
        -0.5508459282923288,
        -0.058921001518347,
        -0.3923430918204216
    ],
    "initial_dimensionless_spin2": [
        -0.0026360200637996,
        -0.0046849521102946,
        -0.0135418939278142
    ],
    "initial_position1": [
        4.165236460962832,
        0.0289746801800108,
        -0.0179951141308774
    ],
    "initial_position2": [
        -10.804123890637168,
        0.0289746801800108,
        -0.0179951141308774
    ],
    "relaxation_time": 460.0,
    "common_horizon_time": 4937.10619232,
    "remnant_mass": 0.971648535138,
    "remnant_dimensionless_spin": [
        -0.201534715004,
        0.01539628824,
        0.455032395168
    ],
    "remnant_velocity": [
        0.0001491032731,
        0.000680865746992,
        0.0019756645312
    ],
    "metadata_version": 1,
    "spec_revisions": "InitialCommit-30548-g8a39246",
    "spells_revision": "8a392465d586c8ca817d062b58522dabb63df692",
    "com_parameters": {
        "space_translation": [
            -0.00561535,
            0.00312262,
            0.0004244
        ],
        "boost_velocity": [
            4.9292557e-06,
            1.24730823e-05,
            -1.27521758e-06
        ]
    },
    "initial_mass_ratio": 2.6131685142760475
}