{
    "simulation_name": "060/Lev3",
    "alternative_names": [
        "BFI:q8_3dAl:060",
        "SXS:BBH:1470"
    ],
    "initial_data_type": "BBH_SKS",
    "object_types": "BHBH",
    "number_of_orbits": 16.2289706466,
    "reference_mass_ratio": 1.5191394238679532,
    "reference_chi_eff": -0.7527132837363104,
    "reference_chi1_perp": 1.016446953859706e-07,
    "reference_chi2_perp": 1.1684056822960735e-07,
    "reference_eccentricity": 0.0005134,
    "reference_dimensionless_spin1": [
        2.9230479595e-08,
        -3.62135340567e-08,
        -0.728628690705
    ],
    "reference_dimensionless_spin2": [
        1.01572859213e-07,
        1.38808051412e-08,
        -0.789301138518
    ],
    "reference_orbital_frequency": [
        6.57608971881e-11,
        -1.25112229409e-09,
        0.0151600435325
    ],
    "reference_mass1": 0.603071718779,
    "reference_mass2": 0.396982468695,
    "reference_time": 640.0,
    "reference_position1": [
        -6.4432854393,
        -0.473440150776,
        6.35440240666e-06
    ],
    "reference_position2": [
        9.78639302032,
        0.781488655377,
        6.38756795722e-06
    ],
    "reference_mean_anomaly": 3.034672,
    "keywords": [],
    "point_of_contact_email": "scheel@tapir.caltech.edu",
    "authors_emails": [],
    "simulation_bibtex_keys": [
        "Varma:2018mmi",
        "Boyle:2019kee",
        "SXSCatalogWebsite"
    ],
    "code_bibtex_keys": [
        "Ossokine:2013zga",
        "Hemberger:2012jz",
        "Szilagyi:2009qz",
        "Boyle:2009vi",
        "Scheel:2008rj",
        "Boyle:2007ft",
        "Scheel:2006gg",
        "Lindblom:2005qh",
        "Pfeiffer:2002wt",
        "SpECwebsite"
    ],
    "initial_data_bibtex_keys": [
        "Buchman:2012dw",
        "Lovelace:2008tw",
        "Pfeiffer:2007yz",
        "Caudill:2006hw",
        "Cook:2004kt"
    ],
    "quasicircular_bibtex_keys": [
        "Mroue:2012kv",
        "Buonanno:2010yk",
        "Mroue:2010re",
        "Boyle:2007ft"
    ],
    "initial_separation": 16.1234130859,
    "initial_orbital_frequency": 0.014032011396,
    "initial_adot": -0.000286364627933,
    "object1": "bh",
    "object2": "bh",
    "initial_ADM_energy": 0.9935860552009375,
    "initial_ADM_linear_momentum": [
        -1.434322083e-07,
        -3.04711109e-08,
        -2.54406e-11
    ],
    "initial_ADM_angular_momentum": [
        1.03657e-11,
        2.4367e-12,
        0.7285834672143214
    ],
    "initial_mass1": 0.6030462543878944,
    "initial_mass2": 0.3969537434476414,
    "initial_dimensionless_spin1": [
        9.287e-13,
        2.403e-13,
        -0.7286058926999185
    ],
    "initial_dimensionless_spin2": [
        -1.7261e-12,
        -4.307e-13,
        -0.7895825620610675
    ],
    "initial_position1": [
        6.412198895199799,
        0.0153930345359198,
        -3.8795754e-08
    ],
    "initial_position2": [
        -9.711214190700202,
        0.0153930345359198,
        -3.8795754e-08
    ],
    "relaxation_time": 640.0,
    "common_horizon_time": 4856.30442806,
    "remnant_mass": 0.968780467853,
    "remnant_dimensionless_spin": [
        3.97551281901e-09,
        -5.69518645115e-08,
        0.401179219222
    ],
    "remnant_velocity": [
        0.000605816405349,
        -1.24312421143e-05,
        3.59944654506e-08
    ],
    "metadata_version": 1,
    "spec_revisions": "InitialCommit-30348-g755d64a",
    "spells_revision": "755d64a9ecb1396c12985e0534d4ae1a0d4a7c34",
    "com_parameters": {
        "space_translation": [
            -0.00130255561,
            -0.000100848873,
            -6.99781789e-06
        ],
        "boost_velocity": [
            2.05056366e-06,
            1.11593681e-05,
            1.71595832e-08
        ]
    },
    "initial_mass_ratio": 1.5191852056874149
}