{
    "simulation_name": "087/Lev3",
    "alternative_names": [
        "BFI:q8_3dAl:087",
        "SXS:BBH:1497"
    ],
    "initial_data_type": "BBH_SKS",
    "object_types": "BHBH",
    "number_of_orbits": 20.9101412066,
    "reference_mass_ratio": 1.000003394569001,
    "reference_chi_eff": 0.675041056238993,
    "reference_chi1_perp": 2.6041039553791525e-08,
    "reference_chi2_perp": 2.3580948459539324e-08,
    "reference_eccentricity": 0.0005408,
    "reference_dimensionless_spin1": [
        -8.28518604719e-09,
        -2.45023591758e-08,
        0.68240516816
    ],
    "reference_dimensionless_spin2": [
        1.18470681241e-08,
        2.04936725418e-08,
        0.66767691932
    ],
    "reference_orbital_frequency": [
        -7.3848861969e-12,
        7.00161068612e-12,
        0.0168206390019
    ],
    "reference_mass1": 0.500018341439,
    "reference_mass2": 0.500016644098,
    "reference_time": 570.0,
    "reference_position1": [
        -7.48308591595,
        0.211424757128,
        -7.04698970126e-06
    ],
    "reference_position2": [
        7.4832187387,
        -0.211995649034,
        -7.04024268758e-06
    ],
    "reference_mean_anomaly": 2.037307,
    "keywords": [],
    "point_of_contact_email": "scheel@tapir.caltech.edu",
    "authors_emails": [],
    "simulation_bibtex_keys": [
        "Varma:2018mmi",
        "Boyle:2019kee",
        "SXSCatalogWebsite"
    ],
    "code_bibtex_keys": [
        "Ossokine:2013zga",
        "Hemberger:2012jz",
        "Szilagyi:2009qz",
        "Boyle:2009vi",
        "Scheel:2008rj",
        "Boyle:2007ft",
        "Scheel:2006gg",
        "Lindblom:2005qh",
        "Pfeiffer:2002wt",
        "SpECwebsite"
    ],
    "initial_data_bibtex_keys": [
        "Buchman:2012dw",
        "Lovelace:2008tw",
        "Pfeiffer:2007yz",
        "Caudill:2006hw",
        "Cook:2004kt"
    ],
    "quasicircular_bibtex_keys": [
        "Mroue:2012kv",
        "Buonanno:2010yk",
        "Mroue:2010re",
        "Boyle:2007ft"
    ],
    "initial_separation": 14.6988525391,
    "initial_orbital_frequency": 0.015727285931,
    "initial_adot": 0.0002428196820571,
    "object1": "bh",
    "object2": "bh",
    "initial_ADM_energy": 0.9923530532837848,
    "initial_ADM_linear_momentum": [
        -1.33837898e-08,
        7.246176e-10,
        5.4523e-12
    ],
    "initial_ADM_angular_momentum": [
        2.4129e-11,
        2.237e-12,
        1.4037969601220603
    ],
    "initial_mass1": 0.5000000070817298,
    "initial_mass2": 0.4999999946823995,
    "initial_dimensionless_spin1": [
        -4.05e-14,
        6.03e-14,
        0.6823731796012709
    ],
    "initial_dimensionless_spin2": [
        3.3e-14,
        -5.06e-14,
        0.6676405863570769
    ],
    "initial_position1": [
        7.348970372031259,
        9.12411781945e-05,
        1.5949072e-09
    ],
    "initial_position2": [
        -7.349882167068742,
        9.12411781945e-05,
        1.5949072e-09
    ],
    "relaxation_time": 570.0,
    "common_horizon_time": 5103.92584406,
    "remnant_mass": 0.921739869016,
    "remnant_dimensionless_spin": [
        4.20989682982e-10,
        -2.60930822485e-10,
        0.877058248272
    ],
    "remnant_velocity": [
        -6.23490553418e-06,
        2.73203502703e-07,
        -1.1321038427e-08
    ],
    "metadata_version": 1,
    "spec_revisions": "InitialCommit-30393-gd86570b",
    "spells_revision": "755d64a9ecb1396c12985e0534d4ae1a0d4a7c34",
    "com_parameters": {
        "space_translation": [
            3.75722497e-05,
            2.71562254e-05,
            2.28522716e-07
        ],
        "boost_velocity": [
            -2.26453633e-07,
            -1.10127174e-07,
            -1.52408409e-08
        ]
    },
    "initial_mass_ratio": 1.000000024798661
}