{
    "simulation_name": "013/Lev3",
    "alternative_names": [
        "BFI:q8_3dAl:013",
        "SXS:BBH:1426"
    ],
    "initial_data_type": "BBH_SKS",
    "object_types": "BHBH",
    "number_of_orbits": 26.2499244947,
    "reference_mass_ratio": 7.996843534653579,
    "reference_chi_eff": 0.5132212021605408,
    "reference_chi1_perp": 1.224449230007116e-06,
    "reference_chi2_perp": 4.989969795491313e-07,
    "reference_eccentricity": 0.0003326,
    "reference_dimensionless_spin1": [
        9.41157509233e-07,
        1.03551858433e-06,
        0.483879364475
    ],
    "reference_dimensionless_spin2": [
        -2.86721195418e-07,
        7.0410223294e-07,
        0.747863287147
    ],
    "reference_orbital_frequency": [
        1.48383444184e-09,
        1.02885266909e-08,
        0.0230232380271
    ],
    "reference_mass1": 0.888798194737,
    "reference_mass2": 0.111143626968,
    "reference_time": 640.0,
    "reference_position1": [
        -0.359560909254,
        1.25854198144,
        0.000257731582869
    ],
    "reference_position2": [
        3.18331172408,
        -10.1531411017,
        0.000262602851168
    ],
    "reference_mean_anomaly": 1.295573,
    "keywords": [],
    "point_of_contact_email": "vvarma@caltech.edu",
    "authors_emails": [],
    "simulation_bibtex_keys": [
        "Varma:2018mmi",
        "Boyle:2019kee",
        "SXSCatalogWebsite"
    ],
    "code_bibtex_keys": [
        "Ossokine:2013zga",
        "Hemberger:2012jz",
        "Szilagyi:2009qz",
        "Boyle:2009vi",
        "Scheel:2008rj",
        "Boyle:2007ft",
        "Scheel:2006gg",
        "Lindblom:2005qh",
        "Pfeiffer:2002wt",
        "SpECwebsite"
    ],
    "initial_data_bibtex_keys": [
        "Buchman:2012dw",
        "Lovelace:2008tw",
        "Pfeiffer:2007yz",
        "Caudill:2006hw",
        "Cook:2004kt"
    ],
    "quasicircular_bibtex_keys": [
        "Mroue:2012kv",
        "Buonanno:2010yk",
        "Mroue:2010re",
        "Boyle:2007ft"
    ],
    "initial_separation": 11.7201538086,
    "initial_orbital_frequency": 0.021330349132,
    "initial_adot": 0.0005192029039072,
    "object1": "bh",
    "object2": "bh",
    "initial_ADM_energy": 0.9963659496114403,
    "initial_ADM_linear_momentum": [
        -1.95465574e-08,
        3.57559717e-08,
        -5.86329e-11
    ],
    "initial_ADM_angular_momentum": [
        1.9072e-11,
        -4.65272e-11,
        0.7802212340280302
    ],
    "initial_mass1": 0.8888888925505125,
    "initial_mass2": 0.1111111070939233,
    "initial_dimensionless_spin1": [
        -3.4e-14,
        1.403e-13,
        0.4837794228468868
    ],
    "initial_dimensionless_spin2": [
        1.533e-13,
        -2.246e-13,
        0.748442725247667
    ],
    "initial_position1": [
        1.3024525984623903,
        0.0241091956393152,
        -9.8066544e-09
    ],
    "initial_position2": [
        -10.41770121013761,
        0.0241091956393152,
        -9.8066544e-09
    ],
    "relaxation_time": 640.0,
    "common_horizon_time": 5005.31729963,
    "remnant_mass": 0.983986155804,
    "remnant_dimensionless_spin": [
        7.19122811722e-07,
        1.47971630778e-06,
        0.650442472844
    ],
    "remnant_velocity": [
        0.000226813569876,
        6.17588845662e-05,
        1.21087727442e-06
    ],
    "metadata_version": 1,
    "spec_revisions": [
        "InitialCommit-30391-g7de1691",
        "InitialCommit-30393-g413f19b"
    ],
    "spells_revision": "7de1691a20fa3565c2276fa60966e8a261a47fe7",
    "com_parameters": {
        "space_translation": [
            -0.02817137,
            0.00318529,
            -0.00052798
        ],
        "boost_velocity": [
            6.00958296e-05,
            6.72857905e-06,
            1.14846241e-06
        ]
    },
    "initial_mass_ratio": 8.000000322192147
}