{
    "simulation_name": "0468/Lev3",
    "alternative_names": [
        "BFI:q4_7d:0468",
        "SXS:BBH:1949"
    ],
    "initial_data_type": "BBH_SKS",
    "object_types": "BHBH",
    "number_of_orbits": 20.4586785374,
    "reference_mass_ratio": 3.999585934901192,
    "reference_chi_eff": -0.0008049348549366629,
    "reference_chi1_perp": 0.40005986838170876,
    "reference_chi2_perp": 7.845049201302612e-06,
    "reference_eccentricity": 0.0002099,
    "reference_dimensionless_spin1": [
        -0.110133437466,
        -0.384577135651,
        0.00446299077622
    ],
    "reference_dimensionless_spin2": [
        -5.26728747218e-07,
        1.61408794747e-06,
        -9.09929816239e-05
    ],
    "reference_orbital_frequency": [
        -0.00116270066574,
        0.00058855861487,
        0.0180386563827
    ],
    "reference_mass1": 0.799923554773,
    "reference_mass2": 0.200001592113,
    "reference_time": 390.0,
    "reference_position1": [
        2.1691371621,
        1.81469108626,
        0.0758270877712
    ],
    "reference_position2": [
        -8.64632949288,
        -7.40066473815,
        -0.320620023848
    ],
    "reference_mean_anomaly": 3.464737,
    "keywords": [],
    "point_of_contact_email": "glovelace@fullerton.edu",
    "authors_emails": [],
    "simulation_bibtex_keys": [
        "Varma:2019csw",
        "Boyle:2019kee",
        "SXSCatalogWebsite"
    ],
    "code_bibtex_keys": [
        "Ossokine:2013zga",
        "Hemberger:2012jz",
        "Szilagyi:2009qz",
        "Boyle:2009vi",
        "Scheel:2008rj",
        "Boyle:2007ft",
        "Scheel:2006gg",
        "Lindblom:2005qh",
        "Pfeiffer:2002wt",
        "SpECwebsite"
    ],
    "initial_data_bibtex_keys": [
        "Buchman:2012dw",
        "Lovelace:2008tw",
        "Pfeiffer:2007yz",
        "Caudill:2006hw",
        "Cook:2004kt"
    ],
    "quasicircular_bibtex_keys": [
        "Mroue:2012kv",
        "Buonanno:2010yk",
        "Mroue:2010re",
        "Boyle:2007ft"
    ],
    "initial_separation": 13.8728637695,
    "initial_orbital_frequency": 0.01766057785,
    "initial_adot": 5.356273802e-06,
    "object1": "bh",
    "object2": "bh",
    "initial_ADM_energy": 0.9949626271758331,
    "initial_ADM_linear_momentum": [
        -2.448027e-09,
        -9.0398463e-09,
        2.798842e-09
    ],
    "initial_ADM_angular_momentum": [
        -0.1178957183577948,
        -0.2207208274106821,
        0.6882234688604768
    ],
    "initial_mass1": 0.8000000000541428,
    "initial_mass2": 0.2000000000218148,
    "initial_dimensionless_spin1": [
        -0.1840389555968558,
        -0.3551453074451311,
        0.0007436201987456
    ],
    "initial_dimensionless_spin2": [
        1.691599241e-06,
        -6.232448683e-07,
        1.107922958e-07
    ],
    "initial_position1": [
        2.7841054154577902,
        0.0286183119902214,
        -0.0058027523153307
    ],
    "initial_position2": [
        -11.08875835404221,
        0.0286183119902214,
        -0.0058027523153307
    ],
    "relaxation_time": 390.0,
    "common_horizon_time": 4953.57655736,
    "remnant_mass": 0.977278921156,
    "remnant_dimensionless_spin": [
        -0.105342058485,
        -0.166141536973,
        0.496270663035
    ],
    "remnant_velocity": [
        -0.000176865327326,
        0.000576440275097,
        -3.16645177853e-05
    ],
    "metadata_version": 1,
    "spec_revisions": "InitialCommit-30548-g8a39246",
    "spells_revision": "8a392465d586c8ca817d062b58522dabb63df692",
    "com_parameters": {
        "space_translation": [
            0.00325633,
            -0.02036836,
            -0.00163397
        ],
        "boost_velocity": [
            -9.61986492e-06,
            2.98088644e-05,
            2.43602059e-06
        ]
    },
    "initial_mass_ratio": 3.9999999998344182
}