{
    "simulation_name": "018/Lev3",
    "alternative_names": [
        "BFI:q8_3dAl:018",
        "SXS:BBH:1430"
    ],
    "initial_data_type": "BBH_SKS",
    "object_types": "BHBH",
    "number_of_orbits": 24.0163385095,
    "reference_mass_ratio": 7.998260783640854,
    "reference_chi_eff": 0.16931448099114227,
    "reference_chi1_perp": 1.5244037560620927e-07,
    "reference_chi2_perp": 5.047359633473718e-07,
    "reference_eccentricity": 0.0001184,
    "reference_dimensionless_spin1": [
        1.47511295866e-07,
        -1.10555919246e-07,
        0.284438831601
    ],
    "reference_dimensionless_spin2": [
        4.02633291607e-07,
        1.49788882848e-07,
        -0.751480097734
    ],
    "reference_orbital_frequency": [
        3.8704377092e-10,
        -1.25771335036e-08,
        0.0216990346497
    ],
    "reference_mass1": 0.888821087364,
    "reference_mass2": 0.111126795113,
    "reference_time": 400.0,
    "reference_position1": [
        -0.927448092604,
        1.01681882178,
        5.35953602968e-06
    ],
    "reference_position2": [
        7.5721097782,
        -8.13397537641,
        -9.60274613054e-08
    ],
    "reference_mean_anomaly": 5.585371,
    "keywords": [],
    "point_of_contact_email": "jonathan.blackman.0@gmail.com",
    "authors_emails": [],
    "simulation_bibtex_keys": [
        "Varma:2018mmi",
        "Boyle:2019kee",
        "SXSCatalogWebsite"
    ],
    "code_bibtex_keys": [
        "Ossokine:2013zga",
        "Hemberger:2012jz",
        "Szilagyi:2009qz",
        "Boyle:2009vi",
        "Scheel:2008rj",
        "Boyle:2007ft",
        "Scheel:2006gg",
        "Lindblom:2005qh",
        "Pfeiffer:2002wt",
        "SpECwebsite"
    ],
    "initial_data_bibtex_keys": [
        "Buchman:2012dw",
        "Lovelace:2008tw",
        "Pfeiffer:2007yz",
        "Caudill:2006hw",
        "Cook:2004kt"
    ],
    "quasicircular_bibtex_keys": [
        "Mroue:2012kv",
        "Buonanno:2010yk",
        "Mroue:2010re",
        "Boyle:2007ft"
    ],
    "initial_separation": 12.1312866211,
    "initial_orbital_frequency": 0.020670419263,
    "initial_adot": -0.0002693359395538,
    "object1": "bh",
    "object2": "bh",
    "initial_ADM_energy": 0.9965202114485209,
    "initial_ADM_linear_momentum": [
        -1.04023029e-08,
        6.90799276e-08,
        -2.924e-12
    ],
    "initial_ADM_angular_momentum": [
        -1.9846e-12,
        4.8612e-12,
        0.6163666111388766
    ],
    "initial_mass1": 0.8888888946039794,
    "initial_mass2": 0.1111111098787461,
    "initial_dimensionless_spin1": [
        -5.4e-15,
        -1.591e-13,
        0.2843238098425948
    ],
    "initial_dimensionless_spin2": [
        -1.8551e-12,
        -5.584e-13,
        -0.7521656300039894
    ],
    "initial_position1": [
        1.3483870207821116,
        0.0237454166568662,
        4.48309934e-08
    ],
    "initial_position2": [
        -10.782899600317888,
        0.0237454166568662,
        4.48309934e-08
    ],
    "relaxation_time": 400.0,
    "common_horizon_time": 4914.10080955,
    "remnant_mass": 0.987359369185,
    "remnant_dimensionless_spin": [
        2.79133376733e-07,
        -3.86024002178e-07,
        0.504003266763
    ],
    "remnant_velocity": [
        -0.000108350395876,
        -0.000152819621731,
        4.65512693223e-07
    ],
    "metadata_version": 1,
    "spec_revisions": "InitialCommit-30391-g7de1691",
    "spells_revision": "7de1691a20fa3565c2276fa60966e8a261a47fe7",
    "com_parameters": {
        "space_translation": [
            0.04992065,
            -0.03826974,
            -0.00025836
        ],
        "boost_velocity": [
            -9.68817981e-05,
            6.60492383e-05,
            4.14579046e-07
        ]
    },
    "initial_mass_ratio": 8.000000140166096
}