{
    "simulation_name": "BBH_CFMS_d13.2_q3_sA_0_0_0_sB_0_0_0/Lev5",
    "alternative_names": [
        "PRIVATE:BBH:0167",
        "SXS:BBH:1178"
    ],
    "initial_data_type": "BBH_CFMS",
    "object_types": "BHBH",
    "number_of_orbits": 15.6767015574,
    "reference_mass_ratio": 2.99997404141761,
    "reference_chi_eff": -3.841905808086978e-06,
    "reference_chi1_perp": 9.571881650707496e-08,
    "reference_chi2_perp": 2.994868201248018e-08,
    "reference_eccentricity": 0.0001401,
    "reference_dimensionless_spin1": [
        -8.47093957777e-08,
        -4.45679451263e-08,
        -1.10599045721e-05
    ],
    "reference_dimensionless_spin2": [
        -2.82070398578e-08,
        1.00670180329e-08,
        1.78119030986e-05
    ],
    "reference_orbital_frequency": [
        -1.16683310923e-09,
        6.39548691952e-12,
        0.0201172795332
    ],
    "reference_mass1": 0.750005229222,
    "reference_mass2": 0.250003906323,
    "reference_time": 640.0,
    "reference_position1": [
        3.28720360145,
        -0.277793960061,
        9.99040474307e-06
    ],
    "reference_position2": [
        -9.99275175618,
        0.732073146252,
        9.21982588987e-06
    ],
    "reference_mean_anomaly": 0.651748,
    "keywords": [],
    "point_of_contact_email": "pschmidt@tapir.caltech.edu",
    "authors_emails": [],
    "simulation_bibtex_keys": [
        "Boyle:2019kee",
        "SXSCatalogWebsite"
    ],
    "code_bibtex_keys": [
        "Ossokine:2013zga",
        "Hemberger:2012jz",
        "Szilagyi:2009qz",
        "Boyle:2009vi",
        "Scheel:2008rj",
        "Boyle:2007ft",
        "Scheel:2006gg",
        "Lindblom:2005qh",
        "Pfeiffer:2002wt",
        "SpECwebsite"
    ],
    "initial_data_bibtex_keys": [
        "Buchman:2012dw",
        "Lovelace:2008tw",
        "Pfeiffer:2007yz",
        "Caudill:2006hw",
        "Cook:2004kt"
    ],
    "quasicircular_bibtex_keys": [
        "Mroue:2012kv",
        "Buonanno:2010yk",
        "Mroue:2010re",
        "Boyle:2007ft"
    ],
    "initial_separation": 13.2,
    "initial_orbital_frequency": 0.018951752029,
    "initial_adot": -6.56642585089e-05,
    "object1": "bh",
    "object2": "bh",
    "initial_ADM_energy": 0.9938766461533561,
    "initial_ADM_linear_momentum": [
        -1.33447e-11,
        1.97449e-11,
        2.1051e-12
    ],
    "initial_ADM_angular_momentum": [
        1.2190356499e-06,
        -2.677760537e-07,
        0.7926767091759559
    ],
    "initial_mass1": 0.749999999996772,
    "initial_mass2": 0.2499999999873866,
    "initial_dimensionless_spin1": [
        3.51628499999e-09,
        -9.62910999999e-11,
        1.56794044e-08
    ],
    "initial_dimensionless_spin2": [
        3.72751339999e-09,
        -1.84420589999e-09,
        7.53346209999e-09
    ],
    "initial_position1": [
        3.288356218439356,
        0.017804360130668,
        0.0
    ],
    "initial_position2": [
        -9.911643781560644,
        0.017804360130668,
        0.0
    ],
    "relaxation_time": 640.0,
    "common_horizon_time": 3532.40278131,
    "remnant_mass": 0.970830451068,
    "remnant_dimensionless_spin": [
        -7.90823027107e-08,
        -1.54872603793e-08,
        0.539443327168
    ],
    "remnant_velocity": [
        -0.000512865677607,
        0.0002432240182,
        3.1903570463e-08
    ],
    "metadata_version": 1,
    "spec_revisions": "InitialCommit-27894-gfdaaa93",
    "spells_revision": "fdaaa93f28503b4fd93ee1d26d61b10ff6f4a17d",
    "com_parameters": {
        "space_translation": [
            -0.0159435746,
            -0.000358154585,
            -5.77447207e-06
        ],
        "boost_velocity": [
            -7.48364738e-07,
            1.16597015e-07,
            2.3408357e-08
        ]
    },
    "initial_mass_ratio": 3.0000000001384493
}