{
    "simulation_name": "0040/Lev3",
    "alternative_names": [
        "BFI:q4_7d:0040",
        "SXS:BBH:1537"
    ],
    "initial_data_type": "BBH_SKS",
    "object_types": "BHBH",
    "number_of_orbits": 21.6315506434,
    "reference_mass_ratio": 3.24118805458016,
    "reference_chi_eff": 0.3450288650372267,
    "reference_chi1_perp": 0.6257527743615215,
    "reference_chi2_perp": 0.06532924464694746,
    "reference_eccentricity": 0.0004504,
    "reference_dimensionless_spin1": [
        -0.233872799386,
        -0.573013579387,
        0.324277557973
    ],
    "reference_dimensionless_spin2": [
        -0.0927743685109,
        -0.0120673122059,
        0.450848190299
    ],
    "reference_orbital_frequency": [
        -0.00155507422062,
        0.00100352297008,
        0.0179485259198
    ],
    "reference_mass1": 0.764184858698,
    "reference_mass2": 0.235773070192,
    "reference_time": 390.0,
    "reference_position1": [
        2.62644371558,
        2.0693236726,
        0.10141726919
    ],
    "reference_position2": [
        -8.45192278826,
        -6.82932486133,
        -0.36088721126
    ],
    "reference_mean_anomaly": 5.623321,
    "keywords": [],
    "point_of_contact_email": "kidder@astro.cornell.edu",
    "authors_emails": [],
    "simulation_bibtex_keys": [
        "Varma:2019csw",
        "Boyle:2019kee",
        "SXSCatalogWebsite"
    ],
    "code_bibtex_keys": [
        "Ossokine:2013zga",
        "Hemberger:2012jz",
        "Szilagyi:2009qz",
        "Boyle:2009vi",
        "Scheel:2008rj",
        "Boyle:2007ft",
        "Scheel:2006gg",
        "Lindblom:2005qh",
        "Pfeiffer:2002wt",
        "SpECwebsite"
    ],
    "initial_data_bibtex_keys": [
        "Buchman:2012dw",
        "Lovelace:2008tw",
        "Pfeiffer:2007yz",
        "Caudill:2006hw",
        "Cook:2004kt"
    ],
    "quasicircular_bibtex_keys": [
        "Mroue:2012kv",
        "Buonanno:2010yk",
        "Mroue:2010re",
        "Boyle:2007ft"
    ],
    "initial_separation": 13.8568725586,
    "initial_orbital_frequency": 0.017389321089,
    "initial_adot": 0.0001801975822247,
    "object1": "bh",
    "object2": "bh",
    "initial_ADM_energy": 0.9942577309145129,
    "initial_ADM_linear_momentum": [
        5.84310129e-08,
        -9.81948077e-08,
        6.4437999e-09
    ],
    "initial_ADM_angular_momentum": [
        -0.2129064175021753,
        -0.2895070965184274,
        0.9684410001278525
    ],
    "initial_mass1": 0.764226053360896,
    "initial_mass2": 0.2357739225237908,
    "initial_dimensionless_spin1": [
        -0.3550169867864144,
        -0.5146245991773339,
        0.3118051031794084
    ],
    "initial_dimensionless_spin2": [
        -0.0947507607911537,
        0.0226730116816416,
        0.4500533131619786
    ],
    "initial_position1": [
        3.270329408286149,
        0.0289653011481306,
        -0.0104891486030499
    ],
    "initial_position2": [
        -10.586543150313851,
        0.0289653011481306,
        -0.0104891486030499
    ],
    "relaxation_time": 390.0,
    "common_horizon_time": 5059.96200647,
    "remnant_mass": 0.962103294062,
    "remnant_dimensionless_spin": [
        -0.131260161201,
        -0.213777149102,
        0.712671141924
    ],
    "remnant_velocity": [
        0.000604079411602,
        0.00193263941075,
        -0.00409833291576
    ],
    "metadata_version": 1,
    "spec_revisions": "InitialCommit-30548-g8a39246",
    "spells_revision": "8a392465d586c8ca817d062b58522dabb63df692",
    "com_parameters": {
        "space_translation": [
            0.00052307,
            0.00606432,
            0.00306191
        ],
        "boost_velocity": [
            2.9820971e-05,
            -1.08507579e-05,
            -1.04124208e-05
        ]
    },
    "initial_mass_ratio": 3.241351058592078
}