{
    "simulation_name": "008/Lev3",
    "alternative_names": [
        "BFI:q8_3dAl:008",
        "SXS:BBH:1422"
    ],
    "initial_data_type": "BBH_SKS",
    "object_types": "BHBH",
    "number_of_orbits": 16.7768961734,
    "reference_mass_ratio": 7.953245822808262,
    "reference_chi_eff": -0.7620208461374767,
    "reference_chi1_perp": 4.7087755487557786e-07,
    "reference_chi2_perp": 1.8955069547778138e-07,
    "reference_eccentricity": 0.0001931,
    "reference_dimensionless_spin1": [
        2.76062553134e-07,
        -1.69944321925e-07,
        -0.800141087454
    ],
    "reference_dimensionless_spin2": [
        2.52974887063e-08,
        1.06824851955e-07,
        -0.458841196123
    ],
    "reference_orbital_frequency": [
        4.35183286656e-09,
        1.34633871888e-09,
        0.0192587803124
    ],
    "reference_mass1": 0.888268010352,
    "reference_mass2": 0.111686225994,
    "reference_time": 340.0,
    "reference_position1": [
        1.49883081,
        0.328098031127,
        6.24500899951e-06
    ],
    "reference_position2": [
        -11.8273896399,
        -2.79685477267,
        9.47474255929e-06
    ],
    "reference_mean_anomaly": 3.765075,
    "keywords": [],
    "point_of_contact_email": "scheel@tapir.caltech.edu",
    "authors_emails": [],
    "simulation_bibtex_keys": [
        "Varma:2018mmi",
        "Boyle:2019kee",
        "SXSCatalogWebsite"
    ],
    "code_bibtex_keys": [
        "Ossokine:2013zga",
        "Hemberger:2012jz",
        "Szilagyi:2009qz",
        "Boyle:2009vi",
        "Scheel:2008rj",
        "Boyle:2007ft",
        "Scheel:2006gg",
        "Lindblom:2005qh",
        "Pfeiffer:2002wt",
        "SpECwebsite"
    ],
    "initial_data_bibtex_keys": [
        "Buchman:2012dw",
        "Lovelace:2008tw",
        "Pfeiffer:2007yz",
        "Caudill:2006hw",
        "Cook:2004kt"
    ],
    "quasicircular_bibtex_keys": [
        "Mroue:2012kv",
        "Buonanno:2010yk",
        "Mroue:2010re",
        "Boyle:2007ft"
    ],
    "initial_separation": 13.3499145508,
    "initial_orbital_frequency": 0.018733308303,
    "initial_adot": -0.0001393218024468,
    "object1": "bh",
    "object2": "bh",
    "initial_ADM_energy": 0.9969632528315968,
    "initial_ADM_linear_momentum": [
        -3.87248726e-08,
        -8.0935376e-08,
        2.089558e-10
    ],
    "initial_ADM_angular_momentum": [
        1.97781e-11,
        6.2024e-12,
        -0.1961704151016529
    ],
    "initial_mass1": 0.8883250001264743,
    "initial_mass2": 0.1116750058621391,
    "initial_dimensionless_spin1": [
        1.0737e-12,
        2.263e-13,
        -0.7999999998693463
    ],
    "initial_dimensionless_spin2": [
        -3.9116e-12,
        -1.3558e-12,
        -0.4590320308050533
    ],
    "initial_position1": [
        1.5179085095598246,
        0.0275421838379813,
        -1.13636711e-08
    ],
    "initial_position2": [
        -11.832006041240176,
        0.0275421838379813,
        -1.13636711e-08
    ],
    "relaxation_time": 340.0,
    "common_horizon_time": 4172.7287761,
    "remnant_mass": 0.992704188074,
    "remnant_dimensionless_spin": [
        6.20733752124e-07,
        -5.66796455733e-09,
        -0.272061691058
    ],
    "remnant_velocity": [
        -0.000352779640733,
        8.67009174013e-05,
        -1.23788743936e-07
    ],
    "metadata_version": 1,
    "spec_revisions": "InitialCommit-30348-g755d64a",
    "spells_revision": "755d64a9ecb1396c12985e0534d4ae1a0d4a7c34",
    "com_parameters": {
        "space_translation": [
            -0.0084358,
            0.04917769,
            0.00011201
        ],
        "boost_velocity": [
            1.27130116e-05,
            -4.48658051e-05,
            -1.59082676e-07
        ]
    },
    "initial_mass_ratio": 7.954555213752094
}