{
    "simulation_name": "003/Lev3",
    "alternative_names": [
        "PRIVATE:BBH:0567",
        "SXS:BBH:1150"
    ],
    "initial_data_type": "BBH_SKS",
    "object_types": "BHBH",
    "number_of_orbits": 21.3857315426,
    "reference_mass_ratio": 2.9997885547901055,
    "reference_chi_eff": 0.6749950259763314,
    "reference_chi1_perp": 3.7049693375224343e-07,
    "reference_chi2_perp": 3.4031860578195576e-07,
    "reference_eccentricity": 0.000973,
    "reference_dimensionless_spin1": [
        8.52745049467e-08,
        -4.51415685215e-07,
        0.700034892443
    ],
    "reference_dimensionless_spin2": [
        -2.16603157681e-07,
        -2.34922483029e-07,
        0.599880721136
    ],
    "reference_orbital_frequency": [
        2.57767381774e-09,
        -2.21593764535e-09,
        0.0191445092854
    ],
    "reference_mass1": 0.749999482278,
    "reference_mass2": 0.25001744909,
    "reference_time": 330.0,
    "reference_position1": [
        3.3823312691,
        -0.122933602659,
        -3.3797334786e-05
    ],
    "reference_position2": [
        -10.2602302244,
        0.303648448653,
        -3.19110836288e-05
    ],
    "reference_mean_anomaly": 5.001844,
    "keywords": [],
    "point_of_contact_email": "scheel@tapir.caltech.edu",
    "authors_emails": [],
    "simulation_bibtex_keys": [
        "Boyle:2019kee",
        "SXSCatalogWebsite"
    ],
    "code_bibtex_keys": [
        "Ossokine:2013zga",
        "Hemberger:2012jz",
        "Szilagyi:2009qz",
        "Boyle:2009vi",
        "Scheel:2008rj",
        "Boyle:2007ft",
        "Scheel:2006gg",
        "Lindblom:2005qh",
        "Pfeiffer:2002wt",
        "SpECwebsite"
    ],
    "initial_data_bibtex_keys": [
        "Buchman:2012dw",
        "Lovelace:2008tw",
        "Pfeiffer:2007yz",
        "Caudill:2006hw",
        "Cook:2004kt"
    ],
    "quasicircular_bibtex_keys": [
        "Mroue:2012kv",
        "Buonanno:2010yk",
        "Mroue:2010re",
        "Boyle:2007ft"
    ],
    "initial_separation": 13.2182006836,
    "initial_orbital_frequency": 0.018282951209,
    "initial_adot": 0.0002570968627148,
    "object1": "bh",
    "object2": "bh",
    "initial_ADM_energy": 0.9937011603093047,
    "initial_ADM_linear_momentum": [
        3.11748977e-08,
        -1.40297381e-07,
        -1.85331e-11
    ],
    "initial_ADM_angular_momentum": [
        1.07428e-11,
        -1.30073e-11,
        1.197174185889853
    ],
    "initial_mass1": 0.7500000034028458,
    "initial_mass2": 0.2499999721288183,
    "initial_dimensionless_spin1": [
        -1.65e-13,
        2.12500000001e-13,
        0.699999999824
    ],
    "initial_dimensionless_spin2": [
        5.733e-13,
        -8.055e-13,
        0.599999962586
    ],
    "initial_position1": [
        3.2973341795741615,
        0.0288234069676459,
        -2.4502652e-09
    ],
    "initial_position2": [
        -9.920866504025838,
        0.0288234069676459,
        -2.4502652e-09
    ],
    "relaxation_time": 330.0,
    "common_horizon_time": 4561.93204385,
    "remnant_mass": 0.949000046157,
    "remnant_dimensionless_spin": [
        -8.56312863213e-09,
        -3.92098147725e-07,
        0.851761349616
    ],
    "remnant_velocity": [
        1.57924585736e-05,
        0.000108123478589,
        -4.06525545005e-07
    ],
    "metadata_version": 1,
    "spec_revisions": [
        "InitialCommit-29563-gfb84698",
        "InitialCommit-29569-gd4f455c"
    ],
    "spells_revision": "fb84698ae3438f76f7f4f9e0a351c2e11277db0e",
    "com_parameters": {
        "space_translation": [
            -0.00766885,
            0.00048079,
            0.00011403
        ],
        "boost_velocity": [
            -6.52791197e-06,
            -2.0524865e-06,
            -4.08444076e-07
        ]
    },
    "initial_mass_ratio": 3.000000348065602
}