{
    "simulation_name": "BBH_CFMS_d27_q7_sA_0_0_0_sB_0_0_0/Lev3",
    "alternative_names": [
        "PRIVATE:BBH:0141",
        "UltraLongRun",
        "SXS:BBH:1110"
    ],
    "initial_data_type": "BBH_CFMS",
    "object_types": "BHBH",
    "number_of_orbits": 175.661,
    "reference_mass_ratio": 7.00000104487357,
    "reference_chi_eff": 3.2842725383890585e-06,
    "reference_chi1_perp": 7.671525972637423e-09,
    "reference_chi2_perp": 1.2747703402455189e-08,
    "reference_eccentricity": 0.0003151,
    "reference_dimensionless_spin1": [
        -7.63510773052e-09,
        -7.46539316791e-10,
        3.78251440966e-06
    ],
    "reference_dimensionless_spin2": [
        -3.28680702975e-09,
        -1.23166963013e-08,
        -2.03421080588e-07
    ],
    "reference_orbital_frequency": [
        -8.15097169384e-12,
        2.27189339101e-10,
        0.00678451896618
    ],
    "reference_mass1": 0.874998815932,
    "reference_mass2": 0.124999812189,
    "reference_time": 1090.0,
    "reference_position1": [
        1.51100517728,
        2.99593844898,
        -8.12983680713e-07
    ],
    "reference_position2": [
        -10.6180140698,
        -21.2415953646,
        -1.59270252694e-08
    ],
    "reference_mean_anomaly": 1.557531,
    "keywords": [],
    "point_of_contact_email": "jonathan.blackman.0@gmail.com",
    "authors_emails": [],
    "simulation_bibtex_keys": [
        "Szilagyi:2015rwa",
        "Boyle:2019kee",
        "SXSCatalogWebsite"
    ],
    "code_bibtex_keys": [
        "Ossokine:2013zga",
        "Hemberger:2012jz",
        "Szilagyi:2009qz",
        "Boyle:2009vi",
        "Scheel:2008rj",
        "Boyle:2007ft",
        "Scheel:2006gg",
        "Lindblom:2005qh",
        "Pfeiffer:2002wt",
        "SpECwebsite"
    ],
    "initial_data_bibtex_keys": [
        "Buchman:2012dw",
        "Lovelace:2008tw",
        "Pfeiffer:2007yz",
        "Caudill:2006hw",
        "Cook:2004kt"
    ],
    "quasicircular_bibtex_keys": [
        "Mroue:2012kv",
        "Buonanno:2010yk",
        "Mroue:2010re",
        "Boyle:2007ft"
    ],
    "initial_separation": 27.0,
    "initial_orbital_frequency": 0.006793,
    "initial_adot": -0.0,
    "object1": "bh",
    "object2": "bh",
    "initial_ADM_energy": 0.9981117947891535,
    "initial_ADM_linear_momentum": [
        -7.10921336e-08,
        1.66147759e-08,
        -5.8730991e-08
    ],
    "initial_ADM_angular_momentum": [
        2.27192067825e-05,
        -6.24163219575e-05,
        0.6123207979108706
    ],
    "initial_mass1": 0.874999999359381,
    "initial_mass2": 0.125000000688581,
    "initial_dimensionless_spin1": [
        1.2577e-11,
        1.81594999999e-11,
        1.136207e-10
    ],
    "initial_dimensionless_spin2": [
        -1.24e-14,
        -1.34e-14,
        -2.50138e-11
    ],
    "initial_position1": [
        3.3631172066869786,
        0.0110712730815196,
        0.0
    ],
    "initial_position2": [
        -23.63688279331302,
        0.0110712730815196,
        0.0
    ],
    "relaxation_time": 1090.0,
    "common_horizon_time": 106366.505076,
    "remnant_mass": 0.987624709937,
    "remnant_dimensionless_spin": [
        -4.06813237046e-08,
        -6.62914821408e-09,
        0.33654963967
    ],
    "remnant_velocity": [
        0.00025324741933,
        0.000432232943308,
        2.44220608054e-08
    ],
    "metadata_version": 1,
    "spec_revisions": "InitialCommit-22982-gceb68ea",
    "spells_revision": "ceb68eab8633ce78a1e74bdd5f82401817dadeed",
    "com_parameters": {
        "space_translation": [
            -0.716686472,
            -0.380872968,
            -9.5219367e-05
        ],
        "boost_velocity": [
            3.36123394e-05,
            1.88120909e-05,
            3.18120744e-09
        ]
    },
    "initial_mass_ratio": 6.999999956314513
}