{
    "simulation_name": "0456/Lev3",
    "alternative_names": [
        "BFI:q4_7d:0456",
        "SXS:BBH:1937"
    ],
    "initial_data_type": "BBH_SKS",
    "object_types": "BHBH",
    "number_of_orbits": 22.1837455574,
    "reference_mass_ratio": 3.999649789040812,
    "reference_chi_eff": 0.32003370012352983,
    "reference_chi1_perp": 8.737469717817134e-07,
    "reference_chi2_perp": 4.6318080866553995e-07,
    "reference_eccentricity": 0.0004157,
    "reference_dimensionless_spin1": [
        -1.07608026787e-07,
        -1.13524586043e-06,
        0.400065580042
    ],
    "reference_dimensionless_spin2": [
        1.69410938664e-07,
        -4.31060950327e-07,
        -6.57915117762e-05
    ],
    "reference_orbital_frequency": [
        -1.55902523849e-08,
        -1.3840374633e-08,
        0.0191487645091
    ],
    "reference_mass1": 0.799995251731,
    "reference_mass2": 0.20001632491,
    "reference_time": 640.0,
    "reference_position1": [
        2.24642615508,
        -1.50454439021,
        -0.000188162449449
    ],
    "reference_position2": [
        -9.1555248216,
        5.99418277306,
        -0.000192025575979
    ],
    "reference_mean_anomaly": 0.463939,
    "keywords": [],
    "point_of_contact_email": "glovelace@fullerton.edu",
    "authors_emails": [],
    "simulation_bibtex_keys": [
        "Varma:2019csw",
        "Boyle:2019kee",
        "SXSCatalogWebsite"
    ],
    "code_bibtex_keys": [
        "Ossokine:2013zga",
        "Hemberger:2012jz",
        "Szilagyi:2009qz",
        "Boyle:2009vi",
        "Scheel:2008rj",
        "Boyle:2007ft",
        "Scheel:2006gg",
        "Lindblom:2005qh",
        "Pfeiffer:2002wt",
        "SpECwebsite"
    ],
    "initial_data_bibtex_keys": [
        "Buchman:2012dw",
        "Lovelace:2008tw",
        "Pfeiffer:2007yz",
        "Caudill:2006hw",
        "Cook:2004kt"
    ],
    "quasicircular_bibtex_keys": [
        "Mroue:2012kv",
        "Buonanno:2010yk",
        "Mroue:2010re",
        "Boyle:2007ft"
    ],
    "initial_separation": 13.4764404297,
    "initial_orbital_frequency": 0.018260358756,
    "initial_adot": 1.83694905918e-05,
    "object1": "bh",
    "object2": "bh",
    "initial_ADM_energy": 0.9947591706357335,
    "initial_ADM_linear_momentum": [
        2.50968042e-08,
        -1.451243832e-07,
        -5.8687e-12
    ],
    "initial_ADM_angular_momentum": [
        8.3699e-11,
        2.6481e-11,
        0.9252260416448493
    ],
    "initial_mass1": 0.8000000158789253,
    "initial_mass2": 0.2000000012925967,
    "initial_dimensionless_spin1": [
        -3.71e-14,
        6.6e-14,
        0.4000000002307934
    ],
    "initial_dimensionless_spin2": [
        1.6725e-12,
        1.57252e-11,
        -9.33181865e-08
    ],
    "initial_position1": [
        2.693048231218839,
        0.0283545526880266,
        2.03688537e-08
    ],
    "initial_position2": [
        -10.783392198481161,
        0.0283545526880266,
        2.03688537e-08
    ],
    "relaxation_time": 640.0,
    "common_horizon_time": 5030.49781515,
    "remnant_mass": 0.971169656424,
    "remnant_dimensionless_spin": [
        -4.54076224053e-07,
        -1.04735690304e-06,
        0.679162931958
    ],
    "remnant_velocity": [
        0.000307116026185,
        -5.56636889923e-05,
        -5.32436929358e-07
    ],
    "metadata_version": 1,
    "spec_revisions": "InitialCommit-30548-g8a39246",
    "spells_revision": "8a392465d586c8ca817d062b58522dabb63df692",
    "com_parameters": {
        "space_translation": [
            -0.00797229,
            -0.01331712,
            0.0001466
        ],
        "boost_velocity": [
            4.32983567e-06,
            1.15935604e-05,
            -5.19934826e-07
        ]
    },
    "initial_mass_ratio": 4.000000053542692
}