{
    "simulation_name": "0299/Lev3",
    "alternative_names": [
        "BFI:q4_7d:0299",
        "SXS:BBH:1786"
    ],
    "initial_data_type": "BBH_SKS",
    "object_types": "BHBH",
    "number_of_orbits": 18.6522200678,
    "reference_mass_ratio": 2.115614815285104,
    "reference_chi_eff": -0.2175499686849614,
    "reference_chi1_perp": 0.7947472694384587,
    "reference_chi2_perp": 0.5097812462453436,
    "reference_eccentricity": 0.0004997,
    "reference_dimensionless_spin1": [
        -0.255622995908,
        -0.756805280825,
        -0.0111017717239
    ],
    "reference_dimensionless_spin2": [
        -0.263727639214,
        -0.451156410348,
        -0.492727928503
    ],
    "reference_orbital_frequency": [
        -0.00255963026518,
        0.00239060074479,
        0.0160320574332
    ],
    "reference_mass1": 0.679081858461,
    "reference_mass2": 0.320985584689,
    "reference_time": 640.0,
    "reference_position1": [
        -3.20635041307,
        -3.71092214797,
        0.0444904743543
    ],
    "reference_position2": [
        6.76734669581,
        7.88996573469,
        -0.0929912085851
    ],
    "reference_mean_anomaly": 2.338814,
    "keywords": [],
    "point_of_contact_email": "fmh33@cornell.edu",
    "authors_emails": [],
    "simulation_bibtex_keys": [
        "Varma:2019csw",
        "Boyle:2019kee",
        "SXSCatalogWebsite"
    ],
    "code_bibtex_keys": [
        "Ossokine:2013zga",
        "Hemberger:2012jz",
        "Szilagyi:2009qz",
        "Boyle:2009vi",
        "Scheel:2008rj",
        "Boyle:2007ft",
        "Scheel:2006gg",
        "Lindblom:2005qh",
        "Pfeiffer:2002wt",
        "SpECwebsite"
    ],
    "initial_data_bibtex_keys": [
        "Buchman:2012dw",
        "Lovelace:2008tw",
        "Pfeiffer:2007yz",
        "Caudill:2006hw",
        "Cook:2004kt"
    ],
    "quasicircular_bibtex_keys": [
        "Mroue:2012kv",
        "Buonanno:2010yk",
        "Mroue:2010re",
        "Boyle:2007ft"
    ],
    "initial_separation": 15.1253051758,
    "initial_orbital_frequency": 0.015382321963,
    "initial_adot": 3.10221046699e-05,
    "object1": "bh",
    "object2": "bh",
    "initial_ADM_energy": 0.9937134546643429,
    "initial_ADM_linear_momentum": [
        -1.1085451e-09,
        -4.71783385e-08,
        4.5848653e-09
    ],
    "initial_ADM_angular_momentum": [
        -0.3021155648832842,
        -0.2535207291079341,
        0.8948267291939778
    ],
    "initial_mass1": 0.6790265139770958,
    "initial_mass2": 0.3209734935273551,
    "initial_dimensionless_spin1": [
        -0.5440505781835013,
        -0.5827683315646129,
        -0.0527318063938827
    ],
    "initial_dimensionless_spin2": [
        -0.482173703129874,
        -0.1016191239073971,
        -0.5226568025868883
    ],
    "initial_position1": [
        4.85567152651493,
        0.0236224644582788,
        -0.0120133712626787
    ],
    "initial_position2": [
        -10.269633649285069,
        0.0236224644582788,
        -0.0120133712626787
    ],
    "relaxation_time": 640.0,
    "common_horizon_time": 5006.35294307,
    "remnant_mass": 0.963447581668,
    "remnant_dimensionless_spin": [
        -0.183057222969,
        -0.213957075273,
        0.6217680486
    ],
    "remnant_velocity": [
        0.000657795658349,
        0.000280827061871,
        -0.00181776384295
    ],
    "metadata_version": 1,
    "spec_revisions": "InitialCommit-30548-g8a39246",
    "spells_revision": "8a392465d586c8ca817d062b58522dabb63df692",
    "com_parameters": {
        "space_translation": [
            -0.00491607,
            0.00410253,
            0.0013442
        ],
        "boost_velocity": [
            9.46739007e-06,
            -2.18804195e-05,
            -7.49563451e-06
        ]
    },
    "initial_mass_ratio": 2.1155220841288114
}