{
    "simulation_name": "0455/Lev3",
    "alternative_names": [
        "BFI:q4_7d:0455",
        "SXS:BBH:1936"
    ],
    "initial_data_type": "BBH_SKS",
    "object_types": "BHBH",
    "number_of_orbits": 16.524800366,
    "reference_mass_ratio": 3.998946570874013,
    "reference_chi_eff": -0.7999853866073227,
    "reference_chi1_perp": 2.7802102358280256e-07,
    "reference_chi2_perp": 9.31673802036565e-08,
    "reference_eccentricity": 0.0004739,
    "reference_dimensionless_spin1": [
        -3.33496432781e-07,
        2.08435905016e-07,
        -0.800149097273
    ],
    "reference_dimensionless_spin2": [
        -1.00456405213e-07,
        6.14609583273e-08,
        -0.799330716402
    ],
    "reference_orbital_frequency": [
        3.37619730004e-09,
        2.00436406781e-10,
        0.0167855517389
    ],
    "reference_mass1": 0.799972187857,
    "reference_mass2": 0.200045730464,
    "reference_time": 440.0,
    "reference_position1": [
        1.64478831746,
        2.54197328399,
        -1.07470280887e-06
    ],
    "reference_position2": [
        -6.42400189068,
        -10.2271950411,
        7.00707043342e-07
    ],
    "reference_mean_anomaly": 6.150014,
    "keywords": [],
    "point_of_contact_email": "glovelace@fullerton.edu",
    "authors_emails": [],
    "simulation_bibtex_keys": [
        "Varma:2019csw",
        "Boyle:2019kee",
        "SXSCatalogWebsite"
    ],
    "code_bibtex_keys": [
        "Ossokine:2013zga",
        "Hemberger:2012jz",
        "Szilagyi:2009qz",
        "Boyle:2009vi",
        "Scheel:2008rj",
        "Boyle:2007ft",
        "Scheel:2006gg",
        "Lindblom:2005qh",
        "Pfeiffer:2002wt",
        "SpECwebsite"
    ],
    "initial_data_bibtex_keys": [
        "Buchman:2012dw",
        "Lovelace:2008tw",
        "Pfeiffer:2007yz",
        "Caudill:2006hw",
        "Cook:2004kt"
    ],
    "quasicircular_bibtex_keys": [
        "Mroue:2012kv",
        "Buonanno:2010yk",
        "Mroue:2010re",
        "Boyle:2007ft"
    ],
    "initial_separation": 14.8353881836,
    "initial_orbital_frequency": 0.015740900719,
    "initial_adot": -0.000339976535123,
    "object1": "bh",
    "object2": "bh",
    "initial_ADM_energy": 0.9954809091707295,
    "initial_ADM_linear_momentum": [
        7.4166315e-09,
        -9.18479293e-08,
        -3.07326e-11
    ],
    "initial_ADM_angular_momentum": [
        -5.618e-13,
        -1.59157e-11,
        0.1880710375754636
    ],
    "initial_mass1": 0.799999937029566,
    "initial_mass2": 0.1999999969248275,
    "initial_dimensionless_spin1": [
        2.517e-13,
        -8.69e-14,
        -0.7999999815325799
    ],
    "initial_dimensionless_spin2": [
        -2.4065e-12,
        -2.57e-14,
        -0.8000000366887489
    ],
    "initial_position1": [
        2.9975142333750235,
        0.0329112138532833,
        8.72419659e-08
    ],
    "initial_position2": [
        -11.837873950224976,
        0.0329112138532833,
        8.72419659e-08
    ],
    "relaxation_time": 440.0,
    "common_horizon_time": 4579.43918515,
    "remnant_mass": 0.985182209069,
    "remnant_dimensionless_spin": [
        -2.276110119e-07,
        -4.03451867528e-08,
        0.0216594359161
    ],
    "remnant_velocity": [
        0.000131024394092,
        0.00081110311586,
        -8.01242014782e-08
    ],
    "metadata_version": 1,
    "spec_revisions": "InitialCommit-30548-g8a39246",
    "spells_revision": "8a392465d586c8ca817d062b58522dabb63df692",
    "com_parameters": {
        "space_translation": [
            -0.0021315668,
            -0.0110076172,
            3.20347548e-05
        ],
        "boost_velocity": [
            -4.37357368e-06,
            1.78159216e-05,
            -6.96553769e-08
        ]
    },
    "initial_mass_ratio": 3.999999746651276
}