{
    "simulation_name": "070/Lev3",
    "alternative_names": [
        "BFI:q8_3dAl:070",
        "SXS:BBH:1480"
    ],
    "initial_data_type": "BBH_SKS",
    "object_types": "BHBH",
    "number_of_orbits": 16.6620435688,
    "reference_mass_ratio": 1.548226568564232,
    "reference_chi_eff": -0.607460001924248,
    "reference_chi1_perp": 2.1467147567905432e-08,
    "reference_chi2_perp": 3.74195389696298e-08,
    "reference_eccentricity": 0.0005352,
    "reference_dimensionless_spin1": [
        -8.87610455246e-09,
        -1.14184893128e-08,
        -0.799842483725
    ],
    "reference_dimensionless_spin2": [
        3.00682830057e-08,
        -1.42290976313e-08,
        -0.309608332274
    ],
    "reference_orbital_frequency": [
        1.33354024967e-10,
        -1.91126553922e-10,
        0.0153451915511
    ],
    "reference_mass1": 0.607585808935,
    "reference_mass2": 0.392439854264,
    "reference_time": 640.0,
    "reference_position1": [
        -6.22235015646,
        -1.18865340023,
        1.59308848425e-05
    ],
    "reference_position2": [
        9.58602092149,
        1.9106780835,
        1.58321082739e-05
    ],
    "reference_mean_anomaly": 3.131545,
    "keywords": [],
    "point_of_contact_email": "vvarma@caltech.edu",
    "authors_emails": [],
    "simulation_bibtex_keys": [
        "Varma:2018mmi",
        "Boyle:2019kee",
        "SXSCatalogWebsite"
    ],
    "code_bibtex_keys": [
        "Ossokine:2013zga",
        "Hemberger:2012jz",
        "Szilagyi:2009qz",
        "Boyle:2009vi",
        "Scheel:2008rj",
        "Boyle:2007ft",
        "Scheel:2006gg",
        "Lindblom:2005qh",
        "Pfeiffer:2002wt",
        "SpECwebsite"
    ],
    "initial_data_bibtex_keys": [
        "Buchman:2012dw",
        "Lovelace:2008tw",
        "Pfeiffer:2007yz",
        "Caudill:2006hw",
        "Cook:2004kt"
    ],
    "quasicircular_bibtex_keys": [
        "Mroue:2012kv",
        "Buonanno:2010yk",
        "Mroue:2010re",
        "Boyle:2007ft"
    ],
    "initial_separation": 15.9494018555,
    "initial_orbital_frequency": 0.014442207175,
    "initial_adot": -0.0001742360036851,
    "object1": "bh",
    "object2": "bh",
    "initial_ADM_energy": 0.9934949162117701,
    "initial_ADM_linear_momentum": [
        1.33142736e-08,
        -5.05352283e-08,
        -1.8442e-12
    ],
    "initial_ADM_angular_momentum": [
        8.6547e-12,
        5.5189e-12,
        0.7604275413921696
    ],
    "initial_mass1": 0.6075661488993764,
    "initial_mass2": 0.392433857223534,
    "initial_dimensionless_spin1": [
        3.54e-13,
        9.83e-14,
        -0.8000000112038306
    ],
    "initial_dimensionless_spin2": [
        -3.44e-14,
        6.6e-15,
        -0.3097277321913761
    ],
    "initial_position1": [
        6.285706544182694,
        0.0186866813970136,
        -2.8106037e-09
    ],
    "initial_position2": [
        -9.663695311317305,
        0.0186866813970136,
        -2.8106037e-09
    ],
    "relaxation_time": 640.0,
    "common_horizon_time": 4894.84911203,
    "remnant_mass": 0.967625858071,
    "remnant_dimensionless_spin": [
        1.13145148656e-08,
        -7.61114145455e-09,
        0.424261873432
    ],
    "remnant_velocity": [
        -0.000881840332556,
        0.000210512646865,
        4.99381163044e-08
    ],
    "metadata_version": 1,
    "spec_revisions": "InitialCommit-30391-g7de1691",
    "spells_revision": "7de1691a20fa3565c2276fa60966e8a261a47fe7",
    "com_parameters": {
        "space_translation": [
            -0.0040105641,
            -0.00176420209,
            -9.74072989e-06
        ],
        "boost_velocity": [
            7.08047558e-06,
            1.33584979e-05,
            3.41737993e-08
        ]
    },
    "initial_mass_ratio": 1.548200130329991
}