{
    "simulation_name": "094/Lev3",
    "alternative_names": [
        "BFI:q8_3dAl:094",
        "SXS:BBH:1504"
    ],
    "initial_data_type": "BBH_SKS",
    "object_types": "BHBH",
    "number_of_orbits": 19.8298741417,
    "reference_mass_ratio": 1.980924631063445,
    "reference_chi_eff": 0.1897460432157141,
    "reference_chi1_perp": 2.895297521129369e-07,
    "reference_chi2_perp": 1.7089898302668796e-07,
    "reference_eccentricity": 0.0003277,
    "reference_dimensionless_spin1": [
        -2.70852530203e-07,
        2.44060081776e-07,
        0.245785322589
    ],
    "reference_dimensionless_spin2": [
        -1.7159917927e-07,
        6.5220796131e-08,
        0.0787364543979
    ],
    "reference_orbital_frequency": [
        -5.86139164466e-10,
        8.34071481254e-09,
        0.0168715391049
    ],
    "reference_mass1": 0.664507536674,
    "reference_mass2": 0.335453215258,
    "reference_time": 640.0,
    "reference_position1": [
        -2.15840567637,
        -4.51041006961,
        5.60447677483e-05
    ],
    "reference_position2": [
        4.2480064234,
        9.01141566154,
        4.95826043111e-05
    ],
    "reference_mean_anomaly": 5.975962,
    "keywords": [],
    "point_of_contact_email": "vvarma@caltech.edu",
    "authors_emails": [],
    "simulation_bibtex_keys": [
        "Varma:2018mmi",
        "Boyle:2019kee",
        "SXSCatalogWebsite"
    ],
    "code_bibtex_keys": [
        "Ossokine:2013zga",
        "Hemberger:2012jz",
        "Szilagyi:2009qz",
        "Boyle:2009vi",
        "Scheel:2008rj",
        "Boyle:2007ft",
        "Scheel:2006gg",
        "Lindblom:2005qh",
        "Pfeiffer:2002wt",
        "SpECwebsite"
    ],
    "initial_data_bibtex_keys": [
        "Buchman:2012dw",
        "Lovelace:2008tw",
        "Pfeiffer:2007yz",
        "Caudill:2006hw",
        "Cook:2004kt"
    ],
    "quasicircular_bibtex_keys": [
        "Mroue:2012kv",
        "Buonanno:2010yk",
        "Mroue:2010re",
        "Boyle:2007ft"
    ],
    "initial_separation": 14.7962646484,
    "initial_orbital_frequency": 0.016083143197,
    "initial_adot": 2.8444117065e-06,
    "object1": "bh",
    "object2": "bh",
    "initial_ADM_energy": 0.9932888412168537,
    "initial_ADM_linear_momentum": [
        -4.0973723e-09,
        -9.51662919e-08,
        1.7865e-12
    ],
    "initial_ADM_angular_momentum": [
        -2.6065e-12,
        6.214e-13,
        1.0888588237189372
    ],
    "initial_mass1": 0.6645312779612854,
    "initial_mass2": 0.3354687263730178,
    "initial_dimensionless_spin1": [
        1.12e-14,
        -2.43e-14,
        0.2459015827922029
    ],
    "initial_dimensionless_spin2": [
        -3.06e-14,
        3.1e-15,
        0.0786493032922282
    ],
    "initial_position1": [
        4.963879714120554,
        0.0207812411969177,
        -5.0564984e-09
    ],
    "initial_position2": [
        -9.832384934279446,
        0.0207812411969177,
        -5.0564984e-09
    ],
    "relaxation_time": 640.0,
    "common_horizon_time": 5065.11505184,
    "remnant_mass": 0.955507932292,
    "remnant_dimensionless_spin": [
        -1.12458703591e-07,
        3.82280503546e-07,
        0.70643200705
    ],
    "remnant_velocity": [
        -0.000212506698245,
        -0.000235745207756,
        1.39637567407e-07
    ],
    "metadata_version": 1,
    "spec_revisions": "InitialCommit-30391-g7de1691",
    "spells_revision": "7de1691a20fa3565c2276fa60966e8a261a47fe7",
    "com_parameters": {
        "space_translation": [
            -0.0031963513,
            -0.00122721244,
            -2.85747567e-05
        ],
        "boost_velocity": [
            3.41744905e-06,
            6.43079479e-06,
            1.2637861e-07
        ]
    },
    "initial_mass_ratio": 1.9809038092640954
}