{
    "simulation_name": "0420/Lev3",
    "alternative_names": [
        "BFI:q4_7d:0420",
        "SXS:BBH:1906"
    ],
    "initial_data_type": "BBH_SKS",
    "object_types": "BHBH",
    "number_of_orbits": 20.4113392861,
    "reference_mass_ratio": 3.9995450135237207,
    "reference_chi_eff": 2.9040542133489454e-05,
    "reference_chi1_perp": 3.9518769046839235e-07,
    "reference_chi2_perp": 2.6160160560091075e-07,
    "reference_eccentricity": 0.0001472,
    "reference_dimensionless_spin1": [
        -3.90498683422e-07,
        -6.07190526123e-08,
        5.76650456278e-05
    ],
    "reference_dimensionless_spin2": [
        -2.44675074174e-07,
        -9.25667511103e-08,
        -8.54444481812e-05
    ],
    "reference_orbital_frequency": [
        -1.57728749917e-09,
        3.13538901839e-09,
        0.0180800288983
    ],
    "reference_mass1": 0.799917667859,
    "reference_mass2": 0.200002166535,
    "reference_time": 390.0,
    "reference_position1": [
        2.18146504078,
        1.80061831707,
        -4.66830387925e-05
    ],
    "reference_position2": [
        -8.70143523164,
        -7.35067613042,
        -4.60454620704e-05
    ],
    "reference_mean_anomaly": 0.879836,
    "keywords": [],
    "point_of_contact_email": "marissa.beth@gmail.com",
    "authors_emails": [],
    "simulation_bibtex_keys": [
        "Varma:2019csw",
        "Boyle:2019kee",
        "SXSCatalogWebsite"
    ],
    "code_bibtex_keys": [
        "Ossokine:2013zga",
        "Hemberger:2012jz",
        "Szilagyi:2009qz",
        "Boyle:2009vi",
        "Scheel:2008rj",
        "Boyle:2007ft",
        "Scheel:2006gg",
        "Lindblom:2005qh",
        "Pfeiffer:2002wt",
        "SpECwebsite"
    ],
    "initial_data_bibtex_keys": [
        "Buchman:2012dw",
        "Lovelace:2008tw",
        "Pfeiffer:2007yz",
        "Caudill:2006hw",
        "Cook:2004kt"
    ],
    "quasicircular_bibtex_keys": [
        "Mroue:2012kv",
        "Buonanno:2010yk",
        "Mroue:2010re",
        "Boyle:2007ft"
    ],
    "initial_separation": 13.8803710938,
    "initial_orbital_frequency": 0.017644665097,
    "initial_adot": -3.7600151704e-06,
    "object1": "bh",
    "object2": "bh",
    "initial_ADM_energy": 0.9949636959366437,
    "initial_ADM_linear_momentum": [
        2.50501973e-08,
        6.9848611e-09,
        -2.098e-13
    ],
    "initial_ADM_angular_momentum": [
        3.06753e-11,
        -6.3638e-12,
        0.6878942825858918
    ],
    "initial_mass1": 0.7999999770132291,
    "initial_mass2": 0.1999999964291127,
    "initial_dimensionless_spin1": [
        2.2334e-12,
        4.284e-12,
        -1.156492172e-07
    ],
    "initial_dimensionless_spin2": [
        -6.5897e-12,
        -1.15532e-11,
        -1.685392364e-07
    ],
    "initial_position1": [
        2.785676576524927,
        0.028211746500719,
        1.653822e-10
    ],
    "initial_position2": [
        -11.094694517275073,
        0.028211746500719,
        1.653822e-10
    ],
    "relaxation_time": 390.0,
    "common_horizon_time": 4951.78105964,
    "remnant_mass": 0.977862837397,
    "remnant_dimensionless_spin": [
        -3.29867782293e-07,
        2.07951052434e-07,
        0.471757551414
    ],
    "remnant_velocity": [
        0.00029371866214,
        0.000477992565485,
        -5.53408315088e-07
    ],
    "metadata_version": 1,
    "spec_revisions": "InitialCommit-30548-g8a39246",
    "spells_revision": "8a392465d586c8ca817d062b58522dabb63df692",
    "com_parameters": {
        "space_translation": [
            0.00554279,
            -0.0228675,
            0.00020447
        ],
        "boost_velocity": [
            -1.23663654e-05,
            3.3253401e-05,
            -5.40126054e-07
        ]
    },
    "initial_mass_ratio": 3.9999999564838906
}