{
    "simulation_name": "0437/Lev3",
    "alternative_names": [
        "BFI:q4_7d:0437",
        "SXS:BBH:1918"
    ],
    "initial_data_type": "BBH_SKS",
    "object_types": "BHBH",
    "number_of_orbits": 20.4192014526,
    "reference_mass_ratio": 3.999043712852355,
    "reference_chi_eff": -0.1362039442028853,
    "reference_chi1_perp": 0.799491601968807,
    "reference_chi2_perp": 0.0341833190311857,
    "reference_eccentricity": 0.0004338,
    "reference_dimensionless_spin1": [
        -0.76819693958,
        -0.220241963541,
        0.0376884572255
    ],
    "reference_dimensionless_spin2": [
        0.00204112163015,
        -0.152608262836,
        -0.784643295992
    ],
    "reference_orbital_frequency": [
        -0.000678102878497,
        0.00299025124131,
        0.0176318893801
    ],
    "reference_mass1": 0.799983252892,
    "reference_mass2": 0.200043638013,
    "reference_time": 400.0,
    "reference_position1": [
        2.01173046383,
        2.00628278606,
        -0.285872987174
    ],
    "reference_position2": [
        -8.02156045687,
        -8.16193556847,
        1.0527200356
    ],
    "reference_mean_anomaly": 0.155456,
    "keywords": [],
    "point_of_contact_email": "glovelace@fullerton.edu",
    "authors_emails": [],
    "simulation_bibtex_keys": [
        "Varma:2019csw",
        "Boyle:2019kee",
        "SXSCatalogWebsite"
    ],
    "code_bibtex_keys": [
        "Ossokine:2013zga",
        "Hemberger:2012jz",
        "Szilagyi:2009qz",
        "Boyle:2009vi",
        "Scheel:2008rj",
        "Boyle:2007ft",
        "Scheel:2006gg",
        "Lindblom:2005qh",
        "Pfeiffer:2002wt",
        "SpECwebsite"
    ],
    "initial_data_bibtex_keys": [
        "Buchman:2012dw",
        "Lovelace:2008tw",
        "Pfeiffer:2007yz",
        "Caudill:2006hw",
        "Cook:2004kt"
    ],
    "quasicircular_bibtex_keys": [
        "Mroue:2012kv",
        "Buonanno:2010yk",
        "Mroue:2010re",
        "Boyle:2007ft"
    ],
    "initial_separation": 14.0033569336,
    "initial_orbital_frequency": 0.016842504619,
    "initial_adot": -0.0002393333848448,
    "object1": "bh",
    "object2": "bh",
    "initial_ADM_energy": 0.9951001052546223,
    "initial_ADM_linear_momentum": [
        1.41278807e-08,
        -1.268479115e-07,
        1.411252e-09
    ],
    "initial_ADM_angular_momentum": [
        -0.5126507671321482,
        -0.0384912452809346,
        0.6769362949046289
    ],
    "initial_mass1": 0.7999999957310183,
    "initial_mass2": 0.1999999989338988,
    "initial_dimensionless_spin1": [
        -0.7968474459768283,
        -0.0664716976503935,
        0.024765317507297
    ],
    "initial_dimensionless_spin2": [
        -0.0473199178361428,
        -0.0995865404550811,
        -0.7923656500141324
    ],
    "initial_position1": [
        2.8041418169436874,
        0.0314218008448005,
        -0.0233681829769605
    ],
    "initial_position2": [
        -11.199215116656312,
        0.0314218008448005,
        -0.0233681829769605
    ],
    "relaxation_time": 400.0,
    "common_horizon_time": 5009.79734216,
    "remnant_mass": 0.97525875746,
    "remnant_dimensionless_spin": [
        -0.430980966287,
        -0.0615149320841,
        0.534197731223
    ],
    "remnant_velocity": [
        -0.00181358162425,
        0.000471163336261,
        0.000734877882635
    ],
    "metadata_version": 1,
    "spec_revisions": "InitialCommit-30548-g8a39246",
    "spells_revision": "8a392465d586c8ca817d062b58522dabb63df692",
    "com_parameters": {
        "space_translation": [
            0.00256299,
            -0.024234,
            0.00562681
        ],
        "boost_velocity": [
            -1.68317511e-05,
            3.80045919e-05,
            -8.28277307e-06
        ]
    },
    "initial_mass_ratio": 3.9999999999771156
}