{
    "simulation_name": "BBH_SKS_d13.8_q1.78_sA_0_0_0.033_sB_0_0_0.289/Lev3",
    "alternative_names": "SXS:BBH:1510",
    "initial_data_type": "BBH_SKS",
    "object_types": "BHBH",
    "number_of_orbits": 15.5889834172,
    "reference_mass_ratio": 1.776178023273176,
    "reference_chi_eff": 0.12527431151381904,
    "reference_chi1_perp": 7.1060773823172e-07,
    "reference_chi2_perp": 3.0258637929890766e-07,
    "reference_eccentricity": 0.0003867,
    "reference_dimensionless_spin1": [
        6.30315192997e-07,
        -3.42165991518e-07,
        0.0332284492026
    ],
    "reference_dimensionless_spin2": [
        2.80257021408e-07,
        -5.86549258138e-08,
        0.288764149284
    ],
    "reference_orbital_frequency": [
        -6.91672583511e-10,
        -9.35084719323e-09,
        0.0189706537502
    ],
    "reference_mass1": 0.639757615878,
    "reference_mass2": 0.360187778193,
    "reference_time": 640.0,
    "reference_position1": [
        3.44314588123,
        -3.61652268396,
        5.07374724439e-05
    ],
    "reference_position2": [
        -6.16164591767,
        6.41208789568,
        5.53304946497e-05
    ],
    "reference_mean_anomaly": 1.815839,
    "keywords": [],
    "point_of_contact_email": "ramirez.teresita.95@gmail.com",
    "authors_emails": [],
    "simulation_bibtex_keys": [
        "Boyle:2019kee",
        "SXSCatalogWebsite"
    ],
    "code_bibtex_keys": [
        "Ossokine:2013zga",
        "Hemberger:2012jz",
        "Szilagyi:2009qz",
        "Boyle:2009vi",
        "Scheel:2008rj",
        "Boyle:2007ft",
        "Scheel:2006gg",
        "Lindblom:2005qh",
        "Pfeiffer:2002wt",
        "SpECwebsite"
    ],
    "initial_data_bibtex_keys": [
        "Buchman:2012dw",
        "Lovelace:2008tw",
        "Pfeiffer:2007yz",
        "Caudill:2006hw",
        "Cook:2004kt"
    ],
    "quasicircular_bibtex_keys": [
        "Mroue:2012kv",
        "Buonanno:2010yk",
        "Mroue:2010re",
        "Boyle:2007ft"
    ],
    "initial_separation": 13.8125,
    "initial_orbital_frequency": 0.0177286441,
    "initial_adot": -1.511509131e-07,
    "object1": "bh",
    "object2": "bh",
    "initial_ADM_energy": 0.9926592064220152,
    "initial_ADM_linear_momentum": [
        -9.61672995e-08,
        -1.921199811e-07,
        3.64977e-11
    ],
    "initial_ADM_angular_momentum": [
        -1.10582e-11,
        1.41514e-11,
        1.0333209050175154
    ],
    "initial_mass1": 0.6397961402980878,
    "initial_mass2": 0.3602038383909705,
    "initial_dimensionless_spin1": [
        3.9e-15,
        -8.15e-14,
        0.0333681640950702
    ],
    "initial_dimensionless_spin2": [
        5.6e-15,
        -2.06e-14,
        0.2888370692033821
    ],
    "initial_position1": [
        4.985850025248665,
        0.0183712777872962,
        -4.1114963e-09
    ],
    "initial_position2": [
        -8.826649974751335,
        0.0183712777872962,
        -4.1114963e-09
    ],
    "relaxation_time": 640.0,
    "common_horizon_time": 3638.22011908,
    "remnant_mass": 0.95591338694,
    "remnant_dimensionless_spin": [
        2.10225673009e-07,
        -4.25681293408e-07,
        0.671946431663
    ],
    "remnant_velocity": [
        -0.000458905865549,
        0.00020380481287,
        1.28028139051e-07
    ],
    "metadata_version": 1,
    "spec_revisions": "InitialCommit-30572-ga80237c",
    "spells_revision": "a80237c674fd7b9708ebbf5bff07edaa86560a22",
    "com_parameters": {
        "space_translation": [
            -0.000336462494,
            -0.00212703222,
            -2.56127918e-05
        ],
        "boost_velocity": [
            5.76916896e-06,
            1.32191457e-05,
            1.19072673e-07
        ]
    },
    "initial_mass_ratio": 1.7762057815820491
}