{
    "simulation_name": "BBH_CFMS_d13_q9.20_sA_0_0_0_sB_0_0_0/Lev5",
    "alternative_names": [
        "PRIVATE:BBH:0003",
        "SXS:BBH:1108"
    ],
    "initial_data_type": "BBH_CFMS",
    "object_types": "BHBH",
    "number_of_orbits": 28.7223476989,
    "reference_mass_ratio": 9.199949990855691,
    "reference_chi_eff": -2.17596070840585e-06,
    "reference_chi1_perp": 5.6807408319023907e-08,
    "reference_chi2_perp": 4.057518160566128e-09,
    "reference_eccentricity": 0.0001477,
    "reference_dimensionless_spin1": [
        5.20403472705e-08,
        2.27789240374e-08,
        -2.2533840531e-06
    ],
    "reference_dimensionless_spin2": [
        -1.94280836251e-09,
        3.56210701144e-09,
        -1.46366981843e-06
    ],
    "reference_orbital_frequency": [
        7.62791683622e-11,
        6.81211837731e-10,
        0.0194488304746
    ],
    "reference_mass1": 0.90196544671,
    "reference_mass2": 0.0980402553934,
    "reference_time": 340.0,
    "reference_position1": [
        1.22343517414,
        0.404817274972,
        -2.45486126285e-06
    ],
    "reference_position2": [
        -11.4693786546,
        -3.93733052004,
        -2.25299206731e-06
    ],
    "reference_mean_anomaly": 0.505552,
    "keywords": [],
    "point_of_contact_email": "kbarkett@caltech.edu",
    "authors_emails": [],
    "simulation_bibtex_keys": [
        "Boyle:2019kee",
        "SXSCatalogWebsite"
    ],
    "code_bibtex_keys": [
        "Ossokine:2013zga",
        "Hemberger:2012jz",
        "Szilagyi:2009qz",
        "Boyle:2009vi",
        "Scheel:2008rj",
        "Boyle:2007ft",
        "Scheel:2006gg",
        "Lindblom:2005qh",
        "Pfeiffer:2002wt",
        "SpECwebsite"
    ],
    "initial_data_bibtex_keys": [
        "Buchman:2012dw",
        "Lovelace:2008tw",
        "Pfeiffer:2007yz",
        "Caudill:2006hw",
        "Cook:2004kt"
    ],
    "quasicircular_bibtex_keys": [
        "Mroue:2012kv",
        "Buonanno:2010yk",
        "Mroue:2010re",
        "Boyle:2007ft"
    ],
    "initial_separation": 13.0,
    "initial_orbital_frequency": 0.0193453443756819,
    "initial_adot": -2.62646113344e-05,
    "object1": "bh",
    "object2": "bh",
    "initial_ADM_energy": 0.9970947727014092,
    "initial_ADM_linear_momentum": [
        5.3712794e-09,
        -6.740806e-09,
        -1.593962e-09
    ],
    "initial_ADM_angular_momentum": [
        -1.920897984e-07,
        -4.5246344246e-06,
        0.3727234057298612
    ],
    "initial_mass1": 0.901960784265364,
    "initial_mass2": 0.0980392157399183,
    "initial_dimensionless_spin1": [
        1.56084899999e-10,
        1.030675e-10,
        2.0706207e-08
    ],
    "initial_dimensionless_spin2": [
        1.415e-13,
        -1.904e-13,
        -1.40458e-10
    ],
    "initial_position1": [
        1.2662134759523431,
        0.013682589984325,
        0.0
    ],
    "initial_position2": [
        -11.733786524047657,
        0.013682589984325,
        0.0
    ],
    "relaxation_time": 340.0,
    "common_horizon_time": 6621.27669214,
    "remnant_mass": 0.990966966784,
    "remnant_dimensionless_spin": [
        3.21252888876e-08,
        2.46130446952e-08,
        0.277220264781
    ],
    "remnant_velocity": [
        -0.000202724177126,
        0.000132680505627,
        -5.99252512036e-09
    ],
    "metadata_version": 1,
    "spec_revisions": "InitialCommit-23049-gf2516ad",
    "spells_revision": "0fbb11cbfbbc7573aaa0170b384355d17d2b9ca1",
    "com_parameters": {
        "space_translation": [
            -0.018009636,
            -0.00659668252,
            -3.60118362e-07
        ],
        "boost_velocity": [
            9.72964712e-07,
            5.85620146e-06,
            -7.35509879e-09
        ]
    },
    "initial_mass_ratio": 9.199999994472778
}