{
    "simulation_name": "025/Lev3",
    "alternative_names": [
        "BFI:q8_3dAl:025",
        "SXS:BBH:1436"
    ],
    "initial_data_type": "BBH_SKS",
    "object_types": "BHBH",
    "number_of_orbits": 21.2536532613,
    "reference_mass_ratio": 6.277784697197856,
    "reference_chi_eff": -0.10159658834542921,
    "reference_chi1_perp": 2.1174898932525635e-07,
    "reference_chi2_perp": 3.5588579000325956e-07,
    "reference_eccentricity": 0.0004722,
    "reference_dimensionless_spin1": [
        2.08309090943e-07,
        2.11507713389e-08,
        0.00949044599538
    ],
    "reference_dimensionless_spin2": [
        -7.02614447211e-08,
        1.86434843866e-08,
        -0.798977072587
    ],
    "reference_orbital_frequency": [
        -5.39868611372e-09,
        4.68230955266e-09,
        0.0197463570625
    ],
    "reference_mass1": 0.862478516395,
    "reference_mass2": 0.137385806936,
    "reference_time": 390.0,
    "reference_position1": [
        0.425653640359,
        1.77524674969,
        1.59259067945e-05
    ],
    "reference_position2": [
        -2.50788842543,
        -11.2734962657,
        1.8218024835e-05
    ],
    "reference_mean_anomaly": 5.290549,
    "keywords": [],
    "point_of_contact_email": "scheel@tapir.caltech.edu",
    "authors_emails": [],
    "simulation_bibtex_keys": [
        "Varma:2018mmi",
        "Boyle:2019kee",
        "SXSCatalogWebsite"
    ],
    "code_bibtex_keys": [
        "Ossokine:2013zga",
        "Hemberger:2012jz",
        "Szilagyi:2009qz",
        "Boyle:2009vi",
        "Scheel:2008rj",
        "Boyle:2007ft",
        "Scheel:2006gg",
        "Lindblom:2005qh",
        "Pfeiffer:2002wt",
        "SpECwebsite"
    ],
    "initial_data_bibtex_keys": [
        "Buchman:2012dw",
        "Lovelace:2008tw",
        "Pfeiffer:2007yz",
        "Caudill:2006hw",
        "Cook:2004kt"
    ],
    "quasicircular_bibtex_keys": [
        "Mroue:2012kv",
        "Buonanno:2010yk",
        "Mroue:2010re",
        "Boyle:2007ft"
    ],
    "initial_separation": 13.0295410156,
    "initial_orbital_frequency": 0.018737511876,
    "initial_adot": -0.0003263818457238,
    "object1": "bh",
    "object2": "bh",
    "initial_ADM_energy": 0.9961339919996367,
    "initial_ADM_linear_momentum": [
        -5.94644148e-08,
        6.36284842e-08,
        -9.80085e-11
    ],
    "initial_ADM_angular_momentum": [
        -1.652399e-10,
        3.18469e-11,
        0.4930962246598457
    ],
    "initial_mass1": 0.8626616905612918,
    "initial_mass2": 0.1373383347369901,
    "initial_dimensionless_spin1": [
        1.313e-13,
        7.9e-15,
        0.0095048102275657
    ],
    "initial_dimensionless_spin2": [
        -1.425e-12,
        -5.175e-13,
        -0.8000000077200355
    ],
    "initial_position1": [
        1.7955074498441985,
        0.026217529523066,
        5.606928749e-07
    ],
    "initial_position2": [
        -11.234033565755801,
        0.026217529523066,
        5.606928749e-07
    ],
    "relaxation_time": 390.0,
    "common_horizon_time": 4842.6126848,
    "remnant_mass": 0.986315889053,
    "remnant_dimensionless_spin": [
        2.09203924191e-07,
        2.206164359e-07,
        0.360790801074
    ],
    "remnant_velocity": [
        0.000421499424207,
        -0.000159175395858,
        4.43895993979e-07
    ],
    "metadata_version": 1,
    "spec_revisions": "InitialCommit-30391-g7de1691",
    "spells_revision": "7de1691a20fa3565c2276fa60966e8a261a47fe7",
    "com_parameters": {
        "space_translation": [
            -0.02733681,
            0.0586802,
            -0.00022593
        ],
        "boost_velocity": [
            6.41790401e-05,
            -6.46336968e-05,
            4.03990344e-07
        ]
    },
    "initial_mass_ratio": 6.281288412396531
}