{
    "simulation_name": "BBH_SKS_d15.4_q1.50_sA_0_0_0.950_sB_0_0_0.950/Lev2",
    "alternative_names": [
        "PRIVATE:BBH:0563",
        "SXS:BBH:1146"
    ],
    "initial_data_type": "BBH_SKS",
    "object_types": "BHBH",
    "number_of_orbits": 26.3511062584,
    "reference_mass_ratio": 1.4995848179889049,
    "reference_chi_eff": 0.9496573577741765,
    "reference_chi1_perp": 4.725236613482918e-08,
    "reference_chi2_perp": 2.216990340213523e-08,
    "reference_eccentricity": 0.0002451,
    "reference_dimensionless_spin1": [
        2.01506849495e-09,
        -4.67535017939e-08,
        0.949893478455
    ],
    "reference_dimensionless_spin2": [
        2.63345355095e-08,
        -2.76783136995e-08,
        0.949303274786
    ],
    "reference_orbital_frequency": [
        7.80810489275e-10,
        -5.61141840066e-10,
        0.015593206482
    ],
    "reference_mass1": 0.600083563848,
    "reference_mass2": 0.400166470512,
    "reference_time": 640.0,
    "reference_position1": [
        -5.83175253371,
        -2.29106542948,
        7.41262260035e-06
    ],
    "reference_position2": [
        8.77392273358,
        3.46370149709,
        6.88835429423e-06
    ],
    "reference_mean_anomaly": 0.469733,
    "keywords": [],
    "point_of_contact_email": "ndemos@csu.fullerton.edu",
    "authors_emails": [],
    "simulation_bibtex_keys": [
        "Boyle:2019kee",
        "SXSCatalogWebsite"
    ],
    "code_bibtex_keys": [
        "Ossokine:2013zga",
        "Hemberger:2012jz",
        "Szilagyi:2009qz",
        "Boyle:2009vi",
        "Scheel:2008rj",
        "Boyle:2007ft",
        "Scheel:2006gg",
        "Lindblom:2005qh",
        "Pfeiffer:2002wt",
        "SpECwebsite"
    ],
    "initial_data_bibtex_keys": [
        "Buchman:2012dw",
        "Lovelace:2008tw",
        "Pfeiffer:2007yz",
        "Caudill:2006hw",
        "Cook:2004kt"
    ],
    "quasicircular_bibtex_keys": [
        "Mroue:2012kv",
        "Buonanno:2010yk",
        "Mroue:2010re",
        "Boyle:2007ft"
    ],
    "initial_separation": 15.414855957,
    "initial_orbital_frequency": 0.013892913629,
    "initial_adot": 0.0007137471503087,
    "object1": "bh",
    "object2": "bh",
    "initial_ADM_energy": 0.9931192351086278,
    "initial_ADM_linear_momentum": [
        2.5800043e-09,
        2.8342254e-09,
        -4.1815e-12
    ],
    "initial_ADM_angular_momentum": [
        7.4183e-12,
        4.8471e-12,
        1.5279430677064347
    ],
    "initial_mass1": 0.6000000979568116,
    "initial_mass2": 0.4000000547108061,
    "initial_dimensionless_spin1": [
        -6.4e-14,
        4.50999999999e-14,
        0.949999944462
    ],
    "initial_dimensionless_spin2": [
        5.33e-14,
        -4.99e-14,
        0.950000019286
    ],
    "initial_position1": [
        6.160305198851417,
        0.0154839330336462,
        -8.442648e-10
    ],
    "initial_position2": [
        -9.254550758148582,
        0.0154839330336462,
        -8.442648e-10
    ],
    "relaxation_time": 640.0,
    "common_horizon_time": 6741.08309794,
    "remnant_mass": 0.898404762741,
    "remnant_dimensionless_spin": [
        3.10568192981e-08,
        -3.61501739143e-08,
        0.942721676749
    ],
    "remnant_velocity": [
        3.50866247806e-05,
        1.44612457564e-05,
        1.32023372264e-07
    ],
    "metadata_version": 1,
    "spec_revisions": "InitialCommit-29590-gbd61a7b",
    "spells_revision": "bd61a7b64a8c8aba86b183daf34e4295d2b6c87c",
    "com_parameters": {
        "space_translation": [
            -0.00252095367,
            -0.0023430837,
            -2.31676428e-05
        ],
        "boost_velocity": [
            1.00463969e-05,
            1.4808433e-06,
            2.53526436e-08
        ]
    },
    "initial_mass_ratio": 1.500000039726501
}