{
    "simulation_name": "039/Lev3",
    "alternative_names": [
        "BFI:q8_3dAl:039",
        "SXS:BBH:1449"
    ],
    "initial_data_type": "BBH_SKS",
    "object_types": "BHBH",
    "number_of_orbits": 16.8390853302,
    "reference_mass_ratio": 4.185606469930766,
    "reference_chi_eff": -0.7122966711496443,
    "reference_chi1_perp": 4.6375813140748877e-07,
    "reference_chi2_perp": 1.1280863402924239e-07,
    "reference_eccentricity": 0.0004271,
    "reference_dimensionless_spin1": [
        3.33759178321e-07,
        2.24748664589e-07,
        -0.800181962085
    ],
    "reference_dimensionless_spin2": [
        1.68515313531e-08,
        1.40377483264e-07,
        -0.344443428799
    ],
    "reference_orbital_frequency": [
        2.52544160041e-09,
        -2.49629243917e-09,
        0.0172751008312
    ],
    "reference_mass1": 0.807109298484,
    "reference_mass2": 0.192829713993,
    "reference_time": 640.0,
    "reference_position1": [
        -0.49644604828,
        -2.80810049495,
        0.000107526795584
    ],
    "reference_position2": [
        1.89298396242,
        11.7883212025,
        0.000109286702601
    ],
    "reference_mean_anomaly": 1.044581,
    "keywords": [],
    "point_of_contact_email": "vvarma@caltech.edu",
    "authors_emails": [],
    "simulation_bibtex_keys": [
        "Varma:2018mmi",
        "Boyle:2019kee",
        "SXSCatalogWebsite"
    ],
    "code_bibtex_keys": [
        "Ossokine:2013zga",
        "Hemberger:2012jz",
        "Szilagyi:2009qz",
        "Boyle:2009vi",
        "Scheel:2008rj",
        "Boyle:2007ft",
        "Scheel:2006gg",
        "Lindblom:2005qh",
        "Pfeiffer:2002wt",
        "SpECwebsite"
    ],
    "initial_data_bibtex_keys": [
        "Buchman:2012dw",
        "Lovelace:2008tw",
        "Pfeiffer:2007yz",
        "Caudill:2006hw",
        "Cook:2004kt"
    ],
    "quasicircular_bibtex_keys": [
        "Mroue:2012kv",
        "Buonanno:2010yk",
        "Mroue:2010re",
        "Boyle:2007ft"
    ],
    "initial_separation": 14.6527709961,
    "initial_orbital_frequency": 0.016410445666,
    "initial_adot": -0.0001338380953804,
    "object1": "bh",
    "object2": "bh",
    "initial_ADM_energy": 0.9955068292755704,
    "initial_ADM_linear_momentum": [
        -4.61641956e-08,
        -1.372460388e-07,
        1.2705e-12
    ],
    "initial_ADM_angular_momentum": [
        -2.94807e-11,
        -9.2165e-12,
        0.1729125031283969
    ],
    "initial_mass1": 0.8071691491602018,
    "initial_mass2": 0.1928308391766701,
    "initial_dimensionless_spin1": [
        -3.11e-13,
        -1.001e-13,
        -0.7999999721933505
    ],
    "initial_dimensionless_spin2": [
        5.978e-13,
        5.34e-14,
        -0.3445246739900552
    ],
    "initial_position1": [
        2.85919994361676,
        0.0328793730818677,
        6.951929e-10
    ],
    "initial_position2": [
        -11.79357105248324,
        0.0328793730818677,
        6.951929e-10
    ],
    "relaxation_time": 640.0,
    "common_horizon_time": 4592.84877202,
    "remnant_mass": 0.985439791941,
    "remnant_dimensionless_spin": [
        1.87467373248e-07,
        1.53701244545e-07,
        0.0104997153255
    ],
    "remnant_velocity": [
        -0.000774968377727,
        -0.00019437119491,
        3.28798627891e-07
    ],
    "metadata_version": 1,
    "spec_revisions": "InitialCommit-30348-g755d64a",
    "spells_revision": "755d64a9ecb1396c12985e0534d4ae1a0d4a7c34",
    "com_parameters": {
        "space_translation": [
            0.0020181,
            0.01202511,
            -0.00010798
        ],
        "boost_velocity": [
            -9.75526052e-07,
            3.06909953e-06,
            3.34854095e-07
        ]
    },
    "initial_mass_ratio": 4.185892425747729
}