{
    "simulation_name": "0485/Lev3",
    "alternative_names": [
        "BFI:q4_7d:0485",
        "SXS:BBH:1966"
    ],
    "initial_data_type": "BBH_SKS",
    "object_types": "BHBH",
    "number_of_orbits": 18.1453213619,
    "reference_mass_ratio": 3.998644709787582,
    "reference_chi_eff": -0.4799182408373413,
    "reference_chi1_perp": 4.414335625818019e-07,
    "reference_chi2_perp": 3.142333491920398e-07,
    "reference_eccentricity": "<8.3e-05",
    "reference_dimensionless_spin1": [
        -4.1641394426e-07,
        2.24299033324e-07,
        -0.400044698189
    ],
    "reference_dimensionless_spin2": [
        9.30044633709e-08,
        -2.38527107515e-07,
        -0.7993041596
    ],
    "reference_orbital_frequency": [
        1.0834617896e-09,
        -9.15841034995e-10,
        0.0175756362244
    ],
    "reference_mass1": 0.799957746799,
    "reference_mass2": 0.200057220598,
    "reference_time": 640.0,
    "reference_position1": [
        0.036454498281,
        -2.89816349544,
        -0.000176059272967
    ],
    "reference_position2": [
        -0.31921250225,
        11.6874114394,
        -0.000175277314381
    ],
    "reference_mean_anomaly": 5.195449,
    "keywords": [],
    "point_of_contact_email": "glovelace@fullerton.edu",
    "authors_emails": [],
    "simulation_bibtex_keys": [
        "Varma:2019csw",
        "Boyle:2019kee",
        "SXSCatalogWebsite"
    ],
    "code_bibtex_keys": [
        "Ossokine:2013zga",
        "Hemberger:2012jz",
        "Szilagyi:2009qz",
        "Boyle:2009vi",
        "Scheel:2008rj",
        "Boyle:2007ft",
        "Scheel:2006gg",
        "Lindblom:2005qh",
        "Pfeiffer:2002wt",
        "SpECwebsite"
    ],
    "initial_data_bibtex_keys": [
        "Buchman:2012dw",
        "Lovelace:2008tw",
        "Pfeiffer:2007yz",
        "Caudill:2006hw",
        "Cook:2004kt"
    ],
    "quasicircular_bibtex_keys": [
        "Mroue:2012kv",
        "Buonanno:2010yk",
        "Mroue:2010re",
        "Boyle:2007ft"
    ],
    "initial_separation": 14.4437866211,
    "initial_orbital_frequency": 0.016345729677,
    "initial_adot": -0.0003065722319655,
    "object1": "bh",
    "object2": "bh",
    "initial_ADM_energy": 0.9952798167571321,
    "initial_ADM_linear_momentum": [
        1.70892249e-08,
        -7.17674567e-08,
        2.33108e-11
    ],
    "initial_ADM_angular_momentum": [
        6.22073e-11,
        6.4058e-12,
        0.4258998503341722
    ],
    "initial_mass1": 0.79999998502761,
    "initial_mass2": 0.1999999665178433,
    "initial_dimensionless_spin1": [
        -6.463e-13,
        1.309e-13,
        -0.3999999915949564
    ],
    "initial_dimensionless_spin2": [
        8.4535e-12,
        2.3977e-12,
        -0.8000000686692365
    ],
    "initial_position1": [
        2.9047757504414617,
        0.0295339901285581,
        -5.41550381e-08
    ],
    "initial_position2": [
        -11.539010870658537,
        0.0295339901285581,
        -5.41550381e-08
    ],
    "relaxation_time": 640.0,
    "common_horizon_time": 4764.81428408,
    "remnant_mass": 0.982671296857,
    "remnant_dimensionless_spin": [
        -1.19757790001e-07,
        -7.02608042061e-08,
        0.240886756803
    ],
    "remnant_velocity": [
        0.000385390428839,
        -0.000529698091097,
        -7.06162143134e-07
    ],
    "metadata_version": 1,
    "spec_revisions": "InitialCommit-30548-g8a39246",
    "spells_revision": "8a392465d586c8ca817d062b58522dabb63df692",
    "com_parameters": {
        "space_translation": [
            -0.00410451,
            0.01197166,
            0.0002934
        ],
        "boost_velocity": [
            -4.29075191e-06,
            4.35070709e-06,
            -7.03473662e-07
        ]
    },
    "initial_mass_ratio": 4.000000594781284
}