{
    "simulation_name": "BBH_SKS_d15.5_q2.40_sA_0_0_0.239_sB_0_0_0/Lev3",
    "alternative_names": "SXS:BBH:1512",
    "initial_data_type": "BBH_SKS",
    "object_types": "BHBH",
    "number_of_orbits": 23.7262598703,
    "reference_mass_ratio": 2.395507448248545,
    "reference_chi_eff": 0.1686911937905797,
    "reference_chi1_perp": 1.948648896697406e-07,
    "reference_chi2_perp": 3.434457014857889e-07,
    "reference_eccentricity": 0.0004823,
    "reference_dimensionless_spin1": [
        1.61372045563e-07,
        1.36221518578e-07,
        0.239308345705
    ],
    "reference_dimensionless_spin2": [
        7.49119973264e-08,
        3.3510753311e-07,
        -0.000472719594595
    ],
    "reference_orbital_frequency": [
        -3.71877312413e-10,
        2.31233351051e-09,
        0.015327391892
    ],
    "reference_mass1": 0.70546194815,
    "reference_mass2": 0.294493740216,
    "reference_time": 360.0,
    "reference_position1": [
        3.2090418782,
        -3.38336722618,
        -1.57669034052e-05
    ],
    "reference_position2": [
        -7.80157067977,
        8.09021985969,
        -1.77649835174e-05
    ],
    "reference_mean_anomaly": 1.229112,
    "keywords": [],
    "point_of_contact_email": "ramirez.teresita.95@gmail.com",
    "authors_emails": [],
    "simulation_bibtex_keys": [
        "Boyle:2019kee",
        "SXSCatalogWebsite"
    ],
    "code_bibtex_keys": [
        "Ossokine:2013zga",
        "Hemberger:2012jz",
        "Szilagyi:2009qz",
        "Boyle:2009vi",
        "Scheel:2008rj",
        "Boyle:2007ft",
        "Scheel:2006gg",
        "Lindblom:2005qh",
        "Pfeiffer:2002wt",
        "SpECwebsite"
    ],
    "initial_data_bibtex_keys": [
        "Buchman:2012dw",
        "Lovelace:2008tw",
        "Pfeiffer:2007yz",
        "Caudill:2006hw",
        "Cook:2004kt"
    ],
    "quasicircular_bibtex_keys": [
        "Mroue:2012kv",
        "Buonanno:2010yk",
        "Mroue:2010re",
        "Boyle:2007ft"
    ],
    "initial_separation": 15.5269165039,
    "initial_orbital_frequency": 0.015023533763,
    "initial_adot": -1.426240744e-07,
    "object1": "bh",
    "object2": "bh",
    "initial_ADM_energy": 0.9940116706450521,
    "initial_ADM_linear_momentum": [
        8.02196679e-08,
        4.29573803e-08,
        -9.4949e-12
    ],
    "initial_ADM_angular_momentum": [
        -1.30101e-11,
        1.67193e-11,
        1.0420008135979437
    ],
    "initial_mass1": 0.7055183347079056,
    "initial_mass2": 0.2944817082899839,
    "initial_dimensionless_spin1": [
        2.3e-15,
        4.215e-13,
        0.2391842419896671
    ],
    "initial_dimensionless_spin2": [
        3.21e-14,
        -4.253e-13,
        -0.0003820040889759
    ],
    "initial_position1": [
        4.572579016274863,
        0.0240082371271812,
        1.520338875e-07
    ],
    "initial_position2": [
        -10.954337487625137,
        0.0240082371271812,
        1.520338875e-07
    ],
    "relaxation_time": 360.0,
    "common_horizon_time": 6502.56533159,
    "remnant_mass": 0.960957997607,
    "remnant_dimensionless_spin": [
        9.49717710021e-09,
        1.94627387873e-07,
        0.677529898289
    ],
    "remnant_velocity": [
        -0.000393945143547,
        -5.75921895182e-05,
        -1.61863438329e-07
    ],
    "metadata_version": 1,
    "spec_revisions": "InitialCommit-30572-ga80237c",
    "spells_revision": "a80237c674fd7b9708ebbf5bff07edaa86560a22",
    "com_parameters": {
        "space_translation": [
            0.000326850155,
            0.00274768146,
            4.73285762e-05
        ],
        "boost_velocity": [
            -1.68782484e-05,
            -2.13726645e-05,
            -1.56600278e-07
        ]
    },
    "initial_mass_ratio": 2.395796801114598
}