{
    "simulation_name": "005/Lev3",
    "alternative_names": [
        "PRIVATE:BBH:0569",
        "SXS:BBH:1152"
    ],
    "initial_data_type": "BBH_SKS",
    "object_types": "BHBH",
    "number_of_orbits": 21.3539626365,
    "reference_mass_ratio": 2.999759396726989,
    "reference_chi_eff": 0.6750865818926549,
    "reference_chi1_perp": 5.951448059746388e-07,
    "reference_chi2_perp": 1.3112521741911801e-07,
    "reference_eccentricity": 7.21e-05,
    "reference_dimensionless_spin1": [
        4.99281504104e-07,
        -6.93396799984e-07,
        0.70014907643
    ],
    "reference_dimensionless_spin2": [
        -3.35954372025e-08,
        -2.29157655919e-07,
        0.599905128398
    ],
    "reference_orbital_frequency": [
        -8.06422728111e-10,
        -1.15093772801e-08,
        0.0191784399087
    ],
    "reference_mass1": 0.749963958482,
    "reference_mass2": 0.250008037078,
    "reference_time": 340.0,
    "reference_position1": [
        3.33822987089,
        0.558298884986,
        -2.93613854281e-05
    ],
    "reference_position2": [
        -10.0937254625,
        -1.76880370204,
        -3.13227199207e-05
    ],
    "reference_mean_anomaly": 0.798819,
    "keywords": [],
    "point_of_contact_email": "scheel@tapir.caltech.edu",
    "authors_emails": [],
    "simulation_bibtex_keys": [
        "Boyle:2019kee",
        "SXSCatalogWebsite"
    ],
    "code_bibtex_keys": [
        "Ossokine:2013zga",
        "Hemberger:2012jz",
        "Szilagyi:2009qz",
        "Boyle:2009vi",
        "Scheel:2008rj",
        "Boyle:2007ft",
        "Scheel:2006gg",
        "Lindblom:2005qh",
        "Pfeiffer:2002wt",
        "SpECwebsite"
    ],
    "initial_data_bibtex_keys": [
        "Buchman:2012dw",
        "Lovelace:2008tw",
        "Pfeiffer:2007yz",
        "Caudill:2006hw",
        "Cook:2004kt"
    ],
    "quasicircular_bibtex_keys": [
        "Mroue:2012kv",
        "Buonanno:2010yk",
        "Mroue:2010re",
        "Boyle:2007ft"
    ],
    "initial_separation": 13.2182006836,
    "initial_orbital_frequency": 0.018275114602,
    "initial_adot": 0.0002591865642457,
    "object1": "bh",
    "object2": "bh",
    "initial_ADM_energy": 0.9936946225449496,
    "initial_ADM_linear_momentum": [
        1.09222808e-08,
        -1.204190258e-07,
        -2.5358e-12
    ],
    "initial_ADM_angular_momentum": [
        1.00675e-11,
        9.7898e-12,
        1.196824783732905
    ],
    "initial_mass1": 0.7500000000350876,
    "initial_mass2": 0.2499999845639419,
    "initial_dimensionless_spin1": [
        -7.13000000001e-14,
        2.243e-13,
        0.69999999791
    ],
    "initial_dimensionless_spin2": [
        3.324e-13,
        -5.313e-13,
        0.59999998308
    ],
    "initial_position1": [
        3.297302192593704,
        0.0288111541473983,
        -7.89514e-10
    ],
    "initial_position2": [
        -9.920898491006295,
        0.0288111541473983,
        -7.89514e-10
    ],
    "relaxation_time": 340.0,
    "common_horizon_time": 4548.73509766,
    "remnant_mass": 0.948913802578,
    "remnant_dimensionless_spin": [
        2.20558399354e-07,
        -8.50451117734e-07,
        0.851832347351
    ],
    "remnant_velocity": [
        6.34777101219e-05,
        0.00010138169606,
        -2.20615866015e-07
    ],
    "metadata_version": 1,
    "spec_revisions": [
        "InitialCommit-29563-gfb84698",
        "InitialCommit-29569-gd4f455c"
    ],
    "spells_revision": "fb84698ae3438f76f7f4f9e0a351c2e11277db0e",
    "com_parameters": {
        "space_translation": [
            -0.0109082357,
            -0.00381613907,
            5.09106263e-05
        ],
        "boost_velocity": [
            1.66957237e-05,
            -1.15143223e-06,
            -2.11051669e-07
        ]
    },
    "initial_mass_ratio": 3.000000185373059
}