{
    "simulation_name": "068/Lev3",
    "alternative_names": [
        "BFI:q8_3dAl:068",
        "SXS:BBH:1478"
    ],
    "initial_data_type": "BBH_SKS",
    "object_types": "BHBH",
    "number_of_orbits": 21.4588837884,
    "reference_mass_ratio": 1.9727876617430131,
    "reference_chi_eff": 0.5732417466445542,
    "reference_chi1_perp": 2.3443152605017276e-08,
    "reference_chi2_perp": 4.1996304556372994e-08,
    "reference_eccentricity": 0.0006195,
    "reference_dimensionless_spin1": [
        2.04183723991e-08,
        1.83606596599e-08,
        0.799807974071
    ],
    "reference_dimensionless_spin2": [
        6.88779652316e-09,
        4.20575625532e-08,
        0.12627468861
    ],
    "reference_orbital_frequency": [
        4.7569182897e-11,
        7.95477281985e-11,
        0.0174905474083
    ],
    "reference_mass1": 0.663663994151,
    "reference_mass2": 0.336409238065,
    "reference_time": 640.0,
    "reference_position1": [
        -0.240945096593,
        -4.87049265494,
        1.26628050257e-05
    ],
    "reference_position2": [
        0.450220499804,
        9.67522460956,
        1.25947707373e-05
    ],
    "reference_mean_anomaly": 2.953669,
    "keywords": [],
    "point_of_contact_email": "vvarma@caltech.edu",
    "authors_emails": [],
    "simulation_bibtex_keys": [
        "Varma:2018mmi",
        "Boyle:2019kee",
        "SXSCatalogWebsite"
    ],
    "code_bibtex_keys": [
        "Ossokine:2013zga",
        "Hemberger:2012jz",
        "Szilagyi:2009qz",
        "Boyle:2009vi",
        "Scheel:2008rj",
        "Boyle:2007ft",
        "Scheel:2006gg",
        "Lindblom:2005qh",
        "Pfeiffer:2002wt",
        "SpECwebsite"
    ],
    "initial_data_bibtex_keys": [
        "Buchman:2012dw",
        "Lovelace:2008tw",
        "Pfeiffer:2007yz",
        "Caudill:2006hw",
        "Cook:2004kt"
    ],
    "quasicircular_bibtex_keys": [
        "Mroue:2012kv",
        "Buonanno:2010yk",
        "Mroue:2010re",
        "Boyle:2007ft"
    ],
    "initial_separation": 14.3502197266,
    "initial_orbital_frequency": 0.016482039439,
    "initial_adot": 0.000133590700623,
    "object1": "bh",
    "object2": "bh",
    "initial_ADM_energy": 0.9930415785769864,
    "initial_ADM_linear_momentum": [
        -1.06769365e-08,
        -5.23268252e-08,
        -3.53449e-11
    ],
    "initial_ADM_angular_momentum": [
        -7.0055e-12,
        -5.4088e-12,
        1.3124808158471573
    ],
    "initial_mass1": 0.6635987512693883,
    "initial_mass2": 0.3364012531781257,
    "initial_dimensionless_spin1": [
        -1.217e-13,
        2.406e-13,
        0.8000000080789346
    ],
    "initial_dimensionless_spin2": [
        1.63e-14,
        -5.06e-14,
        0.1262637243400092
    ],
    "initial_position1": [
        4.809005466547064,
        0.0236886437853782,
        4.40357468e-08
    ],
    "initial_position2": [
        -9.541214260052936,
        0.0236886437853782,
        4.40357468e-08
    ],
    "relaxation_time": 640.0,
    "common_horizon_time": 5103.66537181,
    "remnant_mass": 0.935470646304,
    "remnant_dimensionless_spin": [
        1.5623610139e-08,
        3.94723566645e-09,
        0.8711609081
    ],
    "remnant_velocity": [
        0.000147077567856,
        0.00012405708717,
        2.59881953722e-08
    ],
    "metadata_version": 1,
    "spec_revisions": "InitialCommit-30391-g7de1691",
    "spells_revision": "7de1691a20fa3565c2276fa60966e8a261a47fe7",
    "com_parameters": {
        "space_translation": [
            -0.00404777982,
            -0.000420802282,
            -2.22782806e-06
        ],
        "boost_velocity": [
            9.87771588e-07,
            -2.30154541e-06,
            2.27282748e-08
        ]
    },
    "initial_mass_ratio": 1.9726405445880142
}