{
    "simulation_name": "071/Lev3",
    "alternative_names": [
        "BFI:q8_3dAl:071",
        "SXS:BBH:1481"
    ],
    "initial_data_type": "BBH_SKS",
    "object_types": "BHBH",
    "number_of_orbits": 21.1743437782,
    "reference_mass_ratio": 0.9999736349318123,
    "reference_chi_eff": 0.7624574237522835,
    "reference_chi1_perp": 6.083044311062735e-08,
    "reference_chi2_perp": 6.573893606689698e-08,
    "reference_eccentricity": 6.4e-05,
    "reference_dimensionless_spin1": [
        -2.83273355163e-08,
        -5.21429530581e-08,
        0.731186669536
    ],
    "reference_dimensionless_spin2": [
        2.44379162281e-08,
        6.30485448043e-08,
        0.793727353513
    ],
    "reference_orbital_frequency": [
        -5.36206441426e-11,
        6.62436123126e-11,
        0.0170786326865
    ],
    "reference_mass1": 0.500026979635,
    "reference_mass2": 0.500040163228,
    "reference_time": 640.0,
    "reference_position1": [
        -2.37223278584,
        -7.01886847225,
        -1.10846792686e-05
    ],
    "reference_position2": [
        2.37047585952,
        7.01843395417,
        -1.1124235979e-05
    ],
    "reference_mean_anomaly": 4.878495,
    "keywords": [],
    "point_of_contact_email": "vvarma@caltech.edu",
    "authors_emails": [],
    "simulation_bibtex_keys": [
        "Varma:2018mmi",
        "Boyle:2019kee",
        "SXSCatalogWebsite"
    ],
    "code_bibtex_keys": [
        "Ossokine:2013zga",
        "Hemberger:2012jz",
        "Szilagyi:2009qz",
        "Boyle:2009vi",
        "Scheel:2008rj",
        "Boyle:2007ft",
        "Scheel:2006gg",
        "Lindblom:2005qh",
        "Pfeiffer:2002wt",
        "SpECwebsite"
    ],
    "initial_data_bibtex_keys": [
        "Buchman:2012dw",
        "Lovelace:2008tw",
        "Pfeiffer:2007yz",
        "Caudill:2006hw",
        "Cook:2004kt"
    ],
    "quasicircular_bibtex_keys": [
        "Mroue:2012kv",
        "Buonanno:2010yk",
        "Mroue:2010re",
        "Boyle:2007ft"
    ],
    "initial_separation": 14.6058349609,
    "initial_orbital_frequency": 0.01568648277,
    "initial_adot": 0.0003367889622149,
    "object1": "bh",
    "object2": "bh",
    "initial_ADM_energy": 0.9923159318099479,
    "initial_ADM_linear_momentum": [
        4.15615605e-08,
        6.76277142e-08,
        1.3291e-12
    ],
    "initial_ADM_angular_momentum": [
        6.0926e-12,
        -1.42067e-11,
        1.4410812211648802
    ],
    "initial_mass1": 0.5000000225318649,
    "initial_mass2": 0.4999999807016513,
    "initial_dimensionless_spin1": [
        -1.402e-13,
        1.249e-13,
        0.7311952949679081
    ],
    "initial_dimensionless_spin2": [
        1.693e-13,
        -1.218e-13,
        0.7937773426416143
    ],
    "initial_position1": [
        7.3050115760849135,
        -0.0004809322438936,
        -6.955826e-10
    ],
    "initial_position2": [
        -7.300823384815086,
        -0.0004809322438936,
        -6.955826e-10
    ],
    "relaxation_time": 640.0,
    "common_horizon_time": 5086.94776368,
    "remnant_mass": 0.914710288627,
    "remnant_dimensionless_spin": [
        -3.11341679672e-09,
        4.21788062607e-09,
        0.898601395891
    ],
    "remnant_velocity": [
        -2.60590902528e-06,
        2.03761958863e-05,
        -1.78977359041e-08
    ],
    "metadata_version": 1,
    "spec_revisions": "InitialCommit-30391-g7de1691",
    "spells_revision": "7de1691a20fa3565c2276fa60966e8a261a47fe7",
    "com_parameters": {
        "space_translation": [
            -1.26034895e-05,
            -7.86901607e-05,
            8.58160998e-07
        ],
        "boost_velocity": [
            4.97387832e-07,
            4.30492964e-08,
            -2.09465851e-08
        ]
    },
    "initial_mass_ratio": 1.0000000836604306
}