{
    "simulation_name": "034/Lev3",
    "alternative_names": [
        "BFI:q8_3dAl:034",
        "SXS:BBH:1445"
    ],
    "initial_data_type": "BBH_SKS",
    "object_types": "BHBH",
    "number_of_orbits": 18.8717195668,
    "reference_mass_ratio": 4.671324851686321,
    "reference_chi_eff": -0.26843569267531875,
    "reference_chi1_perp": 1.7632433111117363e-06,
    "reference_chi2_perp": 6.54271445457675e-07,
    "reference_eccentricity": 0.0006327,
    "reference_dimensionless_spin1": [
        -5.86581268031e-07,
        1.23489936075e-06,
        -0.497006150578
    ],
    "reference_dimensionless_spin2": [
        5.60351697881e-07,
        2.60367644385e-07,
        0.799291167681
    ],
    "reference_orbital_frequency": [
        2.16455313362e-09,
        1.65114915697e-08,
        0.0183398670807
    ],
    "reference_mass1": 0.823721662727,
    "reference_mass2": 0.17633576959,
    "reference_time": 620.0,
    "reference_position1": [
        0.378955964768,
        -2.47251758548,
        0.000262862335032
    ],
    "reference_position2": [
        -1.94198017267,
        11.443070765,
        0.000250607975218
    ],
    "reference_mean_anomaly": 2.803748,
    "keywords": [],
    "point_of_contact_email": "vvarma@caltech.edu",
    "authors_emails": [],
    "simulation_bibtex_keys": [
        "Varma:2018mmi",
        "Boyle:2019kee",
        "SXSCatalogWebsite"
    ],
    "code_bibtex_keys": [
        "Ossokine:2013zga",
        "Hemberger:2012jz",
        "Szilagyi:2009qz",
        "Boyle:2009vi",
        "Scheel:2008rj",
        "Boyle:2007ft",
        "Scheel:2006gg",
        "Lindblom:2005qh",
        "Pfeiffer:2002wt",
        "SpECwebsite"
    ],
    "initial_data_bibtex_keys": [
        "Buchman:2012dw",
        "Lovelace:2008tw",
        "Pfeiffer:2007yz",
        "Caudill:2006hw",
        "Cook:2004kt"
    ],
    "quasicircular_bibtex_keys": [
        "Mroue:2012kv",
        "Buonanno:2010yk",
        "Mroue:2010re",
        "Boyle:2007ft"
    ],
    "initial_separation": 13.9250488281,
    "initial_orbital_frequency": 0.016987153464,
    "initial_adot": 0.0003693608787106,
    "object1": "bh",
    "object2": "bh",
    "initial_ADM_energy": 0.9955725441754296,
    "initial_ADM_linear_momentum": [
        1.62703282e-08,
        3.8471747e-09,
        -4.19235e-11
    ],
    "initial_ADM_angular_momentum": [
        3.3546e-11,
        -2.6421e-12,
        0.3234079518003153
    ],
    "initial_mass1": 0.8237175356650968,
    "initial_mass2": 0.1762824884097454,
    "initial_dimensionless_spin1": [
        -8.07e-14,
        6.16e-14,
        -0.4970767401175936
    ],
    "initial_dimensionless_spin2": [
        9.779e-13,
        -9.886e-13,
        0.80000000141473
    ],
    "initial_position1": [
        2.4841789019819953,
        0.0301471143379656,
        -9.3526294e-09
    ],
    "initial_position2": [
        -11.440869926118005,
        0.0301471143379656,
        -9.3526294e-09
    ],
    "relaxation_time": 620.0,
    "common_horizon_time": 4742.97876279,
    "remnant_mass": 0.984746830207,
    "remnant_dimensionless_spin": [
        -8.79834569428e-07,
        9.3005801319e-07,
        0.157679037581
    ],
    "remnant_velocity": [
        -0.000547710039971,
        -0.00036165974769,
        1.30572083296e-06
    ],
    "metadata_version": 1,
    "spec_revisions": "InitialCommit-30391-g7de1691",
    "spells_revision": "7de1691a20fa3565c2276fa60966e8a261a47fe7",
    "com_parameters": {
        "space_translation": [
            -0.03496593,
            -0.00604615,
            -0.00057115
        ],
        "boost_velocity": [
            4.56864856e-05,
            -1.69685448e-05,
            1.24888268e-06
        ]
    },
    "initial_mass_ratio": 4.672713342634885
}