{
    "simulation_name": "086/Lev3",
    "alternative_names": [
        "BFI:q8_3dAl:086",
        "SXS:BBH:1496"
    ],
    "initial_data_type": "BBH_SKS",
    "object_types": "BHBH",
    "number_of_orbits": 20.1731987817,
    "reference_mass_ratio": 1.1583674708650606,
    "reference_chi_eff": 0.44239504672954055,
    "reference_chi1_perp": 4.607475957422982e-08,
    "reference_chi2_perp": 3.576500312537036e-08,
    "reference_eccentricity": 0.0001039,
    "reference_dimensionless_spin1": [
        -4.12625269813e-09,
        5.86906184953e-08,
        0.799736754383
    ],
    "reference_dimensionless_spin2": [
        -3.21089069645e-08,
        -1.57298711343e-08,
        0.0284620366004
    ],
    "reference_orbital_frequency": [
        -1.24688205645e-10,
        2.63379672846e-10,
        0.0166462224822
    ],
    "reference_mass1": 0.536708010643,
    "reference_mass2": 0.463331390204,
    "reference_time": 640.0,
    "reference_position1": [
        -3.86568279247,
        -5.81749658719,
        -1.2308094344e-06
    ],
    "reference_position2": [
        4.51056428825,
        6.75473938173,
        -1.36698760818e-06
    ],
    "reference_mean_anomaly": 4.206713,
    "keywords": [],
    "point_of_contact_email": "scheel@tapir.caltech.edu",
    "authors_emails": [],
    "simulation_bibtex_keys": [
        "Varma:2018mmi",
        "Boyle:2019kee",
        "SXSCatalogWebsite"
    ],
    "code_bibtex_keys": [
        "Ossokine:2013zga",
        "Hemberger:2012jz",
        "Szilagyi:2009qz",
        "Boyle:2009vi",
        "Scheel:2008rj",
        "Boyle:2007ft",
        "Scheel:2006gg",
        "Lindblom:2005qh",
        "Pfeiffer:2002wt",
        "SpECwebsite"
    ],
    "initial_data_bibtex_keys": [
        "Buchman:2012dw",
        "Lovelace:2008tw",
        "Pfeiffer:2007yz",
        "Caudill:2006hw",
        "Cook:2004kt"
    ],
    "quasicircular_bibtex_keys": [
        "Mroue:2012kv",
        "Buonanno:2010yk",
        "Mroue:2010re",
        "Boyle:2007ft"
    ],
    "initial_separation": 14.9167480469,
    "initial_orbital_frequency": 0.015566999496,
    "initial_adot": 0.0001512906223441,
    "object1": "bh",
    "object2": "bh",
    "initial_ADM_energy": 0.9925443478666633,
    "initial_ADM_linear_momentum": [
        1.1670994e-09,
        1.02796587e-08,
        -1.74121e-11
    ],
    "initial_ADM_angular_momentum": [
        1.5095e-11,
        -1.8553e-12,
        1.3125372177858337
    ],
    "initial_mass1": 0.5366632744352895,
    "initial_mass2": 0.4633367314652791,
    "initial_dimensionless_spin1": [
        -9.737e-13,
        1.3058e-12,
        0.8000000080734828
    ],
    "initial_dimensionless_spin2": [
        6.3e-14,
        -4.63e-13,
        0.0286070293016168
    ],
    "initial_position1": [
        6.889652049747967,
        0.0078113566833107,
        2.612088e-10
    ],
    "initial_position2": [
        -8.027095997152033,
        0.0078113566833107,
        2.612088e-10
    ],
    "relaxation_time": 640.0,
    "common_horizon_time": 5088.27805963,
    "remnant_mass": 0.934677248538,
    "remnant_dimensionless_spin": [
        -1.09742440838e-08,
        1.92972334058e-08,
        0.824889668633
    ],
    "remnant_velocity": [
        -0.000107546235776,
        -0.00039784856317,
        1.02144553984e-08
    ],
    "metadata_version": 1,
    "spec_revisions": [
        "InitialCommit-30348-g755d64a",
        "InitialCommit-30349-gc8919fa"
    ],
    "spells_revision": "755d64a9ecb1396c12985e0534d4ae1a0d4a7c34",
    "com_parameters": {
        "space_translation": [
            -0.00108082046,
            0.00203123488,
            -2.59463902e-06
        ],
        "boost_velocity": [
            1.7988583e-06,
            -4.68366215e-06,
            -9.00025435e-10
        ]
    },
    "initial_mass_ratio": 1.1582575651581062
}