{
    "simulation_name": "021/Lev3",
    "alternative_names": "SXS:BBH:1166",
    "initial_data_type": "BBH_SKS",
    "object_types": "BHBH",
    "number_of_orbits": 40.4492242574,
    "reference_mass_ratio": 2.000015342087064,
    "reference_chi_eff": 2.6522934266057307e-05,
    "reference_chi1_perp": 1.2673835766332305e-08,
    "reference_chi2_perp": 3.7103621789990024e-08,
    "reference_eccentricity": 0.0003876,
    "reference_dimensionless_spin1": [
        4.13665482108e-09,
        -1.19799512932e-08,
        4.1408427413e-05
    ],
    "reference_dimensionless_spin2": [
        1.16112958121e-08,
        -3.52399687803e-08,
        -3.24828040266e-06
    ],
    "reference_orbital_frequency": [
        4.54420976056e-12,
        -5.27066768417e-11,
        0.0106990150755
    ],
    "reference_mass1": 0.666685335491,
    "reference_mass2": 0.333340110679,
    "reference_time": 640.0,
    "reference_position1": [
        5.84164616206,
        3.30865668724,
        1.12341875822e-05
    ],
    "reference_position2": [
        -11.6738962219,
        -6.70923864815,
        1.11922757174e-05
    ],
    "reference_mean_anomaly": 1.675818,
    "keywords": [],
    "point_of_contact_email": "hblim@caltech.edu",
    "authors_emails": [],
    "simulation_bibtex_keys": [
        "Boyle:2019kee",
        "SXSCatalogWebsite"
    ],
    "code_bibtex_keys": [
        "Ossokine:2013zga",
        "Hemberger:2012jz",
        "Szilagyi:2009qz",
        "Boyle:2009vi",
        "Scheel:2008rj",
        "Boyle:2007ft",
        "Scheel:2006gg",
        "Lindblom:2005qh",
        "Pfeiffer:2002wt",
        "SpECwebsite"
    ],
    "initial_data_bibtex_keys": [
        "Buchman:2012dw",
        "Lovelace:2008tw",
        "Pfeiffer:2007yz",
        "Caudill:2006hw",
        "Cook:2004kt"
    ],
    "quasicircular_bibtex_keys": [
        "Mroue:2012kv",
        "Buonanno:2010yk",
        "Mroue:2010re",
        "Boyle:2007ft"
    ],
    "initial_separation": 19.9219360352,
    "initial_orbital_frequency": 0.010555075265,
    "initial_adot": -4.7030596057e-06,
    "object1": "bh",
    "object2": "bh",
    "initial_ADM_energy": 0.9948996105539586,
    "initial_ADM_linear_momentum": [
        -2.40322025e-08,
        -8.17916571e-08,
        -4.34e-12
    ],
    "initial_ADM_angular_momentum": [
        1.128607e-10,
        -5.25064e-11,
        1.0953007768263152
    ],
    "initial_mass1": 0.666666686039407,
    "initial_mass2": 0.3333333478397764,
    "initial_dimensionless_spin1": [
        -1.896e-13,
        -6.95e-13,
        -3.5135972e-09
    ],
    "initial_dimensionless_spin2": [
        1.03194e-11,
        -6.02777e-11,
        -5.65097329e-08
    ],
    "initial_position1": [
        6.646275955480568,
        0.0195836502316695,
        1.6020674e-09
    ],
    "initial_position2": [
        -13.275660079719433,
        0.0195836502316695,
        1.6020674e-09
    ],
    "relaxation_time": 640.0,
    "common_horizon_time": 15748.2884412,
    "remnant_mass": 0.961278154567,
    "remnant_dimensionless_spin": [
        -1.33446293855e-09,
        -1.44952389393e-08,
        0.623427777785
    ],
    "remnant_velocity": [
        -2.21472341997e-05,
        0.000499326915338,
        8.03594385375e-08
    ],
    "metadata_version": 1,
    "spec_revisions": [
        "InitialCommit-29563-gfb84698",
        "InitialCommit-29570-g976e624"
    ],
    "spells_revision": "fb84698ae3438f76f7f4f9e0a351c2e11277db0e",
    "com_parameters": {
        "space_translation": [
            -0.00631519761,
            -0.000666964889,
            -4.12792716e-05
        ],
        "boost_velocity": [
            1.13068458e-05,
            -9.77559806e-06,
            3.87885686e-08
        ]
    },
    "initial_mass_ratio": 1.999999971079564
}