{
    "simulation_name": "024/Lev3",
    "alternative_names": [
        "BFI:q8_3dAl:024",
        "SXS:BBH:1435"
    ],
    "initial_data_type": "BBH_SKS",
    "object_types": "BHBH",
    "number_of_orbits": 17.0676368593,
    "reference_mass_ratio": 6.58907381177219,
    "reference_chi_eff": -0.6764108743867956,
    "reference_chi1_perp": 3.970150037887674e-07,
    "reference_chi2_perp": 2.121951601617367e-07,
    "reference_eccentricity": 0.0003766,
    "reference_dimensionless_spin1": [
        1.1384784876e-07,
        1.16900660895e-07,
        -0.789279466255
    ],
    "reference_dimensionless_spin2": [
        -1.95473180892e-07,
        1.14337322092e-07,
        0.067288608463
    ],
    "reference_orbital_frequency": [
        -1.04382557833e-09,
        6.46311038213e-09,
        0.018619840877
    ],
    "reference_mass1": 0.868327380178,
    "reference_mass2": 0.131782918963,
    "reference_time": 350.0,
    "reference_position1": [
        1.82417511252,
        0.3254459099,
        -2.38138130333e-06
    ],
    "reference_position2": [
        -11.9091857593,
        -2.38460925439,
        -2.21058756052e-06
    ],
    "reference_mean_anomaly": 2.041535,
    "keywords": [],
    "point_of_contact_email": "vvarma@caltech.edu",
    "authors_emails": [],
    "simulation_bibtex_keys": [
        "Varma:2018mmi",
        "Boyle:2019kee",
        "SXSCatalogWebsite"
    ],
    "code_bibtex_keys": [
        "Ossokine:2013zga",
        "Hemberger:2012jz",
        "Szilagyi:2009qz",
        "Boyle:2009vi",
        "Scheel:2008rj",
        "Boyle:2007ft",
        "Scheel:2006gg",
        "Lindblom:2005qh",
        "Pfeiffer:2002wt",
        "SpECwebsite"
    ],
    "initial_data_bibtex_keys": [
        "Buchman:2012dw",
        "Lovelace:2008tw",
        "Pfeiffer:2007yz",
        "Caudill:2006hw",
        "Cook:2004kt"
    ],
    "quasicircular_bibtex_keys": [
        "Mroue:2012kv",
        "Buonanno:2010yk",
        "Mroue:2010re",
        "Boyle:2007ft"
    ],
    "initial_separation": 13.6715698242,
    "initial_orbital_frequency": 0.018156056006,
    "initial_adot": -2.07932882732e-05,
    "object1": "bh",
    "object2": "bh",
    "initial_ADM_energy": 0.9965255495147807,
    "initial_ADM_linear_momentum": [
        -2.54739249e-08,
        -3.56331176e-08,
        -1.74232e-11
    ],
    "initial_ADM_angular_momentum": [
        3.35295e-11,
        1.25284e-11,
        -0.0847424794334468
    ],
    "initial_mass1": 0.868214321571848,
    "initial_mass2": 0.131785662257075,
    "initial_dimensionless_spin1": [
        8.81e-14,
        -2.16e-14,
        -0.7895321118746514
    ],
    "initial_dimensionless_spin2": [
        -6.4e-15,
        -2.71e-14,
        0.0672507653151436
    ],
    "initial_position1": [
        1.8323977116952683,
        0.0296440184044895,
        3.817656e-09
    ],
    "initial_position2": [
        -11.839172112504732,
        0.0296440184044895,
        3.817656e-09
    ],
    "relaxation_time": 350.0,
    "common_horizon_time": 4329.03517747,
    "remnant_mass": 0.991109000637,
    "remnant_dimensionless_spin": [
        -4.75676247584e-07,
        6.87237631423e-07,
        -0.18281642703
    ],
    "remnant_velocity": [
        -2.65273884414e-05,
        -0.000473942692763,
        1.48600632096e-07
    ],
    "metadata_version": 1,
    "spec_revisions": "InitialCommit-30391-g7de1691",
    "spells_revision": "7de1691a20fa3565c2276fa60966e8a261a47fe7",
    "com_parameters": {
        "space_translation": [
            0.0131164512,
            -0.0367296617,
            -6.13394166e-05
        ],
        "boost_velocity": [
            -8.72855766e-06,
            2.60161124e-05,
            1.48681381e-07
        ]
    },
    "initial_mass_ratio": 6.5880787538041705
}