{
    "simulation_name": "BBH_SKS_d12.5_q5_sA_0_0_-0.900_sB_0_0_0/Lev4",
    "alternative_names": [
        "PRIVATE:BBH:0005",
        "SXS:BBH:1111"
    ],
    "initial_data_type": "BBH_SKS",
    "object_types": "BHBH",
    "number_of_orbits": 10.0099508817,
    "reference_mass_ratio": 5.000030888703182,
    "reference_chi_eff": -0.7498939304924838,
    "reference_chi1_perp": 2.507092885051251e-07,
    "reference_chi2_perp": 2.6543088524062326e-07,
    "reference_eccentricity": "<5.8e-04",
    "reference_dimensionless_spin1": [
        -9.16487760304e-08,
        -1.74148540157e-07,
        -0.89987087073
    ],
    "reference_dimensionless_spin2": [
        -8.96764254849e-08,
        -2.49823306409e-07,
        -4.59671177912e-06
    ],
    "reference_orbital_frequency": [
        -2.8848234556e-09,
        9.49418058548e-10,
        0.0216720548747
    ],
    "reference_mass1": 0.833357550515,
    "reference_mass2": 0.166670480456,
    "reference_time": 330.0,
    "reference_position1": [
        1.47373278682,
        1.51517527858,
        1.68306284765e-06
    ],
    "reference_position2": [
        -7.86391395059,
        -7.20361166188,
        8.22060572317e-07
    ],
    "reference_mean_anomaly": 4.591918,
    "keywords": [],
    "point_of_contact_email": "mattgiesler@gmail.com",
    "authors_emails": [],
    "simulation_bibtex_keys": [
        "Boyle:2019kee",
        "SXSCatalogWebsite"
    ],
    "code_bibtex_keys": [
        "Ossokine:2013zga",
        "Hemberger:2012jz",
        "Szilagyi:2009qz",
        "Boyle:2009vi",
        "Scheel:2008rj",
        "Boyle:2007ft",
        "Scheel:2006gg",
        "Lindblom:2005qh",
        "Pfeiffer:2002wt",
        "SpECwebsite"
    ],
    "initial_data_bibtex_keys": [
        "Buchman:2012dw",
        "Lovelace:2008tw",
        "Pfeiffer:2007yz",
        "Caudill:2006hw",
        "Cook:2004kt"
    ],
    "quasicircular_bibtex_keys": [
        "Mroue:2012kv",
        "Buonanno:2010yk",
        "Mroue:2010re",
        "Boyle:2007ft"
    ],
    "initial_separation": 12.5,
    "initial_orbital_frequency": 0.02065988,
    "initial_adot": -0.000115189978,
    "object1": "bh",
    "object2": "bh",
    "initial_ADM_energy": 0.9955089493772256,
    "initial_ADM_linear_momentum": [
        -4.7115923231e-06,
        -5.0414416094e-06,
        3.8074426134e-06
    ],
    "initial_ADM_angular_momentum": [
        0.0001646705516058,
        0.0009630907103645,
        -0.0118465208346417
    ],
    "initial_mass1": 0.833334130884763,
    "initial_mass2": 0.166666392561026,
    "initial_dimensionless_spin1": [
        8.7717e-12,
        -3.82333e-11,
        -0.900000490246
    ],
    "initial_dimensionless_spin2": [
        8.46557100001e-10,
        8.462263e-10,
        -7.81633179998e-07
    ],
    "initial_position1": [
        1.9996637275900853,
        0.1033333023979846,
        0.0
    ],
    "initial_position2": [
        -10.500336272409914,
        0.1033333023979846,
        0.0
    ],
    "relaxation_time": 330.0,
    "common_horizon_time": 2222.11609317,
    "remnant_mass": 0.988250778852,
    "remnant_dimensionless_spin": [
        -1.01530973519e-07,
        -1.57391772827e-07,
        -0.128148386546
    ],
    "remnant_velocity": [
        -0.000338874010528,
        -0.000585084501493,
        -1.90442219653e-09
    ],
    "metadata_version": 1,
    "spec_revisions": "InitialCommit-23317-gc15a87b",
    "spells_revision": "c15a87b3e1b98df1a0d22a3ae22a509781c65d88",
    "com_parameters": {
        "space_translation": [
            -0.121313147,
            0.0717041156,
            3.21346168e-06
        ],
        "boost_velocity": [
            5.78503644e-07,
            2.08131181e-05,
            -3.76832914e-09
        ]
    },
    "initial_mass_ratio": 5.0000130084991925
}