{
    "simulation_name": "028/Lev3",
    "alternative_names": "SXS:BBH:1173",
    "initial_data_type": "BBH_SKS",
    "object_types": "BHBH",
    "number_of_orbits": 18.8847914265,
    "reference_mass_ratio": 2.99992755370986,
    "reference_chi_eff": -0.6748266136221904,
    "reference_chi1_perp": 2.6626957966412043e-06,
    "reference_chi2_perp": 1.5609944231848882e-06,
    "reference_eccentricity": 9.31e-05,
    "reference_dimensionless_spin1": [
        2.46256017638e-06,
        2.67446756142e-07,
        -0.699860591587
    ],
    "reference_dimensionless_spin2": [
        1.24180136167e-06,
        1.28823215322e-06,
        -0.599726493348
    ],
    "reference_orbital_frequency": [
        3.7391642976e-09,
        -1.47154156568e-08,
        0.0154117356624
    ],
    "reference_mass1": 0.750047996427,
    "reference_mass2": 0.250022036532,
    "reference_time": 560.0,
    "reference_position1": [
        -2.39209702706,
        3.19834024479,
        -0.000116482268489
    ],
    "reference_position2": [
        7.2813567347,
        -9.518184664,
        -0.000130971200013
    ],
    "reference_mean_anomaly": 5.751459,
    "keywords": [],
    "point_of_contact_email": "hblim@caltech.edu",
    "authors_emails": [],
    "simulation_bibtex_keys": [
        "Boyle:2019kee",
        "SXSCatalogWebsite"
    ],
    "code_bibtex_keys": [
        "Ossokine:2013zga",
        "Hemberger:2012jz",
        "Szilagyi:2009qz",
        "Boyle:2009vi",
        "Scheel:2008rj",
        "Boyle:2007ft",
        "Scheel:2006gg",
        "Lindblom:2005qh",
        "Pfeiffer:2002wt",
        "SpECwebsite"
    ],
    "initial_data_bibtex_keys": [
        "Buchman:2012dw",
        "Lovelace:2008tw",
        "Pfeiffer:2007yz",
        "Caudill:2006hw",
        "Cook:2004kt"
    ],
    "quasicircular_bibtex_keys": [
        "Mroue:2012kv",
        "Buonanno:2010yk",
        "Mroue:2010re",
        "Boyle:2007ft"
    ],
    "initial_separation": 15.7561035156,
    "initial_orbital_frequency": 0.014670930416,
    "initial_adot": -0.0001793860074717,
    "object1": "bh",
    "object2": "bh",
    "initial_ADM_energy": 0.9948645708139268,
    "initial_ADM_linear_momentum": [
        1.14859238e-08,
        -1.56400568e-08,
        -6.6348e-12
    ],
    "initial_ADM_angular_momentum": [
        1.1488958817e-06,
        -3.13101268e-08,
        0.4372285738255484
    ],
    "initial_mass1": 0.7500000060666587,
    "initial_mass2": 0.2499999954541689,
    "initial_dimensionless_spin1": [
        1.8575125754e-06,
        -7.43e-14,
        -0.7000000128132443
    ],
    "initial_dimensionless_spin2": [
        1.5921548165e-06,
        2.31e-13,
        -0.5999999604957298
    ],
    "initial_position1": [
        3.965506565635342,
        0.0302774362909579,
        6.93034644e-08
    ],
    "initial_position2": [
        -11.790596949964657,
        0.0302774362909579,
        6.93034644e-08
    ],
    "relaxation_time": 560.0,
    "common_horizon_time": 5579.00626116,
    "remnant_mass": 0.979707021531,
    "remnant_dimensionless_spin": [
        4.77375350397e-07,
        2.25669385689e-07,
        0.203346928825
    ],
    "remnant_velocity": [
        -0.000680619553444,
        -0.000607298755094,
        -4.44984603567e-07
    ],
    "metadata_version": 1,
    "spec_revisions": [
        "InitialCommit-29563-gfb84698",
        "InitialCommit-29585-gff0b753d"
    ],
    "spells_revision": "fb84698ae3438f76f7f4f9e0a351c2e11277db0e",
    "com_parameters": {
        "space_translation": [
            -0.00886937,
            0.01280438,
            0.00014385
        ],
        "boost_velocity": [
            1.13539277e-05,
            -2.38421943e-05,
            -4.53527357e-07
        ]
    },
    "initial_mass_ratio": 3.0000000788166097
}