{
    "simulation_name": "BBH_SKS_d11.8_q1.25_sA_0_0_0_sB_0_0_0/Lev3",
    "alternative_names": [
        "PRIVATE:BBH:0197",
        "SXS:BBH:1142"
    ],
    "initial_data_type": "BBH_SKS",
    "object_types": "BHBH",
    "number_of_orbits": 9.06457755735,
    "reference_mass_ratio": 1.2500677809835092,
    "reference_chi_eff": -0.00020834018716078405,
    "reference_chi1_perp": 1.1022409206304827e-07,
    "reference_chi2_perp": 2.652949201248156e-08,
    "reference_eccentricity": 0.000805,
    "reference_dimensionless_spin1": [
        -1.10047233899e-07,
        -6.27288921872e-09,
        -0.000192360521025
    ],
    "reference_dimensionless_spin2": [
        -2.53031016418e-08,
        7.96504252676e-09,
        -0.000228315852947
    ],
    "reference_orbital_frequency": [
        1.62510753076e-10,
        1.41797586373e-09,
        0.0262501960535
    ],
    "reference_mass1": 0.555565876434,
    "reference_mass2": 0.444428602101,
    "reference_time": 640.0,
    "reference_position1": [
        -4.87973048255,
        1.1911892675,
        -6.90290584029e-06
    ],
    "reference_position2": [
        6.10464714259,
        -1.47424422727,
        -6.82692770748e-06
    ],
    "reference_mean_anomaly": 4.083287,
    "keywords": [],
    "point_of_contact_email": "glovelace@fullerton.edu",
    "authors_emails": [],
    "simulation_bibtex_keys": [
        "Boyle:2019kee",
        "SXSCatalogWebsite"
    ],
    "code_bibtex_keys": [
        "Ossokine:2013zga",
        "Hemberger:2012jz",
        "Szilagyi:2009qz",
        "Boyle:2009vi",
        "Scheel:2008rj",
        "Boyle:2007ft",
        "Scheel:2006gg",
        "Lindblom:2005qh",
        "Pfeiffer:2002wt",
        "SpECwebsite"
    ],
    "initial_data_bibtex_keys": [
        "Buchman:2012dw",
        "Lovelace:2008tw",
        "Pfeiffer:2007yz",
        "Caudill:2006hw",
        "Cook:2004kt"
    ],
    "quasicircular_bibtex_keys": [
        "Mroue:2012kv",
        "Buonanno:2010yk",
        "Mroue:2010re",
        "Boyle:2007ft"
    ],
    "initial_separation": 11.7666015625,
    "initial_orbital_frequency": 0.022410892553,
    "initial_adot": -0.0001135770729765,
    "object1": "bh",
    "object2": "bh",
    "initial_ADM_energy": 0.9910213548278596,
    "initial_ADM_linear_momentum": [
        1.5670685e-09,
        -1.1587894e-09,
        3.95081e-09
    ],
    "initial_ADM_angular_momentum": [
        3.81917e-11,
        -1.67914e-11,
        0.9998005878198702
    ],
    "initial_mass1": 0.5555555555743975,
    "initial_mass2": 0.444444444404454,
    "initial_dimensionless_spin1": [
        5.70959999999e-12,
        -2.8663e-12,
        -5.39051251002e-08
    ],
    "initial_dimensionless_spin2": [
        1.3537e-12,
        2.8449e-12,
        -5.68172039398e-07
    ],
    "initial_position1": [
        5.229429479793252,
        0.0106002167430453,
        0.0
    ],
    "initial_position2": [
        -6.537172082706748,
        0.0106002167430453,
        0.0
    ],
    "relaxation_time": 640.0,
    "common_horizon_time": 1692.99675647,
    "remnant_mass": 0.95276244458,
    "remnant_dimensionless_spin": [
        -2.53042206304e-08,
        5.1643379259e-08,
        0.679504597452
    ],
    "remnant_velocity": [
        0.000148831200976,
        -0.000135940378412,
        6.13978830287e-08
    ],
    "metadata_version": 1,
    "spec_revisions": "InitialCommit-28710-g8a1b9e5",
    "spells_revision": "8a1b9e5213694ce54cf8c6618e6700fbfeb5e509",
    "com_parameters": {
        "space_translation": [
            -0.0037434543,
            0.00627404116,
            -1.70899698e-05
        ],
        "boost_velocity": [
            1.02050738e-07,
            -9.56911137e-06,
            1.03508822e-08
        ]
    },
    "initial_mass_ratio": 1.2500000001548675
}