{
    "simulation_name": "0002/Lev3",
    "alternative_names": [
        "PRIVATE:BBH:0579",
        "SXS:BBH:1185"
    ],
    "initial_data_type": "BBH_SKS",
    "object_types": "BHBH",
    "number_of_orbits": 17.3713714445,
    "reference_mass_ratio": 1.0000034944357796,
    "reference_chi_eff": -0.39604841099127924,
    "reference_chi1_perp": 0.8497508656900971,
    "reference_chi2_perp": 0.020683221827905326,
    "reference_eccentricity": 0.0005062,
    "reference_dimensionless_spin1": [
        -0.84922000914,
        -0.00939041555798,
        0.0294618928629
    ],
    "reference_dimensionless_spin2": [
        -0.0255313424584,
        -0.0672869783391,
        -0.796487992919
    ],
    "reference_orbital_frequency": [
        0.000378623894141,
        0.00167542819484,
        0.0152966008146
    ],
    "reference_mass1": 0.500043845782,
    "reference_mass2": 0.500042098417,
    "reference_time": 610.0,
    "reference_position1": [
        -7.81658996441,
        1.75868658977,
        0.0178686195825
    ],
    "reference_position2": [
        7.85000843773,
        -1.78361307115,
        0.018072601601
    ],
    "reference_mean_anomaly": 3.264926,
    "keywords": [],
    "point_of_contact_email": "geoffrey4444@gmail.com",
    "authors_emails": [],
    "simulation_bibtex_keys": [
        "Boyle:2019kee",
        "SXSCatalogWebsite"
    ],
    "code_bibtex_keys": [
        "Ossokine:2013zga",
        "Hemberger:2012jz",
        "Szilagyi:2009qz",
        "Boyle:2009vi",
        "Scheel:2008rj",
        "Boyle:2007ft",
        "Scheel:2006gg",
        "Lindblom:2005qh",
        "Pfeiffer:2002wt",
        "SpECwebsite"
    ],
    "initial_data_bibtex_keys": [
        "Buchman:2012dw",
        "Lovelace:2008tw",
        "Pfeiffer:2007yz",
        "Caudill:2006hw",
        "Cook:2004kt"
    ],
    "quasicircular_bibtex_keys": [
        "Mroue:2012kv",
        "Buonanno:2010yk",
        "Mroue:2010re",
        "Boyle:2007ft"
    ],
    "initial_separation": 15.8596191406,
    "initial_orbital_frequency": 0.014218761964,
    "initial_adot": -0.0003210487242649,
    "object1": "bh",
    "object2": "bh",
    "initial_ADM_energy": 0.9931321922464353,
    "initial_ADM_linear_momentum": [
        -2.46550982e-08,
        -5.6608122e-09,
        3.0842141e-09
    ],
    "initial_ADM_angular_momentum": [
        -0.1916107829263079,
        0.1070457213805965,
        0.9438108441042015
    ],
    "initial_mass1": 0.5000000014132605,
    "initial_mass2": 0.4999999961144869,
    "initial_dimensionless_spin1": [
        -0.732576413827,
        0.431073134867,
        -0.000428606070725
    ],
    "initial_dimensionless_spin2": [
        -0.0284044683039,
        -0.0490647518398,
        -0.797988607222
    ],
    "initial_position1": [
        7.907402222039624,
        -0.0007418374922717,
        -0.0196519754659513
    ],
    "initial_position2": [
        -7.952216918560375,
        -0.0007418374922717,
        -0.0196519754659513
    ],
    "relaxation_time": 610.0,
    "common_horizon_time": 4982.99069257,
    "remnant_mass": 0.958912552091,
    "remnant_dimensionless_spin": [
        -0.125464554855,
        0.0373320097881,
        0.577648460683
    ],
    "remnant_velocity": [
        -0.00110436268638,
        0.00127845185267,
        0.00302548758874
    ],
    "metadata_version": 1,
    "spec_revisions": "InitialCommit-29711-g4bf8596",
    "spells_revision": "4bf8596f8e73975a15262ac9188ea97b55f1415f",
    "com_parameters": {
        "space_translation": [
            0.00143866,
            0.0017325,
            0.00037812
        ],
        "boost_velocity": [
            -1.33589294e-06,
            -4.83242828e-07,
            -1.33504339e-06
        ]
    },
    "initial_mass_ratio": 1.0000000105975473
}