{
    "simulation_name": "0421/Lev3",
    "alternative_names": [
        "BFI:q4_7d:0421",
        "SXS:BBH:1907"
    ],
    "initial_data_type": "BBH_SKS",
    "object_types": "BHBH",
    "number_of_orbits": 20.9625721354,
    "reference_mass_ratio": 3.9986334801961014,
    "reference_chi_eff": 0.15995516623560188,
    "reference_chi1_perp": 2.942775351580001e-07,
    "reference_chi2_perp": 3.269439203328869e-07,
    "reference_eccentricity": 0.0003965,
    "reference_dimensionless_spin1": [
        -2.94276022832e-07,
        1.12709632288e-09,
        2.82471022101e-05
    ],
    "reference_dimensionless_spin2": [
        -2.41444602731e-07,
        -2.10545081448e-08,
        0.799444299467
    ],
    "reference_orbital_frequency": [
        -4.00079509711e-10,
        4.97570400879e-09,
        0.0183216596558
    ],
    "reference_mass1": 0.799921972892,
    "reference_mass2": 0.200048835897,
    "reference_time": 390.0,
    "reference_position1": [
        2.00159219649,
        1.96366353062,
        -3.62877412151e-05
    ],
    "reference_position2": [
        -7.93682691316,
        -7.99352219934,
        -3.38006384109e-05
    ],
    "reference_mean_anomaly": 5.901271,
    "keywords": [],
    "point_of_contact_email": "vvarma@caltech.edu",
    "authors_emails": [],
    "simulation_bibtex_keys": [
        "Varma:2019csw",
        "Boyle:2019kee",
        "SXSCatalogWebsite"
    ],
    "code_bibtex_keys": [
        "Ossokine:2013zga",
        "Hemberger:2012jz",
        "Szilagyi:2009qz",
        "Boyle:2009vi",
        "Scheel:2008rj",
        "Boyle:2007ft",
        "Scheel:2006gg",
        "Lindblom:2005qh",
        "Pfeiffer:2002wt",
        "SpECwebsite"
    ],
    "initial_data_bibtex_keys": [
        "Buchman:2012dw",
        "Lovelace:2008tw",
        "Pfeiffer:2007yz",
        "Caudill:2006hw",
        "Cook:2004kt"
    ],
    "quasicircular_bibtex_keys": [
        "Mroue:2012kv",
        "Buonanno:2010yk",
        "Mroue:2010re",
        "Boyle:2007ft"
    ],
    "initial_separation": 13.7178344727,
    "initial_orbital_frequency": 0.017261195394,
    "initial_adot": 0.0003773780216222,
    "object1": "bh",
    "object2": "bh",
    "initial_ADM_energy": 0.9949393602146346,
    "initial_ADM_linear_momentum": [
        4.6087537e-09,
        -1.52298868e-07,
        8.22e-13
    ],
    "initial_ADM_angular_momentum": [
        9.2806e-12,
        -3.3621e-11,
        0.7129267787824117
    ],
    "initial_mass1": 0.800000008240171,
    "initial_mass2": 0.2000000448726674,
    "initial_dimensionless_spin1": [
        8.4423e-12,
        -2.76831e-11,
        1.385969354e-07
    ],
    "initial_dimensionless_spin2": [
        5.611e-13,
        -4.614e-13,
        0.8000000070879246
    ],
    "initial_position1": [
        2.7596300042474575,
        0.028146231320787,
        1.4146953e-08
    ],
    "initial_position2": [
        -10.958204468452543,
        0.028146231320787,
        1.4146953e-08
    ],
    "relaxation_time": 390.0,
    "common_horizon_time": 4981.68437534,
    "remnant_mass": 0.976721961204,
    "remnant_dimensionless_spin": [
        -2.15710283815e-07,
        3.40308874736e-07,
        0.487094274893
    ],
    "remnant_velocity": [
        -9.76494436657e-05,
        -0.00052578250503,
        -3.92618710219e-07
    ],
    "metadata_version": 1,
    "spec_revisions": "InitialCommit-30548-g8a39246",
    "spells_revision": "8a392465d586c8ca817d062b58522dabb63df692",
    "com_parameters": {
        "space_translation": [
            0.0056693,
            -0.02773,
            0.00014168
        ],
        "boost_velocity": [
            -9.46667096e-06,
            3.96777469e-05,
            -3.87110224e-07
        ]
    },
    "initial_mass_ratio": 3.9999991437476994
}