{
    "simulation_name": "033/Lev3",
    "alternative_names": [
        "BFI:q8_3dAl:033",
        "SXS:BBH:1444"
    ],
    "initial_data_type": "BBH_SKS",
    "object_types": "BHBH",
    "number_of_orbits": 20.6466234351,
    "reference_mass_ratio": 5.93695450932062,
    "reference_chi_eff": -0.1632948009316066,
    "reference_chi1_perp": 2.8927696893358094e-07,
    "reference_chi2_perp": 1.7066894476795812e-07,
    "reference_eccentricity": 0.0002126,
    "reference_dimensionless_spin1": [
        1.87972625041e-08,
        -2.90725191584e-07,
        -0.0630909225336
    ],
    "reference_dimensionless_spin2": [
        -1.04265614046e-07,
        -1.85594461269e-07,
        -0.758200668638
    ],
    "reference_orbital_frequency": [
        1.01049909721e-09,
        7.00164814055e-10,
        0.0192538429226
    ],
    "reference_mass1": 0.855849729066,
    "reference_mass2": 0.144156356213,
    "reference_time": 320.0,
    "reference_position1": [
        1.92499247314,
        -0.319775093088,
        -1.67470969248e-05
    ],
    "reference_position2": [
        -11.5300058613,
        1.77502924151,
        -1.61171159163e-05
    ],
    "reference_mean_anomaly": 4.488153,
    "keywords": [],
    "point_of_contact_email": "vvarma@caltech.edu",
    "authors_emails": [],
    "simulation_bibtex_keys": [
        "Varma:2018mmi",
        "Boyle:2019kee",
        "SXSCatalogWebsite"
    ],
    "code_bibtex_keys": [
        "Ossokine:2013zga",
        "Hemberger:2012jz",
        "Szilagyi:2009qz",
        "Boyle:2009vi",
        "Scheel:2008rj",
        "Boyle:2007ft",
        "Scheel:2006gg",
        "Lindblom:2005qh",
        "Pfeiffer:2002wt",
        "SpECwebsite"
    ],
    "initial_data_bibtex_keys": [
        "Buchman:2012dw",
        "Lovelace:2008tw",
        "Pfeiffer:2007yz",
        "Caudill:2006hw",
        "Cook:2004kt"
    ],
    "quasicircular_bibtex_keys": [
        "Mroue:2012kv",
        "Buonanno:2010yk",
        "Mroue:2010re",
        "Boyle:2007ft"
    ],
    "initial_separation": 13.2329711914,
    "initial_orbital_frequency": 0.018447580989,
    "initial_adot": -0.000276028142478,
    "object1": "bh",
    "object2": "bh",
    "initial_ADM_energy": 0.9960282368275003,
    "initial_ADM_linear_momentum": [
        5.48122948e-08,
        -9.92004681e-08,
        -9.664392e-10
    ],
    "initial_ADM_angular_momentum": [
        -9.21573e-11,
        3.85859e-11,
        0.4642925514925454
    ],
    "initial_mass1": 0.855877950516827,
    "initial_mass2": 0.1441220276764772,
    "initial_dimensionless_spin1": [
        -3.302e-13,
        4.374e-13,
        -0.063033211039619
    ],
    "initial_dimensionless_spin2": [
        1.11329e-11,
        3.684e-12,
        -0.7589336890819173
    ],
    "initial_position1": [
        1.914990737205948,
        0.026727350570507,
        3.9950468125e-06
    ],
    "initial_position2": [
        -11.317980454194053,
        0.026727350570507,
        3.9950468125e-06
    ],
    "relaxation_time": 320.0,
    "common_horizon_time": 4810.25114001,
    "remnant_mass": 0.986339808808,
    "remnant_dimensionless_spin": [
        -4.90821953161e-07,
        -3.97893121893e-07,
        0.326965456917
    ],
    "remnant_velocity": [
        -0.000200772052309,
        0.000315559468833,
        -9.95523054635e-07
    ],
    "metadata_version": 1,
    "spec_revisions": "InitialCommit-30391-g7de1691",
    "spells_revision": "7de1691a20fa3565c2276fa60966e8a261a47fe7",
    "com_parameters": {
        "space_translation": [
            0.00025335,
            0.01537804,
            0.0004976
        ],
        "boost_velocity": [
            2.73695657e-05,
            -1.54016177e-05,
            -9.53053787e-07
        ]
    },
    "initial_mass_ratio": 5.93856445343725
}