{
    "simulation_name": "0314/Lev3",
    "alternative_names": [
        "BFI:q4_7d:0314",
        "SXS:BBH:1801"
    ],
    "initial_data_type": "BBH_SKS",
    "object_types": "BHBH",
    "number_of_orbits": 18.0971039184,
    "reference_mass_ratio": 3.5535016616144453,
    "reference_chi_eff": -0.42179903417245246,
    "reference_chi1_perp": 0.3414340819594251,
    "reference_chi2_perp": 0.6822166040137999,
    "reference_eccentricity": 0.0003133,
    "reference_dimensionless_spin1": [
        -0.251855624624,
        -0.251044691797,
        -0.506682730325
    ],
    "reference_dimensionless_spin2": [
        -0.659735058702,
        -0.169445083679,
        -0.0939605302138
    ],
    "reference_orbital_frequency": [
        -0.000535055561456,
        0.00130661224998,
        0.0168602948298
    ],
    "reference_mass1": 0.78040564138,
    "reference_mass2": 0.219615949476,
    "reference_time": 360.0,
    "reference_position1": [
        3.17486168409,
        -0.834434077707,
        0.167234783901
    ],
    "reference_position2": [
        -11.3127374134,
        2.80249117702,
        -0.574372743463
    ],
    "reference_mean_anomaly": 4.725182,
    "keywords": [],
    "point_of_contact_email": "fmh33@cornell.edu",
    "authors_emails": [],
    "simulation_bibtex_keys": [
        "Varma:2019csw",
        "Boyle:2019kee",
        "SXSCatalogWebsite"
    ],
    "code_bibtex_keys": [
        "Ossokine:2013zga",
        "Hemberger:2012jz",
        "Szilagyi:2009qz",
        "Boyle:2009vi",
        "Scheel:2008rj",
        "Boyle:2007ft",
        "Scheel:2006gg",
        "Lindblom:2005qh",
        "Pfeiffer:2002wt",
        "SpECwebsite"
    ],
    "initial_data_bibtex_keys": [
        "Buchman:2012dw",
        "Lovelace:2008tw",
        "Pfeiffer:2007yz",
        "Caudill:2006hw",
        "Cook:2004kt"
    ],
    "quasicircular_bibtex_keys": [
        "Mroue:2012kv",
        "Buonanno:2010yk",
        "Mroue:2010re",
        "Boyle:2007ft"
    ],
    "initial_separation": 14.607421875,
    "initial_orbital_frequency": 0.016198616131,
    "initial_adot": -0.0001301683575843,
    "object1": "bh",
    "object2": "bh",
    "initial_ADM_energy": 0.9949634435807265,
    "initial_ADM_linear_momentum": [
        -1.07309785e-08,
        -9.69250615e-08,
        4.2970334e-09
    ],
    "initial_ADM_angular_momentum": [
        -0.2107169138221755,
        -0.0957069507609633,
        0.4507350671054543
    ],
    "initial_mass1": 0.7803977006017176,
    "initial_mass2": 0.2196022888959442,
    "initial_dimensionless_spin1": [
        -0.2929735403564671,
        -0.1958215276271502,
        -0.5089637908930668
    ],
    "initial_dimensionless_spin2": [
        -0.6475300760095926,
        0.2089185050820336,
        -0.1008521196768301
    ],
    "initial_position1": [
        3.233044460792722,
        0.0306251848687801,
        -0.0042974505671305
    ],
    "initial_position2": [
        -11.374377414207277,
        0.0306251848687801,
        -0.0042974505671305
    ],
    "relaxation_time": 360.0,
    "common_horizon_time": 4805.18057455,
    "remnant_mass": 0.980345730234,
    "remnant_dimensionless_spin": [
        -0.0878695845309,
        -0.0583124667623,
        0.313473795565
    ],
    "remnant_velocity": [
        0.000629138998268,
        -0.000597990485328,
        0.000315662592252
    ],
    "metadata_version": 1,
    "spec_revisions": "InitialCommit-30548-g8a39246",
    "spells_revision": "8a392465d586c8ca817d062b58522dabb63df692",
    "com_parameters": {
        "space_translation": [
            -0.00919393,
            -0.00345462,
            0.00039936
        ],
        "boost_velocity": [
            1.84039303e-05,
            -1.16714708e-05,
            -1.52058468e-06
        ]
    },
    "initial_mass_ratio": 3.5536865509243367
}