{
    "simulation_name": "002/Lev3",
    "alternative_names": [
        "BFI:q8_3dAl:002",
        "SXS:BBH:1420"
    ],
    "initial_data_type": "BBH_SKS",
    "object_types": "BHBH",
    "number_of_orbits": 17.2811349649,
    "reference_mass_ratio": 7.996976324621557,
    "reference_chi_eff": -0.6222993970262257,
    "reference_chi1_perp": 3.9989541869875007e-07,
    "reference_chi2_perp": 1.3247108976609808e-07,
    "reference_eccentricity": 0.0003312,
    "reference_dimensionless_spin1": [
        2.64507950525e-08,
        1.40689504433e-07,
        -0.800081791609
    ],
    "reference_dimensionless_spin2": [
        1.09585501977e-07,
        2.91667487289e-07,
        0.799422203386
    ],
    "reference_orbital_frequency": [
        -4.588980546e-10,
        6.32888211341e-09,
        0.0195406714116
    ],
    "reference_mass1": 0.888798599355,
    "reference_mass2": 0.111141832022,
    "reference_time": 360.0,
    "reference_position1": [
        1.16283979042,
        0.960957377499,
        4.16600225249e-05
    ],
    "reference_position2": [
        -9.11824027537,
        -7.82125781587,
        4.42629851325e-05
    ],
    "reference_mean_anomaly": 4.107121,
    "keywords": [],
    "point_of_contact_email": "vvarma@caltech.edu",
    "authors_emails": [],
    "simulation_bibtex_keys": [
        "Varma:2018mmi",
        "Boyle:2019kee",
        "SXSCatalogWebsite"
    ],
    "code_bibtex_keys": [
        "Ossokine:2013zga",
        "Hemberger:2012jz",
        "Szilagyi:2009qz",
        "Boyle:2009vi",
        "Scheel:2008rj",
        "Boyle:2007ft",
        "Scheel:2006gg",
        "Lindblom:2005qh",
        "Pfeiffer:2002wt",
        "SpECwebsite"
    ],
    "initial_data_bibtex_keys": [
        "Buchman:2012dw",
        "Lovelace:2008tw",
        "Pfeiffer:2007yz",
        "Caudill:2006hw",
        "Cook:2004kt"
    ],
    "quasicircular_bibtex_keys": [
        "Mroue:2012kv",
        "Buonanno:2010yk",
        "Mroue:2010re",
        "Boyle:2007ft"
    ],
    "initial_separation": 13.1872558594,
    "initial_orbital_frequency": 0.01837174011,
    "initial_adot": 0.0004629214597224,
    "object1": "bh",
    "object2": "bh",
    "initial_ADM_energy": 0.9969643229277924,
    "initial_ADM_linear_momentum": [
        1.22708356e-08,
        6.11749845e-08,
        3.2214e-12
    ],
    "initial_ADM_angular_momentum": [
        1.47493e-11,
        4.9644e-12,
        -0.1876140853161917
    ],
    "initial_mass1": 0.8888889050587491,
    "initial_mass2": 0.111111110553948,
    "initial_dimensionless_spin1": [
        6.84e-14,
        -3.44e-14,
        -0.800000004164847
    ],
    "initial_dimensionless_spin2": [
        8.601e-13,
        -2.375e-13,
        0.7999999329587943
    ],
    "initial_position1": [
        1.4957309965679746,
        0.0279035300942018,
        2.70386e-10
    ],
    "initial_position2": [
        -11.691524862832026,
        0.0279035300942018,
        2.70386e-10
    ],
    "relaxation_time": 360.0,
    "common_horizon_time": 4224.04145131,
    "remnant_mass": 0.992520493598,
    "remnant_dimensionless_spin": [
        -2.51581806271e-07,
        6.73134969607e-07,
        -0.265615567183
    ],
    "remnant_velocity": [
        0.000364502017236,
        -0.000127096917088,
        8.92802875159e-07
    ],
    "metadata_version": 1,
    "spec_revisions": "InitialCommit-30334-g101f63a",
    "spells_revision": "101f63aab75cb5786e73598b576d3e30d20f6561",
    "com_parameters": {
        "space_translation": [
            0.00956236,
            0.00682743,
            -0.00037532
        ],
        "boost_velocity": [
            -2.77626926e-05,
            -1.45614518e-05,
            8.22173891e-07
        ]
    },
    "initial_mass_ratio": 8.000000185644486
}