{
    "simulation_name": "0049/Lev3",
    "alternative_names": [
        "BFI:q4_7d:0049",
        "SXS:BBH:1545"
    ],
    "initial_data_type": "BBH_SKS",
    "object_types": "BHBH",
    "number_of_orbits": 18.8283468727,
    "reference_mass_ratio": 3.05042963738926,
    "reference_chi_eff": -0.24512083594639789,
    "reference_chi1_perp": 0.0023222518044197188,
    "reference_chi2_perp": 0.6620165843803273,
    "reference_eccentricity": 0.0005942,
    "reference_dimensionless_spin1": [
        0.00324279069816,
        -0.0093564429902,
        -0.205540096569
    ],
    "reference_dimensionless_spin2": [
        -0.460336462193,
        -0.489183731494,
        -0.34699575221
    ],
    "reference_orbital_frequency": [
        -0.000324972993117,
        0.000963451408171,
        0.0170924409944
    ],
    "reference_mass1": 0.753116452795,
    "reference_mass2": 0.246888649246,
    "reference_time": 640.0,
    "reference_position1": [
        -0.938999491695,
        -3.52246832443,
        0.173795173421
    ],
    "reference_position2": [
        2.80407595264,
        10.8125395835,
        -0.563061845921
    ],
    "reference_mean_anomaly": 2.463014,
    "keywords": [],
    "point_of_contact_email": "kidder@astro.cornell.edu",
    "authors_emails": [],
    "simulation_bibtex_keys": [
        "Varma:2019csw",
        "Boyle:2019kee",
        "SXSCatalogWebsite"
    ],
    "code_bibtex_keys": [
        "Ossokine:2013zga",
        "Hemberger:2012jz",
        "Szilagyi:2009qz",
        "Boyle:2009vi",
        "Scheel:2008rj",
        "Boyle:2007ft",
        "Scheel:2006gg",
        "Lindblom:2005qh",
        "Pfeiffer:2002wt",
        "SpECwebsite"
    ],
    "initial_data_bibtex_keys": [
        "Buchman:2012dw",
        "Lovelace:2008tw",
        "Pfeiffer:2007yz",
        "Caudill:2006hw",
        "Cook:2004kt"
    ],
    "quasicircular_bibtex_keys": [
        "Mroue:2012kv",
        "Buonanno:2010yk",
        "Mroue:2010re",
        "Boyle:2007ft"
    ],
    "initial_separation": 14.6619873047,
    "initial_orbital_frequency": 0.016025421307,
    "initial_adot": -0.0001313151001392,
    "object1": "bh",
    "object2": "bh",
    "initial_ADM_energy": 0.9945025689453749,
    "initial_ADM_linear_momentum": [
        2.73918632e-08,
        1.58823167e-08,
        -2.5814632e-09
    ],
    "initial_ADM_angular_momentum": [
        -0.0401061475795048,
        0.0091588190148869,
        0.6854923083413259
    ],
    "initial_mass1": 0.7531292699729774,
    "initial_mass2": 0.2468706994236462,
    "initial_dimensionless_spin1": [
        0.0021102839854982,
        -0.009012204757071,
        -0.2054753149604571
    ],
    "initial_dimensionless_spin2": [
        -0.663125781734564,
        0.0672758363438609,
        -0.3574544217215181
    ],
    "initial_position1": [
        3.631688679334579,
        0.0272740707655077,
        0.0067315926243824
    ],
    "initial_position2": [
        -11.030298625365422,
        0.0272740707655077,
        0.0067315926243824
    ],
    "relaxation_time": 640.0,
    "common_horizon_time": 4937.76059888,
    "remnant_mass": 0.975093678631,
    "remnant_dimensionless_spin": [
        -0.0253418175737,
        0.00426180713201,
        0.433349366517
    ],
    "remnant_velocity": [
        -0.000565167817916,
        -0.00030689069378,
        -8.54699274478e-05
    ],
    "metadata_version": 1,
    "spec_revisions": "InitialCommit-30548-g8a39246",
    "spells_revision": "8a392465d586c8ca817d062b58522dabb63df692",
    "com_parameters": {
        "space_translation": [
            -0.00559227,
            -0.00168792,
            -0.00034139
        ],
        "boost_velocity": [
            1.85609904e-05,
            -3.36981836e-06,
            2.51015687e-06
        ]
    },
    "initial_mass_ratio": 3.050703350909046
}