{
    "simulation_name": "091/Lev3",
    "alternative_names": [
        "BFI:q8_3dAl:091",
        "SXS:BBH:1501"
    ],
    "initial_data_type": "BBH_SKS",
    "object_types": "BHBH",
    "number_of_orbits": 20.0843874069,
    "reference_mass_ratio": 1.0000570545777523,
    "reference_chi_eff": 0.42034234299064915,
    "reference_chi1_perp": 2.0005262686712077e-08,
    "reference_chi2_perp": 2.0277486591359486e-08,
    "reference_eccentricity": 0.0007164,
    "reference_dimensionless_spin1": [
        1.54246577123e-08,
        3.71812617642e-09,
        0.75268508647
    ],
    "reference_dimensionless_spin2": [
        -1.62715808084e-08,
        -1.28863065473e-08,
        0.0879806378364
    ],
    "reference_orbital_frequency": [
        -8.35337880699e-11,
        -3.94185477538e-11,
        0.0165211940704
    ],
    "reference_mass1": 0.50002788092,
    "reference_mass2": 0.499999353668,
    "reference_time": 640.0,
    "reference_position1": [
        -4.60325910615,
        -6.02256642733,
        -3.15818471837e-06
    ],
    "reference_position2": [
        4.63224633867,
        6.02875955269,
        -3.08273481336e-06
    ],
    "reference_mean_anomaly": 2.428596,
    "keywords": [],
    "point_of_contact_email": "vvarma@caltech.edu",
    "authors_emails": [],
    "simulation_bibtex_keys": [
        "Varma:2018mmi",
        "Boyle:2019kee",
        "SXSCatalogWebsite"
    ],
    "code_bibtex_keys": [
        "Ossokine:2013zga",
        "Hemberger:2012jz",
        "Szilagyi:2009qz",
        "Boyle:2009vi",
        "Scheel:2008rj",
        "Boyle:2007ft",
        "Scheel:2006gg",
        "Lindblom:2005qh",
        "Pfeiffer:2002wt",
        "SpECwebsite"
    ],
    "initial_data_bibtex_keys": [
        "Buchman:2012dw",
        "Lovelace:2008tw",
        "Pfeiffer:2007yz",
        "Caudill:2006hw",
        "Cook:2004kt"
    ],
    "quasicircular_bibtex_keys": [
        "Mroue:2012kv",
        "Buonanno:2010yk",
        "Mroue:2010re",
        "Boyle:2007ft"
    ],
    "initial_separation": 14.9685668945,
    "initial_orbital_frequency": 0.015522297548,
    "initial_adot": 0.0001497258430619,
    "object1": "bh",
    "object2": "bh",
    "initial_ADM_energy": 0.9925296310840082,
    "initial_ADM_linear_momentum": [
        3.52757044e-08,
        2.56920632e-08,
        6.5915e-12
    ],
    "initial_ADM_angular_momentum": [
        -6.1262e-12,
        -4.3219e-12,
        1.2949193083703054
    ],
    "initial_mass1": 0.5000000110447107,
    "initial_mass2": 0.4999999992245194,
    "initial_dimensionless_spin1": [
        -8.778e-13,
        1.4261e-12,
        0.7527048369036939
    ],
    "initial_dimensionless_spin2": [
        1.065e-13,
        -5.9e-14,
        0.0879108971451017
    ],
    "initial_position1": [
        7.465552286342803,
        0.0021746959179165,
        9.51517e-10
    ],
    "initial_position2": [
        -7.503014608157197,
        0.0021746959179165,
        9.51517e-10
    ],
    "relaxation_time": 640.0,
    "common_horizon_time": 5112.20451859,
    "remnant_mass": 0.936481877307,
    "remnant_dimensionless_spin": [
        -3.59362719774e-09,
        -1.8170892181e-09,
        0.808623704935
    ],
    "remnant_velocity": [
        -0.000333054416191,
        -0.000223166163017,
        1.00209091335e-08
    ],
    "metadata_version": 1,
    "spec_revisions": [
        "InitialCommit-30391-g7de1691",
        "InitialCommit-30635-gf039f5fb31"
    ],
    "spells_revision": "7de1691a20fa3565c2276fa60966e8a261a47fe7",
    "com_parameters": {
        "space_translation": [
            0.000198802506,
            0.00162336589,
            -4.38688702e-06
        ],
        "boost_velocity": [
            -4.70592253e-07,
            -3.5679495e-07,
            -2.55149278e-09
        ]
    },
    "initial_mass_ratio": 1.0000000236403828
}