{
    "simulation_name": "003/Lev3",
    "alternative_names": [
        "BFI:HybTest:003",
        "SXS:BBH:1414"
    ],
    "initial_data_type": "BBH_SKS",
    "object_types": "BHBH",
    "number_of_orbits": 143.102845332,
    "reference_mass_ratio": 1.8300214631483516,
    "reference_chi_eff": -0.1819574520107839,
    "reference_chi1_perp": 3.562264233136005e-08,
    "reference_chi2_perp": 4.738315559531492e-09,
    "reference_eccentricity": "<1.6e-03",
    "reference_dimensionless_spin1": [
        -2.71129935035e-08,
        -2.47274604322e-08,
        -0.499967317873
    ],
    "reference_dimensionless_spin2": [
        5.13070283298e-09,
        -1.21009414985e-09,
        0.40000742801
    ],
    "reference_orbital_frequency": [
        8.89023457791e-12,
        6.20540323128e-12,
        0.0050083386728
    ],
    "reference_mass1": 0.646656311612,
    "reference_mass2": 0.353359960325,
    "reference_time": 160.0,
    "reference_position1": [
        8.27945840693,
        8.41982840204,
        4.71732802371e-08
    ],
    "reference_position2": [
        -15.1063108781,
        -15.4847728979,
        1.18303187408e-07
    ],
    "reference_mean_anomaly": 1.449558,
    "keywords": [],
    "point_of_contact_email": "scheel@tapir.caltech.edu",
    "authors_emails": [],
    "simulation_bibtex_keys": [
        "Varma:2018mmi",
        "Boyle:2019kee",
        "SXSCatalogWebsite"
    ],
    "code_bibtex_keys": [
        "Ossokine:2013zga",
        "Hemberger:2012jz",
        "Szilagyi:2009qz",
        "Boyle:2009vi",
        "Scheel:2008rj",
        "Boyle:2007ft",
        "Scheel:2006gg",
        "Lindblom:2005qh",
        "Pfeiffer:2002wt",
        "SpECwebsite"
    ],
    "initial_data_bibtex_keys": [
        "Buchman:2012dw",
        "Lovelace:2008tw",
        "Pfeiffer:2007yz",
        "Caudill:2006hw",
        "Cook:2004kt"
    ],
    "quasicircular_bibtex_keys": [
        "Mroue:2012kv",
        "Buonanno:2010yk",
        "Mroue:2010re",
        "Boyle:2007ft"
    ],
    "initial_separation": 33.3317871094,
    "initial_orbital_frequency": 0.004945565953,
    "initial_adot": 3.9380211354e-06,
    "object1": "bh",
    "object2": "bh",
    "initial_ADM_energy": 0.996755602470416,
    "initial_ADM_linear_momentum": [
        3.08971879e-08,
        9.15551523e-08,
        1.772e-12
    ],
    "initial_ADM_angular_momentum": [
        -1.719425e-10,
        3.40382e-11,
        1.2446657895737823
    ],
    "initial_mass1": 0.646643092532476,
    "initial_mass2": 0.3533568850759105,
    "initial_dimensionless_spin1": [
        -1.836e-13,
        -1.79e-13,
        -0.5000000071302032
    ],
    "initial_dimensionless_spin2": [
        3.408e-13,
        -3.379e-13,
        0.3999999474944803
    ],
    "initial_position1": [
        11.798822368384105,
        0.0162542354626267,
        -1.6165171e-09
    ],
    "initial_position2": [
        -21.532964741015892,
        0.0162542354626267,
        -1.6165171e-09
    ],
    "relaxation_time": 160.0,
    "common_horizon_time": 115625.013856,
    "remnant_mass": 0.964755556302,
    "remnant_dimensionless_spin": [
        8.6007793081e-08,
        -3.23422018264e-08,
        0.515830191645
    ],
    "remnant_velocity": [
        0.000985403806172,
        -0.000323418017036,
        -4.43393150154e-08
    ],
    "metadata_version": 1,
    "spec_revisions": [
        "InitialCommit-30517-ge17b061",
        "InitialCommit-30518-g04f3d32"
    ],
    "spells_revision": "e17b0615c6bf86e4200c16f10279040974488400",
    "com_parameters": {
        "space_translation": [
            -0.02027297,
            0.03142455,
            0.00088116
        ],
        "boost_velocity": [
            9.65375807e-07,
            -1.43693008e-06,
            -2.43371758e-08
        ]
    },
    "initial_mass_ratio": 1.8299999797472737
}