{
    "simulation_name": "030/Lev3",
    "alternative_names": [
        "BFI:q8_3dAl:030",
        "SXS:BBH:1441"
    ],
    "initial_data_type": "BBH_SKS",
    "object_types": "BHBH",
    "number_of_orbits": 26.5382292833,
    "reference_mass_ratio": 7.999135513668829,
    "reference_chi_eff": 0.4762841526725407,
    "reference_chi1_perp": 1.1767680960115383e-06,
    "reference_chi2_perp": 1.8782505571376678e-07,
    "reference_eccentricity": 0.0001958,
    "reference_dimensionless_spin1": [
        1.26556508302e-06,
        -3.79689368934e-07,
        0.595577791993
    ],
    "reference_dimensionless_spin2": [
        -7.96397982824e-08,
        2.25387143154e-08,
        -0.477961834173
    ],
    "reference_orbital_frequency": [
        8.72492985434e-09,
        6.57700413817e-09,
        0.0231178570841
    ],
    "reference_mass1": 0.888814562895,
    "reference_mass2": 0.11111382741,
    "reference_time": 640.0,
    "reference_position1": [
        -0.442888899656,
        1.2509202613,
        0.000377276273217
    ],
    "reference_position2": [
        3.57444706311,
        -9.98454395814,
        0.000378956563914
    ],
    "reference_mean_anomaly": 5.923936,
    "keywords": [],
    "point_of_contact_email": "vvarma@caltech.edu",
    "authors_emails": [],
    "simulation_bibtex_keys": [
        "Varma:2018mmi",
        "Boyle:2019kee",
        "SXSCatalogWebsite"
    ],
    "code_bibtex_keys": [
        "Ossokine:2013zga",
        "Hemberger:2012jz",
        "Szilagyi:2009qz",
        "Boyle:2009vi",
        "Scheel:2008rj",
        "Boyle:2007ft",
        "Scheel:2006gg",
        "Lindblom:2005qh",
        "Pfeiffer:2002wt",
        "SpECwebsite"
    ],
    "initial_data_bibtex_keys": [
        "Buchman:2012dw",
        "Lovelace:2008tw",
        "Pfeiffer:2007yz",
        "Caudill:2006hw",
        "Cook:2004kt"
    ],
    "quasicircular_bibtex_keys": [
        "Mroue:2012kv",
        "Buonanno:2010yk",
        "Mroue:2010re",
        "Boyle:2007ft"
    ],
    "initial_separation": 11.7119140625,
    "initial_orbital_frequency": 0.02193534761,
    "initial_adot": -5.91696266814e-05,
    "object1": "bh",
    "object2": "bh",
    "initial_ADM_energy": 0.9963401237729864,
    "initial_ADM_linear_momentum": [
        1.48956467e-08,
        1.57879911e-08,
        -1.5129e-12
    ],
    "initial_ADM_angular_momentum": [
        -1.19237e-11,
        1.0395e-12,
        0.8529851573195936
    ],
    "initial_mass1": 0.8888888941238643,
    "initial_mass2": 0.1111111053845177,
    "initial_dimensionless_spin1": [
        6.1e-15,
        3.43e-14,
        0.5954937556900343
    ],
    "initial_dimensionless_spin2": [
        -3.599e-13,
        -1.3e-15,
        -0.4781322937850102
    ],
    "initial_position1": [
        1.2953978745484651,
        0.0241943347458578,
        3.8886254e-09
    ],
    "initial_position2": [
        -10.416516187951535,
        0.0241943347458578,
        3.8886254e-09
    ],
    "relaxation_time": 640.0,
    "common_horizon_time": 5013.05743466,
    "remnant_mass": 0.982851750298,
    "remnant_dimensionless_spin": [
        1.73311800053e-06,
        -3.72314399927e-07,
        0.721396537851
    ],
    "remnant_velocity": [
        -0.000163380864573,
        0.000220132881659,
        1.73736710095e-06
    ],
    "metadata_version": 1,
    "spec_revisions": [
        "InitialCommit-30391-g7de1691",
        "InitialCommit-30635-gf039f5fb31"
    ],
    "spells_revision": "7de1691a20fa3565c2276fa60966e8a261a47fe7",
    "com_parameters": {
        "space_translation": [
            0.05465459,
            -0.06420714,
            -0.00077757
        ],
        "boost_velocity": [
            -9.27016181e-05,
            0.00010837487,
            1.6514422e-06
        ]
    },
    "initial_mass_ratio": 8.000000459429527
}