{
    "simulation_name": "019/Lev3",
    "alternative_names": "SXS:BBH:1164",
    "initial_data_type": "BBH_SKS",
    "object_types": "BHBH",
    "number_of_orbits": 40.3455392792,
    "reference_mass_ratio": 2.000095251906124,
    "reference_chi_eff": -4.0735949214750375e-05,
    "reference_chi1_perp": 3.261896338462712e-08,
    "reference_chi2_perp": 3.310603966874402e-08,
    "reference_eccentricity": 0.0012541,
    "reference_dimensionless_spin1": [
        1.99075836787e-08,
        -2.58394972334e-08,
        -6.6674636096e-05
    ],
    "reference_dimensionless_spin2": [
        2.40881418053e-08,
        -2.27105679683e-08,
        1.11438952571e-05
    ],
    "reference_orbital_frequency": [
        -1.57219390652e-10,
        -1.37444420456e-10,
        0.0106782112518
    ],
    "reference_mass1": 0.666677852438,
    "reference_mass2": 0.333323051391,
    "reference_time": 570.0,
    "reference_position1": [
        6.55418497931,
        -1.46739197758,
        -3.49912834583e-06
    ],
    "reference_position2": [
        -13.1687970822,
        2.88954351073,
        -3.73343713495e-06
    ],
    "reference_mean_anomaly": 3.168509,
    "keywords": [],
    "point_of_contact_email": "hblim@caltech.edu",
    "authors_emails": [],
    "simulation_bibtex_keys": [
        "Boyle:2019kee",
        "SXSCatalogWebsite"
    ],
    "code_bibtex_keys": [
        "Ossokine:2013zga",
        "Hemberger:2012jz",
        "Szilagyi:2009qz",
        "Boyle:2009vi",
        "Scheel:2008rj",
        "Boyle:2007ft",
        "Scheel:2006gg",
        "Lindblom:2005qh",
        "Pfeiffer:2002wt",
        "SpECwebsite"
    ],
    "initial_data_bibtex_keys": [
        "Buchman:2012dw",
        "Lovelace:2008tw",
        "Pfeiffer:2007yz",
        "Caudill:2006hw",
        "Cook:2004kt"
    ],
    "quasicircular_bibtex_keys": [
        "Mroue:2012kv",
        "Buonanno:2010yk",
        "Mroue:2010re",
        "Boyle:2007ft"
    ],
    "initial_separation": 19.9219360352,
    "initial_orbital_frequency": 0.010548828125,
    "initial_adot": -1.04297977451e-05,
    "object1": "bh",
    "object2": "bh",
    "initial_ADM_energy": 0.994892896739938,
    "initial_ADM_linear_momentum": [
        -9.6732577e-09,
        -6.5265391e-08,
        6.0972e-12
    ],
    "initial_ADM_angular_momentum": [
        -1.99161e-11,
        -1.5144034e-09,
        1.094666673182394
    ],
    "initial_mass1": 0.6666666719096623,
    "initial_mass2": 0.3333333318419279,
    "initial_dimensionless_spin1": [
        2.214e-13,
        -2.022e-13,
        -2.343273e-10
    ],
    "initial_dimensionless_spin2": [
        -3.132588e-10,
        -1.7874691e-09,
        -3.60404019e-08
    ],
    "initial_position1": [
        6.646208687493042,
        0.0195737186159902,
        -9.7584047e-09
    ],
    "initial_position2": [
        -13.27572734770696,
        0.0195737186159902,
        -9.7584047e-09
    ],
    "relaxation_time": 570.0,
    "common_horizon_time": 15685.4818294,
    "remnant_mass": 0.961263104244,
    "remnant_dimensionless_spin": [
        5.85195843625e-10,
        -2.04209502196e-08,
        0.623383074856
    ],
    "remnant_velocity": [
        0.000279870967942,
        0.000432777479011,
        3.68397231752e-08
    ],
    "metadata_version": 1,
    "spec_revisions": [
        "InitialCommit-29563-gfb84698",
        "InitialCommit-29570-g976e624"
    ],
    "spells_revision": "fb84698ae3438f76f7f4f9e0a351c2e11277db0e",
    "com_parameters": {
        "space_translation": [
            -0.00167964341,
            -0.00443480212,
            -3.03231448e-05
        ],
        "boost_velocity": [
            -5.06209161e-06,
            6.00114204e-06,
            -7.81360669e-10
        ]
    },
    "initial_mass_ratio": 2.0000000246774197
}