{
    "simulation_name": "041/Lev3",
    "alternative_names": [
        "BFI:q8_3dAl:041",
        "SXS:BBH:1451"
    ],
    "initial_data_type": "BBH_SKS",
    "object_types": "BHBH",
    "number_of_orbits": 21.3158436846,
    "reference_mass_ratio": 4.055568997401166,
    "reference_chi_eff": 0.09330333744357684,
    "reference_chi1_perp": 5.046858318055862e-07,
    "reference_chi2_perp": 5.27070595481956e-07,
    "reference_eccentricity": 0.0001871,
    "reference_dimensionless_spin1": [
        1.97698649237e-07,
        -6.38219795942e-07,
        0.313424005219
    ],
    "reference_dimensionless_spin2": [
        3.67146162652e-07,
        4.45973812611e-08,
        -0.799411218475
    ],
    "reference_orbital_frequency": [
        -1.18844240938e-09,
        -1.07440104573e-08,
        0.0183994430389
    ],
    "reference_mass1": 0.802190590377,
    "reference_mass2": 0.197799763952,
    "reference_time": 380.0,
    "reference_position1": [
        2.2158959262,
        1.63242385224,
        -3.28041546926e-05
    ],
    "reference_position2": [
        -9.04958031325,
        -6.76953058094,
        -3.84379695748e-05
    ],
    "reference_mean_anomaly": 5.019789,
    "keywords": [],
    "point_of_contact_email": "vvarma@caltech.edu",
    "authors_emails": [],
    "simulation_bibtex_keys": [
        "Varma:2018mmi",
        "Boyle:2019kee",
        "SXSCatalogWebsite"
    ],
    "code_bibtex_keys": [
        "Ossokine:2013zga",
        "Hemberger:2012jz",
        "Szilagyi:2009qz",
        "Boyle:2009vi",
        "Scheel:2008rj",
        "Boyle:2007ft",
        "Scheel:2006gg",
        "Lindblom:2005qh",
        "Pfeiffer:2002wt",
        "SpECwebsite"
    ],
    "initial_data_bibtex_keys": [
        "Buchman:2012dw",
        "Lovelace:2008tw",
        "Pfeiffer:2007yz",
        "Caudill:2006hw",
        "Cook:2004kt"
    ],
    "quasicircular_bibtex_keys": [
        "Mroue:2012kv",
        "Buonanno:2010yk",
        "Mroue:2010re",
        "Boyle:2007ft"
    ],
    "initial_separation": 13.6949462891,
    "initial_orbital_frequency": 0.017434038674,
    "initial_adot": -0.0002756781733988,
    "object1": "bh",
    "object2": "bh",
    "initial_ADM_energy": 0.9949632992134599,
    "initial_ADM_linear_momentum": [
        -1.129803178e-07,
        1.330773613e-07,
        -8.0214e-12
    ],
    "initial_ADM_angular_momentum": [
        -3.493e-12,
        1.076e-13,
        0.8446772371007151
    ],
    "initial_mass1": 0.8022465127532835,
    "initial_mass2": 0.1977534521244392,
    "initial_dimensionless_spin1": [
        -2.521e-13,
        8.991e-13,
        0.3133117921498079
    ],
    "initial_dimensionless_spin2": [
        8.3545e-12,
        1.3487e-12,
        -0.7999999532262737
    ],
    "initial_position1": [
        2.703035405777956,
        0.027925540369149,
        7.593291e-10
    ],
    "initial_position2": [
        -10.991910883322046,
        0.027925540369149,
        7.593291e-10
    ],
    "relaxation_time": 380.0,
    "common_horizon_time": 5004.23299995,
    "remnant_mass": 0.974762392863,
    "remnant_dimensionless_spin": [
        1.55900482597e-07,
        -8.6853476444e-07,
        0.618385255852
    ],
    "remnant_velocity": [
        0.000347561256481,
        0.000124064305749,
        -3.19459402449e-07
    ],
    "metadata_version": 1,
    "spec_revisions": "InitialCommit-30348-g755d64a",
    "spells_revision": "755d64a9ecb1396c12985e0534d4ae1a0d4a7c34",
    "com_parameters": {
        "space_translation": [
            -0.00506962,
            -0.01620346,
            0.00010376
        ],
        "boost_velocity": [
            6.17366156e-06,
            3.09735727e-05,
            -3.1949193e-07
        ]
    },
    "initial_mass_ratio": 4.05680155837916
}