{
    "simulation_name": "095/Lev3",
    "alternative_names": [
        "BFI:q8_3dAl:095",
        "SXS:BBH:1505"
    ],
    "initial_data_type": "BBH_SKS",
    "object_types": "BHBH",
    "number_of_orbits": 19.3159617045,
    "reference_mass_ratio": 1.325631195093281,
    "reference_chi_eff": 0.18430105948388886,
    "reference_chi1_perp": 3.827514381383992e-08,
    "reference_chi2_perp": 3.419133205503909e-08,
    "reference_eccentricity": 0.0005458,
    "reference_dimensionless_spin1": [
        3.04880558923e-08,
        -1.73897768015e-08,
        -0.0949460823579
    ],
    "reference_dimensionless_spin2": [
        -1.25363218278e-08,
        -4.34272653751e-08,
        0.55447978185
    ],
    "reference_orbital_frequency": [
        3.12107987015e-10,
        -5.36607468658e-10,
        0.016272134862
    ],
    "reference_mass1": 0.570012011253,
    "reference_mass2": 0.429992907049,
    "reference_time": 640.0,
    "reference_position1": [
        -4.78734561204,
        -4.56296366869,
        -4.74322918742e-07
    ],
    "reference_position2": [
        6.30592216772,
        6.06118424338,
        -3.36744189179e-07
    ],
    "reference_mean_anomaly": 2.21328,
    "keywords": [],
    "point_of_contact_email": "vvarma@caltech.edu",
    "authors_emails": [],
    "simulation_bibtex_keys": [
        "Varma:2018mmi",
        "Boyle:2019kee",
        "SXSCatalogWebsite"
    ],
    "code_bibtex_keys": [
        "Ossokine:2013zga",
        "Hemberger:2012jz",
        "Szilagyi:2009qz",
        "Boyle:2009vi",
        "Scheel:2008rj",
        "Boyle:2007ft",
        "Scheel:2006gg",
        "Lindblom:2005qh",
        "Pfeiffer:2002wt",
        "SpECwebsite"
    ],
    "initial_data_bibtex_keys": [
        "Buchman:2012dw",
        "Lovelace:2008tw",
        "Pfeiffer:2007yz",
        "Caudill:2006hw",
        "Cook:2004kt"
    ],
    "quasicircular_bibtex_keys": [
        "Mroue:2012kv",
        "Buonanno:2010yk",
        "Mroue:2010re",
        "Boyle:2007ft"
    ],
    "initial_separation": 15.1604003906,
    "initial_orbital_frequency": 0.015423340517,
    "initial_adot": 6.7212669327e-05,
    "object1": "bh",
    "object2": "bh",
    "initial_ADM_energy": 0.9927932820573341,
    "initial_ADM_linear_momentum": [
        8.159363e-10,
        2.83325821e-08,
        -4.6673e-12
    ],
    "initial_ADM_angular_momentum": [
        3.06163e-11,
        -6.207e-13,
        1.1505549370016575
    ],
    "initial_mass1": 0.570019089612626,
    "initial_mass2": 0.4299809113631952,
    "initial_dimensionless_spin1": [
        1.463e-13,
        -3.793e-13,
        -0.0951014412114177
    ],
    "initial_dimensionless_spin2": [
        -4e-13,
        8.976e-13,
        0.554373833317872
    ],
    "initial_position1": [
        6.537372278095006,
        0.0090181145373791,
        -8.304822e-10
    ],
    "initial_position2": [
        -8.623028112504993,
        0.0090181145373791,
        -8.304822e-10
    ],
    "relaxation_time": 640.0,
    "common_horizon_time": 5090.59934723,
    "remnant_mass": 0.949110260791,
    "remnant_dimensionless_spin": [
        1.68629560006e-08,
        -2.96052751139e-08,
        0.713217054464
    ],
    "remnant_velocity": [
        5.91197707659e-05,
        0.000587166780736,
        8.77298740994e-09
    ],
    "metadata_version": 1,
    "spec_revisions": "InitialCommit-30634-g448720d",
    "spells_revision": "448720dc58696549c0f553eeacf3d11ac19d0dce",
    "com_parameters": {
        "space_translation": [
            -0.00166341285,
            -0.000331866599,
            -3.73878696e-06
        ],
        "boost_velocity": [
            2.52948767e-06,
            -5.65645226e-06,
            1.55459566e-09
        ]
    },
    "initial_mass_ratio": 1.3256846398261242
}