{
    "simulation_name": "BBH_CFMS_d13_q10_sA_0_0_0_sB_0_0_0/Lev4",
    "alternative_names": [
        "PRIVATE:BBH:0002",
        "SXS:BBH:1107"
    ],
    "initial_data_type": "BBH_CFMS",
    "object_types": "BHBH",
    "number_of_orbits": 30.4451525855,
    "reference_mass_ratio": 9.999824397605714,
    "reference_chi_eff": 3.3290689603344968e-06,
    "reference_chi1_perp": 1.4699966378912382e-07,
    "reference_chi2_perp": 8.857058617582898e-08,
    "reference_eccentricity": 0.0011603,
    "reference_dimensionless_spin1": [
        -6.45030612062e-08,
        -1.32091856513e-07,
        3.65619772075e-06
    ],
    "reference_dimensionless_spin2": [
        5.03608125798e-09,
        8.84272953694e-08,
        5.78387980902e-08
    ],
    "reference_orbital_frequency": [
        1.33558302435e-10,
        -1.1168397799e-10,
        0.0194465075107
    ],
    "reference_mass1": 0.909084681497,
    "reference_mass2": 0.0909100645522,
    "reference_time": 320.0,
    "reference_position1": [
        1.19021517209,
        -0.0775445065539,
        1.50303875706e-06
    ],
    "reference_position2": [
        -12.1961654113,
        0.606305896968,
        1.59890365202e-06
    ],
    "reference_mean_anomaly": 1.273335,
    "keywords": [],
    "point_of_contact_email": "ossokine@astro.utoronto.ca",
    "authors_emails": [],
    "simulation_bibtex_keys": [
        "Boyle:2019kee",
        "SXSCatalogWebsite"
    ],
    "code_bibtex_keys": [
        "Ossokine:2013zga",
        "Hemberger:2012jz",
        "Szilagyi:2009qz",
        "Boyle:2009vi",
        "Scheel:2008rj",
        "Boyle:2007ft",
        "Scheel:2006gg",
        "Lindblom:2005qh",
        "Pfeiffer:2002wt",
        "SpECwebsite"
    ],
    "initial_data_bibtex_keys": [
        "Buchman:2012dw",
        "Lovelace:2008tw",
        "Pfeiffer:2007yz",
        "Caudill:2006hw",
        "Cook:2004kt"
    ],
    "quasicircular_bibtex_keys": [
        "Mroue:2012kv",
        "Buonanno:2010yk",
        "Mroue:2010re",
        "Boyle:2007ft"
    ],
    "initial_separation": 13.0,
    "initial_orbital_frequency": 0.01933664,
    "initial_adot": -2e-05,
    "object1": "bh",
    "object2": "bh",
    "initial_ADM_energy": 0.9972830673066666,
    "initial_ADM_linear_momentum": [
        -7.738955e-10,
        -3.3507092e-09,
        3.2745199e-09
    ],
    "initial_ADM_angular_momentum": [
        -9.60534793e-07,
        -3.2732564763e-06,
        0.3482544145300235
    ],
    "initial_mass1": 0.909090909039048,
    "initial_mass2": 0.0909090909840215,
    "initial_dimensionless_spin1": [
        1.217621e-10,
        -8.70059e-11,
        -3.60361257e-08
    ],
    "initial_dimensionless_spin2": [
        -2.791e-13,
        -8.444e-13,
        -9.28388999999e-11
    ],
    "initial_position1": [
        1.1739382760676398,
        0.0130300632761697,
        0.0
    ],
    "initial_position2": [
        -11.82606172393236,
        0.0130300632761697,
        0.0
    ],
    "relaxation_time": 320.0,
    "common_horizon_time": 7024.5180496,
    "remnant_mass": 0.991747211983,
    "remnant_dimensionless_spin": [
        -2.62853012101e-08,
        -6.68380130904e-08,
        0.260519678626
    ],
    "remnant_velocity": [
        0.00016226979757,
        0.000171175961666,
        1.4020529285e-09
    ],
    "metadata_version": 1,
    "spec_revisions": "InitialCommit-23853-g9220531",
    "spells_revision": "InitialCommit-20790-g566bd5d",
    "com_parameters": {
        "space_translation": [
            -0.018196631,
            -0.00782424953,
            3.62691916e-06
        ],
        "boost_velocity": [
            3.54999065e-06,
            8.282751e-06,
            -5.32403187e-10
        ]
    },
    "initial_mass_ratio": 9.999999991187163
}