{
    "simulation_name": "045/Lev3",
    "alternative_names": [
        "BFI:q8_3dAl:045",
        "SXS:BBH:1455"
    ],
    "initial_data_type": "BBH_SKS",
    "object_types": "BHBH",
    "number_of_orbits": 19.5652174515,
    "reference_mass_ratio": 8.000394131001771,
    "reference_chi_eff": -0.35338409337204324,
    "reference_chi1_perp": 7.770992574053614e-07,
    "reference_chi2_perp": 1.2251931975314184e-07,
    "reference_eccentricity": 0.0003867,
    "reference_dimensionless_spin1": [
        -4.1131493203e-07,
        4.36236097585e-07,
        -0.397739663849
    ],
    "reference_dimensionless_spin2": [
        6.90154312097e-09,
        -1.21833407942e-07,
        0.00147795234662
    ],
    "reference_orbital_frequency": [
        -6.49791625183e-09,
        6.42335007585e-09,
        0.02046041437
    ],
    "reference_mass1": 0.888936689627,
    "reference_mass2": 0.111111612137,
    "reference_time": 560.0,
    "reference_position1": [
        0.390192044826,
        -1.39057108995,
        0.000159786613372
    ],
    "reference_position2": [
        -3.36550039422,
        11.1263033321,
        0.000154664310406
    ],
    "reference_mean_anomaly": 3.149449,
    "keywords": [],
    "point_of_contact_email": "jonathan.blackman.0@gmail.com",
    "authors_emails": [],
    "simulation_bibtex_keys": [
        "Varma:2018mmi",
        "Boyle:2019kee",
        "SXSCatalogWebsite"
    ],
    "code_bibtex_keys": [
        "Ossokine:2013zga",
        "Hemberger:2012jz",
        "Szilagyi:2009qz",
        "Boyle:2009vi",
        "Scheel:2008rj",
        "Boyle:2007ft",
        "Scheel:2006gg",
        "Lindblom:2005qh",
        "Pfeiffer:2002wt",
        "SpECwebsite"
    ],
    "initial_data_bibtex_keys": [
        "Buchman:2012dw",
        "Lovelace:2008tw",
        "Pfeiffer:2007yz",
        "Caudill:2006hw",
        "Cook:2004kt"
    ],
    "quasicircular_bibtex_keys": [
        "Mroue:2012kv",
        "Buonanno:2010yk",
        "Mroue:2010re",
        "Boyle:2007ft"
    ],
    "initial_separation": 12.8382568359,
    "initial_orbital_frequency": 0.019787025341,
    "initial_adot": 1.57490096996e-05,
    "object1": "bh",
    "object2": "bh",
    "initial_ADM_energy": 0.996768060296143,
    "initial_ADM_linear_momentum": [
        1.04496218e-08,
        1.107621672e-07,
        2.76718e-11
    ],
    "initial_ADM_angular_momentum": [
        1.03718e-11,
        6.64e-13,
        0.1089160549359115
    ],
    "initial_mass1": 0.8888887307255385,
    "initial_mass2": 0.1111111269307655,
    "initial_dimensionless_spin1": [
        -1.0154e-12,
        -1.5667e-12,
        -0.3978042507435067
    ],
    "initial_dimensionless_spin2": [
        -1.004e-13,
        4.26e-14,
        0.0014411461654351
    ],
    "initial_position1": [
        1.4438763556789922,
        0.0249309948127882,
        9.8084839e-09
    ],
    "initial_position2": [
        -11.394380480221008,
        0.0249309948127882,
        9.8084839e-09
    ],
    "relaxation_time": 560.0,
    "common_horizon_time": 4526.55543232,
    "remnant_mass": 0.991520042223,
    "remnant_dimensionless_spin": [
        -7.76703491352e-07,
        6.16006531827e-07,
        0.0212991195368
    ],
    "remnant_velocity": [
        3.11868039557e-05,
        0.000314565842162,
        1.31620679675e-06
    ],
    "metadata_version": 1,
    "spec_revisions": "InitialCommit-30391-g7de1691",
    "spells_revision": "7de1691a20fa3565c2276fa60966e8a261a47fe7",
    "com_parameters": {
        "space_translation": [
            -0.01540829,
            0.03285175,
            -0.00064547
        ],
        "boost_velocity": [
            1.24938736e-05,
            -3.00553101e-05,
            1.2217017e-06
        ]
    },
    "initial_mass_ratio": 7.999997437515096
}