{
    "simulation_name": "BBH_SKS_d17.2_q1.15_sA_0_0_-0.105_sB_0_0_-0.009/Lev3",
    "alternative_names": "SXS:BBH:1513",
    "initial_data_type": "BBH_SKS",
    "object_types": "BHBH",
    "number_of_orbits": 24.2690750592,
    "reference_mass_ratio": 1.1473916295314786,
    "reference_chi_eff": -0.06048332972168904,
    "reference_chi1_perp": 3.322054176134126e-08,
    "reference_chi2_perp": 4.351730963857939e-08,
    "reference_eccentricity": 0.0001235,
    "reference_dimensionless_spin1": [
        -2.49707024562e-08,
        1.23884464112e-09,
        -0.10523681485
    ],
    "reference_dimensionless_spin2": [
        -3.92157386277e-08,
        1.6891548295e-08,
        -0.00913355549311
    ],
    "reference_orbital_frequency": [
        -9.20266912048e-10,
        9.16237342934e-10,
        0.013497854458
    ],
    "reference_mass1": 0.53431151602,
    "reference_mass2": 0.465674929351,
    "reference_time": 640.0,
    "reference_position1": [
        -4.96930863696,
        6.39834405294,
        5.23306419806e-05
    ],
    "reference_position2": [
        5.71314283871,
        -7.33478184704,
        5.39911658429e-05
    ],
    "reference_mean_anomaly": 1.167639,
    "keywords": [],
    "point_of_contact_email": "ramirez.teresita.95@gmail.com",
    "authors_emails": [],
    "simulation_bibtex_keys": [
        "Boyle:2019kee",
        "SXSCatalogWebsite"
    ],
    "code_bibtex_keys": [
        "Ossokine:2013zga",
        "Hemberger:2012jz",
        "Szilagyi:2009qz",
        "Boyle:2009vi",
        "Scheel:2008rj",
        "Boyle:2007ft",
        "Scheel:2006gg",
        "Lindblom:2005qh",
        "Pfeiffer:2002wt",
        "SpECwebsite"
    ],
    "initial_data_bibtex_keys": [
        "Buchman:2012dw",
        "Lovelace:2008tw",
        "Pfeiffer:2007yz",
        "Caudill:2006hw",
        "Cook:2004kt"
    ],
    "quasicircular_bibtex_keys": [
        "Mroue:2012kv",
        "Buonanno:2010yk",
        "Mroue:2010re",
        "Boyle:2007ft"
    ],
    "initial_separation": 17.1506958008,
    "initial_orbital_frequency": 0.013114994806,
    "initial_adot": -2.66560004095e-05,
    "object1": "bh",
    "object2": "bh",
    "initial_ADM_energy": 0.9934716545967216,
    "initial_ADM_linear_momentum": [
        -3.38948085e-08,
        -5.3588285e-09,
        7.715e-13
    ],
    "initial_ADM_angular_momentum": [
        2.4371e-12,
        -6.9038e-12,
        1.1259198719615042
    ],
    "initial_mass1": 0.5343235075092778,
    "initial_mass2": 0.465676418555998,
    "initial_dimensionless_spin1": [
        -1.0319e-12,
        1.378e-12,
        -0.1052688365554798
    ],
    "initial_dimensionless_spin2": [
        -3.016e-13,
        -1.3322e-12,
        -0.009148324567401
    ],
    "initial_position1": [
        7.990810544025637,
        0.0048262232254747,
        3.682667e-09
    ],
    "initial_position2": [
        -9.159885256774364,
        0.0048262232254747,
        3.682667e-09
    ],
    "relaxation_time": 640.0,
    "common_horizon_time": 7659.26473563,
    "remnant_mass": 0.953679527331,
    "remnant_dimensionless_spin": [
        -5.7464455666e-08,
        4.82046445869e-08,
        0.66356434223
    ],
    "remnant_velocity": [
        0.000125702502356,
        0.000151402889993,
        1.6854854455e-07
    ],
    "metadata_version": 1,
    "spec_revisions": "InitialCommit-30572-ga80237c",
    "spells_revision": "a80237c674fd7b9708ebbf5bff07edaa86560a22",
    "com_parameters": {
        "space_translation": [
            -0.00070312591,
            0.000222056339,
            -3.52531792e-05
        ],
        "boost_velocity": [
            8.51881131e-07,
            -1.66918175e-06,
            1.22454008e-07
        ]
    },
    "initial_mass_ratio": 1.1474137109328952
}