{
    "simulation_name": "078/Lev3",
    "alternative_names": [
        "BFI:q8_3dAl:078",
        "SXS:BBH:1488"
    ],
    "initial_data_type": "BBH_SKS",
    "object_types": "BHBH",
    "number_of_orbits": 18.9869507252,
    "reference_mass_ratio": 1.5933315548866127,
    "reference_chi_eff": 0.08685151247675217,
    "reference_chi1_perp": 4.6549679384648286e-08,
    "reference_chi2_perp": 5.586768392224133e-08,
    "reference_eccentricity": 0.0001815,
    "reference_dimensionless_spin1": [
        3.04892291003e-08,
        -1.67479701623e-08,
        -0.327588339957
    ],
    "reference_dimensionless_spin2": [
        -9.13913865847e-09,
        -2.24046196466e-08,
        0.747191606962
    ],
    "reference_orbital_frequency": [
        7.31136420083e-10,
        2.91711337864e-10,
        0.0162074638346
    ],
    "reference_mass1": 0.614430293553,
    "reference_mass2": 0.385626137679,
    "reference_time": 550.0,
    "reference_position1": [
        -4.63036988859,
        3.73458442833,
        -1.61435254729e-05
    ],
    "reference_position2": [
        7.39795507327,
        -5.89277861334,
        -1.65128575017e-05
    ],
    "reference_mean_anomaly": 0.996418,
    "keywords": [],
    "point_of_contact_email": "scheel@tapir.caltech.edu",
    "authors_emails": [],
    "simulation_bibtex_keys": [
        "Varma:2018mmi",
        "Boyle:2019kee",
        "SXSCatalogWebsite"
    ],
    "code_bibtex_keys": [
        "Ossokine:2013zga",
        "Hemberger:2012jz",
        "Szilagyi:2009qz",
        "Boyle:2009vi",
        "Scheel:2008rj",
        "Boyle:2007ft",
        "Scheel:2006gg",
        "Lindblom:2005qh",
        "Pfeiffer:2002wt",
        "SpECwebsite"
    ],
    "initial_data_bibtex_keys": [
        "Buchman:2012dw",
        "Lovelace:2008tw",
        "Pfeiffer:2007yz",
        "Caudill:2006hw",
        "Cook:2004kt"
    ],
    "quasicircular_bibtex_keys": [
        "Mroue:2012kv",
        "Buonanno:2010yk",
        "Mroue:2010re",
        "Boyle:2007ft"
    ],
    "initial_separation": 15.1537475586,
    "initial_orbital_frequency": 0.015243458596,
    "initial_adot": 0.0001466795856378,
    "object1": "bh",
    "object2": "bh",
    "initial_ADM_energy": 0.9930883223364516,
    "initial_ADM_linear_momentum": [
        6.71755586e-08,
        1.211276467e-07,
        5.41976e-11
    ],
    "initial_ADM_angular_momentum": [
        1.24723e-11,
        -3.9596e-12,
        1.035093146993144
    ],
    "initial_mass1": 0.6144225924969862,
    "initial_mass2": 0.3855774227460895,
    "initial_dimensionless_spin1": [
        4.833e-13,
        -1.879e-13,
        -0.3276539652225378
    ],
    "initial_dimensionless_spin2": [
        -8.268e-13,
        7.996e-13,
        0.7475088952628295
    ],
    "initial_position1": [
        5.873885666462962,
        0.0149594154054704,
        1.85108658e-08
    ],
    "initial_position2": [
        -9.279861892137038,
        0.0149594154054704,
        1.85108658e-08
    ],
    "relaxation_time": 550.0,
    "common_horizon_time": 5046.3077948,
    "remnant_mass": 0.956291035465,
    "remnant_dimensionless_spin": [
        3.19806880242e-08,
        7.74820957222e-09,
        0.633540369778
    ],
    "remnant_velocity": [
        0.000615676394398,
        -0.000773247603139,
        -3.62367898533e-08
    ],
    "metadata_version": 1,
    "spec_revisions": [
        "InitialCommit-30348-g755d64a",
        "InitialCommit-30349-gc8919fa"
    ],
    "spells_revision": "755d64a9ecb1396c12985e0534d4ae1a0d4a7c34",
    "com_parameters": {
        "space_translation": [
            -0.00271080018,
            0.000943740653,
            3.22467341e-06
        ],
        "boost_velocity": [
            9.48563973e-07,
            -1.69895458e-05,
            -3.77652195e-08
        ]
    },
    "initial_mass_ratio": 1.5935128880759073
}