{
    "simulation_name": "BBH_SKS_d15.4_q1_sA_0_0_-0.438_sB_0_0_-0.438/Lev5",
    "alternative_names": [
        "PRIVATE:BBH:0243",
        "SXS:BBH:1144"
    ],
    "initial_data_type": "BBH_SKS",
    "object_types": "BHBH",
    "number_of_orbits": 15.9207543758,
    "reference_mass_ratio": 0.9999949956778506,
    "reference_chi_eff": -0.43760247469961683,
    "reference_chi1_perp": 4.993817978228314e-08,
    "reference_chi2_perp": 3.472965487163491e-08,
    "reference_eccentricity": 0.0082117,
    "reference_dimensionless_spin1": [
        -2.98720862743e-09,
        4.69516680471e-08,
        -0.437605825215
    ],
    "reference_dimensionless_spin2": [
        -4.48471347678e-08,
        7.84510684505e-09,
        -0.437599124201
    ],
    "reference_orbital_frequency": [
        4.26559057561e-10,
        8.21280972511e-11,
        0.0160738374222
    ],
    "reference_mass1": 0.499999281342,
    "reference_mass2": 0.500001783512,
    "reference_time": 640.0,
    "reference_position1": [
        -6.35990166152,
        -4.53269458985,
        -8.50138177097e-06
    ],
    "reference_position2": [
        6.35850215737,
        4.53253537617,
        -8.88521422322e-06
    ],
    "reference_mean_anomaly": 1.513968,
    "keywords": [],
    "point_of_contact_email": "nikkdemos@gmail.com",
    "authors_emails": [],
    "simulation_bibtex_keys": [
        "Boyle:2019kee",
        "SXSCatalogWebsite"
    ],
    "code_bibtex_keys": [
        "Ossokine:2013zga",
        "Hemberger:2012jz",
        "Szilagyi:2009qz",
        "Boyle:2009vi",
        "Scheel:2008rj",
        "Boyle:2007ft",
        "Scheel:2006gg",
        "Lindblom:2005qh",
        "Pfeiffer:2002wt",
        "SpECwebsite"
    ],
    "initial_data_bibtex_keys": [
        "Buchman:2012dw",
        "Lovelace:2008tw",
        "Pfeiffer:2007yz",
        "Caudill:2006hw",
        "Cook:2004kt"
    ],
    "quasicircular_bibtex_keys": [
        "Mroue:2012kv",
        "Buonanno:2010yk",
        "Mroue:2010re",
        "Boyle:2007ft"
    ],
    "initial_separation": 15.37523754,
    "initial_orbital_frequency": 0.01539434,
    "initial_adot": -0.000129401977,
    "object1": "bh",
    "object2": "bh",
    "initial_ADM_energy": 0.9929312536685294,
    "initial_ADM_linear_momentum": [
        -3.01638799e-08,
        1.71331602e-08,
        1.38113e-11
    ],
    "initial_ADM_angular_momentum": [
        -4.0155e-12,
        -1.07748e-11,
        0.91798818369789
    ],
    "initial_mass1": 0.500000003109416,
    "initial_mass2": 0.5000000031331606,
    "initial_dimensionless_spin1": [
        -3.941e-13,
        -1.39e-14,
        -0.437570003442
    ],
    "initial_dimensionless_spin2": [
        -1.217e-13,
        -7.21e-14,
        -0.437570001584
    ],
    "initial_position1": [
        7.687619105326662,
        1.6189328758e-06,
        0.0
    ],
    "initial_position2": [
        -7.687618434673339,
        1.6189328758e-06,
        0.0
    ],
    "relaxation_time": 640.0,
    "common_horizon_time": 4439.20072321,
    "remnant_mass": 0.961127705186,
    "remnant_dimensionless_spin": [
        9.42176348189e-09,
        1.29683386272e-08,
        0.547791636267
    ],
    "remnant_velocity": [
        -1.19250887008e-06,
        -2.70752962945e-07,
        -1.68426216215e-08
    ],
    "metadata_version": 1,
    "spec_revisions": "InitialCommit-28685-g9de2e0b",
    "spells_revision": "9de2e0b68cf6e9dbeed8e869e7f6bfbdd239013f",
    "com_parameters": {
        "space_translation": [
            0.000137874485,
            0.000173756347,
            2.20973965e-06
        ],
        "boost_velocity": [
            -1.21743845e-06,
            -2.07640831e-07,
            -1.73715854e-08
        ]
    },
    "initial_mass_ratio": 0.9999999999525107
}