{
    "simulation_name": "002/Lev3",
    "alternative_names": [
        "BFI:HybTest:002",
        "SXS:BBH:1413"
    ],
    "initial_data_type": "BBH_SKS",
    "object_types": "BHBH",
    "number_of_orbits": 145.448651655,
    "reference_mass_ratio": 1.4100192351020582,
    "reference_chi_eff": 0.4585080934657245,
    "reference_chi1_perp": 2.6206005188060232e-08,
    "reference_chi2_perp": 2.0302629595923013e-08,
    "reference_eccentricity": "<1.0e-04",
    "reference_dimensionless_spin1": [
        -2.42036522518e-09,
        -2.55710156365e-08,
        0.500003562202
    ],
    "reference_dimensionless_spin2": [
        -6.92017998621e-10,
        -1.97155945377e-08,
        0.399998684378
    ],
    "reference_orbital_frequency": [
        -3.25129135039e-11,
        6.2340309776e-12,
        0.00501100956929
    ],
    "reference_mass1": 0.585067416035,
    "reference_mass2": 0.414935769293,
    "reference_time": 640.0,
    "reference_position1": [
        -13.7948144186,
        -0.797684973485,
        2.77482078809e-06
    ],
    "reference_position2": [
        19.494849125,
        1.15827232654,
        2.98838063829e-06
    ],
    "reference_mean_anomaly": 2.93156,
    "keywords": [],
    "point_of_contact_email": "scheel@tapir.caltech.edu",
    "authors_emails": [],
    "simulation_bibtex_keys": [
        "Varma:2018mmi",
        "Boyle:2019kee",
        "SXSCatalogWebsite"
    ],
    "code_bibtex_keys": [
        "Ossokine:2013zga",
        "Hemberger:2012jz",
        "Szilagyi:2009qz",
        "Boyle:2009vi",
        "Scheel:2008rj",
        "Boyle:2007ft",
        "Scheel:2006gg",
        "Lindblom:2005qh",
        "Pfeiffer:2002wt",
        "SpECwebsite"
    ],
    "initial_data_bibtex_keys": [
        "Buchman:2012dw",
        "Lovelace:2008tw",
        "Pfeiffer:2007yz",
        "Caudill:2006hw",
        "Cook:2004kt"
    ],
    "quasicircular_bibtex_keys": [
        "Mroue:2012kv",
        "Buonanno:2010yk",
        "Mroue:2010re",
        "Boyle:2007ft"
    ],
    "initial_separation": 33.25390625,
    "initial_orbital_frequency": 0.004939883013,
    "initial_adot": 2.37863342778e-05,
    "object1": "bh",
    "object2": "bh",
    "initial_ADM_energy": 0.9965238113800585,
    "initial_ADM_linear_momentum": [
        1.013467831e-07,
        1.136664985e-07,
        -1.094029e-10
    ],
    "initial_ADM_angular_momentum": [
        -6.011033e-10,
        1.163492e-10,
        1.7173003404007192
    ],
    "initial_mass1": 0.5850622576607886,
    "initial_mass2": 0.414937772861956,
    "initial_dimensionless_spin1": [
        1.264e-13,
        -2.368e-13,
        0.4999999599455704
    ],
    "initial_dimensionless_spin2": [
        -1.272e-13,
        -1.18e-13,
        0.4000000780289583
    ],
    "initial_position1": [
        13.795419418053983,
        0.0096405914335539,
        -1.225595507e-07
    ],
    "initial_position2": [
        -19.45848683194602,
        0.0096405914335539,
        -1.225595507e-07
    ],
    "relaxation_time": 640.0,
    "common_horizon_time": 114672.899032,
    "remnant_mass": 0.937730735223,
    "remnant_dimensionless_spin": [
        -6.63353783401e-09,
        -1.90726513623e-08,
        0.815925297923
    ],
    "remnant_velocity": [
        -1.33136145097e-05,
        9.74451290205e-05,
        3.26112202523e-09
    ],
    "metadata_version": 1,
    "spec_revisions": [
        "InitialCommit-30517-ge17b061",
        "InitialCommit-30518-g04f3d32",
        "InitialCommit-30525-g3acfc51"
    ],
    "spells_revision": "e17b0615c6bf86e4200c16f10279040974488400",
    "com_parameters": {
        "space_translation": [
            0.02189485,
            0.02523938,
            0.00013276
        ],
        "boost_velocity": [
            1.05196152e-06,
            4.33034826e-06,
            2.19996036e-09
        ]
    },
    "initial_mass_ratio": 1.409999995000288
}