{
    "simulation_name": "065/Lev3",
    "alternative_names": [
        "BFI:q8_3dAl:065",
        "SXS:BBH:1475"
    ],
    "initial_data_type": "BBH_SKS",
    "object_types": "BHBH",
    "number_of_orbits": 16.0579925752,
    "reference_mass_ratio": 0.9999999790396642,
    "reference_chi_eff": -0.7997445553179995,
    "reference_chi1_perp": 3.036078906294282e-08,
    "reference_chi2_perp": 2.7561873131378845e-08,
    "reference_eccentricity": 0.0006336,
    "reference_dimensionless_spin1": [
        1.97876473784e-08,
        2.32035569081e-08,
        -0.799744603788
    ],
    "reference_dimensionless_spin2": [
        -1.74394750183e-08,
        -2.11488122561e-08,
        -0.799744506848
    ],
    "reference_orbital_frequency": [
        5.07345435602e-12,
        -7.7035581106e-12,
        0.0148774020982
    ],
    "reference_mass1": 0.500039685691,
    "reference_mass2": 0.500039696172,
    "reference_time": 620.0,
    "reference_position1": [
        -7.63141626524,
        3.15148768523,
        -4.02383805607e-06
    ],
    "reference_position2": [
        7.63139871472,
        -3.15145670947,
        -4.03230662422e-06
    ],
    "reference_mean_anomaly": 1.342475,
    "keywords": [],
    "point_of_contact_email": "scheel@tapir.caltech.edu",
    "authors_emails": [],
    "simulation_bibtex_keys": [
        "Varma:2018mmi",
        "Boyle:2019kee",
        "SXSCatalogWebsite"
    ],
    "code_bibtex_keys": [
        "Ossokine:2013zga",
        "Hemberger:2012jz",
        "Szilagyi:2009qz",
        "Boyle:2009vi",
        "Scheel:2008rj",
        "Boyle:2007ft",
        "Scheel:2006gg",
        "Lindblom:2005qh",
        "Pfeiffer:2002wt",
        "SpECwebsite"
    ],
    "initial_data_bibtex_keys": [
        "Buchman:2012dw",
        "Lovelace:2008tw",
        "Pfeiffer:2007yz",
        "Caudill:2006hw",
        "Cook:2004kt"
    ],
    "quasicircular_bibtex_keys": [
        "Mroue:2012kv",
        "Buonanno:2010yk",
        "Mroue:2010re",
        "Boyle:2007ft"
    ],
    "initial_separation": 16.3300170898,
    "initial_orbital_frequency": 0.013730399964,
    "initial_adot": -0.0003164445485025,
    "object1": "bh",
    "object2": "bh",
    "initial_ADM_energy": 0.9933980760425707,
    "initial_ADM_linear_momentum": [
        -4.84710206e-08,
        -1.98241502e-08,
        -3.91403e-11
    ],
    "initial_ADM_angular_momentum": [
        8.65895e-11,
        -4.569e-13,
        0.7746667933290119
    ],
    "initial_mass1": 0.4999999815290366,
    "initial_mass2": 0.5000000215297806,
    "initial_dimensionless_spin1": [
        1.196e-13,
        9.74e-14,
        -0.7999999479328836
    ],
    "initial_dimensionless_spin2": [
        -1.584e-13,
        -6.04e-14,
        -0.8000000395412115
    ],
    "initial_position1": [
        8.16500872845705,
        1.3831863769e-06,
        1.83170127e-08
    ],
    "initial_position2": [
        -8.165008361342949,
        1.3831863769e-06,
        1.83170127e-08
    ],
    "relaxation_time": 620.0,
    "common_horizon_time": 4885.13897377,
    "remnant_mass": 0.966574172222,
    "remnant_dimensionless_spin": [
        6.07614530891e-10,
        -1.76982748447e-11,
        0.426875292341
    ],
    "remnant_velocity": [
        -3.8583173746e-09,
        3.92641030172e-08,
        3.04387428965e-09
    ],
    "metadata_version": 1,
    "spec_revisions": "InitialCommit-30348-g755d64a",
    "spells_revision": "755d64a9ecb1396c12985e0534d4ae1a0d4a7c34",
    "com_parameters": {
        "space_translation": [
            -5.61470639e-06,
            -9.18758397e-06,
            -3.29932241e-06
        ],
        "boost_velocity": [
            -5.35048195e-09,
            3.91655047e-08,
            -4.56575957e-09
        ]
    },
    "initial_mass_ratio": 0.9999999199985153
}