{
    "simulation_name": "BBH_CFMS_d13.2_q3_sA_0_0_0_sB_0_0_0/Lev5",
    "alternative_names": [
        "PRIVATE:BBH:0166",
        "SXS:BBH:1177"
    ],
    "initial_data_type": "BBH_CFMS",
    "object_types": "BHBH",
    "number_of_orbits": 15.595753047,
    "reference_mass_ratio": 2.9999839269091813,
    "reference_chi_eff": -5.086809816068195e-06,
    "reference_chi1_perp": 1.4381764013786368e-07,
    "reference_chi2_perp": 2.480136244096838e-08,
    "reference_eccentricity": 0.002636,
    "reference_dimensionless_spin1": [
        -1.3185313815e-07,
        -5.74292962962e-08,
        -1.05088720326e-05
    ],
    "reference_dimensionless_spin2": [
        -2.44341965909e-08,
        4.25550183624e-09,
        1.11792896629e-05
    ],
    "reference_orbital_frequency": [
        -1.12910200834e-09,
        2.53886522005e-10,
        0.0202333509076
    ],
    "reference_mass1": 0.750006302392,
    "reference_mass2": 0.25000344024,
    "reference_time": 640.0,
    "reference_position1": [
        3.28536719854,
        -0.126717018456,
        9.93991160143e-06
    ],
    "reference_position2": [
        -9.98107733967,
        0.275837913025,
        9.19453964045e-06
    ],
    "reference_mean_anomaly": 0.920481,
    "keywords": [],
    "point_of_contact_email": "pschmidt@tapir.caltech.edu",
    "authors_emails": [],
    "simulation_bibtex_keys": [
        "Boyle:2019kee",
        "SXSCatalogWebsite"
    ],
    "code_bibtex_keys": [
        "Ossokine:2013zga",
        "Hemberger:2012jz",
        "Szilagyi:2009qz",
        "Boyle:2009vi",
        "Scheel:2008rj",
        "Boyle:2007ft",
        "Scheel:2006gg",
        "Lindblom:2005qh",
        "Pfeiffer:2002wt",
        "SpECwebsite"
    ],
    "initial_data_bibtex_keys": [
        "Buchman:2012dw",
        "Lovelace:2008tw",
        "Pfeiffer:2007yz",
        "Caudill:2006hw",
        "Cook:2004kt"
    ],
    "quasicircular_bibtex_keys": [
        "Mroue:2012kv",
        "Buonanno:2010yk",
        "Mroue:2010re",
        "Boyle:2007ft"
    ],
    "initial_separation": 13.2,
    "initial_orbital_frequency": 0.01893914702,
    "initial_adot": -9.2209280433e-05,
    "object1": "bh",
    "object2": "bh",
    "initial_ADM_energy": 0.9938667862030582,
    "initial_ADM_linear_momentum": [
        1.08414e-11,
        -1.74757e-11,
        -3.7623e-12
    ],
    "initial_ADM_angular_momentum": [
        1.4365544827e-06,
        -6.232628e-09,
        0.7921524304945227
    ],
    "initial_mass1": 0.7500000000034152,
    "initial_mass2": 0.2500000000121011,
    "initial_dimensionless_spin1": [
        -4.47192761e-08,
        -7.24606000001e-11,
        -1.364270759e-07
    ],
    "initial_dimensionless_spin2": [
        -8.2597847e-09,
        3.2950335e-09,
        -1.48520074e-08
    ],
    "initial_position1": [
        3.2882691374311714,
        0.0177489702986394,
        0.0
    ],
    "initial_position2": [
        -9.911730862568827,
        0.0177489702986394,
        0.0
    ],
    "relaxation_time": 640.0,
    "common_horizon_time": 3504.67181327,
    "remnant_mass": 0.971209856972,
    "remnant_dimensionless_spin": [
        -9.71714236851e-08,
        -1.1840007786e-08,
        0.54038557531
    ],
    "remnant_velocity": [
        -0.000325712369865,
        0.000468657341366,
        2.84297530835e-08
    ],
    "metadata_version": 1,
    "spec_revisions": [
        "InitialCommit-27894-gfdaaa93",
        "InitialCommit-28024-gf27113e"
    ],
    "spells_revision": "fdaaa93f28503b4fd93ee1d26d61b10ff6f4a17d",
    "com_parameters": {
        "space_translation": [
            -0.0152200949,
            -0.000303545847,
            -3.78775557e-06
        ],
        "boost_velocity": [
            -1.02411244e-06,
            2.9003386e-07,
            2.08030613e-08
        ]
    },
    "initial_mass_ratio": 2.9999999998684475
}