{
    "simulation_name": "081/Lev3",
    "alternative_names": [
        "BFI:q8_3dAl:081",
        "SXS:BBH:1491"
    ],
    "initial_data_type": "BBH_SKS",
    "object_types": "BHBH",
    "number_of_orbits": 18.5500193522,
    "reference_mass_ratio": 1.6597267670069937,
    "reference_chi_eff": -0.13748582185332922,
    "reference_chi1_perp": 1.769465299127042e-08,
    "reference_chi2_perp": 5.116052931141673e-08,
    "reference_eccentricity": 0.0002663,
    "reference_dimensionless_spin1": [
        1.89680708206e-08,
        -2.05280585218e-09,
        0.199296208987
    ],
    "reference_dimensionless_spin2": [
        2.80883053872e-08,
        -9.52258468093e-09,
        -0.696451973086
    ],
    "reference_orbital_frequency": [
        1.78639979526e-10,
        -6.25133265615e-10,
        0.0161149230012
    ],
    "reference_mass1": 0.624041445255,
    "reference_mass2": 0.375990468829,
    "reference_time": 640.0,
    "reference_position1": [
        -4.56481833379,
        -3.58689797091,
        -1.30781446546e-05
    ],
    "reference_position2": [
        7.62012537245,
        6.00468091758,
        -1.28411409197e-05
    ],
    "reference_mean_anomaly": 3.694429,
    "keywords": [],
    "point_of_contact_email": "scheel@tapir.caltech.edu",
    "authors_emails": [],
    "simulation_bibtex_keys": [
        "Varma:2018mmi",
        "Boyle:2019kee",
        "SXSCatalogWebsite"
    ],
    "code_bibtex_keys": [
        "Ossokine:2013zga",
        "Hemberger:2012jz",
        "Szilagyi:2009qz",
        "Boyle:2009vi",
        "Scheel:2008rj",
        "Boyle:2007ft",
        "Scheel:2006gg",
        "Lindblom:2005qh",
        "Pfeiffer:2002wt",
        "SpECwebsite"
    ],
    "initial_data_bibtex_keys": [
        "Buchman:2012dw",
        "Lovelace:2008tw",
        "Pfeiffer:2007yz",
        "Caudill:2006hw",
        "Cook:2004kt"
    ],
    "quasicircular_bibtex_keys": [
        "Mroue:2012kv",
        "Buonanno:2010yk",
        "Mroue:2010re",
        "Boyle:2007ft"
    ],
    "initial_separation": 15.3317871094,
    "initial_orbital_frequency": 0.015165972272,
    "initial_adot": -0.0001407200315685,
    "object1": "bh",
    "object2": "bh",
    "initial_ADM_energy": 0.9932495379452897,
    "initial_ADM_linear_momentum": [
        -8.9865582e-09,
        -3.09031936e-08,
        5.4507e-12
    ],
    "initial_ADM_angular_momentum": [
        1.19637e-11,
        -3.88816e-11,
        1.028429052465107
    ],
    "initial_mass1": 0.6240537358551861,
    "initial_mass2": 0.3759462579507951,
    "initial_dimensionless_spin1": [
        -8.47e-14,
        3.057e-13,
        0.1991003518876391
    ],
    "initial_dimensionless_spin2": [
        1.0076e-12,
        9.66e-14,
        -0.6966271927817992
    ],
    "initial_position1": [
        5.749006112090115,
        0.0145277743823744,
        -7.741671e-10
    ],
    "initial_position2": [
        -9.582780997309886,
        0.0145277743823744,
        -7.741671e-10
    ],
    "relaxation_time": 640.0,
    "common_horizon_time": 5034.41333679,
    "remnant_mass": 0.958404333502,
    "remnant_dimensionless_spin": [
        1.15756054204e-08,
        -2.10975292544e-08,
        0.650336431596
    ],
    "remnant_velocity": [
        0.000266216690818,
        0.000233549404955,
        -1.52475259929e-08
    ],
    "metadata_version": 1,
    "spec_revisions": [
        "InitialCommit-30348-g755d64a",
        "InitialCommit-30349-gc8919fa"
    ],
    "spells_revision": "755d64a9ecb1396c12985e0534d4ae1a0d4a7c34",
    "com_parameters": {
        "space_translation": [
            -0.00534093114,
            0.0029156808,
            1.708026e-06
        ],
        "boost_velocity": [
            3.40172821e-06,
            -1.06243643e-05,
            -2.46535427e-08
        ]
    },
    "initial_mass_ratio": 1.6599546415404511
}