{
    "simulation_name": "021/Lev3",
    "alternative_names": [
        "BFI:q8_3dAl:021",
        "SXS:BBH:1433"
    ],
    "initial_data_type": "BBH_SKS",
    "object_types": "BHBH",
    "number_of_orbits": 17.4433581279,
    "reference_mass_ratio": 7.999357281184567,
    "reference_chi_eff": -0.6322526503158767,
    "reference_chi1_perp": 5.986383029774206e-07,
    "reference_chi2_perp": 3.2083420238179966e-08,
    "reference_eccentricity": 0.0005132,
    "reference_dimensionless_spin1": [
        4.00361255446e-07,
        -2.41666505664e-07,
        -0.737223078647
    ],
    "reference_dimensionless_spin2": [
        2.45875536032e-08,
        -2.80046279769e-09,
        0.207443309863
    ],
    "reference_orbital_frequency": [
        4.55185846556e-09,
        1.75706840365e-09,
        0.0195044784442
    ],
    "reference_mass1": 0.888827909088,
    "reference_mass2": 0.111112415391,
    "reference_time": 340.0,
    "reference_position1": [
        1.44007221983,
        0.452010420075,
        1.57643516404e-05
    ],
    "reference_position2": [
        -11.4160135245,
        -3.79631892748,
        1.91473535588e-05
    ],
    "reference_mean_anomaly": 3.553772,
    "keywords": [],
    "point_of_contact_email": "vvarma@caltech.edu",
    "authors_emails": [],
    "simulation_bibtex_keys": [
        "Varma:2018mmi",
        "Boyle:2019kee",
        "SXSCatalogWebsite"
    ],
    "code_bibtex_keys": [
        "Ossokine:2013zga",
        "Hemberger:2012jz",
        "Szilagyi:2009qz",
        "Boyle:2009vi",
        "Scheel:2008rj",
        "Boyle:2007ft",
        "Scheel:2006gg",
        "Lindblom:2005qh",
        "Pfeiffer:2002wt",
        "SpECwebsite"
    ],
    "initial_data_bibtex_keys": [
        "Buchman:2012dw",
        "Lovelace:2008tw",
        "Pfeiffer:2007yz",
        "Caudill:2006hw",
        "Cook:2004kt"
    ],
    "quasicircular_bibtex_keys": [
        "Mroue:2012kv",
        "Buonanno:2010yk",
        "Mroue:2010re",
        "Boyle:2007ft"
    ],
    "initial_separation": 13.1893310547,
    "initial_orbital_frequency": 0.019064803958,
    "initial_adot": 3.92275525649e-05,
    "object1": "bh",
    "object2": "bh",
    "initial_ADM_energy": 0.9969137503065879,
    "initial_ADM_linear_momentum": [
        -3.66602746e-08,
        5.04362381e-08,
        1.99086e-11
    ],
    "initial_ADM_angular_momentum": [
        6.09503e-11,
        -1.44163e-11,
        -0.1454704854180442
    ],
    "initial_mass1": 0.888888875695691,
    "initial_mass2": 0.1111111118985588,
    "initial_dimensionless_spin1": [
        -7.66e-14,
        3.72e-14,
        -0.7370862119958077
    ],
    "initial_dimensionless_spin2": [
        -5.1e-15,
        2.63e-14,
        0.2074831471414984
    ],
    "initial_position1": [
        1.4922249539509154,
        0.0270044970332298,
        5.1909832e-09
    ],
    "initial_position2": [
        -11.697106100749085,
        0.0270044970332298,
        5.1909832e-09
    ],
    "relaxation_time": 340.0,
    "common_horizon_time": 4255.76338575,
    "remnant_mass": 0.992452864669,
    "remnant_dimensionless_spin": [
        9.43503946701e-07,
        -8.5402808481e-08,
        -0.223894394472
    ],
    "remnant_velocity": [
        0.00029784949252,
        0.000227145893857,
        -5.72376341493e-08
    ],
    "metadata_version": 1,
    "spec_revisions": "InitialCommit-30391-g7de1691",
    "spells_revision": "7de1691a20fa3565c2276fa60966e8a261a47fe7",
    "com_parameters": {
        "space_translation": [
            -0.00115325473,
            0.035402642,
            9.95358697e-05
        ],
        "boost_velocity": [
            -8.68920465e-07,
            -2.81677064e-05,
            -9.35605043e-08
        ]
    },
    "initial_mass_ratio": 7.999999824564987
}