{
    "simulation_name": "0481/Lev3",
    "alternative_names": [
        "BFI:q4_7d:0481",
        "SXS:BBH:1962"
    ],
    "initial_data_type": "BBH_SKS",
    "object_types": "BHBH",
    "number_of_orbits": 19.2006811297,
    "reference_mass_ratio": 3.998703302657698,
    "reference_chi_eff": -0.16012095690585518,
    "reference_chi1_perp": 5.07548673663123e-07,
    "reference_chi2_perp": 1.0046872484479883e-07,
    "reference_eccentricity": 0.0002271,
    "reference_dimensionless_spin1": [
        -4.41489898374e-07,
        2.63327330815e-07,
        -0.400122375595
    ],
    "reference_dimensionless_spin2": [
        3.80236383973e-09,
        -4.07788444858e-08,
        0.799573508649
    ],
    "reference_orbital_frequency": [
        1.05702073509e-09,
        1.10944537853e-09,
        0.0178337862006
    ],
    "reference_mass1": 0.799960925916,
    "reference_mass2": 0.200055084203,
    "reference_time": 490.0,
    "reference_position1": [
        -1.95554441085,
        2.11816277237,
        -2.97762748212e-05
    ],
    "reference_position2": [
        7.93997196254,
        -8.31037317895,
        -2.97140264006e-05
    ],
    "reference_mean_anomaly": 5.968537,
    "keywords": [],
    "point_of_contact_email": "glovelace@fullerton.edu",
    "authors_emails": [],
    "simulation_bibtex_keys": [
        "Varma:2019csw",
        "Boyle:2019kee",
        "SXSCatalogWebsite"
    ],
    "code_bibtex_keys": [
        "Ossokine:2013zga",
        "Hemberger:2012jz",
        "Szilagyi:2009qz",
        "Boyle:2009vi",
        "Scheel:2008rj",
        "Boyle:2007ft",
        "Scheel:2006gg",
        "Lindblom:2005qh",
        "Pfeiffer:2002wt",
        "SpECwebsite"
    ],
    "initial_data_bibtex_keys": [
        "Buchman:2012dw",
        "Lovelace:2008tw",
        "Pfeiffer:2007yz",
        "Caudill:2006hw",
        "Cook:2004kt"
    ],
    "quasicircular_bibtex_keys": [
        "Mroue:2012kv",
        "Buonanno:2010yk",
        "Mroue:2010re",
        "Boyle:2007ft"
    ],
    "initial_separation": 14.1071166992,
    "initial_orbital_frequency": 0.016673982695,
    "initial_adot": 0.0003420673841312,
    "object1": "bh",
    "object2": "bh",
    "initial_ADM_energy": 0.9951352838321985,
    "initial_ADM_linear_momentum": [
        3.7167129e-09,
        -1.106011855e-07,
        -1.13019e-11
    ],
    "initial_ADM_angular_momentum": [
        2.14964e-11,
        -9.9775e-12,
        0.4752327361594968
    ],
    "initial_mass1": 0.7999999692800686,
    "initial_mass2": 0.1999999943559815,
    "initial_dimensionless_spin1": [
        1.696e-13,
        -7.69e-14,
        -0.3999999886984869
    ],
    "initial_dimensionless_spin2": [
        -1.5853e-12,
        1.8818e-12,
        0.8000000305692138
    ],
    "initial_position1": [
        2.8496155394795,
        0.0297325197756747,
        -9.0149533e-09
    ],
    "initial_position2": [
        -11.257501159720501,
        0.0297325197756747,
        -9.0149533e-09
    ],
    "relaxation_time": 490.0,
    "common_horizon_time": 4846.59028192,
    "remnant_mass": 0.981114733337,
    "remnant_dimensionless_spin": [
        -2.24527113556e-07,
        5.39967340041e-09,
        0.274613384321
    ],
    "remnant_velocity": [
        0.000697294057191,
        -0.000314016426186,
        -2.77532895065e-07
    ],
    "metadata_version": 1,
    "spec_revisions": "InitialCommit-30548-g8a39246",
    "spells_revision": "8a392465d586c8ca817d062b58522dabb63df692",
    "com_parameters": {
        "space_translation": [
            -0.00512489,
            0.01121496,
            0.00012555
        ],
        "boost_velocity": [
            1.79946785e-06,
            5.48715546e-06,
            -2.69890656e-07
        ]
    },
    "initial_mass_ratio": 3.9999999592807116
}