{
    "simulation_name": "079/Lev3",
    "alternative_names": [
        "BFI:q8_3dAl:079",
        "SXS:BBH:1489"
    ],
    "initial_data_type": "BBH_SKS",
    "object_types": "BHBH",
    "number_of_orbits": 21.2228935542,
    "reference_mass_ratio": 3.464664708053014,
    "reference_chi_eff": 0.1942014052438343,
    "reference_chi1_perp": 1.1285839010827767e-06,
    "reference_chi2_perp": 1.8126700010839592e-07,
    "reference_eccentricity": 0.000261,
    "reference_dimensionless_spin1": [
        -4.80492482296e-07,
        9.45520738622e-07,
        0.299817896511
    ],
    "reference_dimensionless_spin2": [
        -1.29955746572e-07,
        1.76390618971e-07,
        -0.171724324637
    ],
    "reference_orbital_frequency": [
        7.32503072426e-09,
        -6.19338433026e-10,
        0.0183226123888
    ],
    "reference_mass1": 0.775961923592,
    "reference_mass2": 0.223964507096,
    "reference_time": 640.0,
    "reference_position1": [
        1.4488147007,
        -2.77420000847,
        -2.30286390197e-06
    ],
    "reference_position2": [
        -5.15865065264,
        9.67209468379,
        7.59382582518e-07
    ],
    "reference_mean_anomaly": 4.307201,
    "keywords": [],
    "point_of_contact_email": "scheel@tapir.caltech.edu",
    "authors_emails": [],
    "simulation_bibtex_keys": [
        "Varma:2018mmi",
        "Boyle:2019kee",
        "SXSCatalogWebsite"
    ],
    "code_bibtex_keys": [
        "Ossokine:2013zga",
        "Hemberger:2012jz",
        "Szilagyi:2009qz",
        "Boyle:2009vi",
        "Scheel:2008rj",
        "Boyle:2007ft",
        "Scheel:2006gg",
        "Lindblom:2005qh",
        "Pfeiffer:2002wt",
        "SpECwebsite"
    ],
    "initial_data_bibtex_keys": [
        "Buchman:2012dw",
        "Lovelace:2008tw",
        "Pfeiffer:2007yz",
        "Caudill:2006hw",
        "Cook:2004kt"
    ],
    "quasicircular_bibtex_keys": [
        "Mroue:2012kv",
        "Buonanno:2010yk",
        "Mroue:2010re",
        "Boyle:2007ft"
    ],
    "initial_separation": 13.9053955078,
    "initial_orbital_frequency": 0.017535853594,
    "initial_adot": -2.25388964421e-05,
    "object1": "bh",
    "object2": "bh",
    "initial_ADM_energy": 0.9944880370910014,
    "initial_ADM_linear_momentum": [
        4.03704333e-08,
        -1.037816225e-07,
        5.5659e-12
    ],
    "initial_ADM_angular_momentum": [
        5.3178e-12,
        -1.8853e-12,
        0.912078925136629
    ],
    "initial_mass1": 0.7760159267256858,
    "initial_mass2": 0.2239840728165644,
    "initial_dimensionless_spin1": [
        5.7e-15,
        2.298e-13,
        0.2998542558973081
    ],
    "initial_dimensionless_spin2": [
        1.484e-13,
        -1.023e-13,
        -0.1717153760603924
    ],
    "initial_position1": [
        3.1133924146387626,
        0.0278449342440413,
        -1.70356063e-08
    ],
    "initial_position2": [
        -10.792003093161238,
        0.0278449342440413,
        -1.70356063e-08
    ],
    "relaxation_time": 640.0,
    "common_horizon_time": 5051.53362739,
    "remnant_mass": 0.969891550904,
    "remnant_dimensionless_spin": [
        -8.59994775735e-08,
        4.25923007384e-07,
        0.645991835547
    ],
    "remnant_velocity": [
        0.000389889618969,
        -2.02441686769e-05,
        -3.708942922e-08
    ],
    "metadata_version": 1,
    "spec_revisions": "InitialCommit-30393-gd86570b",
    "spells_revision": "755d64a9ecb1396c12985e0534d4ae1a0d4a7c34",
    "com_parameters": {
        "space_translation": [
            -0.0147252356,
            -0.00486455817,
            1.86731512e-05
        ],
        "boost_velocity": [
            1.43129586e-05,
            1.12292459e-05,
            -1.98299691e-08
        ]
    },
    "initial_mass_ratio": 3.4646031611418073
}