{
    "simulation_name": "0291/Lev3",
    "alternative_names": [
        "BFI:q4_7d:0291",
        "SXS:BBH:1779"
    ],
    "initial_data_type": "BBH_SKS",
    "object_types": "BHBH",
    "number_of_orbits": 19.247955344,
    "reference_mass_ratio": 3.1760279855071314,
    "reference_chi_eff": -0.17946316525840056,
    "reference_chi1_perp": 0.7218030043459898,
    "reference_chi2_perp": 0.7913456111700915,
    "reference_eccentricity": 0.0004389,
    "reference_dimensionless_spin1": [
        -0.211061767917,
        -0.717339802985,
        -0.187894562642
    ],
    "reference_dimensionless_spin2": [
        -0.792867648018,
        -0.0996972369263,
        0.0033890697758
    ],
    "reference_orbital_frequency": [
        -0.0027255311583,
        0.00293086970709,
        0.0168527533836
    ],
    "reference_mass1": 0.760516809677,
    "reference_mass2": 0.239455323803,
    "reference_time": 640.0,
    "reference_position1": [
        -0.500605418507,
        -3.43065382151,
        0.535319364945
    ],
    "reference_position2": [
        1.46096654481,
        10.9673910296,
        -1.6514133992
    ],
    "reference_mean_anomaly": 2.901933,
    "keywords": [],
    "point_of_contact_email": "fmh33@cornell.edu",
    "authors_emails": [],
    "simulation_bibtex_keys": [
        "Varma:2019csw",
        "Boyle:2019kee",
        "SXSCatalogWebsite"
    ],
    "code_bibtex_keys": [
        "Ossokine:2013zga",
        "Hemberger:2012jz",
        "Szilagyi:2009qz",
        "Boyle:2009vi",
        "Scheel:2008rj",
        "Boyle:2007ft",
        "Scheel:2006gg",
        "Lindblom:2005qh",
        "Pfeiffer:2002wt",
        "SpECwebsite"
    ],
    "initial_data_bibtex_keys": [
        "Buchman:2012dw",
        "Lovelace:2008tw",
        "Pfeiffer:2007yz",
        "Caudill:2006hw",
        "Cook:2004kt"
    ],
    "quasicircular_bibtex_keys": [
        "Mroue:2012kv",
        "Buonanno:2010yk",
        "Mroue:2010re",
        "Boyle:2007ft"
    ],
    "initial_separation": 14.5093383789,
    "initial_orbital_frequency": 0.01640602296,
    "initial_adot": -0.0001844340166361,
    "object1": "bh",
    "object2": "bh",
    "initial_ADM_energy": 0.9945665135243945,
    "initial_ADM_linear_momentum": [
        2.4859066e-09,
        -2.83886445e-08,
        1.10551891e-08
    ],
    "initial_ADM_angular_momentum": [
        -0.2857846476591424,
        -0.2871445624724459,
        0.6738498892845561
    ],
    "initial_mass1": 0.7605515084590453,
    "initial_mass2": 0.2394484479577695,
    "initial_dimensionless_spin1": [
        -0.4393430773616155,
        -0.5943910284171257,
        -0.2189638972902093
    ],
    "initial_dimensionless_spin2": [
        -0.5351671643493452,
        0.5934636476343481,
        -0.0181112365712103
    ],
    "initial_position1": [
        3.4906990891277414,
        0.0295619972971114,
        -0.0108715761078527
    ],
    "initial_position2": [
        -11.01863928977226,
        0.0295619972971114,
        -0.0108715761078527
    ],
    "relaxation_time": 640.0,
    "common_horizon_time": 4965.72738541,
    "remnant_mass": 0.973605105287,
    "remnant_dimensionless_spin": [
        -0.245225784717,
        -0.221404045342,
        0.483325625845
    ],
    "remnant_velocity": [
        0.000731912875957,
        0.000681857768952,
        -0.00256518070693
    ],
    "metadata_version": 1,
    "spec_revisions": "InitialCommit-30548-g8a39246",
    "spells_revision": "8a392465d586c8ca817d062b58522dabb63df692",
    "com_parameters": {
        "space_translation": [
            -0.01646661,
            -0.00609624,
            0.00033568
        ],
        "boost_velocity": [
            1.89900025e-05,
            2.52547707e-05,
            3.895469e-06
        ]
    },
    "initial_mass_ratio": 3.17626409753627
}