{
    "simulation_name": "0486/Lev3",
    "alternative_names": [
        "BFI:q4_7d:0486",
        "SXS:BBH:1967"
    ],
    "initial_data_type": "BBH_SKS",
    "object_types": "BHBH",
    "number_of_orbits": 23.1895549358,
    "reference_mass_ratio": 3.9999412934301173,
    "reference_chi_eff": 0.4592728257948233,
    "reference_chi1_perp": 0.5570956767639645,
    "reference_chi2_perp": 5.355376861116737e-06,
    "reference_eccentricity": 0.0002317,
    "reference_dimensionless_spin1": [
        -0.238414169693,
        -0.499974637786,
        0.5771765043
    ],
    "reference_dimensionless_spin2": [
        -1.3596833526e-06,
        -4.64417647253e-06,
        -3.71045776389e-05
    ],
    "reference_orbital_frequency": [
        -0.00151095279313,
        0.000750866557362,
        0.0189418888689
    ],
    "reference_mass1": 0.800035818148,
    "reference_mass2": 0.20001189004,
    "reference_time": 340.0,
    "reference_position1": [
        2.6852955297,
        0.345627089099,
        0.20239404552
    ],
    "reference_position2": [
        -10.8459177935,
        -1.48757762494,
        -0.804291854945
    ],
    "reference_mean_anomaly": 2.139696,
    "keywords": [],
    "point_of_contact_email": "vvarma@caltech.edu",
    "authors_emails": [],
    "simulation_bibtex_keys": [
        "Varma:2019csw",
        "Boyle:2019kee",
        "SXSCatalogWebsite"
    ],
    "code_bibtex_keys": [
        "Ossokine:2013zga",
        "Hemberger:2012jz",
        "Szilagyi:2009qz",
        "Boyle:2009vi",
        "Scheel:2008rj",
        "Boyle:2007ft",
        "Scheel:2006gg",
        "Lindblom:2005qh",
        "Pfeiffer:2002wt",
        "SpECwebsite"
    ],
    "initial_data_bibtex_keys": [
        "Buchman:2012dw",
        "Lovelace:2008tw",
        "Pfeiffer:2007yz",
        "Caudill:2006hw",
        "Cook:2004kt"
    ],
    "quasicircular_bibtex_keys": [
        "Mroue:2012kv",
        "Buonanno:2010yk",
        "Mroue:2010re",
        "Boyle:2007ft"
    ],
    "initial_separation": 13.2858886719,
    "initial_orbital_frequency": 0.018531063571,
    "initial_adot": 0.00010303360272,
    "object1": "bh",
    "object2": "bh",
    "initial_ADM_energy": 0.9946910482379205,
    "initial_ADM_linear_momentum": [
        -1.7352985e-09,
        -7.3216278e-09,
        9.789161e-10
    ],
    "initial_ADM_angular_momentum": [
        -0.2094286184580089,
        -0.2855200690500378,
        1.025522881325998
    ],
    "initial_mass1": 0.7999999999017969,
    "initial_mass2": 0.2000000000010222,
    "initial_dimensionless_spin1": [
        -0.3270927789865552,
        -0.4564744261045997,
        0.5697724373544054
    ],
    "initial_dimensionless_spin2": [
        1.8240080387e-06,
        6.15798534e-08,
        3.971587355e-07
    ],
    "initial_position1": [
        2.6487718823623285,
        0.0302733394231822,
        -0.0096611683609362
    ],
    "initial_position2": [
        -10.637116789537671,
        0.0302733394231822,
        -0.0096611683609362
    ],
    "relaxation_time": 340.0,
    "common_horizon_time": 5066.79483683,
    "remnant_mass": 0.963395300113,
    "remnant_dimensionless_spin": [
        -0.161114604494,
        -0.21195662643,
        0.79395729212
    ],
    "remnant_velocity": [
        6.19477899889e-06,
        0.000125482715037,
        0.000683964670165
    ],
    "metadata_version": 1,
    "spec_revisions": "InitialCommit-30548-g8a39246",
    "spells_revision": "8a392465d586c8ca817d062b58522dabb63df692",
    "com_parameters": {
        "space_translation": [
            -0.03466786,
            0.00039158,
            -0.0055049
        ],
        "boost_velocity": [
            5.62850912e-05,
            -6.40822344e-06,
            8.60436639e-06
        ]
    },
    "initial_mass_ratio": 3.9999999994885407
}