{
    "simulation_name": "BBH_SKS_d14.3_q1.22_sA_0_0_0.331_sB_0_0_-0.438/Lev3",
    "alternative_names": "SXS:BBH:1353",
    "initial_data_type": "BBH_SKS",
    "object_types": "BHBH",
    "number_of_orbits": 15.3357359731,
    "reference_mass_ratio": 1.2183380668211499,
    "reference_chi_eff": -0.015814196680440824,
    "reference_chi1_perp": 8.161122364849127e-08,
    "reference_chi2_perp": 1.061673439915452e-07,
    "reference_eccentricity": 0.0001515,
    "reference_dimensionless_spin1": [
        7.85642710598e-09,
        7.4778522355e-08,
        0.330838968281
    ],
    "reference_dimensionless_spin2": [
        6.02872322923e-08,
        4.74441137441e-08,
        -0.438154943537
    ],
    "reference_orbital_frequency": [
        1.53964264303e-09,
        -2.33078389267e-10,
        0.0180826341088
    ],
    "reference_mass1": 0.549214253522,
    "reference_mass2": 0.450789701544,
    "reference_time": 640.0,
    "reference_position1": [
        1.43674561184,
        -6.29561504819,
        -6.09504266561e-06
    ],
    "reference_position2": [
        -1.75566922984,
        7.73391288815,
        -5.6423897087e-06
    ],
    "reference_mean_anomaly": 2.775613,
    "keywords": [],
    "point_of_contact_email": "marissa.beth@gmail.com",
    "authors_emails": [],
    "simulation_bibtex_keys": [
        "Boyle:2019kee",
        "SXSCatalogWebsite"
    ],
    "code_bibtex_keys": [
        "Ossokine:2013zga",
        "Hemberger:2012jz",
        "Szilagyi:2009qz",
        "Boyle:2009vi",
        "Scheel:2008rj",
        "Boyle:2007ft",
        "Scheel:2006gg",
        "Lindblom:2005qh",
        "Pfeiffer:2002wt",
        "SpECwebsite"
    ],
    "initial_data_bibtex_keys": [
        "Buchman:2012dw",
        "Lovelace:2008tw",
        "Pfeiffer:2007yz",
        "Caudill:2006hw",
        "Cook:2004kt"
    ],
    "quasicircular_bibtex_keys": [
        "Mroue:2012kv",
        "Buonanno:2010yk",
        "Mroue:2010re",
        "Boyle:2007ft"
    ],
    "initial_separation": 14.3,
    "initial_orbital_frequency": 0.016885901013,
    "initial_adot": -6.14728386611e-05,
    "object1": "bh",
    "object2": "bh",
    "initial_ADM_energy": 0.9923802365914062,
    "initial_ADM_linear_momentum": [
        -1.23590646e-08,
        -8.5410185e-09,
        1.7632e-12
    ],
    "initial_ADM_angular_momentum": [
        1.63098e-11,
        -1.37938e-11,
        1.0850931790574676
    ],
    "initial_mass1": 0.5492098835251367,
    "initial_mass2": 0.4507901177101359,
    "initial_dimensionless_spin1": [
        5.3e-15,
        -6.64e-14,
        0.3309288420308768
    ],
    "initial_dimensionless_spin2": [
        -6.04e-14,
        5.7e-15,
        -0.43819485785184
    ],
    "initial_position1": [
        6.42772957138121,
        0.0059106995397798,
        3.7437329e-09
    ],
    "initial_position2": [
        -7.872270428618791,
        0.0059106995397798,
        3.7437329e-09
    ],
    "relaxation_time": 640.0,
    "common_horizon_time": 3750.61145527,
    "remnant_mass": 0.951977541049,
    "remnant_dimensionless_spin": [
        6.42042451435e-08,
        1.8551447787e-08,
        0.69224164399
    ],
    "remnant_velocity": [
        0.00017953362694,
        -0.000404875394075,
        6.22851525109e-08
    ],
    "metadata_version": 1,
    "spec_revisions": "InitialCommit-30523-gdfba987",
    "spells_revision": "dfba987d88aa090f24475bc6371a98f0248acdff",
    "com_parameters": {
        "space_translation": [
            -0.00236553952,
            -0.00176931429,
            -1.47528917e-05
        ],
        "boost_velocity": [
            9.32384064e-07,
            1.20323039e-05,
            2.75412686e-09
        ]
    },
    "initial_mass_ratio": 1.2183272479772638
}