{
    "simulation_name": "072/Lev3",
    "alternative_names": [
        "BFI:q8_3dAl:072",
        "SXS:BBH:1482"
    ],
    "initial_data_type": "BBH_SKS",
    "object_types": "BHBH",
    "number_of_orbits": 18.5792886766,
    "reference_mass_ratio": 1.3857077452653612,
    "reference_chi_eff": -0.0023444963420532444,
    "reference_chi1_perp": 3.321599358522845e-08,
    "reference_chi2_perp": 2.1973131907669594e-08,
    "reference_eccentricity": 0.0001146,
    "reference_dimensionless_spin1": [
        3.72122575374e-08,
        -2.20007324182e-08,
        -0.58129509439
    ],
    "reference_dimensionless_spin2": [
        -1.9232510445e-08,
        -2.9193210877e-08,
        0.799911831499
    ],
    "reference_orbital_frequency": [
        -5.44720998293e-10,
        -1.75275025774e-10,
        0.0157547907507
    ],
    "reference_mass1": 0.5808680956,
    "reference_mass2": 0.41918514029,
    "reference_time": 390.0,
    "reference_position1": [
        6.46674573394,
        -1.41291258948,
        -1.71820614195e-06
    ],
    "reference_position2": [
        -8.91205425136,
        1.88172602097,
        -2.21327380337e-06
    ],
    "reference_mean_anomaly": 0.575219,
    "keywords": [],
    "point_of_contact_email": "vvarma@caltech.edu",
    "authors_emails": [],
    "simulation_bibtex_keys": [
        "Varma:2018mmi",
        "Boyle:2019kee",
        "SXSCatalogWebsite"
    ],
    "code_bibtex_keys": [
        "Ossokine:2013zga",
        "Hemberger:2012jz",
        "Szilagyi:2009qz",
        "Boyle:2009vi",
        "Scheel:2008rj",
        "Boyle:2007ft",
        "Scheel:2006gg",
        "Lindblom:2005qh",
        "Pfeiffer:2002wt",
        "SpECwebsite"
    ],
    "initial_data_bibtex_keys": [
        "Buchman:2012dw",
        "Lovelace:2008tw",
        "Pfeiffer:2007yz",
        "Caudill:2006hw",
        "Cook:2004kt"
    ],
    "quasicircular_bibtex_keys": [
        "Mroue:2012kv",
        "Buonanno:2010yk",
        "Mroue:2010re",
        "Boyle:2007ft"
    ],
    "initial_separation": 15.3461303711,
    "initial_orbital_frequency": 0.014879641183,
    "initial_adot": 0.000142782898262,
    "object1": "bh",
    "object2": "bh",
    "initial_ADM_energy": 0.9930085846185026,
    "initial_ADM_linear_momentum": [
        -3.1714983e-08,
        -2.1495074e-08,
        3.101e-12
    ],
    "initial_ADM_angular_momentum": [
        4.8499e-11,
        -2.04257e-11,
        1.0294831430180138
    ],
    "initial_mass1": 0.5808679583338662,
    "initial_mass2": 0.4191320606386325,
    "initial_dimensionless_spin1": [
        -8.61e-14,
        -2.2e-15,
        -0.5814410024155552
    ],
    "initial_dimensionless_spin2": [
        1.922e-13,
        -3.307e-13,
        0.8000000149348451
    ],
    "initial_position1": [
        6.472925121947552,
        0.0117252610884966,
        -9.718839e-10
    ],
    "initial_position2": [
        -8.873205249152448,
        0.0117252610884966,
        -9.718839e-10
    ],
    "relaxation_time": 390.0,
    "common_horizon_time": 5034.40348157,
    "remnant_mass": 0.955955281429,
    "remnant_dimensionless_spin": [
        -1.63788048104e-08,
        -1.62098401299e-08,
        0.621049774386
    ],
    "remnant_velocity": [
        -0.00115171395472,
        0.000343875986101,
        5.87701583374e-09
    ],
    "metadata_version": 1,
    "spec_revisions": "InitialCommit-30391-g7de1691",
    "spells_revision": "7de1691a20fa3565c2276fa60966e8a261a47fe7",
    "com_parameters": {
        "space_translation": [
            0.000458858992,
            -0.000112241474,
            -1.39184488e-06
        ],
        "boost_velocity": [
            6.15797207e-06,
            6.17788546e-06,
            -7.41446388e-09
        ]
    },
    "initial_mass_ratio": 1.3858829063298004
}