{
    "simulation_name": "066/Lev3",
    "alternative_names": [
        "BFI:q8_3dAl:066",
        "SXS:BBH:1476"
    ],
    "initial_data_type": "BBH_SKS",
    "object_types": "BHBH",
    "number_of_orbits": 18.6181778521,
    "reference_mass_ratio": 1.0000065815739323,
    "reference_chi_eff": 0.00012095217675652907,
    "reference_chi1_perp": 4.623169732222645e-09,
    "reference_chi2_perp": 1.9198774202386452e-08,
    "reference_eccentricity": 0.0001815,
    "reference_dimensionless_spin1": [
        -9.74667816683e-09,
        -4.60003241134e-09,
        -0.799706344643
    ],
    "reference_dimensionless_spin2": [
        1.74435344997e-08,
        2.09548506909e-08,
        0.799953513119
    ],
    "reference_orbital_frequency": [
        1.06402421894e-10,
        1.20025222064e-10,
        0.0158961749631
    ],
    "reference_mass1": 0.500043864007,
    "reference_mass2": 0.500040572953,
    "reference_time": 580.0,
    "reference_position1": [
        -7.28240766934,
        2.97974702265,
        -5.11602040753e-06
    ],
    "reference_position2": [
        7.22604646658,
        -2.91202710321,
        -5.16864773216e-06
    ],
    "reference_mean_anomaly": 3.215159,
    "keywords": [],
    "point_of_contact_email": "scheel@tapir.caltech.edu",
    "authors_emails": [],
    "simulation_bibtex_keys": [
        "Varma:2018mmi",
        "Boyle:2019kee",
        "SXSCatalogWebsite"
    ],
    "code_bibtex_keys": [
        "Ossokine:2013zga",
        "Hemberger:2012jz",
        "Szilagyi:2009qz",
        "Boyle:2009vi",
        "Scheel:2008rj",
        "Boyle:2007ft",
        "Scheel:2006gg",
        "Lindblom:2005qh",
        "Pfeiffer:2002wt",
        "SpECwebsite"
    ],
    "initial_data_bibtex_keys": [
        "Buchman:2012dw",
        "Lovelace:2008tw",
        "Pfeiffer:2007yz",
        "Caudill:2006hw",
        "Cook:2004kt"
    ],
    "quasicircular_bibtex_keys": [
        "Mroue:2012kv",
        "Buonanno:2010yk",
        "Mroue:2010re",
        "Boyle:2007ft"
    ],
    "initial_separation": 15.4168701172,
    "initial_orbital_frequency": 0.014660362548,
    "initial_adot": 1.70504965418e-05,
    "object1": "bh",
    "object2": "bh",
    "initial_ADM_energy": 0.992864481403671,
    "initial_ADM_linear_momentum": [
        8.95706042e-08,
        1.647149652e-07,
        -2.50541e-11
    ],
    "initial_ADM_angular_momentum": [
        -3.3731e-12,
        2.3905e-12,
        1.1148556199724295
    ],
    "initial_mass1": 0.5000000239651935,
    "initial_mass2": 0.4999999680642318,
    "initial_dimensionless_spin1": [
        -1.9108e-12,
        -1.551e-13,
        -0.800000034954291
    ],
    "initial_dimensionless_spin2": [
        1.7176e-12,
        -8.665e-13,
        0.7999999886742644
    ],
    "initial_position1": [
        7.754538498682482,
        0.0012966006720561,
        1.186485e-10
    ],
    "initial_position2": [
        -7.662331618517518,
        0.0012966006720561,
        1.186485e-10
    ],
    "relaxation_time": 580.0,
    "common_horizon_time": 5043.76234655,
    "remnant_mass": 0.951174425588,
    "remnant_dimensionless_spin": [
        7.30262406934e-09,
        8.17234453025e-09,
        0.684161960564
    ],
    "remnant_velocity": [
        -0.00118819166593,
        -0.000313318520196,
        4.41796255576e-08
    ],
    "metadata_version": 1,
    "spec_revisions": "InitialCommit-30348-g755d64a",
    "spells_revision": "755d64a9ecb1396c12985e0534d4ae1a0d4a7c34",
    "com_parameters": {
        "space_translation": [
            -0.00303269993,
            -0.00351866895,
            -9.50214839e-06
        ],
        "boost_velocity": [
            2.23396685e-06,
            1.85084379e-07,
            -4.46471474e-09
        ]
    },
    "initial_mass_ratio": 1.0000001118019306
}