{
    "simulation_name": "BBH_SKS_d15.1_q1.25_sA_0_0_0.380_sB_0_0_-0.460/Lev3",
    "alternative_names": [
        "PRIVATE:BBH:0428",
        "SXS:BBH:1223"
    ],
    "initial_data_type": "BBH_SKS",
    "object_types": "BHBH",
    "number_of_orbits": 17.9596877047,
    "reference_mass_ratio": 1.2499524574671863,
    "reference_chi_eff": 0.006752048360556441,
    "reference_chi1_perp": 3.954940860696299e-08,
    "reference_chi2_perp": 5.8359331289827255e-08,
    "reference_eccentricity": 0.0006707,
    "reference_dimensionless_spin1": [
        2.87259888057e-08,
        -1.65266151029e-08,
        0.380123742053
    ],
    "reference_dimensionless_spin2": [
        9.59921910376e-09,
        -4.09079076883e-08,
        -0.459944817719
    ],
    "reference_orbital_frequency": [
        -4.67077454003e-10,
        -6.22301032818e-10,
        0.0164962068627
    ],
    "reference_mass1": 0.555532543512,
    "reference_mass2": 0.444442938764,
    "reference_time": 640.0,
    "reference_position1": [
        -4.30810587637,
        -5.21389145882,
        2.45883527249e-05
    ],
    "reference_position2": [
        5.42567603997,
        6.54590572035,
        2.53075825517e-05
    ],
    "reference_mean_anomaly": 1.313306,
    "keywords": [],
    "point_of_contact_email": "pfeiffer@cita.utoronto.ca",
    "authors_emails": [],
    "simulation_bibtex_keys": [
        "Boyle:2019kee",
        "SXSCatalogWebsite"
    ],
    "code_bibtex_keys": [
        "Ossokine:2013zga",
        "Hemberger:2012jz",
        "Szilagyi:2009qz",
        "Boyle:2009vi",
        "Scheel:2008rj",
        "Boyle:2007ft",
        "Scheel:2006gg",
        "Lindblom:2005qh",
        "Pfeiffer:2002wt",
        "SpECwebsite"
    ],
    "initial_data_bibtex_keys": [
        "Buchman:2012dw",
        "Lovelace:2008tw",
        "Pfeiffer:2007yz",
        "Caudill:2006hw",
        "Cook:2004kt"
    ],
    "quasicircular_bibtex_keys": [
        "Mroue:2012kv",
        "Buonanno:2010yk",
        "Mroue:2010re",
        "Boyle:2007ft"
    ],
    "initial_separation": 15.1,
    "initial_orbital_frequency": 0.015594556628,
    "initial_adot": -4.90584386807e-05,
    "object1": "bh",
    "object2": "bh",
    "initial_ADM_energy": 0.9927451459092121,
    "initial_ADM_linear_momentum": [
        3.40168077e-08,
        -2.1973687e-09,
        -3.91477e-11
    ],
    "initial_ADM_angular_momentum": [
        -1.4436541e-09,
        -2.53148639e-08,
        1.1183972956378467
    ],
    "initial_mass1": 0.555555583197408,
    "initial_mass2": 0.44444445378831,
    "initial_dimensionless_spin1": [
        -4.06e-14,
        7.54999999998e-14,
        0.380000025838
    ],
    "initial_dimensionless_spin2": [
        1.685e-13,
        -8.40000000002e-15,
        -0.459999992287
    ],
    "initial_position1": [
        6.691200564432592,
        0.006800797234856,
        2.23764821e-08
    ],
    "initial_position2": [
        -8.408799435567408,
        0.006800797234856,
        2.23764821e-08
    ],
    "relaxation_time": 640.0,
    "common_horizon_time": 4731.30771778,
    "remnant_mass": 0.951348531764,
    "remnant_dimensionless_spin": [
        -1.10165200173e-08,
        -4.11452227366e-08,
        0.70151911989
    ],
    "remnant_velocity": [
        -0.00045549430891,
        0.000161706299931,
        1.02791509918e-07
    ],
    "metadata_version": 1,
    "spec_revisions": "InitialCommit-28761-g8f345a7",
    "spells_revision": "8f345a7b1bedc325b56e2be5ebb4fd7e86e97c8a",
    "com_parameters": {
        "space_translation": [
            -0.00208249752,
            0.00152623078,
            -1.39349285e-05
        ],
        "boost_velocity": [
            3.24691403e-06,
            -7.85743417e-06,
            5.4360033e-08
        ]
    },
    "initial_mass_ratio": 1.2500000359145456
}