{
    "simulation_name": "069/Lev3",
    "alternative_names": [
        "BFI:q8_3dAl:069",
        "SXS:BBH:1479"
    ],
    "initial_data_type": "BBH_SKS",
    "object_types": "BHBH",
    "number_of_orbits": 16.6105669502,
    "reference_mass_ratio": 1.5502829980654709,
    "reference_chi_eff": -0.6521068222829998,
    "reference_chi1_perp": 8.024109533285607e-08,
    "reference_chi2_perp": 5.829257821912247e-08,
    "reference_eccentricity": 0.0002308,
    "reference_dimensionless_spin1": [
        1.07532950484e-08,
        -6.21380581348e-08,
        -0.556963537106
    ],
    "reference_dimensionless_spin2": [
        6.31567743288e-08,
        2.06140294448e-09,
        -0.799605839673
    ],
    "reference_orbital_frequency": [
        -1.90414795027e-10,
        -4.95214688264e-10,
        0.0153131923585
    ],
    "reference_mass1": 0.607906375142,
    "reference_mass2": 0.392126067241,
    "reference_time": 640.0,
    "reference_position1": [
        -6.23532090766,
        -1.0327344058,
        1.75869189503e-05
    ],
    "reference_position2": [
        9.68257704038,
        1.67545718512,
        1.78724335202e-05
    ],
    "reference_mean_anomaly": 3.431311,
    "keywords": [],
    "point_of_contact_email": "vvarma@caltech.edu",
    "authors_emails": [],
    "simulation_bibtex_keys": [
        "Varma:2018mmi",
        "Boyle:2019kee",
        "SXSCatalogWebsite"
    ],
    "code_bibtex_keys": [
        "Ossokine:2013zga",
        "Hemberger:2012jz",
        "Szilagyi:2009qz",
        "Boyle:2009vi",
        "Scheel:2008rj",
        "Boyle:2007ft",
        "Scheel:2006gg",
        "Lindblom:2005qh",
        "Pfeiffer:2002wt",
        "SpECwebsite"
    ],
    "initial_data_bibtex_keys": [
        "Buchman:2012dw",
        "Lovelace:2008tw",
        "Pfeiffer:2007yz",
        "Caudill:2006hw",
        "Cook:2004kt"
    ],
    "quasicircular_bibtex_keys": [
        "Mroue:2012kv",
        "Buonanno:2010yk",
        "Mroue:2010re",
        "Boyle:2007ft"
    ],
    "initial_separation": 15.9903564453,
    "initial_orbital_frequency": 0.014239800263,
    "initial_adot": -0.0002589505288588,
    "object1": "bh",
    "object2": "bh",
    "initial_ADM_energy": 0.9935333289965133,
    "initial_ADM_linear_momentum": [
        -6.2688944e-09,
        -2.07474599e-08,
        1.2774e-12
    ],
    "initial_ADM_angular_momentum": [
        9.58665e-11,
        3.5495e-12,
        0.7766031839175066
    ],
    "initial_mass1": 0.6079137695322361,
    "initial_mass2": 0.3920862411450831,
    "initial_dimensionless_spin1": [
        -6.535e-13,
        -9.75e-14,
        -0.5569242936346878
    ],
    "initial_dimensionless_spin2": [
        2.0813e-12,
        6.22e-13,
        -0.8000000199340985
    ],
    "initial_position1": [
        6.275286487269932,
        0.0144968031743052,
        3.3596542e-09
    ],
    "initial_position2": [
        -9.715069958030067,
        0.0144968031743052,
        3.3596542e-09
    ],
    "relaxation_time": 640.0,
    "common_horizon_time": 4896.55256286,
    "remnant_mass": 0.967557770937,
    "remnant_dimensionless_spin": [
        -1.2634841532e-09,
        -3.89838606091e-08,
        0.442509425383
    ],
    "remnant_velocity": [
        -0.000307149498489,
        0.000405016563173,
        5.18784444205e-08
    ],
    "metadata_version": 1,
    "spec_revisions": "InitialCommit-30391-g7de1691",
    "spells_revision": "7de1691a20fa3565c2276fa60966e8a261a47fe7",
    "com_parameters": {
        "space_translation": [
            -0.00226008048,
            0.000175976981,
            -1.09046598e-05
        ],
        "boost_velocity": [
            3.81138904e-06,
            1.92430134e-05,
            3.9488171e-08
        ]
    },
    "initial_mass_ratio": 1.5504593268991824
}