{
    "simulation_name": "051/Lev3",
    "alternative_names": [
        "BFI:q8_3dAl:051",
        "SXS:BBH:1461"
    ],
    "initial_data_type": "BBH_SKS",
    "object_types": "BHBH",
    "number_of_orbits": 17.4818270423,
    "reference_mass_ratio": 2.883028208426091,
    "reference_chi_eff": -0.5390378970305783,
    "reference_chi1_perp": 5.042841496083386e-07,
    "reference_chi2_perp": 2.9248636730246953e-07,
    "reference_eccentricity": 0.0006354,
    "reference_dimensionless_spin1": [
        2.1803253844e-07,
        -3.88096423499e-07,
        -0.44868306762
    ],
    "reference_dimensionless_spin2": [
        2.36897516446e-07,
        -5.67604265138e-08,
        -0.799533418989
    ],
    "reference_orbital_frequency": [
        -9.25015255269e-11,
        -2.47302679163e-09,
        0.0163598791249
    ],
    "reference_mass1": 0.742492564573,
    "reference_mass2": 0.257539125841,
    "reference_time": 490.0,
    "reference_position1": [
        -0.177759565567,
        3.94242786173,
        4.7635993868e-05
    ],
    "reference_position2": [
        0.622507161008,
        -11.3924946019,
        4.53224285954e-05
    ],
    "reference_mean_anomaly": 2.315054,
    "keywords": [],
    "point_of_contact_email": "vvarma@caltech.edu",
    "authors_emails": [],
    "simulation_bibtex_keys": [
        "Varma:2018mmi",
        "Boyle:2019kee",
        "SXSCatalogWebsite"
    ],
    "code_bibtex_keys": [
        "Ossokine:2013zga",
        "Hemberger:2012jz",
        "Szilagyi:2009qz",
        "Boyle:2009vi",
        "Scheel:2008rj",
        "Boyle:2007ft",
        "Scheel:2006gg",
        "Lindblom:2005qh",
        "Pfeiffer:2002wt",
        "SpECwebsite"
    ],
    "initial_data_bibtex_keys": [
        "Buchman:2012dw",
        "Lovelace:2008tw",
        "Pfeiffer:2007yz",
        "Caudill:2006hw",
        "Cook:2004kt"
    ],
    "quasicircular_bibtex_keys": [
        "Mroue:2012kv",
        "Buonanno:2010yk",
        "Mroue:2010re",
        "Boyle:2007ft"
    ],
    "initial_separation": 15.0999145508,
    "initial_orbital_frequency": 0.015383615747,
    "initial_adot": -0.0002826986854442,
    "object1": "bh",
    "object2": "bh",
    "initial_ADM_energy": 0.994556521200183,
    "initial_ADM_linear_momentum": [
        7.5324493e-09,
        1.56429536e-08,
        4.02766e-11
    ],
    "initial_ADM_angular_momentum": [
        1.50696e-11,
        -4.8573e-12,
        0.5665232701170032
    ],
    "initial_mass1": 0.7424906332659267,
    "initial_mass2": 0.2575093809798694,
    "initial_dimensionless_spin1": [
        4.33e-14,
        -2.1e-15,
        -0.4486315199334936
    ],
    "initial_dimensionless_spin2": [
        -5.709e-13,
        -2.96e-13,
        -0.8000000111318525
    ],
    "initial_position1": [
        3.903142873288173,
        0.0278390819525721,
        -2.7285401e-08
    ],
    "initial_position2": [
        -11.196771677511826,
        0.0278390819525721,
        -2.7285401e-08
    ],
    "relaxation_time": 490.0,
    "common_horizon_time": 4822.40096736,
    "remnant_mass": 0.977239042877,
    "remnant_dimensionless_spin": [
        6.51783910802e-08,
        -1.85409095502e-07,
        0.324743533317
    ],
    "remnant_velocity": [
        0.000213599975292,
        0.000746483325661,
        2.89129430444e-07
    ],
    "metadata_version": 1,
    "spec_revisions": "InitialCommit-30391-g7de1691",
    "spells_revision": "7de1691a20fa3565c2276fa60966e8a261a47fe7",
    "com_parameters": {
        "space_translation": [
            -0.00490922326,
            -0.00628218042,
            -9.69839321e-05
        ],
        "boost_velocity": [
            2.62257436e-06,
            1.39182659e-05,
            2.81784686e-07
        ]
    },
    "initial_mass_ratio": 2.8833537265346085
}