{
    "simulation_name": "053/Lev3",
    "alternative_names": [
        "BFI:q8_3dAl:053",
        "SXS:BBH:1463"
    ],
    "initial_data_type": "BBH_SKS",
    "object_types": "BHBH",
    "number_of_orbits": 24.4010331233,
    "reference_mass_ratio": 4.977596566100388,
    "reference_chi_eff": 0.5507834920311944,
    "reference_chi1_perp": 1.6402970033205308e-06,
    "reference_chi2_perp": 3.3322283029856774e-07,
    "reference_eccentricity": 0.00044,
    "reference_dimensionless_spin1": [
        4.23696351076e-07,
        -9.99447235055e-07,
        0.613095385341
    ],
    "reference_dimensionless_spin2": [
        -3.60718148105e-07,
        -3.02828328759e-07,
        0.240620025871
    ],
    "reference_orbital_frequency": [
        -2.75349454243e-08,
        2.40434287446e-09,
        0.0206187943866
    ],
    "reference_mass1": 0.832707542057,
    "reference_mass2": 0.167291087375,
    "reference_time": 640.0,
    "reference_position1": [
        2.01039180011,
        0.702340479963,
        -4.18172555451e-05
    ],
    "reference_position2": [
        -10.1230384801,
        -3.75805392069,
        -5.75004723724e-05
    ],
    "reference_mean_anomaly": 2.229301,
    "keywords": [],
    "point_of_contact_email": "vvarma@caltech.edu",
    "authors_emails": [],
    "simulation_bibtex_keys": [
        "Varma:2018mmi",
        "Boyle:2019kee",
        "SXSCatalogWebsite"
    ],
    "code_bibtex_keys": [
        "Ossokine:2013zga",
        "Hemberger:2012jz",
        "Szilagyi:2009qz",
        "Boyle:2009vi",
        "Scheel:2008rj",
        "Boyle:2007ft",
        "Scheel:2006gg",
        "Lindblom:2005qh",
        "Pfeiffer:2002wt",
        "SpECwebsite"
    ],
    "initial_data_bibtex_keys": [
        "Buchman:2012dw",
        "Lovelace:2008tw",
        "Pfeiffer:2007yz",
        "Caudill:2006hw",
        "Cook:2004kt"
    ],
    "quasicircular_bibtex_keys": [
        "Mroue:2012kv",
        "Buonanno:2010yk",
        "Mroue:2010re",
        "Boyle:2007ft"
    ],
    "initial_separation": 12.7263793945,
    "initial_orbital_frequency": 0.01957988696,
    "initial_adot": 0.0001087112940813,
    "object1": "bh",
    "object2": "bh",
    "initial_ADM_energy": 0.9951669557605197,
    "initial_ADM_linear_momentum": [
        1.90062098e-08,
        -7.39582402e-08,
        -2.502e-12
    ],
    "initial_ADM_angular_momentum": [
        -6.02098e-11,
        1.23785e-11,
        0.9951283825853221
    ],
    "initial_mass1": 0.8327167332015886,
    "initial_mass2": 0.1672832661327009,
    "initial_dimensionless_spin1": [
        -2.31e-14,
        9.2e-15,
        0.6129411128647724
    ],
    "initial_dimensionless_spin2": [
        8e-16,
        -1.46e-14,
        0.2407267308128028
    ],
    "initial_position1": [
        2.122630932649451,
        0.0285290967790634,
        1.6201592e-09
    ],
    "initial_position2": [
        -10.60374846185055,
        0.0285290967790634,
        1.6201592e-09
    ],
    "relaxation_time": 640.0,
    "common_horizon_time": 5053.24669339,
    "remnant_mass": 0.97081600508,
    "remnant_dimensionless_spin": [
        -5.09772758134e-07,
        -4.46879786597e-07,
        0.773529202986
    ],
    "remnant_velocity": [
        1.20664984305e-05,
        0.000145050904585,
        -1.33554777693e-07
    ],
    "metadata_version": 1,
    "spec_revisions": [
        "InitialCommit-30348-g755d64a",
        "InitialCommit-30391-g7de1691"
    ],
    "spells_revision": "755d64a9ecb1396c12985e0534d4ae1a0d4a7c34",
    "com_parameters": {
        "space_translation": [
            0.0118679457,
            -0.0165300765,
            6.16884583e-05
        ],
        "boost_velocity": [
            -1.7370783e-05,
            -1.79475202e-05,
            -1.35432639e-07
        ]
    },
    "initial_mass_ratio": 4.977884234643164
}