{
    "simulation_name": "BBH_SKS_d16.2_q3_sA_0_0_0_sB_0_0_0/Lev4",
    "alternative_names": [
        "PRIVATE:BBH:0155",
        "SXS:BBH:1221"
    ],
    "initial_data_type": "BBH_SKS",
    "object_types": "BHBH",
    "number_of_orbits": 27.1764636442,
    "reference_mass_ratio": 2.9993011553272324,
    "reference_chi_eff": -4.0145053622247006e-05,
    "reference_chi1_perp": 1.2543916370092847e-07,
    "reference_chi2_perp": 7.528634031987959e-08,
    "reference_eccentricity": "<3.9e-05",
    "reference_dimensionless_spin1": [
        -3.56986123736e-08,
        -1.20250216558e-07,
        -1.4436674344e-05
    ],
    "reference_dimensionless_spin2": [
        -4.48381724539e-08,
        -6.04560758486e-08,
        -0.000117252225354
    ],
    "reference_orbital_frequency": [
        -1.57239281928e-09,
        -1.53897010243e-09,
        0.0145607298027
    ],
    "reference_mass1": 0.749820249436,
    "reference_mass2": 0.24999831981,
    "reference_time": 620.0,
    "reference_position1": [
        -3.57033573366,
        2.03163894541,
        -5.20191817256e-05
    ],
    "reference_position2": [
        10.7644865592,
        -5.99534103964,
        -5.13195815292e-05
    ],
    "reference_mean_anomaly": 1.048264,
    "keywords": [],
    "point_of_contact_email": "jonathan.blackman.0@gmail.com",
    "authors_emails": [],
    "simulation_bibtex_keys": [
        "Blackman:2015pia",
        "Boyle:2019kee",
        "SXSCatalogWebsite"
    ],
    "code_bibtex_keys": [
        "Ossokine:2013zga",
        "Hemberger:2012jz",
        "Szilagyi:2009qz",
        "Boyle:2009vi",
        "Scheel:2008rj",
        "Boyle:2007ft",
        "Scheel:2006gg",
        "Lindblom:2005qh",
        "Pfeiffer:2002wt",
        "SpECwebsite"
    ],
    "initial_data_bibtex_keys": [
        "Buchman:2012dw",
        "Lovelace:2008tw",
        "Pfeiffer:2007yz",
        "Caudill:2006hw",
        "Cook:2004kt"
    ],
    "quasicircular_bibtex_keys": [
        "Mroue:2012kv",
        "Buonanno:2010yk",
        "Mroue:2010re",
        "Boyle:2007ft"
    ],
    "initial_separation": 16.2,
    "initial_orbital_frequency": 0.014188027654,
    "initial_adot": 2.9830494418e-06,
    "object1": "bh",
    "object2": "bh",
    "initial_ADM_energy": 0.9948272034963015,
    "initial_ADM_linear_momentum": [
        3.30986e-11,
        2.965212e-10,
        -8.45536e-11
    ],
    "initial_ADM_angular_momentum": [
        7.3571441319e-06,
        7.58721874962e-05,
        0.8516754829823275
    ],
    "initial_mass1": 0.7499999992739607,
    "initial_mass2": 0.2499999978324408,
    "initial_dimensionless_spin1": [
        1.43837279e-08,
        -4.501598e-09,
        -3.15913924999e-08
    ],
    "initial_dimensionless_spin2": [
        -1.477002e-09,
        1.1238176e-09,
        -3.021402121e-07
    ],
    "initial_position1": [
        4.049120376587199,
        0.0321359625474834,
        0.0
    ],
    "initial_position2": [
        -12.1508796234128,
        0.0321359625474834,
        0.0
    ],
    "relaxation_time": 620.0,
    "common_horizon_time": 8033.92786807,
    "remnant_mass": 0.971074021845,
    "remnant_dimensionless_spin": [
        -9.50721096614e-08,
        -1.04603695428e-07,
        0.540568761136
    ],
    "remnant_velocity": [
        0.000531831664291,
        -0.000180548914376,
        -1.77897731348e-07
    ],
    "metadata_version": 1,
    "spec_revisions": "InitialCommit-27407-g32961c6",
    "spells_revision": "32961c67f1817230be27beb116586ffd1818efaf",
    "com_parameters": {
        "space_translation": [
            -0.0086053307,
            0.00400273724,
            5.07842323e-05
        ],
        "boost_velocity": [
            -1.50704863e-05,
            3.63019075e-06,
            -1.65794254e-07
        ]
    },
    "initial_mass_ratio": 3.000000023106553
}