{
    "simulation_name": "0519/Lev3",
    "alternative_names": [
        "BFI:q4_7d:0519",
        "SXS:BBH:1993"
    ],
    "initial_data_type": "BBH_SKS",
    "object_types": "BHBH",
    "number_of_orbits": 17.9845685586,
    "reference_mass_ratio": 3.9987061371256716,
    "reference_chi_eff": -0.45355730200800337,
    "reference_chi1_perp": 0.564017764866108,
    "reference_chi2_perp": 0.7995487165785109,
    "reference_eccentricity": 0.0003184,
    "reference_dimensionless_spin1": [
        -0.0605800727612,
        -0.583521476921,
        -0.543893006841
    ],
    "reference_dimensionless_spin2": [
        -0.242610227833,
        -0.76160568245,
        0.0194218355823
    ],
    "reference_orbital_frequency": [
        -0.00197524671462,
        0.00103462482267,
        0.0171560059765
    ],
    "reference_mass1": 0.799966940711,
    "reference_mass2": 0.20005644658,
    "reference_time": 370.0,
    "reference_position1": [
        2.92887819705,
        0.161896704199,
        0.329577163501
    ],
    "reference_position2": [
        -11.6830640539,
        -0.813614941332,
        -1.29393021929
    ],
    "reference_mean_anomaly": 1.657379,
    "keywords": [],
    "point_of_contact_email": "marissa.beth@gmail.com",
    "authors_emails": [],
    "simulation_bibtex_keys": [
        "Varma:2019csw",
        "Boyle:2019kee",
        "SXSCatalogWebsite"
    ],
    "code_bibtex_keys": [
        "Ossokine:2013zga",
        "Hemberger:2012jz",
        "Szilagyi:2009qz",
        "Boyle:2009vi",
        "Scheel:2008rj",
        "Boyle:2007ft",
        "Scheel:2006gg",
        "Lindblom:2005qh",
        "Pfeiffer:2002wt",
        "SpECwebsite"
    ],
    "initial_data_bibtex_keys": [
        "Buchman:2012dw",
        "Lovelace:2008tw",
        "Pfeiffer:2007yz",
        "Caudill:2006hw",
        "Cook:2004kt"
    ],
    "quasicircular_bibtex_keys": [
        "Mroue:2012kv",
        "Buonanno:2010yk",
        "Mroue:2010re",
        "Boyle:2007ft"
    ],
    "initial_separation": 14.3968505859,
    "initial_orbital_frequency": 0.01656316494,
    "initial_adot": 0.0003187569795094,
    "object1": "bh",
    "object2": "bh",
    "initial_ADM_energy": 0.9952871517204365,
    "initial_ADM_linear_momentum": [
        1.42586281e-08,
        -1.217910329e-07,
        2.7341044e-09
    ],
    "initial_ADM_angular_momentum": [
        -0.1348046144420281,
        -0.3498313044189944,
        0.3599693264912462
    ],
    "initial_mass1": 0.7999999769458483,
    "initial_mass2": 0.1999999961192842,
    "initial_dimensionless_spin1": [
        -0.1679155642592751,
        -0.5547634125341957,
        -0.5513982153062913
    ],
    "initial_dimensionless_spin2": [
        -0.6577338250648113,
        -0.4551508017126972,
        -0.0148630889082187
    ],
    "initial_position1": [
        2.907895996305596,
        0.0314328890664848,
        -0.0025934450963472
    ],
    "initial_position2": [
        -11.488954589594403,
        0.0314328890664848,
        -0.0025934450963472
    ],
    "relaxation_time": 370.0,
    "common_horizon_time": 4707.47620421,
    "remnant_mass": 0.982210582074,
    "remnant_dimensionless_spin": [
        -0.0739507775792,
        -0.2404688968,
        0.329932937053
    ],
    "remnant_velocity": [
        0.000893919356894,
        2.55545707837e-06,
        -0.000145182277771
    ],
    "metadata_version": 1,
    "spec_revisions": "InitialCommit-30548-g8a39246",
    "spells_revision": "8a392465d586c8ca817d062b58522dabb63df692",
    "com_parameters": {
        "space_translation": [
            -0.00258436,
            0.0109851,
            -0.00210018
        ],
        "boost_velocity": [
            1.82360265e-06,
            -1.04708887e-05,
            -1.25351286e-06
        ]
    },
    "initial_mass_ratio": 3.9999999623435567
}