{
    "simulation_name": "035/Lev3",
    "alternative_names": [
        "BFI:q8_3dAl:035",
        "SXS:BBH:1446"
    ],
    "initial_data_type": "BBH_SKS",
    "object_types": "BHBH",
    "number_of_orbits": 17.5122394421,
    "reference_mass_ratio": 3.1541215242266274,
    "reference_chi_eff": -0.42035265751344547,
    "reference_chi1_perp": 1.1677184037115755e-07,
    "reference_chi2_perp": 2.2084083557979513e-07,
    "reference_eccentricity": 0.0004757,
    "reference_dimensionless_spin1": [
        -2.14177076003e-08,
        1.21750217506e-07,
        -0.799835090459
    ],
    "reference_dimensionless_spin2": [
        2.53794879898e-07,
        1.20231713291e-07,
        0.776581052306
    ],
    "reference_orbital_frequency": [
        1.95078129466e-09,
        -6.32217269387e-10,
        0.016529224961
    ],
    "reference_mass1": 0.759364192244,
    "reference_mass2": 0.240752991415,
    "reference_time": 360.0,
    "reference_position1": [
        3.39488316092,
        -1.43499309858,
        2.42194691576e-05
    ],
    "reference_position2": [
        -10.6827148866,
        4.31588690431,
        2.61008713812e-05
    ],
    "reference_mean_anomaly": 4.945588,
    "keywords": [],
    "point_of_contact_email": "scheel@tapir.caltech.edu",
    "authors_emails": [],
    "simulation_bibtex_keys": [
        "Varma:2018mmi",
        "Boyle:2019kee",
        "SXSCatalogWebsite"
    ],
    "code_bibtex_keys": [
        "Ossokine:2013zga",
        "Hemberger:2012jz",
        "Szilagyi:2009qz",
        "Boyle:2009vi",
        "Scheel:2008rj",
        "Boyle:2007ft",
        "Scheel:2006gg",
        "Lindblom:2005qh",
        "Pfeiffer:2002wt",
        "SpECwebsite"
    ],
    "initial_data_bibtex_keys": [
        "Buchman:2012dw",
        "Lovelace:2008tw",
        "Pfeiffer:2007yz",
        "Caudill:2006hw",
        "Cook:2004kt"
    ],
    "quasicircular_bibtex_keys": [
        "Mroue:2012kv",
        "Buonanno:2010yk",
        "Mroue:2010re",
        "Boyle:2007ft"
    ],
    "initial_separation": 14.8549194336,
    "initial_orbital_frequency": 0.015535042238,
    "initial_adot": 0.000204436271332,
    "object1": "bh",
    "object2": "bh",
    "initial_ADM_energy": 0.9947514617718827,
    "initial_ADM_linear_momentum": [
        2.818784e-10,
        -5.9389771e-09,
        3.99891e-11
    ],
    "initial_ADM_angular_momentum": [
        1.2605e-12,
        -3.8892e-12,
        0.4068059114102556
    ],
    "initial_mass1": 0.7592819529058564,
    "initial_mass2": 0.240718053608207,
    "initial_dimensionless_spin1": [
        -3.107e-13,
        -4.05e-14,
        -0.8000000340743811
    ],
    "initial_dimensionless_spin2": [
        6.634e-13,
        -5.531e-13,
        0.7769745757055417
    ],
    "initial_position1": [
        3.621415840448691,
        0.0323309202435883,
        -3.858854e-10
    ],
    "initial_position2": [
        -11.233503593151308,
        0.0323309202435883,
        -3.858854e-10
    ],
    "relaxation_time": 360.0,
    "common_horizon_time": 4762.32348887,
    "remnant_mass": 0.979655813764,
    "remnant_dimensionless_spin": [
        7.25475238771e-08,
        3.36917370265e-08,
        0.179744526214
    ],
    "remnant_velocity": [
        1.88360254047e-05,
        0.00107717898916,
        3.61245538181e-07
    ],
    "metadata_version": 1,
    "spec_revisions": "InitialCommit-30391-g7de1691",
    "spells_revision": "7de1691a20fa3565c2276fa60966e8a261a47fe7",
    "com_parameters": {
        "space_translation": [
            0.00303007,
            0.01027987,
            -0.00012116
        ],
        "boost_velocity": [
            4.37180759e-06,
            -3.24516967e-05,
            3.50316789e-07
        ]
    },
    "initial_mass_ratio": 3.1542376715194975
}