{
    "simulation_name": "026/Lev3",
    "alternative_names": [
        "BFI:q8_3dAl:026",
        "SXS:BBH:1437"
    ],
    "initial_data_type": "BBH_SKS",
    "object_types": "BHBH",
    "number_of_orbits": 26.6619870544,
    "reference_mass_ratio": 6.0375244901431335,
    "reference_chi_eff": 0.7072279788902244,
    "reference_chi1_perp": 1.3314379401471934e-06,
    "reference_chi2_perp": 8.582969834974725e-08,
    "reference_eccentricity": 0.000237,
    "reference_dimensionless_spin1": [
        -1.31514872012e-06,
        1.56295009079e-07,
        0.799932777019
    ],
    "reference_dimensionless_spin2": [
        -9.12360406851e-08,
        9.87432312361e-08,
        0.147520489834
    ],
    "reference_orbital_frequency": [
        -8.32087957069e-10,
        1.38841603277e-08,
        0.0219763995173
    ],
    "reference_mass1": 0.857916713708,
    "reference_mass2": 0.142097430016,
    "reference_time": 550.0,
    "reference_position1": [
        1.33212416904,
        -1.10620446452,
        0.000180976692807
    ],
    "reference_position2": [
        -8.20798694452,
        6.73140320931,
        0.000175663865608
    ],
    "reference_mean_anomaly": 1.952004,
    "keywords": [],
    "point_of_contact_email": "scheel@tapir.caltech.edu",
    "authors_emails": [],
    "simulation_bibtex_keys": [
        "Varma:2018mmi",
        "Boyle:2019kee",
        "SXSCatalogWebsite"
    ],
    "code_bibtex_keys": [
        "Ossokine:2013zga",
        "Hemberger:2012jz",
        "Szilagyi:2009qz",
        "Boyle:2009vi",
        "Scheel:2008rj",
        "Boyle:2007ft",
        "Scheel:2006gg",
        "Lindblom:2005qh",
        "Pfeiffer:2002wt",
        "SpECwebsite"
    ],
    "initial_data_bibtex_keys": [
        "Buchman:2012dw",
        "Lovelace:2008tw",
        "Pfeiffer:2007yz",
        "Caudill:2006hw",
        "Cook:2004kt"
    ],
    "quasicircular_bibtex_keys": [
        "Mroue:2012kv",
        "Buonanno:2010yk",
        "Mroue:2010re",
        "Boyle:2007ft"
    ],
    "initial_separation": 12.0625610352,
    "initial_orbital_frequency": 0.021021704567,
    "initial_adot": 0.0001205919526935,
    "object1": "bh",
    "object2": "bh",
    "initial_ADM_energy": 0.9955672718723618,
    "initial_ADM_linear_momentum": [
        -9.6323937e-09,
        -6.15771395e-08,
        -7.4692e-12
    ],
    "initial_ADM_angular_momentum": [
        2.54764e-11,
        -4.1461e-12,
        1.070423470153341
    ],
    "initial_mass1": 0.8579134285537693,
    "initial_mass2": 0.1420865724628853,
    "initial_dimensionless_spin1": [
        -1.88e-14,
        6.26e-14,
        0.7999999988108265
    ],
    "initial_dimensionless_spin2": [
        -6.6e-15,
        9.2e-15,
        0.147554778547981
    ],
    "initial_position1": [
        1.7026110096333547,
        0.0282846897006306,
        1.07854e-10
    ],
    "initial_position2": [
        -10.359950025566645,
        0.0282846897006306,
        1.07854e-10
    ],
    "relaxation_time": 550.0,
    "common_horizon_time": 5054.10205127,
    "remnant_mass": 0.96897707094,
    "remnant_dimensionless_spin": [
        -1.36352589099e-06,
        5.86117296667e-07,
        0.869521340445
    ],
    "remnant_velocity": [
        6.05129660535e-06,
        -2.4487965279e-05,
        1.02212690078e-06
    ],
    "metadata_version": 1,
    "spec_revisions": "InitialCommit-30360-gfc8e86d",
    "spells_revision": "fc8e86d4839796c9f4ccf88d7c8e1ef957a21c8e",
    "com_parameters": {
        "space_translation": [
            -0.03638001,
            0.01254349,
            -0.00037734
        ],
        "boost_velocity": [
            5.34592058e-05,
            -2.12105487e-05,
            9.62062367e-07
        ]
    },
    "initial_mass_ratio": 6.0379627271103775
}