{
    "simulation_name": "0392/Lev3",
    "alternative_names": [
        "BFI:q4_7d:0392",
        "SXS:BBH:1878"
    ],
    "initial_data_type": "BBH_SKS",
    "object_types": "BHBH",
    "number_of_orbits": 18.0852087381,
    "reference_mass_ratio": 3.538634841977114,
    "reference_chi_eff": -0.367381856467089,
    "reference_chi1_perp": 0.47648849896350576,
    "reference_chi2_perp": 0.5115318941730629,
    "reference_eccentricity": 0.00065,
    "reference_dimensionless_spin1": [
        -0.175452128286,
        -0.45996676025,
        -0.623786099457
    ],
    "reference_dimensionless_spin2": [
        -0.138374524002,
        -0.463252614558,
        0.606420003476
    ],
    "reference_orbital_frequency": [
        -0.00151456023253,
        0.00117493032541,
        0.0169456721727
    ],
    "reference_mass1": 0.779700292589,
    "reference_mass2": 0.220339291113,
    "reference_time": 420.0,
    "reference_position1": [
        2.33955064926,
        2.31259665259,
        0.0419674011184
    ],
    "reference_position2": [
        -8.11076430074,
        -8.25804037982,
        -0.159138190778
    ],
    "reference_mean_anomaly": 5.869975,
    "keywords": [],
    "point_of_contact_email": "m.okounkova@gmail.com",
    "authors_emails": [],
    "simulation_bibtex_keys": [
        "Varma:2019csw",
        "Boyle:2019kee",
        "SXSCatalogWebsite"
    ],
    "code_bibtex_keys": [
        "Ossokine:2013zga",
        "Hemberger:2012jz",
        "Szilagyi:2009qz",
        "Boyle:2009vi",
        "Scheel:2008rj",
        "Boyle:2007ft",
        "Scheel:2006gg",
        "Lindblom:2005qh",
        "Pfeiffer:2002wt",
        "SpECwebsite"
    ],
    "initial_data_bibtex_keys": [
        "Buchman:2012dw",
        "Lovelace:2008tw",
        "Pfeiffer:2007yz",
        "Caudill:2006hw",
        "Cook:2004kt"
    ],
    "quasicircular_bibtex_keys": [
        "Mroue:2012kv",
        "Buonanno:2010yk",
        "Mroue:2010re",
        "Boyle:2007ft"
    ],
    "initial_separation": 14.5575561523,
    "initial_orbital_frequency": 0.016127287666,
    "initial_adot": 0.0003383752230332,
    "object1": "bh",
    "object2": "bh",
    "initial_ADM_energy": 0.9949681019199297,
    "initial_ADM_linear_momentum": [
        -1.27063073e-08,
        -1.087279902e-07,
        6.00095e-10
    ],
    "initial_ADM_angular_momentum": [
        -0.185737293470826,
        -0.2504727283212704,
        0.4111753439554542
    ],
    "initial_mass1": 0.7796791120514998,
    "initial_mass2": 0.2203208757471602,
    "initial_dimensionless_spin1": [
        -0.269938262074952,
        -0.4035063744355442,
        -0.6290481931826696
    ],
    "initial_dimensionless_spin2": [
        -0.4285224680791115,
        -0.3126280323920427,
        0.5659719414828289
    ],
    "initial_position1": [
        3.2436385324576285,
        0.0319398724448699,
        -0.0061170196487846
    ],
    "initial_position2": [
        -11.313917619842371,
        0.0319398724448699,
        -0.0061170196487846
    ],
    "relaxation_time": 420.0,
    "common_horizon_time": 4784.56084149,
    "remnant_mass": 0.980055140679,
    "remnant_dimensionless_spin": [
        -0.0776302477762,
        -0.149155287296,
        0.325196545947
    ],
    "remnant_velocity": [
        0.000891718935351,
        -0.000916894375485,
        0.000505660928165
    ],
    "metadata_version": 1,
    "spec_revisions": "InitialCommit-30548-g8a39246",
    "spells_revision": "8a392465d586c8ca817d062b58522dabb63df692",
    "com_parameters": {
        "space_translation": [
            -0.000179566936,
            0.00389946134,
            -5.54169459e-05
        ],
        "boost_velocity": [
            2.42394734e-06,
            -4.45187623e-06,
            2.2552308e-06
        ]
    },
    "initial_mass_ratio": 3.5388344813328447
}