{
    "simulation_name": "0204/Lev3",
    "alternative_names": [
        "BFI:q4_7d:0204",
        "SXS:BBH:1695"
    ],
    "initial_data_type": "BBH_SKS",
    "object_types": "BHBH",
    "number_of_orbits": 19.6153710828,
    "reference_mass_ratio": 3.0372795038819294,
    "reference_chi_eff": -0.04550141175472475,
    "reference_chi1_perp": 0.03292783135703516,
    "reference_chi2_perp": 0.7665661119571165,
    "reference_eccentricity": 0.0002961,
    "reference_dimensionless_spin1": [
        -0.0314155550734,
        0.00854149778742,
        -0.0756728881971
    ],
    "reference_dimensionless_spin2": [
        -0.761217563043,
        -0.0775696861272,
        0.0651012204305
    ],
    "reference_orbital_frequency": [
        0.000324115027842,
        0.00115461698905,
        0.0173844040762
    ],
    "reference_mass1": 0.752322309435,
    "reference_mass2": 0.247696107149,
    "reference_time": 640.0,
    "reference_position1": [
        -0.279900160747,
        -3.59279566683,
        0.239383101966
    ],
    "reference_position2": [
        0.733645317284,
        10.9671870735,
        -0.746541332256
    ],
    "reference_mean_anomaly": 2.848622,
    "keywords": [],
    "point_of_contact_email": "mgiesler@tapir.caltech.edu",
    "authors_emails": [],
    "simulation_bibtex_keys": [
        "Varma:2019csw",
        "Boyle:2019kee",
        "SXSCatalogWebsite"
    ],
    "code_bibtex_keys": [
        "Ossokine:2013zga",
        "Hemberger:2012jz",
        "Szilagyi:2009qz",
        "Boyle:2009vi",
        "Scheel:2008rj",
        "Boyle:2007ft",
        "Scheel:2006gg",
        "Lindblom:2005qh",
        "Pfeiffer:2002wt",
        "SpECwebsite"
    ],
    "initial_data_bibtex_keys": [
        "Buchman:2012dw",
        "Lovelace:2008tw",
        "Pfeiffer:2007yz",
        "Caudill:2006hw",
        "Cook:2004kt"
    ],
    "quasicircular_bibtex_keys": [
        "Mroue:2012kv",
        "Buonanno:2010yk",
        "Mroue:2010re",
        "Boyle:2007ft"
    ],
    "initial_separation": 14.4471435547,
    "initial_orbital_frequency": 0.016529584135,
    "initial_adot": -0.0002097675276317,
    "object1": "bh",
    "object2": "bh",
    "initial_ADM_energy": 0.994360296837114,
    "initial_ADM_linear_momentum": [
        -3.3454339e-09,
        -7.90376377e-08,
        3.3040588e-09
    ],
    "initial_ADM_angular_momentum": [
        -0.0456968104827246,
        0.0545851340436079,
        0.7737146583650802
    ],
    "initial_mass1": 0.7523098924231468,
    "initial_mass2": 0.2476901194287476,
    "initial_dimensionless_spin1": [
        -0.0251768326838616,
        0.0192644911320761,
        -0.0759811396569676
    ],
    "initial_dimensionless_spin2": [
        -0.5052906116749671,
        0.577065232873303,
        0.0406813177768115
    ],
    "initial_position1": [
        3.5901746306673794,
        0.0269067885955822,
        0.0040887761063099
    ],
    "initial_position2": [
        -10.856968924032621,
        0.0269067885955822,
        0.0040887761063099
    ],
    "relaxation_time": 640.0,
    "common_horizon_time": 4993.0140352,
    "remnant_mass": 0.972361363569,
    "remnant_dimensionless_spin": [
        -0.0294031898238,
        0.0356757230565,
        0.505475122449
    ],
    "remnant_velocity": [
        -0.000524151309176,
        0.000512382344839,
        0.00105434157269
    ],
    "metadata_version": 1,
    "spec_revisions": "InitialCommit-30548-g8a39246",
    "spells_revision": "8a392465d586c8ca817d062b58522dabb63df692",
    "com_parameters": {
        "space_translation": [
            -0.00894824,
            -0.00300777,
            -0.00029128
        ],
        "boost_velocity": [
            4.87782029e-06,
            -7.16417444e-08,
            1.95684807e-06
        ]
    },
    "initial_mass_ratio": 3.0373027965677974
}