{
    "simulation_name": "0516/Lev3",
    "alternative_names": [
        "BFI:q4_7d:0516",
        "SXS:BBH:1990"
    ],
    "initial_data_type": "BBH_SKS",
    "object_types": "BHBH",
    "number_of_orbits": 18.2270429928,
    "reference_mass_ratio": 4.00021782008721,
    "reference_chi_eff": -0.4404562027395071,
    "reference_chi1_perp": 0.5804871501339824,
    "reference_chi2_perp": 1.996530400519376e-06,
    "reference_eccentricity": 0.000596,
    "reference_dimensionless_spin1": [
        -0.572598447265,
        -0.140767288382,
        -0.540738484117
    ],
    "reference_dimensionless_spin2": [
        -5.38011865089e-07,
        -5.08651233617e-07,
        -1.39777469319e-05
    ],
    "reference_orbital_frequency": [
        -0.000189516963463,
        0.00297341840254,
        0.017241792682
    ],
    "reference_mass1": 0.799997368482,
    "reference_mass2": 0.199988451745,
    "reference_time": 600.0,
    "reference_position1": [
        -1.87574022561,
        -2.21644512724,
        0.37658601309
    ],
    "reference_position2": [
        7.34459037778,
        8.97197124147,
        -1.45155533214
    ],
    "reference_mean_anomaly": 1.863681,
    "keywords": [],
    "point_of_contact_email": "marissa.beth@gmail.com",
    "authors_emails": [],
    "simulation_bibtex_keys": [
        "Varma:2019csw",
        "Boyle:2019kee",
        "SXSCatalogWebsite"
    ],
    "code_bibtex_keys": [
        "Ossokine:2013zga",
        "Hemberger:2012jz",
        "Szilagyi:2009qz",
        "Boyle:2009vi",
        "Scheel:2008rj",
        "Boyle:2007ft",
        "Scheel:2006gg",
        "Lindblom:2005qh",
        "Pfeiffer:2002wt",
        "SpECwebsite"
    ],
    "initial_data_bibtex_keys": [
        "Buchman:2012dw",
        "Lovelace:2008tw",
        "Pfeiffer:2007yz",
        "Caudill:2006hw",
        "Cook:2004kt"
    ],
    "quasicircular_bibtex_keys": [
        "Mroue:2012kv",
        "Buonanno:2010yk",
        "Mroue:2010re",
        "Boyle:2007ft"
    ],
    "initial_separation": 14.4171142578,
    "initial_orbital_frequency": 0.016725988447,
    "initial_adot": -4.75215761206e-05,
    "object1": "bh",
    "object2": "bh",
    "initial_ADM_energy": 0.9952566320129919,
    "initial_ADM_linear_momentum": [
        -7.2859973e-09,
        2.083331e-10,
        2.763952e-10
    ],
    "initial_ADM_angular_momentum": [
        -0.368804271152942,
        0.0255181055345452,
        0.3577736059849966
    ],
    "initial_mass1": 0.8000000068112436,
    "initial_mass2": 0.2000000006496604,
    "initial_dimensionless_spin1": [
        -0.5752180810698415,
        0.0372403988559159,
        -0.5547386405027245
    ],
    "initial_dimensionless_spin2": [
        2.1156354e-08,
        -2.40476e-11,
        -1.721055326e-07
    ],
    "initial_position1": [
        2.9117271895418293,
        0.0326696999319305,
        -0.0170962305464811
    ],
    "initial_position2": [
        -11.50538706825817,
        0.0326696999319305,
        -0.0170962305464811
    ],
    "relaxation_time": 600.0,
    "common_horizon_time": 4788.46633867,
    "remnant_mass": 0.982271431608,
    "remnant_dimensionless_spin": [
        -0.24507271738,
        -0.00576954722722,
        0.325241697922
    ],
    "remnant_velocity": [
        -0.000774547922793,
        0.000378378211519,
        0.00054177265408
    ],
    "metadata_version": 1,
    "spec_revisions": "InitialCommit-30548-g8a39246",
    "spells_revision": "8a392465d586c8ca817d062b58522dabb63df692",
    "com_parameters": {
        "space_translation": [
            0.00123323,
            -0.02529071,
            0.00389263
        ],
        "boost_velocity": [
            -7.39117838e-06,
            3.59214355e-05,
            -4.5743799e-06
        ]
    },
    "initial_mass_ratio": 4.00000002106301
}