{
    "simulation_name": "043/Lev3",
    "alternative_names": [
        "BFI:q8_3dAl:043",
        "SXS:BBH:1453"
    ],
    "initial_data_type": "BBH_SKS",
    "object_types": "BHBH",
    "number_of_orbits": 21.1176172699,
    "reference_mass_ratio": 2.3521055780003195,
    "reference_chi_eff": 0.32748910782002266,
    "reference_chi1_perp": 1.975306765004891e-07,
    "reference_chi2_perp": 3.125391862474982e-07,
    "reference_eccentricity": "<3.6e-05",
    "reference_dimensionless_spin1": [
        2.30102687974e-08,
        3.56309862289e-07,
        0.800164113854
    ],
    "reference_dimensionless_spin2": [
        -1.4697214373e-07,
        1.1365999375e-07,
        -0.784292410454
    ],
    "reference_orbital_frequency": [
        -1.66195955942e-10,
        3.46268756955e-09,
        0.0171894875407
    ],
    "reference_mass1": 0.701644296032,
    "reference_mass2": 0.29830476259,
    "reference_time": 350.0,
    "reference_position1": [
        4.13106381794,
        -1.39437178822,
        -1.46426449184e-06
    ],
    "reference_position2": [
        -9.85339003276,
        3.320538949,
        -2.54925451456e-06
    ],
    "reference_mean_anomaly": 5.957522,
    "keywords": [],
    "point_of_contact_email": "jonathan.blackman.0@gmail.com",
    "authors_emails": [],
    "simulation_bibtex_keys": [
        "Varma:2018mmi",
        "Boyle:2019kee",
        "SXSCatalogWebsite"
    ],
    "code_bibtex_keys": [
        "Ossokine:2013zga",
        "Hemberger:2012jz",
        "Szilagyi:2009qz",
        "Boyle:2009vi",
        "Scheel:2008rj",
        "Boyle:2007ft",
        "Scheel:2006gg",
        "Lindblom:2005qh",
        "Pfeiffer:2002wt",
        "SpECwebsite"
    ],
    "initial_data_bibtex_keys": [
        "Buchman:2012dw",
        "Lovelace:2008tw",
        "Pfeiffer:2007yz",
        "Caudill:2006hw",
        "Cook:2004kt"
    ],
    "quasicircular_bibtex_keys": [
        "Mroue:2012kv",
        "Buonanno:2010yk",
        "Mroue:2010re",
        "Boyle:2007ft"
    ],
    "initial_separation": 14.3481445312,
    "initial_orbital_frequency": 0.016189084151,
    "initial_adot": -0.0001121647078463,
    "object1": "bh",
    "object2": "bh",
    "initial_ADM_energy": 0.9935555054851726,
    "initial_ADM_linear_momentum": [
        -9.246359e-10,
        -7.68090743e-08,
        9.7121e-12
    ],
    "initial_ADM_angular_momentum": [
        3.02808e-11,
        -4.6726e-12,
        1.2183519220813523
    ],
    "initial_mass1": 0.7017278270969031,
    "initial_mass2": 0.298272170628931,
    "initial_dimensionless_spin1": [
        -1.54e-14,
        1.97e-13,
        0.7999999986055759
    ],
    "initial_dimensionless_spin2": [
        -1.05e-14,
        2.458e-13,
        -0.7845482961026505
    ],
    "initial_position1": [
        4.249223794643236,
        0.0257540619325864,
        9.2677806e-09
    ],
    "initial_position2": [
        -10.098920736556764,
        0.0257540619325864,
        9.2677806e-09
    ],
    "relaxation_time": 350.0,
    "common_horizon_time": 5081.55340869,
    "remnant_mass": 0.947748377402,
    "remnant_dimensionless_spin": [
        -3.40006039374e-08,
        3.53794307176e-07,
        0.840610160391
    ],
    "remnant_velocity": [
        -9.16555558765e-05,
        -0.000368514863504,
        -2.46083766539e-08
    ],
    "metadata_version": 1,
    "spec_revisions": "InitialCommit-30391-g7de1691",
    "spells_revision": "7de1691a20fa3565c2276fa60966e8a261a47fe7",
    "com_parameters": {
        "space_translation": [
            -0.00206077328,
            -0.00726475958,
            1.86692895e-05
        ],
        "boost_velocity": [
            -2.44132124e-06,
            2.52907333e-05,
            -3.78695698e-08
        ]
    },
    "initial_mass_ratio": 2.352642640502643
}