{
    "simulation_name": "0457/Lev3",
    "alternative_names": [
        "BFI:q4_7d:0457",
        "SXS:BBH:1938"
    ],
    "initial_data_type": "BBH_SKS",
    "object_types": "BHBH",
    "number_of_orbits": 22.7765106109,
    "reference_mass_ratio": 3.999304641593927,
    "reference_chi_eff": 0.4798614954782693,
    "reference_chi1_perp": 4.6606883409250176e-07,
    "reference_chi2_perp": 2.658168243792476e-07,
    "reference_eccentricity": 0.0004565,
    "reference_dimensionless_spin1": [
        1.90983680696e-07,
        4.66573173069e-07,
        0.399937402063
    ],
    "reference_dimensionless_spin2": [
        -4.60645961881e-08,
        2.17217675964e-08,
        0.799502293249
    ],
    "reference_orbital_frequency": [
        -5.22553739671e-09,
        5.25665260276e-09,
        0.0189248834948
    ],
    "reference_mass1": 0.800067115821,
    "reference_mass2": 0.200051555838,
    "reference_time": 340.0,
    "reference_position1": [
        2.71159923002,
        0.241655124093,
        5.6205793219e-06
    ],
    "reference_position2": [
        -10.9479389304,
        -1.10159205508,
        2.22201447916e-06
    ],
    "reference_mean_anomaly": 5.776927,
    "keywords": [],
    "point_of_contact_email": "glovelace@fullerton.edu",
    "authors_emails": [],
    "simulation_bibtex_keys": [
        "Varma:2019csw",
        "Boyle:2019kee",
        "SXSCatalogWebsite"
    ],
    "code_bibtex_keys": [
        "Ossokine:2013zga",
        "Hemberger:2012jz",
        "Szilagyi:2009qz",
        "Boyle:2009vi",
        "Scheel:2008rj",
        "Boyle:2007ft",
        "Scheel:2006gg",
        "Lindblom:2005qh",
        "Pfeiffer:2002wt",
        "SpECwebsite"
    ],
    "initial_data_bibtex_keys": [
        "Buchman:2012dw",
        "Lovelace:2008tw",
        "Pfeiffer:2007yz",
        "Caudill:2006hw",
        "Cook:2004kt"
    ],
    "quasicircular_bibtex_keys": [
        "Mroue:2012kv",
        "Buonanno:2010yk",
        "Mroue:2010re",
        "Boyle:2007ft"
    ],
    "initial_separation": 13.3187866211,
    "initial_orbital_frequency": 0.017871552013,
    "initial_adot": 0.0004162483808399,
    "object1": "bh",
    "object2": "bh",
    "initial_ADM_energy": 0.9947360498049058,
    "initial_ADM_linear_momentum": [
        1.23948088e-08,
        -1.404545673e-07,
        3.46156e-11
    ],
    "initial_ADM_angular_momentum": [
        2.84869e-11,
        -9.987e-12,
        0.9505129576614665
    ],
    "initial_mass1": 0.8000000367785876,
    "initial_mass2": 0.1999999903685177,
    "initial_dimensionless_spin1": [
        -1.136e-13,
        1.08e-13,
        0.4000000212211636
    ],
    "initial_dimensionless_spin2": [
        -1.904e-13,
        1.022e-13,
        0.7999999333836667
    ],
    "initial_position1": [
        2.6681415642967523,
        0.0282795232123807,
        -6.0822305e-09
    ],
    "initial_position2": [
        -10.650645056803247,
        0.0282795232123807,
        -6.0822305e-09
    ],
    "relaxation_time": 340.0,
    "common_horizon_time": 5057.62672566,
    "remnant_mass": 0.969340024727,
    "remnant_dimensionless_spin": [
        -2.64615940766e-07,
        8.75621993321e-07,
        0.692699960491
    ],
    "remnant_velocity": [
        -0.00026027214285,
        -0.000224629563361,
        -1.06444428203e-09
    ],
    "metadata_version": 1,
    "spec_revisions": "InitialCommit-30548-g8a39246",
    "spells_revision": "8a392465d586c8ca817d062b58522dabb63df692",
    "com_parameters": {
        "space_translation": [
            -0.0127248687,
            0.0223694511,
            2.24512281e-05
        ],
        "boost_velocity": [
            3.79130607e-06,
            -4.26334348e-05,
            -2.33261814e-08
        ]
    },
    "initial_mass_ratio": 4.0000003765226015
}