{
    "simulation_name": "2005/Lev3",
    "alternative_names": [
        "PRIVATE:BBH:1163",
        "SXS:BBH:1096"
    ],
    "initial_data_type": "BBH_SKS",
    "object_types": "BHBH",
    "number_of_orbits": 19.128808706,
    "reference_mass_ratio": 2.0001120133299337,
    "reference_chi_eff": 0.0001833480993277597,
    "reference_chi1_perp": 0.39993092957471843,
    "reference_chi2_perp": 6.6131453245621876e-06,
    "reference_eccentricity": 0.0001493,
    "reference_dimensionless_spin1": [
        -0.341089592044,
        -0.208696018374,
        0.00697973032311
    ],
    "reference_dimensionless_spin2": [
        -3.65282108393e-06,
        -8.65860482575e-06,
        -0.000101183209007
    ],
    "reference_orbital_frequency": [
        -0.000478330473134,
        0.00130828313081,
        0.0165161998938
    ],
    "reference_mass1": 0.66673006272,
    "reference_mass2": 0.333346361742,
    "reference_time": 640.0,
    "reference_position1": [
        -2.92838774028,
        -4.11065581303,
        0.251371729581
    ],
    "reference_position2": [
        5.84674727708,
        8.23881044744,
        -0.47271637636
    ],
    "reference_mean_anomaly": 2.199408,
    "keywords": [],
    "point_of_contact_email": "daniel.hemberger@gmail.com",
    "authors_emails": [],
    "simulation_bibtex_keys": [
        "Blackman:2017pcm",
        "Boyle:2019kee",
        "SXSCatalogWebsite"
    ],
    "code_bibtex_keys": [
        "Ossokine:2013zga",
        "Hemberger:2012jz",
        "Szilagyi:2009qz",
        "Boyle:2009vi",
        "Scheel:2008rj",
        "Boyle:2007ft",
        "Scheel:2006gg",
        "Lindblom:2005qh",
        "Pfeiffer:2002wt",
        "SpECwebsite"
    ],
    "initial_data_bibtex_keys": [
        "Buchman:2012dw",
        "Lovelace:2008tw",
        "Pfeiffer:2007yz",
        "Caudill:2006hw",
        "Cook:2004kt"
    ],
    "quasicircular_bibtex_keys": [
        "Mroue:2012kv",
        "Buonanno:2010yk",
        "Mroue:2010re",
        "Boyle:2007ft"
    ],
    "initial_separation": 14.9986572266,
    "initial_orbital_frequency": 0.015818753797,
    "initial_adot": -2.46377326303e-05,
    "object1": "bh",
    "object2": "bh",
    "initial_ADM_energy": 0.993445366330903,
    "initial_ADM_linear_momentum": [
        -1.8658818e-09,
        -7.938218e-10,
        -7.32411e-11
    ],
    "initial_ADM_angular_momentum": [
        -0.1769678426483216,
        -0.0189262660343776,
        0.9815979715136448
    ],
    "initial_mass1": 0.6666666669215848,
    "initial_mass2": 0.3333333294809166,
    "initial_dimensionless_spin1": [
        -0.396988697554,
        -0.0489871628938,
        0.000141733417447
    ],
    "initial_dimensionless_spin2": [
        2.8606516e-09,
        1.0628312e-09,
        -5.27757281e-08
    ],
    "initial_position1": [
        5.006601991870879,
        0.0219268300042556,
        -0.0125632179967612
    ],
    "initial_position2": [
        -9.992055234729122,
        0.0219268300042556,
        -0.0125632179967612
    ],
    "relaxation_time": 640.0,
    "common_horizon_time": 5036.55301678,
    "remnant_mass": 0.960710597571,
    "remnant_dimensionless_spin": [
        -0.118741873632,
        -0.0331820293196,
        0.634073268089
    ],
    "remnant_velocity": [
        0.00038112947157,
        -0.000105879385755,
        0.000717838160585
    ],
    "metadata_version": 1,
    "spec_revisions": "InitialCommit-29628-g2cce9e5",
    "spells_revision": "2cce9e5c03773621b7d160cd7247fc453684f921",
    "com_parameters": {
        "space_translation": [
            -0.00246387,
            0.00621062,
            0.00132475
        ],
        "boost_velocity": [
            1.76755237e-05,
            -3.38514873e-05,
            -2.30382618e-06
        ]
    },
    "initial_mass_ratio": 2.000000023879255
}