{
    "simulation_name": "0072/Lev3",
    "alternative_names": [
        "BFI:q4_7d:0072",
        "SXS:BBH:1568"
    ],
    "initial_data_type": "BBH_SKS",
    "object_types": "BHBH",
    "number_of_orbits": 18.8652529198,
    "reference_mass_ratio": 2.9411578487976704,
    "reference_chi_eff": -0.1592900944688216,
    "reference_chi1_perp": 0.5883448739729352,
    "reference_chi2_perp": 0.1956656632173572,
    "reference_eccentricity": 0.0002362,
    "reference_dimensionless_spin1": [
        -0.452411851963,
        -0.381907389371,
        -0.401993073132
    ],
    "reference_dimensionless_spin2": [
        -0.0249917272807,
        -0.148769089672,
        0.583905533759
    ],
    "reference_orbital_frequency": [
        -0.000879070941995,
        0.00136221345255,
        0.0167513070951
    ],
    "reference_mass1": 0.746300082948,
    "reference_mass2": 0.253743634757,
    "reference_time": 390.0,
    "reference_position1": [
        3.72622005632,
        0.769758902511,
        0.121900733014
    ],
    "reference_position2": [
        -10.9090669191,
        -2.40201095018,
        -0.388198442987
    ],
    "reference_mean_anomaly": 0.731834,
    "keywords": [],
    "point_of_contact_email": "kbarkett@caltech.edu",
    "authors_emails": [],
    "simulation_bibtex_keys": [
        "Varma:2019csw",
        "Boyle:2019kee",
        "SXSCatalogWebsite"
    ],
    "code_bibtex_keys": [
        "Ossokine:2013zga",
        "Hemberger:2012jz",
        "Szilagyi:2009qz",
        "Boyle:2009vi",
        "Scheel:2008rj",
        "Boyle:2007ft",
        "Scheel:2006gg",
        "Lindblom:2005qh",
        "Pfeiffer:2002wt",
        "SpECwebsite"
    ],
    "initial_data_bibtex_keys": [
        "Buchman:2012dw",
        "Lovelace:2008tw",
        "Pfeiffer:2007yz",
        "Caudill:2006hw",
        "Cook:2004kt"
    ],
    "quasicircular_bibtex_keys": [
        "Mroue:2012kv",
        "Buonanno:2010yk",
        "Mroue:2010re",
        "Boyle:2007ft"
    ],
    "initial_separation": 14.6354980469,
    "initial_orbital_frequency": 0.016081508011,
    "initial_adot": 0.0001720058989761,
    "object1": "bh",
    "object2": "bh",
    "initial_ADM_energy": 0.9943773203032004,
    "initial_ADM_linear_momentum": [
        1.52994094e-08,
        6.68566204e-08,
        -1.6665268e-09
    ],
    "initial_ADM_angular_momentum": [
        -0.3009482893684997,
        -0.150237462522678,
        0.6474193251211549
    ],
    "initial_mass1": 0.7462682413980124,
    "initial_mass2": 0.2537317587910241,
    "initial_dimensionless_spin1": [
        -0.5248016261637944,
        -0.2686667027508159,
        -0.4058044707605187
    ],
    "initial_dimensionless_spin2": [
        -0.1221144825203793,
        -0.1260098604356801,
        0.5769787843652823
    ],
    "initial_position1": [
        3.7426526283602133,
        0.0301105999478693,
        -0.0162160964279878
    ],
    "initial_position2": [
        -10.892845418539787,
        0.0301105999478693,
        -0.0162160964279878
    ],
    "relaxation_time": 390.0,
    "common_horizon_time": 4928.09209729,
    "remnant_mass": 0.972925049687,
    "remnant_dimensionless_spin": [
        -0.220876778455,
        -0.0692992211542,
        0.445459909586
    ],
    "remnant_velocity": [
        0.00019523773665,
        -0.00054455938732,
        -0.00216830721757
    ],
    "metadata_version": 1,
    "spec_revisions": "InitialCommit-30548-g8a39246",
    "spells_revision": "8a392465d586c8ca817d062b58522dabb63df692",
    "com_parameters": {
        "space_translation": [
            0.00063675,
            0.00838648,
            -0.00126628
        ],
        "boost_velocity": [
            -8.15502393e-06,
            -1.54671234e-05,
            3.85025028e-06
        ]
    },
    "initial_mass_ratio": 2.941170017319929
}