{
    "simulation_name": "059/Lev3",
    "alternative_names": [
        "BFI:q8_3dAl:059",
        "SXS:BBH:1469"
    ],
    "initial_data_type": "BBH_SKS",
    "object_types": "BHBH",
    "number_of_orbits": 21.8341584097,
    "reference_mass_ratio": 1.8510765493475267,
    "reference_chi_eff": 0.7539764916343201,
    "reference_chi1_perp": 1.2784110507445515e-07,
    "reference_chi2_perp": 1.1000058408401969e-07,
    "reference_eccentricity": "<2.5e-05",
    "reference_dimensionless_spin1": [
        -9.4437559859e-08,
        9.26090858062e-08,
        0.79988131933
    ],
    "reference_dimensionless_spin2": [
        -1.66728105707e-08,
        1.45005034616e-07,
        0.669003141585
    ],
    "reference_orbital_frequency": [
        5.69743528083e-10,
        1.09310216067e-09,
        0.0174189272799
    ],
    "reference_mass1": 0.649245687492,
    "reference_mass2": 0.350739513026,
    "reference_time": 470.0,
    "reference_position1": [
        -1.0161310389,
        5.00634778744,
        1.48217761673e-05
    ],
    "reference_position2": [
        1.92969432718,
        -9.27980546374,
        1.56219322174e-05
    ],
    "reference_mean_anomaly": 1.783914,
    "keywords": [],
    "point_of_contact_email": "scheel@tapir.caltech.edu",
    "authors_emails": [],
    "simulation_bibtex_keys": [
        "Varma:2018mmi",
        "Boyle:2019kee",
        "SXSCatalogWebsite"
    ],
    "code_bibtex_keys": [
        "Ossokine:2013zga",
        "Hemberger:2012jz",
        "Szilagyi:2009qz",
        "Boyle:2009vi",
        "Scheel:2008rj",
        "Boyle:2007ft",
        "Scheel:2006gg",
        "Lindblom:2005qh",
        "Pfeiffer:2002wt",
        "SpECwebsite"
    ],
    "initial_data_bibtex_keys": [
        "Buchman:2012dw",
        "Lovelace:2008tw",
        "Pfeiffer:2007yz",
        "Caudill:2006hw",
        "Cook:2004kt"
    ],
    "quasicircular_bibtex_keys": [
        "Mroue:2012kv",
        "Buonanno:2010yk",
        "Mroue:2010re",
        "Boyle:2007ft"
    ],
    "initial_separation": 14.2475585938,
    "initial_orbital_frequency": 0.016312896805,
    "initial_adot": 0.0003039531769774,
    "object1": "bh",
    "object2": "bh",
    "initial_ADM_energy": 0.9928353394814956,
    "initial_ADM_linear_momentum": [
        -1.12757792e-08,
        2.3969591e-09,
        -3.8372e-12
    ],
    "initial_ADM_angular_momentum": [
        8.5844e-12,
        -5.3513e-12,
        1.3749880927895022
    ],
    "initial_mass1": 0.6492543400064886,
    "initial_mass2": 0.3507456566642686,
    "initial_dimensionless_spin1": [
        -5.46e-14,
        -8.1e-15,
        0.7999999873302226
    ],
    "initial_dimensionless_spin2": [
        2.472e-13,
        -1.624e-13,
        0.668909305932952
    ],
    "initial_position1": [
        4.988467055754938,
        0.0213467598877519,
        -1.2626717e-09
    ],
    "initial_position2": [
        -9.25909153804506,
        0.0213467598877519,
        -1.2626717e-09
    ],
    "relaxation_time": 470.0,
    "common_horizon_time": 5083.29946944,
    "remnant_mass": 0.924895550295,
    "remnant_dimensionless_spin": [
        -1.39268510966e-08,
        8.64056177497e-08,
        0.897235183018
    ],
    "remnant_velocity": [
        -5.22587662454e-05,
        -1.40389456702e-05,
        7.24771580893e-08
    ],
    "metadata_version": 1,
    "spec_revisions": "InitialCommit-30348-g755d64a",
    "spells_revision": "755d64a9ecb1396c12985e0534d4ae1a0d4a7c34",
    "com_parameters": {
        "space_translation": [
            0.000727934217,
            -0.000711312525,
            -1.61744681e-05
        ],
        "boost_velocity": [
            2.03700742e-06,
            2.0719475e-05,
            6.24644301e-08
        ]
    },
    "initial_mass_ratio": 1.8510687949243818
}