{
    "simulation_name": "007/Lev3",
    "alternative_names": [
        "BFI:q8_3dAl:007",
        "SXS:BBH:1421"
    ],
    "initial_data_type": "BBH_SKS",
    "object_types": "BHBH",
    "number_of_orbits": 18.504209689,
    "reference_mass_ratio": 7.80899464572236,
    "reference_chi_eff": -0.44828004339205807,
    "reference_chi1_perp": 1.2614289653739988e-06,
    "reference_chi2_perp": 3.811790040273879e-07,
    "reference_eccentricity": 0.0007512,
    "reference_dimensionless_spin1": [
        6.79812261942e-07,
        8.27695014793e-07,
        -0.608065856225
    ],
    "reference_dimensionless_spin2": [
        3.83896767407e-08,
        -1.78978435141e-07,
        0.79948651348
    ],
    "reference_orbital_frequency": [
        9.97045646517e-09,
        -1.12113456411e-09,
        0.0201789118984
    ],
    "reference_mass1": 0.886477432997,
    "reference_mass2": 0.113520046205,
    "reference_time": 630.0,
    "reference_position1": [
        1.48472976824,
        -0.145261230884,
        -9.04594733364e-05
    ],
    "reference_position2": [
        -11.6790359639,
        0.925622384557,
        -8.38957221068e-05
    ],
    "reference_mean_anomaly": 3.440843,
    "keywords": [],
    "point_of_contact_email": "scheel@tapir.caltech.edu",
    "authors_emails": [],
    "simulation_bibtex_keys": [
        "Varma:2018mmi",
        "Boyle:2019kee",
        "SXSCatalogWebsite"
    ],
    "code_bibtex_keys": [
        "Ossokine:2013zga",
        "Hemberger:2012jz",
        "Szilagyi:2009qz",
        "Boyle:2009vi",
        "Scheel:2008rj",
        "Boyle:2007ft",
        "Scheel:2006gg",
        "Lindblom:2005qh",
        "Pfeiffer:2002wt",
        "SpECwebsite"
    ],
    "initial_data_bibtex_keys": [
        "Buchman:2012dw",
        "Lovelace:2008tw",
        "Pfeiffer:2007yz",
        "Caudill:2006hw",
        "Cook:2004kt"
    ],
    "quasicircular_bibtex_keys": [
        "Mroue:2012kv",
        "Buonanno:2010yk",
        "Mroue:2010re",
        "Boyle:2007ft"
    ],
    "initial_separation": 13.0275268555,
    "initial_orbital_frequency": 0.018658058312,
    "initial_adot": 0.0004922426774622,
    "object1": "bh",
    "object2": "bh",
    "initial_ADM_energy": 0.9968182340178919,
    "initial_ADM_linear_momentum": [
        1.15906068e-08,
        8.44074137e-08,
        -1.48379e-11
    ],
    "initial_ADM_angular_momentum": [
        2.88123e-11,
        1.6725e-12,
        -0.0312536567132886
    ],
    "initial_mass1": 0.8865114775818085,
    "initial_mass2": 0.1134885481213189,
    "initial_dimensionless_spin1": [
        -4.02e-14,
        -7.5e-15,
        -0.6080897849659135
    ],
    "initial_dimensionless_spin2": [
        1.972e-13,
        -2.946e-13,
        0.7999999672258575
    ],
    "initial_position1": [
        1.503906330503312,
        0.0267340786553965,
        -5.09618e-10
    ],
    "initial_position2": [
        -11.523620524996687,
        0.0267340786553965,
        -5.09618e-10
    ],
    "relaxation_time": 630.0,
    "common_horizon_time": 4402.4758338,
    "remnant_mass": 0.991872346581,
    "remnant_dimensionless_spin": [
        5.75295023385e-07,
        1.29569858326e-06,
        -0.117098473922
    ],
    "remnant_velocity": [
        0.000116446402269,
        0.000413734528252,
        -3.77220762862e-07
    ],
    "metadata_version": 1,
    "spec_revisions": "InitialCommit-30348-g755d64a",
    "spells_revision": "755d64a9ecb1396c12985e0534d4ae1a0d4a7c34",
    "com_parameters": {
        "space_translation": [
            0.03227148,
            -0.03974215,
            0.0001847
        ],
        "boost_velocity": [
            -5.41817743e-05,
            5.11342199e-05,
            -4.15798235e-07
        ]
    },
    "initial_mass_ratio": 7.811461969133049
}