{
    "simulation_name": "BBH_SKS_d15.4_q1_sA_0_0_-0.970_sB_0_0_-0.970/Lev4",
    "alternative_names": [
        "PRIVATE:BBH:0111",
        "SXS:BBH:1137"
    ],
    "initial_data_type": "BBH_SKS",
    "object_types": "BHBH",
    "number_of_orbits": 12.1853466294,
    "reference_mass_ratio": 0.9999999947796565,
    "reference_chi_eff": -0.9692427339565001,
    "reference_chi1_perp": 1.8396292455242336e-10,
    "reference_chi2_perp": 1.4050281100661386e-10,
    "reference_eccentricity": 0.0004313,
    "reference_dimensionless_spin1": [
        -1.3269058845e-10,
        -1.35805219566e-10,
        -0.969242733008
    ],
    "reference_dimensionless_spin2": [
        1.25487918067e-10,
        5.82371053977e-11,
        -0.969242734905
    ],
    "reference_orbital_frequency": [
        -7.66116929521e-14,
        2.22995756548e-13,
        0.0162068268871
    ],
    "reference_mass1": 0.500158655661,
    "reference_mass2": 0.500158658272,
    "reference_time": 350.0,
    "reference_position1": [
        6.0405745606,
        -5.01379003473,
        1.49747573095e-08
    ],
    "reference_position2": [
        -6.04054941117,
        5.01377106652,
        1.47796753878e-08
    ],
    "reference_mean_anomaly": 1.433638,
    "keywords": [],
    "point_of_contact_email": "glovelace@fullerton.edu",
    "authors_emails": [],
    "simulation_bibtex_keys": [
        "Boyle:2019kee",
        "SXSCatalogWebsite"
    ],
    "code_bibtex_keys": [
        "Ossokine:2013zga",
        "Hemberger:2012jz",
        "Szilagyi:2009qz",
        "Boyle:2009vi",
        "Scheel:2008rj",
        "Boyle:2007ft",
        "Scheel:2006gg",
        "Lindblom:2005qh",
        "Pfeiffer:2002wt",
        "SpECwebsite"
    ],
    "initial_data_bibtex_keys": [
        "Buchman:2012dw",
        "Lovelace:2008tw",
        "Pfeiffer:2007yz",
        "Caudill:2006hw",
        "Cook:2004kt"
    ],
    "quasicircular_bibtex_keys": [
        "Mroue:2012kv",
        "Buonanno:2010yk",
        "Mroue:2010re",
        "Boyle:2007ft"
    ],
    "initial_separation": 15.366,
    "initial_orbital_frequency": 0.01435313,
    "initial_adot": -0.000826760188,
    "object1": "bh",
    "object2": "bh",
    "initial_ADM_energy": 0.9933272689967055,
    "initial_ADM_linear_momentum": [
        4.79348116e-08,
        -3.29180812e-08,
        -2.662292e-10
    ],
    "initial_ADM_angular_momentum": [
        4.5751553204e-06,
        2.70148014319e-05,
        0.6744401204387043
    ],
    "initial_mass1": 0.500000167989115,
    "initial_mass2": 0.500000170579912,
    "initial_dimensionless_spin1": [
        4.993e-13,
        -8.17956000001e-11,
        -0.970000101326
    ],
    "initial_dimensionless_spin2": [
        -3.715e-13,
        5.52958000002e-11,
        -0.970000102822
    ],
    "initial_position1": [
        7.682998759182867,
        -2.8678013265e-06,
        0.0
    ],
    "initial_position2": [
        -7.683001240817132,
        -2.8678013265e-06,
        0.0
    ],
    "relaxation_time": 350.0,
    "common_horizon_time": 3411.82401416,
    "remnant_mass": 0.968826707015,
    "remnant_dimensionless_spin": [
        7.50733065374e-11,
        -7.51727004131e-11,
        0.368643909435
    ],
    "remnant_velocity": [
        5.48375611471e-08,
        -2.10195932525e-08,
        9.48651206701e-09
    ],
    "metadata_version": 1,
    "spec_revisions": "InitialCommit-26044-g72ae850",
    "spells_revision": "c4930c28ab83478468ffe040099450a461f2987d",
    "com_parameters": {
        "space_translation": [
            -3.80636225e-06,
            -3.24928906e-06,
            -2.6719311e-06
        ],
        "boost_velocity": [
            4.21116871e-08,
            -1.84879058e-08,
            3.16465897e-09
        ]
    },
    "initial_mass_ratio": 0.9999999948184077
}