{
    "simulation_name": "080/Lev3",
    "alternative_names": [
        "BFI:q8_3dAl:080",
        "SXS:BBH:1490"
    ],
    "initial_data_type": "BBH_SKS",
    "object_types": "BHBH",
    "number_of_orbits": 20.5682634168,
    "reference_mass_ratio": 1.245607967185882,
    "reference_chi_eff": 0.5666056242831572,
    "reference_chi1_perp": 5.489106956024995e-08,
    "reference_chi2_perp": 4.449981005945808e-08,
    "reference_eccentricity": 0.0005153,
    "reference_dimensionless_spin1": [
        1.73328038444e-08,
        -6.36123720506e-08,
        0.411928577093
    ],
    "reference_dimensionless_spin2": [
        5.1443889649e-08,
        -4.07525731536e-08,
        0.759272586604
    ],
    "reference_orbital_frequency": [
        2.95068636413e-10,
        -3.94521213456e-10,
        0.0168234630691
    ],
    "reference_mass1": 0.55471033662,
    "reference_mass2": 0.445333003026,
    "reference_time": 640.0,
    "reference_position1": [
        -3.03269209702,
        -5.93567925272,
        1.67683686375e-05
    ],
    "reference_position2": [
        3.75633815669,
        7.41495422909,
        1.69623761501e-05
    ],
    "reference_mean_anomaly": 2.797928,
    "keywords": [],
    "point_of_contact_email": "scheel@tapir.caltech.edu",
    "authors_emails": [],
    "simulation_bibtex_keys": [
        "Varma:2018mmi",
        "Boyle:2019kee",
        "SXSCatalogWebsite"
    ],
    "code_bibtex_keys": [
        "Ossokine:2013zga",
        "Hemberger:2012jz",
        "Szilagyi:2009qz",
        "Boyle:2009vi",
        "Scheel:2008rj",
        "Boyle:2007ft",
        "Scheel:2006gg",
        "Lindblom:2005qh",
        "Pfeiffer:2002wt",
        "SpECwebsite"
    ],
    "initial_data_bibtex_keys": [
        "Buchman:2012dw",
        "Lovelace:2008tw",
        "Pfeiffer:2007yz",
        "Caudill:2006hw",
        "Cook:2004kt"
    ],
    "quasicircular_bibtex_keys": [
        "Mroue:2012kv",
        "Buonanno:2010yk",
        "Mroue:2010re",
        "Boyle:2007ft"
    ],
    "initial_separation": 14.7720336914,
    "initial_orbital_frequency": 0.015675939963,
    "initial_adot": 0.000212074263684,
    "object1": "bh",
    "object2": "bh",
    "initial_ADM_energy": 0.9925056423730575,
    "initial_ADM_linear_momentum": [
        -9.8360906e-09,
        -4.84377981e-08,
        1.9103e-12
    ],
    "initial_ADM_angular_momentum": [
        8.8881e-12,
        -1.29941e-11,
        1.3376876450887418
    ],
    "initial_mass1": 0.5546956807579392,
    "initial_mass2": 0.4453043244386686,
    "initial_dimensionless_spin1": [
        -2.84e-14,
        1.653e-13,
        0.412144225068222
    ],
    "initial_dimensionless_spin2": [
        2.152e-13,
        -1.98e-13,
        0.7594896199792422
    ],
    "initial_position1": [
        6.587227695023172,
        0.0061322089047233,
        2.1937715e-09
    ],
    "initial_position2": [
        -8.184805996376829,
        0.0061322089047233,
        2.1937715e-09
    ],
    "relaxation_time": 640.0,
    "common_horizon_time": 5096.19498065,
    "remnant_mass": 0.931292859008,
    "remnant_dimensionless_spin": [
        2.13252814465e-08,
        -3.10250200201e-08,
        0.838701883249
    ],
    "remnant_velocity": [
        -0.000181373741708,
        -8.0155904773e-05,
        4.69085771084e-08
    ],
    "metadata_version": 1,
    "spec_revisions": [
        "InitialCommit-30348-g755d64a",
        "InitialCommit-30349-gc8919fa"
    ],
    "spells_revision": "755d64a9ecb1396c12985e0534d4ae1a0d4a7c34",
    "com_parameters": {
        "space_translation": [
            -0.000584280175,
            -0.00165068616,
            -6.55423292e-06
        ],
        "boost_velocity": [
            7.68870314e-07,
            6.28944322e-06,
            3.43666537e-08
        ]
    },
    "initial_mass_ratio": 1.2456552750911742
}