{
    "simulation_name": "064/Lev3",
    "alternative_names": [
        "BFI:q8_3dAl:064",
        "SXS:BBH:1474"
    ],
    "initial_data_type": "BBH_SKS",
    "object_types": "BHBH",
    "number_of_orbits": 18.9831765786,
    "reference_mass_ratio": 1.2821018780143942,
    "reference_chi_eff": 0.056156359689268555,
    "reference_chi1_perp": 4.061751883955275e-08,
    "reference_chi2_perp": 8.856801511602408e-08,
    "reference_eccentricity": 0.0002141,
    "reference_dimensionless_spin1": [
        -6.25908582173e-09,
        -2.21655853316e-08,
        0.723734029888
    ],
    "reference_dimensionless_spin2": [
        3.39881185355e-08,
        5.92671870568e-08,
        -0.799746224993
    ],
    "reference_orbital_frequency": [
        2.75668617073e-10,
        3.11710893155e-10,
        0.0161757897064
    ],
    "reference_mass1": 0.561844712025,
    "reference_mass2": 0.43822158103,
    "reference_time": 640.0,
    "reference_position1": [
        -5.16608432061,
        -4.31656065352,
        2.10806359483e-05
    ],
    "reference_position2": [
        6.71320508448,
        5.58778076407,
        2.06873297476e-05
    ],
    "reference_mean_anomaly": 4.354084,
    "keywords": [],
    "point_of_contact_email": "vvarma@caltech.edu",
    "authors_emails": [],
    "simulation_bibtex_keys": [
        "Varma:2018mmi",
        "Boyle:2019kee",
        "SXSCatalogWebsite"
    ],
    "code_bibtex_keys": [
        "Ossokine:2013zga",
        "Hemberger:2012jz",
        "Szilagyi:2009qz",
        "Boyle:2009vi",
        "Scheel:2008rj",
        "Boyle:2007ft",
        "Scheel:2006gg",
        "Lindblom:2005qh",
        "Pfeiffer:2002wt",
        "SpECwebsite"
    ],
    "initial_data_bibtex_keys": [
        "Buchman:2012dw",
        "Lovelace:2008tw",
        "Pfeiffer:2007yz",
        "Caudill:2006hw",
        "Cook:2004kt"
    ],
    "quasicircular_bibtex_keys": [
        "Mroue:2012kv",
        "Buonanno:2010yk",
        "Mroue:2010re",
        "Boyle:2007ft"
    ],
    "initial_separation": 15.2821044922,
    "initial_orbital_frequency": 0.014904458204,
    "initial_adot": -6.9071025998e-05,
    "object1": "bh",
    "object2": "bh",
    "initial_ADM_energy": 0.9928854693963421,
    "initial_ADM_linear_momentum": [
        -1.184307512e-07,
        5.06283662e-08,
        -1.44592e-11
    ],
    "initial_ADM_angular_momentum": [
        6.2125e-12,
        -5.9983e-12,
        1.1657792174160662
    ],
    "initial_mass1": 0.5618137688030015,
    "initial_mass2": 0.4381862325828705,
    "initial_dimensionless_spin1": [
        8.032e-13,
        -2.014e-13,
        0.7239357326319478
    ],
    "initial_dimensionless_spin2": [
        -2.1219e-12,
        8.403e-13,
        -0.8000000727853739
    ],
    "initial_position1": [
        6.656784969950678,
        0.0076013088642339,
        2.1330984e-09
    ],
    "initial_position2": [
        -8.625319522249322,
        0.0076013088642339,
        2.1330984e-09
    ],
    "relaxation_time": 640.0,
    "common_horizon_time": 5052.35625577,
    "remnant_mass": 0.948672662888,
    "remnant_dimensionless_spin": [
        1.6130522157e-08,
        1.01906839589e-08,
        0.734291998891
    ],
    "remnant_velocity": [
        -0.000910260681639,
        0.000277041656397,
        5.64330731261e-08
    ],
    "metadata_version": 1,
    "spec_revisions": "InitialCommit-30334-g101f63a",
    "spells_revision": "101f63aab75cb5786e73598b576d3e30d20f6561",
    "com_parameters": {
        "space_translation": [
            -0.00247207963,
            0.0020934783,
            -8.69136349e-06
        ],
        "boost_velocity": [
            2.76989976e-06,
            8.99016283e-06,
            4.34534733e-08
        ]
    },
    "initial_mass_ratio": 1.2821346884666223
}