{
    "simulation_name": "BBH_SKS_d14.3_q1.15_sA_0_0_0.710_sB_0_0_-0.672/Lev3",
    "alternative_names": "SXS:BBH:1352",
    "initial_data_type": "BBH_SKS",
    "object_types": "BHBH",
    "number_of_orbits": 15.8138121699,
    "reference_mass_ratio": 1.150601496976896,
    "reference_chi_eff": 0.06761690926861402,
    "reference_chi1_perp": 6.17791216888865e-08,
    "reference_chi2_perp": 5.635093636810876e-08,
    "reference_eccentricity": 8.3e-05,
    "reference_dimensionless_spin1": [
        2.75847146399e-08,
        4.10980024768e-08,
        0.710161815672
    ],
    "reference_dimensionless_spin2": [
        1.79644319435e-08,
        -5.57158834096e-08,
        -0.671696221914
    ],
    "reference_orbital_frequency": [
        -4.56270337198e-10,
        -1.68382028163e-11,
        0.0180588825906
    ],
    "reference_mass1": 0.535029806934,
    "reference_mass2": 0.465000096332,
    "reference_time": 640.0,
    "reference_position1": [
        1.40021296585,
        -6.50899351095,
        -3.22101899813e-05
    ],
    "reference_position2": [
        -1.60273285053,
        7.57347396225,
        -3.22729309428e-05
    ],
    "reference_mean_anomaly": 4.921916,
    "keywords": [],
    "point_of_contact_email": "marissa.beth@gmail.com",
    "authors_emails": [],
    "simulation_bibtex_keys": [
        "Boyle:2019kee",
        "SXSCatalogWebsite"
    ],
    "code_bibtex_keys": [
        "Ossokine:2013zga",
        "Hemberger:2012jz",
        "Szilagyi:2009qz",
        "Boyle:2009vi",
        "Scheel:2008rj",
        "Boyle:2007ft",
        "Scheel:2006gg",
        "Lindblom:2005qh",
        "Pfeiffer:2002wt",
        "SpECwebsite"
    ],
    "initial_data_bibtex_keys": [
        "Buchman:2012dw",
        "Lovelace:2008tw",
        "Pfeiffer:2007yz",
        "Caudill:2006hw",
        "Cook:2004kt"
    ],
    "quasicircular_bibtex_keys": [
        "Mroue:2012kv",
        "Buonanno:2010yk",
        "Mroue:2010re",
        "Boyle:2007ft"
    ],
    "initial_separation": 14.3,
    "initial_orbital_frequency": 0.016541783615,
    "initial_adot": -1.11098761201e-05,
    "object1": "bh",
    "object2": "bh",
    "initial_ADM_energy": 0.9923557020710705,
    "initial_ADM_linear_momentum": [
        -2.9854543e-09,
        -1.21573051e-08,
        -4.664e-13
    ],
    "initial_ADM_angular_momentum": [
        -2.70994e-11,
        9.2845e-12,
        1.1334459901559841
    ],
    "initial_mass1": 0.5350067061847396,
    "initial_mass2": 0.4649932910873538,
    "initial_dimensionless_spin1": [
        -2.938e-13,
        4.515e-13,
        0.7103628281507812
    ],
    "initial_dimensionless_spin2": [
        5.777e-13,
        7.66e-14,
        -0.6716951048534786
    ],
    "initial_position1": [
        6.611465400372786,
        0.0043711703429806,
        1.250259e-09
    ],
    "initial_position2": [
        -7.688534599627214,
        0.0043711703429806,
        1.250259e-09
    ],
    "relaxation_time": 640.0,
    "common_horizon_time": 3840.67186875,
    "remnant_mass": 0.948540893895,
    "remnant_dimensionless_spin": [
        -1.13040345162e-08,
        1.77628541191e-08,
        0.723800677059
    ],
    "remnant_velocity": [
        -0.000110965928793,
        0.000934384207297,
        6.69422226948e-09
    ],
    "metadata_version": 1,
    "spec_revisions": "InitialCommit-30523-gdfba987",
    "spells_revision": "dfba987d88aa090f24475bc6371a98f0248acdff",
    "com_parameters": {
        "space_translation": [
            -0.00235703662,
            0.00146685829,
            -8.54129253e-06
        ],
        "boost_velocity": [
            -3.2760389e-06,
            1.54711371e-06,
            -4.94050824e-08
        ]
    },
    "initial_mass_ratio": 1.1505686564502131
}