{
    "simulation_name": "008/Lev3",
    "alternative_names": [
        "PRIVATE:BBH:0572",
        "SXS:BBH:1155"
    ],
    "initial_data_type": "BBH_SKS",
    "object_types": "BHBH",
    "number_of_orbits": 40.6543022357,
    "reference_mass_ratio": 1.0000000074640825,
    "reference_chi_eff": 2.6170802987804903e-05,
    "reference_chi1_perp": 8.437629962267975e-09,
    "reference_chi2_perp": 1.1273055888985624e-08,
    "reference_eccentricity": "<4.9e-05",
    "reference_dimensionless_spin1": [
        -8.30151983129e-09,
        1.50910086059e-09,
        2.62106336146e-05
    ],
    "reference_dimensionless_spin2": [
        1.04674232135e-08,
        -4.18526862816e-09,
        2.61309723607e-05
    ],
    "reference_orbital_frequency": [
        1.66084660537e-11,
        -3.3579286796e-11,
        0.010060555575
    ],
    "reference_mass1": 0.499994479055,
    "reference_mass2": 0.499994475323,
    "reference_time": 640.0,
    "reference_position1": [
        10.4680245032,
        1.18863100156,
        5.19223332652e-06
    ],
    "reference_position2": [
        -10.468289014,
        -1.1888025391,
        5.21886083508e-06
    ],
    "reference_mean_anomaly": 1.900009,
    "keywords": [],
    "point_of_contact_email": "hblim@caltech.edu",
    "authors_emails": [],
    "simulation_bibtex_keys": [
        "Boyle:2019kee",
        "SXSCatalogWebsite"
    ],
    "code_bibtex_keys": [
        "Ossokine:2013zga",
        "Hemberger:2012jz",
        "Szilagyi:2009qz",
        "Boyle:2009vi",
        "Scheel:2008rj",
        "Boyle:2007ft",
        "Scheel:2006gg",
        "Lindblom:2005qh",
        "Pfeiffer:2002wt",
        "SpECwebsite"
    ],
    "initial_data_bibtex_keys": [
        "Buchman:2012dw",
        "Lovelace:2008tw",
        "Pfeiffer:2007yz",
        "Caudill:2006hw",
        "Cook:2004kt"
    ],
    "quasicircular_bibtex_keys": [
        "Mroue:2012kv",
        "Buonanno:2010yk",
        "Mroue:2010re",
        "Boyle:2007ft"
    ],
    "initial_separation": 20.7902832031,
    "initial_orbital_frequency": 0.009933782395,
    "initial_adot": -7.922936296e-06,
    "object1": "bh",
    "object2": "bh",
    "initial_ADM_energy": 0.994475475684614,
    "initial_ADM_linear_momentum": [
        -7.71528799e-08,
        -1.183423093e-07,
        3.16491e-11
    ],
    "initial_ADM_angular_momentum": [
        8.0358e-12,
        1.72464e-11,
        1.2532192669408129
    ],
    "initial_mass1": 0.5000000148842376,
    "initial_mass2": 0.5000000007567786,
    "initial_dimensionless_spin1": [
        -9.54999999998e-14,
        5.18320000001e-12,
        -4.55769820001e-09
    ],
    "initial_dimensionless_spin2": [
        -4.63937e-11,
        1.465718e-10,
        1.394024776e-07
    ],
    "initial_position1": [
        10.395139500454642,
        -2.2180055454e-06,
        -4.93473182e-08
    ],
    "initial_position2": [
        -10.395143702645358,
        -2.2180055454e-06,
        -4.93473182e-08
    ],
    "relaxation_time": 640.0,
    "common_horizon_time": 16709.1724445,
    "remnant_mass": 0.951603081367,
    "remnant_dimensionless_spin": [
        1.35088712792e-09,
        -2.8333569253e-09,
        0.68643999228
    ],
    "remnant_velocity": [
        -2.67881537928e-07,
        -1.3742323886e-07,
        2.95910209905e-08
    ],
    "metadata_version": 1,
    "spec_revisions": "InitialCommit-29563-gfb84698",
    "spells_revision": "fb84698ae3438f76f7f4f9e0a351c2e11277db0e",
    "com_parameters": {
        "space_translation": [
            3.60788805e-05,
            9.59464781e-07,
            -9.69281463e-06
        ],
        "boost_velocity": [
            -2.59938288e-07,
            -1.33127441e-07,
            1.35352101e-08
        ]
    },
    "initial_mass_ratio": 1.000000028254918
}