{
    "simulation_name": "099/Lev3",
    "alternative_names": [
        "BFI:q8_3dAl:099",
        "SXS:BBH:1509"
    ],
    "initial_data_type": "BBH_SKS",
    "object_types": "BHBH",
    "number_of_orbits": 18.0750600206,
    "reference_mass_ratio": 1.0000012679466153,
    "reference_chi_eff": -0.1728799974506747,
    "reference_chi1_perp": 4.605666543245014e-08,
    "reference_chi2_perp": 4.165922754031858e-08,
    "reference_eccentricity": 0.0005219,
    "reference_dimensionless_spin1": [
        3.83512941448e-08,
        2.56721765591e-08,
        -0.244009450608
    ],
    "reference_dimensionless_spin2": [
        -3.13354931094e-08,
        -2.73472751703e-08,
        -0.101750454105
    ],
    "reference_orbital_frequency": [
        1.36061855558e-11,
        -3.15409572711e-11,
        0.0156969978902
    ],
    "reference_mass1": 0.499994870609,
    "reference_mass2": 0.499994236643,
    "reference_time": 640.0,
    "reference_position1": [
        -7.25430580068,
        -3.13498062874,
        -7.78853905021e-07
    ],
    "reference_position2": [
        7.24564281162,
        3.13490332932,
        -7.78824017099e-07
    ],
    "reference_mean_anomaly": 2.578693,
    "keywords": [],
    "point_of_contact_email": "vvarma@caltech.edu",
    "authors_emails": [],
    "simulation_bibtex_keys": [
        "Varma:2018mmi",
        "Boyle:2019kee",
        "SXSCatalogWebsite"
    ],
    "code_bibtex_keys": [
        "Ossokine:2013zga",
        "Hemberger:2012jz",
        "Szilagyi:2009qz",
        "Boyle:2009vi",
        "Scheel:2008rj",
        "Boyle:2007ft",
        "Scheel:2006gg",
        "Lindblom:2005qh",
        "Pfeiffer:2002wt",
        "SpECwebsite"
    ],
    "initial_data_bibtex_keys": [
        "Buchman:2012dw",
        "Lovelace:2008tw",
        "Pfeiffer:2007yz",
        "Caudill:2006hw",
        "Cook:2004kt"
    ],
    "quasicircular_bibtex_keys": [
        "Mroue:2012kv",
        "Buonanno:2010yk",
        "Mroue:2010re",
        "Boyle:2007ft"
    ],
    "initial_separation": 15.6202392578,
    "initial_orbital_frequency": 0.015014560719,
    "initial_adot": -6.26496503837e-05,
    "object1": "bh",
    "object2": "bh",
    "initial_ADM_energy": 0.9929068641274628,
    "initial_ADM_linear_momentum": [
        -1.155920919e-07,
        -5.44866997e-08,
        -8.0931e-12
    ],
    "initial_ADM_angular_momentum": [
        5.8043e-12,
        1.3062e-12,
        1.0416205826784657
    ],
    "initial_mass1": 0.5000000100653392,
    "initial_mass2": 0.5000000027266235,
    "initial_dimensionless_spin1": [
        1.943e-13,
        -1.285e-13,
        -0.2439493223703301
    ],
    "initial_dimensionless_spin2": [
        -1.599e-13,
        1.62e-13,
        -0.101689371379377
    ],
    "initial_position1": [
        7.8139986014220675,
        0.0003739811090531,
        6.68449171e-08
    ],
    "initial_position2": [
        -7.806240656377932,
        0.0003739811090531,
        6.68449171e-08
    ],
    "relaxation_time": 640.0,
    "common_horizon_time": 5038.1138921,
    "remnant_mass": 0.955865713704,
    "remnant_dimensionless_spin": [
        1.61584742395e-09,
        -1.79259052099e-09,
        0.63275402428
    ],
    "remnant_velocity": [
        0.000114173454343,
        -4.39637025429e-07,
        1.02375027121e-08
    ],
    "metadata_version": 1,
    "spec_revisions": "InitialCommit-30334-g101f63a",
    "spells_revision": "101f63aab75cb5786e73598b576d3e30d20f6561",
    "com_parameters": {
        "space_translation": [
            -0.000118965525,
            -0.000301928629,
            -3.74350742e-06
        ],
        "boost_velocity": [
            -1.19086291e-07,
            -5.79862114e-08,
            1.3724861e-09
        ]
    },
    "initial_mass_ratio": 1.0000000146774315
}