{
    "simulation_name": "1077/Lev3",
    "alternative_names": [
        "PRIVATE:BBH:1137",
        "SXS:BBH:1070"
    ],
    "initial_data_type": "BBH_SKS",
    "object_types": "BHBH",
    "number_of_orbits": 19.1518546533,
    "reference_mass_ratio": 1.2019222717695324,
    "reference_chi_eff": 0.10168446118253253,
    "reference_chi1_perp": 0.5103548204822795,
    "reference_chi2_perp": 0.5845970940594258,
    "reference_eccentricity": 0.0002605,
    "reference_dimensionless_spin1": [
        -0.153105856868,
        -0.431865347035,
        0.639014425219
    ],
    "reference_dimensionless_spin2": [
        -0.421602287223,
        -0.409684261618,
        -0.491182396642
    ],
    "reference_orbital_frequency": [
        -0.00140492692288,
        0.00179246089688,
        0.0160473545252
    ],
    "reference_mass1": 0.545894752469,
    "reference_mass2": 0.454184738307,
    "reference_time": 640.0,
    "reference_position1": [
        -5.26055752158,
        -4.58739402239,
        0.0434147445704
    ],
    "reference_position2": [
        6.38125411571,
        5.53998388982,
        -0.0685684668923
    ],
    "reference_mean_anomaly": 4.659962,
    "keywords": [],
    "point_of_contact_email": "scheel@tapir.caltech.edu",
    "authors_emails": [],
    "simulation_bibtex_keys": [
        "Blackman:2017pcm",
        "Boyle:2019kee",
        "SXSCatalogWebsite"
    ],
    "code_bibtex_keys": [
        "Ossokine:2013zga",
        "Hemberger:2012jz",
        "Szilagyi:2009qz",
        "Boyle:2009vi",
        "Scheel:2008rj",
        "Boyle:2007ft",
        "Scheel:2006gg",
        "Lindblom:2005qh",
        "Pfeiffer:2002wt",
        "SpECwebsite"
    ],
    "initial_data_bibtex_keys": [
        "Buchman:2012dw",
        "Lovelace:2008tw",
        "Pfeiffer:2007yz",
        "Caudill:2006hw",
        "Cook:2004kt"
    ],
    "quasicircular_bibtex_keys": [
        "Mroue:2012kv",
        "Buonanno:2010yk",
        "Mroue:2010re",
        "Boyle:2007ft"
    ],
    "initial_separation": 15.2455444336,
    "initial_orbital_frequency": 0.014977891624,
    "initial_adot": 0.000108828814907,
    "object1": "bh",
    "object2": "bh",
    "initial_ADM_energy": 0.9928171781913135,
    "initial_ADM_linear_momentum": [
        -3.73553406e-08,
        -1.10270073e-08,
        -2.2275098e-09
    ],
    "initial_ADM_angular_momentum": [
        -0.2345379567306903,
        -0.0952801158033361,
        1.1726179320433283
    ],
    "initial_mass1": 0.5458477768679028,
    "initial_mass2": 0.4541522326861503,
    "initial_dimensionless_spin1": [
        -0.385659607078,
        -0.313508182442,
        0.609669074023
    ],
    "initial_dimensionless_spin2": [
        -0.571674292901,
        -0.0732304986194,
        -0.504825814483
    ],
    "initial_position1": [
        6.893942050909529,
        0.0060105195652989,
        0.0032100586255414
    ],
    "initial_position2": [
        -8.35160238269047,
        0.0060105195652989,
        0.0032100586255414
    ],
    "relaxation_time": 640.0,
    "common_horizon_time": 5064.19128384,
    "remnant_mass": 0.944103301782,
    "remnant_dimensionless_spin": [
        -0.170359708663,
        -0.0484918663519,
        0.754313568131
    ],
    "remnant_velocity": [
        0.000347649679818,
        0.000524012421698,
        -5.21530479252e-05
    ],
    "metadata_version": 1,
    "spec_revisions": "InitialCommit-29628-g2cce9e5",
    "spells_revision": "2cce9e5c03773621b7d160cd7247fc453684f921",
    "com_parameters": {
        "space_translation": [
            -0.00104383,
            0.00226725,
            0.00081553
        ],
        "boost_velocity": [
            -9.62321142e-08,
            -1.3891057e-06,
            -9.28227366e-07
        ]
    },
    "initial_mass_ratio": 1.2019048626919782
}