{
    "simulation_name": "054/Lev3",
    "alternative_names": [
        "BFI:q8_3dAl:054",
        "SXS:BBH:1464"
    ],
    "initial_data_type": "BBH_SKS",
    "object_types": "BHBH",
    "number_of_orbits": 21.2666464033,
    "reference_mass_ratio": 6.534924127566614,
    "reference_chi_eff": -0.0881530973622269,
    "reference_chi1_perp": 3.6216661838553767e-07,
    "reference_chi2_perp": 2.276250677706654e-07,
    "reference_eccentricity": 0.000735,
    "reference_dimensionless_spin1": [
        -3.74962498179e-08,
        3.40887497996e-07,
        -0.0522860392989
    ],
    "reference_dimensionless_spin2": [
        -8.86018914785e-08,
        7.90928763126e-08,
        -0.322541600486
    ],
    "reference_orbital_frequency": [
        -1.7511468508e-09,
        7.13864719477e-09,
        0.0198303178551
    ],
    "reference_mass1": 0.867138595254,
    "reference_mass2": 0.132692985921,
    "reference_time": 340.0,
    "reference_position1": [
        1.61370851116,
        0.694198148793,
        2.70620678056e-05
    ],
    "reference_position2": [
        -10.5628352016,
        -4.70646824913,
        2.79309664274e-05
    ],
    "reference_mean_anomaly": 4.980504,
    "keywords": [],
    "point_of_contact_email": "vvarma@caltech.edu",
    "authors_emails": [],
    "simulation_bibtex_keys": [
        "Varma:2018mmi",
        "Boyle:2019kee",
        "SXSCatalogWebsite"
    ],
    "code_bibtex_keys": [
        "Ossokine:2013zga",
        "Hemberger:2012jz",
        "Szilagyi:2009qz",
        "Boyle:2009vi",
        "Scheel:2008rj",
        "Boyle:2007ft",
        "Scheel:2006gg",
        "Lindblom:2005qh",
        "Pfeiffer:2002wt",
        "SpECwebsite"
    ],
    "initial_data_bibtex_keys": [
        "Buchman:2012dw",
        "Lovelace:2008tw",
        "Pfeiffer:2007yz",
        "Caudill:2006hw",
        "Cook:2004kt"
    ],
    "quasicircular_bibtex_keys": [
        "Mroue:2012kv",
        "Buonanno:2010yk",
        "Mroue:2010re",
        "Boyle:2007ft"
    ],
    "initial_separation": 12.9416503906,
    "initial_orbital_frequency": 0.019438214732,
    "initial_adot": -5.67200945141e-05,
    "object1": "bh",
    "object2": "bh",
    "initial_ADM_energy": 0.996189506081412,
    "initial_ADM_linear_momentum": [
        7.1262137e-09,
        -2.81834914e-08,
        -2.766303e-10
    ],
    "initial_ADM_angular_momentum": [
        -2.43106e-11,
        9.7936e-12,
        0.4407968786812059
    ],
    "initial_mass1": 0.8673098891759751,
    "initial_mass2": 0.1326900948364226,
    "initial_dimensionless_spin1": [
        -3.561e-13,
        7.787e-13,
        -0.0522280497986887
    ],
    "initial_dimensionless_spin2": [
        1.7337e-12,
        3.045e-13,
        -0.3226461458424135
    ],
    "initial_position1": [
        1.7263795048223933,
        0.0257709593860593,
        -2.8065088e-09
    ],
    "initial_position2": [
        -11.215270885777606,
        0.0257709593860593,
        -2.8065088e-09
    ],
    "relaxation_time": 340.0,
    "common_horizon_time": 4824.07776507,
    "remnant_mass": 0.987083314008,
    "remnant_dimensionless_spin": [
        2.53383969971e-07,
        7.6562942453e-07,
        0.314872374711
    ],
    "remnant_velocity": [
        0.000387526816016,
        -0.000130979195167,
        8.50710487894e-07
    ],
    "metadata_version": 1,
    "spec_revisions": [
        "InitialCommit-30348-g755d64a",
        "InitialCommit-30391-g7de1691"
    ],
    "spells_revision": "755d64a9ecb1396c12985e0534d4ae1a0d4a7c34",
    "com_parameters": {
        "space_translation": [
            -0.00628347,
            0.0502163,
            -0.00041841
        ],
        "boost_velocity": [
            1.94151247e-05,
            -6.24502492e-05,
            7.85859643e-07
        ]
    },
    "initial_mass_ratio": 6.53635744435314
}