{
    "simulation_name": "BBH_CFMS_d13.2_q3_sA_0_0_0_sB_0_0_0/Lev5",
    "alternative_names": [
        "PRIVATE:BBH:0168",
        "SXS:BBH:1179"
    ],
    "initial_data_type": "BBH_CFMS",
    "object_types": "BHBH",
    "number_of_orbits": 15.6786404215,
    "reference_mass_ratio": 2.9999743762397917,
    "reference_chi_eff": -3.3383013656291833e-06,
    "reference_chi1_perp": 1.2233442823684487e-07,
    "reference_chi2_perp": 3.1882649580958126e-08,
    "reference_eccentricity": "<8.7e-05",
    "reference_dimensionless_spin1": [
        -1.1220224196e-07,
        -4.87467114719e-08,
        -1.05530324988e-05
    ],
    "reference_dimensionless_spin2": [
        -2.97197098942e-08,
        1.154597753e-08,
        1.83057071454e-05
    ],
    "reference_orbital_frequency": [
        -1.16836267642e-09,
        1.99822171026e-10,
        0.0201118066757
    ],
    "reference_mass1": 0.750005295742,
    "reference_mass2": 0.250003900594,
    "reference_time": 640.0,
    "reference_position1": [
        3.28717525593,
        -0.285359724752,
        1.11877246384e-05
    ],
    "reference_position2": [
        -9.99263279289,
        0.75465187437,
        1.04059226997e-05
    ],
    "reference_mean_anomaly": 5.971122,
    "keywords": [],
    "point_of_contact_email": "pschmidt@tapir.caltech.edu",
    "authors_emails": [],
    "simulation_bibtex_keys": [
        "Boyle:2019kee",
        "SXSCatalogWebsite"
    ],
    "code_bibtex_keys": [
        "Ossokine:2013zga",
        "Hemberger:2012jz",
        "Szilagyi:2009qz",
        "Boyle:2009vi",
        "Scheel:2008rj",
        "Boyle:2007ft",
        "Scheel:2006gg",
        "Lindblom:2005qh",
        "Pfeiffer:2002wt",
        "SpECwebsite"
    ],
    "initial_data_bibtex_keys": [
        "Buchman:2012dw",
        "Lovelace:2008tw",
        "Pfeiffer:2007yz",
        "Caudill:2006hw",
        "Cook:2004kt"
    ],
    "quasicircular_bibtex_keys": [
        "Mroue:2012kv",
        "Buonanno:2010yk",
        "Mroue:2010re",
        "Boyle:2007ft"
    ],
    "initial_separation": 13.2,
    "initial_orbital_frequency": 0.01895237088,
    "initial_adot": -6.40665430856e-05,
    "object1": "bh",
    "object2": "bh",
    "initial_ADM_energy": 0.9938771272277787,
    "initial_ADM_linear_momentum": [
        1.24409e-11,
        -1.83754e-11,
        -3.0807e-12
    ],
    "initial_ADM_angular_momentum": [
        -3.407630946e-07,
        5.47538883e-07,
        0.7927029332142016
    ],
    "initial_mass1": 0.7500000000034049,
    "initial_mass2": 0.2500000000122801,
    "initial_dimensionless_spin1": [
        -3.21373427e-08,
        8.88643100001e-10,
        -1.400735991e-07
    ],
    "initial_dimensionless_spin2": [
        3.25947e-09,
        -1.5503152e-09,
        7.1470801e-09
    ],
    "initial_position1": [
        3.2883607422033756,
        0.017807368751065,
        0.0
    ],
    "initial_position2": [
        -9.911639257796624,
        0.017807368751065,
        0.0
    ],
    "relaxation_time": 640.0,
    "common_horizon_time": 3533.61809446,
    "remnant_mass": 0.970602747775,
    "remnant_dimensionless_spin": [
        -9.02210677602e-08,
        -8.98355705283e-09,
        0.538955195712
    ],
    "remnant_velocity": [
        -0.000519837491554,
        0.000231836172285,
        3.53627516982e-08
    ],
    "metadata_version": 1,
    "spec_revisions": "InitialCommit-27894-gfdaaa93",
    "spells_revision": "fdaaa93f28503b4fd93ee1d26d61b10ff6f4a17d",
    "com_parameters": {
        "space_translation": [
            -0.0160354293,
            -0.000328197692,
            -6.83178833e-06
        ],
        "boost_velocity": [
            -5.01279985e-07,
            -3.89476289e-08,
            2.66910129e-08
        ]
    },
    "initial_mass_ratio": 2.9999999998662585
}