{
    "simulation_name": "022/Lev3",
    "alternative_names": [
        "BFI:q8_3dAl:022",
        "SXS:BBH:1434"
    ],
    "initial_data_type": "BBH_SKS",
    "object_types": "BHBH",
    "number_of_orbits": 25.1746987842,
    "reference_mass_ratio": 4.367221541979108,
    "reference_chi_eff": 0.7973069669979199,
    "reference_chi1_perp": 1.4574245239404487e-07,
    "reference_chi2_perp": 5.31123580947115e-07,
    "reference_eccentricity": 0.0003177,
    "reference_dimensionless_spin1": [
        4.18552162597e-07,
        -1.21799789561e-07,
        0.797744291588
    ],
    "reference_dimensionless_spin2": [
        1.95635684387e-08,
        -4.04374142177e-08,
        0.795397073627
    ],
    "reference_orbital_frequency": [
        1.387847469e-08,
        -1.58088934566e-09,
        0.0200626479475
    ],
    "reference_mass1": 0.813698432483,
    "reference_mass2": 0.186319476734,
    "reference_time": 320.0,
    "reference_position1": [
        2.41902893628,
        0.206517490886,
        -1.94678960895e-05
    ],
    "reference_position2": [
        -10.6795195744,
        -1.01389978316,
        -1.05030510807e-05
    ],
    "reference_mean_anomaly": 5.575792,
    "keywords": [],
    "point_of_contact_email": "scheel@tapir.caltech.edu",
    "authors_emails": [],
    "simulation_bibtex_keys": [
        "Varma:2018mmi",
        "Boyle:2019kee",
        "SXSCatalogWebsite"
    ],
    "code_bibtex_keys": [
        "Ossokine:2013zga",
        "Hemberger:2012jz",
        "Szilagyi:2009qz",
        "Boyle:2009vi",
        "Scheel:2008rj",
        "Boyle:2007ft",
        "Scheel:2006gg",
        "Lindblom:2005qh",
        "Pfeiffer:2002wt",
        "SpECwebsite"
    ],
    "initial_data_bibtex_keys": [
        "Buchman:2012dw",
        "Lovelace:2008tw",
        "Pfeiffer:2007yz",
        "Caudill:2006hw",
        "Cook:2004kt"
    ],
    "quasicircular_bibtex_keys": [
        "Mroue:2012kv",
        "Buonanno:2010yk",
        "Mroue:2010re",
        "Boyle:2007ft"
    ],
    "initial_separation": 12.7127685547,
    "initial_orbital_frequency": 0.018866442791,
    "initial_adot": 0.0005060260244404,
    "object1": "bh",
    "object2": "bh",
    "initial_ADM_energy": 0.9947616083932734,
    "initial_ADM_linear_momentum": [
        -2.61911471e-08,
        -5.03059265e-08,
        -4.47884e-11
    ],
    "initial_ADM_angular_momentum": [
        5.188e-12,
        1.5306e-12,
        1.1617665137060507
    ],
    "initial_mass1": 0.8137228105595682,
    "initial_mass2": 0.1862771290434691,
    "initial_dimensionless_spin1": [
        4.416e-13,
        -1.0025e-12,
        0.7976624159294087
    ],
    "initial_dimensionless_spin2": [
        -1.3669e-12,
        1.9005e-12,
        0.7958613266487833
    ],
    "initial_position1": [
        2.359707985864839,
        0.0304214828455957,
        -5.07153665e-08
    ],
    "initial_position2": [
        -10.353060568835161,
        0.0304214828455957,
        -5.07153665e-08
    ],
    "relaxation_time": 320.0,
    "common_horizon_time": 5070.167666,
    "remnant_mass": 0.956136948508,
    "remnant_dimensionless_spin": [
        1.08942034434e-06,
        -3.44805411236e-07,
        0.883229499556
    ],
    "remnant_velocity": [
        9.00394250558e-05,
        -2.4069671591e-05,
        -2.43802852562e-07
    ],
    "metadata_version": 1,
    "spec_revisions": [
        "InitialCommit-30391-g7de1691",
        "InitialCommit-30405-gb533d47"
    ],
    "spells_revision": "7de1691a20fa3565c2276fa60966e8a261a47fe7",
    "com_parameters": {
        "space_translation": [
            -0.0125772423,
            0.0213058611,
            6.39649385e-05
        ],
        "boost_velocity": [
            2.9882464e-05,
            -3.88369027e-05,
            -2.56101728e-07
        ]
    },
    "initial_mass_ratio": 4.368345243122574
}