{
    "simulation_name": "010/Lev3",
    "alternative_names": [
        "BFI:q8_3dAl:010",
        "SXS:BBH:1423"
    ],
    "initial_data_type": "BBH_SKS",
    "object_types": "BHBH",
    "number_of_orbits": 17.9094081159,
    "reference_mass_ratio": 7.997161511068298,
    "reference_chi_eff": -0.6201728106170005,
    "reference_chi1_perp": 3.5994064923727236e-07,
    "reference_chi2_perp": 2.2838841706939132e-07,
    "reference_eccentricity": 0.0005557,
    "reference_dimensionless_spin1": [
        -5.60419308857e-08,
        -3.75529918036e-07,
        -0.603631990822
    ],
    "reference_dimensionless_spin2": [
        1.32484576934e-08,
        -2.24526120964e-07,
        -0.752452418043
    ],
    "reference_orbital_frequency": [
        -5.68466680988e-09,
        3.23556344079e-09,
        0.0195761732383
    ],
    "reference_mass1": 0.888785614678,
    "reference_mass2": 0.111137634703,
    "reference_time": 340.0,
    "reference_position1": [
        1.41866512253,
        0.480650090792,
        2.35056712193e-05
    ],
    "reference_position2": [
        -11.3119972511,
        -4.04816344156,
        2.055737741e-05
    ],
    "reference_mean_anomaly": 3.739045,
    "keywords": [],
    "point_of_contact_email": "jonathan.blackman.0@gmail.com",
    "authors_emails": [],
    "simulation_bibtex_keys": [
        "Varma:2018mmi",
        "Boyle:2019kee",
        "SXSCatalogWebsite"
    ],
    "code_bibtex_keys": [
        "Ossokine:2013zga",
        "Hemberger:2012jz",
        "Szilagyi:2009qz",
        "Boyle:2009vi",
        "Scheel:2008rj",
        "Boyle:2007ft",
        "Scheel:2006gg",
        "Lindblom:2005qh",
        "Pfeiffer:2002wt",
        "SpECwebsite"
    ],
    "initial_data_bibtex_keys": [
        "Buchman:2012dw",
        "Lovelace:2008tw",
        "Pfeiffer:2007yz",
        "Caudill:2006hw",
        "Cook:2004kt"
    ],
    "quasicircular_bibtex_keys": [
        "Mroue:2012kv",
        "Buonanno:2010yk",
        "Mroue:2010re",
        "Boyle:2007ft"
    ],
    "initial_separation": 13.15625,
    "initial_orbital_frequency": 0.018748501028,
    "initial_adot": -0.0003025791196242,
    "object1": "bh",
    "object2": "bh",
    "initial_ADM_energy": 0.9969114614803949,
    "initial_ADM_linear_momentum": [
        1.40631698e-08,
        6.44293934e-08,
        3.28058e-11
    ],
    "initial_ADM_angular_momentum": [
        9.5068e-12,
        -1.18589e-11,
        -0.053171974273663
    ],
    "initial_mass1": 0.8888888808980737,
    "initial_mass2": 0.1111111145404342,
    "initial_dimensionless_spin1": [
        -1.98e-14,
        2.25e-14,
        -0.6035148348006081
    ],
    "initial_dimensionless_spin2": [
        4.771e-13,
        1.125e-13,
        -0.7532066076525058
    ],
    "initial_position1": [
        1.4824836974900635,
        0.0262858865567793,
        -4.1131947e-09
    ],
    "initial_position2": [
        -11.673766302509936,
        0.0262858865567793,
        -4.1131947e-09
    ],
    "relaxation_time": 340.0,
    "common_horizon_time": 4333.90878834,
    "remnant_mass": 0.992211563685,
    "remnant_dimensionless_spin": [
        -5.15327196449e-07,
        -8.61751717452e-07,
        -0.132856034786
    ],
    "remnant_velocity": [
        -0.000362184731958,
        -0.000167266935001,
        5.54568227015e-07
    ],
    "metadata_version": 1,
    "spec_revisions": "InitialCommit-30391-g7de1691",
    "spells_revision": "7de1691a20fa3565c2276fa60966e8a261a47fe7",
    "com_parameters": {
        "space_translation": [
            0.01958153,
            -0.00487244,
            -0.00023842
        ],
        "boost_velocity": [
            -3.8337287e-05,
            -4.62758606e-06,
            5.29729407e-07
        ]
    },
    "initial_mass_ratio": 7.999999681171412
}