{
    "simulation_name": "076/Lev3",
    "alternative_names": [
        "BFI:q8_3dAl:076",
        "SXS:BBH:1486"
    ],
    "initial_data_type": "BBH_SKS",
    "object_types": "BHBH",
    "number_of_orbits": 22.0918276536,
    "reference_mass_ratio": 3.722745616269038,
    "reference_chi_eff": 0.3296496701372164,
    "reference_chi1_perp": 7.272151360174155e-08,
    "reference_chi2_perp": 8.985050440422269e-08,
    "reference_eccentricity": 0.0001944,
    "reference_dimensionless_spin1": [
        -5.2907421061e-08,
        -5.09119887575e-08,
        0.427207286842
    ],
    "reference_dimensionless_spin2": [
        -5.42641593349e-08,
        -5.69682133679e-08,
        -0.0335325197842
    ],
    "reference_orbital_frequency": [
        -5.07595735102e-09,
        -3.63322325413e-09,
        0.0184422689763
    ],
    "reference_mass1": 0.788305974988,
    "reference_mass2": 0.21175391935,
    "reference_time": 350.0,
    "reference_position1": [
        2.91790257946,
        0.321346766568,
        -6.31674393316e-06
    ],
    "reference_position2": [
        -10.9821405707,
        -1.3275991707,
        -1.04673728514e-05
    ],
    "reference_mean_anomaly": 5.258087,
    "keywords": [],
    "point_of_contact_email": "vvarma@caltech.edu",
    "authors_emails": [],
    "simulation_bibtex_keys": [
        "Varma:2018mmi",
        "Boyle:2019kee",
        "SXSCatalogWebsite"
    ],
    "code_bibtex_keys": [
        "Ossokine:2013zga",
        "Hemberger:2012jz",
        "Szilagyi:2009qz",
        "Boyle:2009vi",
        "Scheel:2008rj",
        "Boyle:2007ft",
        "Scheel:2006gg",
        "Lindblom:2005qh",
        "Pfeiffer:2002wt",
        "SpECwebsite"
    ],
    "initial_data_bibtex_keys": [
        "Buchman:2012dw",
        "Lovelace:2008tw",
        "Pfeiffer:2007yz",
        "Caudill:2006hw",
        "Cook:2004kt"
    ],
    "quasicircular_bibtex_keys": [
        "Mroue:2012kv",
        "Buonanno:2010yk",
        "Mroue:2010re",
        "Boyle:2007ft"
    ],
    "initial_separation": 13.6047363281,
    "initial_orbital_frequency": 0.018023884226,
    "initial_adot": 1.41455051028e-05,
    "object1": "bh",
    "object2": "bh",
    "initial_ADM_energy": 0.9945774559999864,
    "initial_ADM_linear_momentum": [
        2.6500096e-08,
        -1.358583946e-07,
        -1.12391e-11
    ],
    "initial_ADM_angular_momentum": [
        1.365953e-10,
        2.5594e-12,
        0.9643951516816919
    ],
    "initial_mass1": 0.7882373565901115,
    "initial_mass2": 0.2117626736428105,
    "initial_dimensionless_spin1": [
        5.5e-15,
        -1.863e-13,
        0.4272899540683481
    ],
    "initial_dimensionless_spin2": [
        6.7e-15,
        5.8e-14,
        -0.03351247198292
    ],
    "initial_position1": [
        2.877357199575624,
        0.0283907603409934,
        2.6715043e-09
    ],
    "initial_position2": [
        -10.727379128524376,
        0.0283907603409934,
        2.6715043e-09
    ],
    "relaxation_time": 350.0,
    "common_horizon_time": 5062.10633785,
    "remnant_mass": 0.968667726961,
    "remnant_dimensionless_spin": [
        -2.86204818512e-07,
        -2.03958510484e-07,
        0.700720481287
    ],
    "remnant_velocity": [
        0.000197630132697,
        -0.000241472677851,
        -1.34187708649e-07
    ],
    "metadata_version": 1,
    "spec_revisions": "InitialCommit-30391-g7de1691",
    "spells_revision": "7de1691a20fa3565c2276fa60966e8a261a47fe7",
    "com_parameters": {
        "space_translation": [
            -0.00338684619,
            0.00960233049,
            6.0911311e-05
        ],
        "boost_velocity": [
            -8.23865819e-06,
            -2.93006495e-05,
            -1.30933291e-07
        ]
    },
    "initial_mass_ratio": 3.7222676831123995
}