{
    "simulation_name": "097/Lev3",
    "alternative_names": [
        "BFI:q8_3dAl:097",
        "SXS:BBH:1507"
    ],
    "initial_data_type": "BBH_SKS",
    "object_types": "BHBH",
    "number_of_orbits": 19.9830867538,
    "reference_mass_ratio": 1.0000079725614255,
    "reference_chi_eff": 0.3973441294442386,
    "reference_chi1_perp": 2.364631152168989e-08,
    "reference_chi2_perp": 3.0148070606765814e-08,
    "reference_eccentricity": 0.0004355,
    "reference_dimensionless_spin1": [
        1.98553726885e-08,
        1.50617655965e-08,
        0.506666394986
    ],
    "reference_dimensionless_spin2": [
        -2.41527145842e-08,
        -1.66964203301e-08,
        0.288020992324
    ],
    "reference_orbital_frequency": [
        5.95747304458e-11,
        -8.12264062226e-12,
        0.0164375781459
    ],
    "reference_mass1": 0.50000452404,
    "reference_mass2": 0.500000537755,
    "reference_time": 590.0,
    "reference_position1": [
        -7.59164610369,
        -0.576732214268,
        9.17580896559e-09
    ],
    "reference_position2": [
        7.59963503767,
        0.570843980663,
        -4.53148904642e-08
    ],
    "reference_mean_anomaly": 1.86682,
    "keywords": [],
    "point_of_contact_email": "vvarma@caltech.edu",
    "authors_emails": [],
    "simulation_bibtex_keys": [
        "Varma:2018mmi",
        "Boyle:2019kee",
        "SXSCatalogWebsite"
    ],
    "code_bibtex_keys": [
        "Ossokine:2013zga",
        "Hemberger:2012jz",
        "Szilagyi:2009qz",
        "Boyle:2009vi",
        "Scheel:2008rj",
        "Boyle:2007ft",
        "Scheel:2006gg",
        "Lindblom:2005qh",
        "Pfeiffer:2002wt",
        "SpECwebsite"
    ],
    "initial_data_bibtex_keys": [
        "Buchman:2012dw",
        "Lovelace:2008tw",
        "Pfeiffer:2007yz",
        "Caudill:2006hw",
        "Cook:2004kt"
    ],
    "quasicircular_bibtex_keys": [
        "Mroue:2012kv",
        "Buonanno:2010yk",
        "Mroue:2010re",
        "Boyle:2007ft"
    ],
    "initial_separation": 14.9954223633,
    "initial_orbital_frequency": 0.015624295661,
    "initial_adot": 8.03615958622e-05,
    "object1": "bh",
    "object2": "bh",
    "initial_ADM_energy": 0.9925203766004388,
    "initial_ADM_linear_momentum": [
        -3.92565363e-08,
        9.916808e-09,
        4.0082e-12
    ],
    "initial_ADM_angular_momentum": [
        1.373e-11,
        -2.1998e-12,
        1.284954599841069
    ],
    "initial_mass1": 0.5000000042204026,
    "initial_mass2": 0.5000000012515653,
    "initial_dimensionless_spin1": [
        -1.075e-13,
        2.838e-13,
        0.5066226146730237
    ],
    "initial_dimensionless_spin2": [
        1.82e-14,
        -2.107e-13,
        0.2879640098102698
    ],
    "initial_position1": [
        7.49171429944907,
        0.0006312041689508,
        5.28718e-11
    ],
    "initial_position2": [
        -7.5037080638509295,
        0.0006312041689508,
        5.28718e-11
    ],
    "relaxation_time": 590.0,
    "common_horizon_time": 5105.84709976,
    "remnant_mass": 0.93769364926,
    "remnant_dimensionless_spin": [
        1.85835069649e-09,
        -7.86308480585e-10,
        0.802931145031
    ],
    "remnant_velocity": [
        -0.000134556365666,
        1.96403903996e-06,
        1.48619159983e-08
    ],
    "metadata_version": 1,
    "spec_revisions": "InitialCommit-30634-g448720d",
    "spells_revision": "448720dc58696549c0f553eeacf3d11ac19d0dce",
    "com_parameters": {
        "space_translation": [
            0.000354010427,
            0.000389123289,
            -4.98168783e-06
        ],
        "boost_velocity": [
            -2.78995498e-07,
            -2.14344999e-07,
            3.65403752e-09
        ]
    },
    "initial_mass_ratio": 1.0000000059376746
}