{
    "simulation_name": "011/Lev3",
    "alternative_names": [
        "BFI:q8_3dAl:011",
        "SXS:BBH:1424"
    ],
    "initial_data_type": "BBH_SKS",
    "object_types": "BHBH",
    "number_of_orbits": 17.4217071052,
    "reference_mass_ratio": 6.464146784896805,
    "reference_chi_eff": -0.675671834706683,
    "reference_chi1_perp": 1.1151952414723633e-06,
    "reference_chi2_perp": 7.501759788835589e-07,
    "reference_eccentricity": 0.0002226,
    "reference_dimensionless_spin1": [
        7.44787103877e-09,
        5.42051178223e-07,
        -0.656582314499
    ],
    "reference_dimensionless_spin2": [
        -8.15164269822e-07,
        -1.3655870719e-07,
        -0.799069295387
    ],
    "reference_orbital_frequency": [
        6.7336197023e-09,
        1.58187489808e-08,
        0.018989401526
    ],
    "reference_mass1": 0.866176667041,
    "reference_mass2": 0.13399706038,
    "reference_time": 640.0,
    "reference_position1": [
        1.45900369501,
        -1.16090457964,
        -2.61062531157e-05
    ],
    "reference_position2": [
        -9.52922928654,
        7.24551615919,
        -2.92126426096e-05
    ],
    "reference_mean_anomaly": 0.707227,
    "keywords": [],
    "point_of_contact_email": "jonathan.blackman.0@gmail.com",
    "authors_emails": [],
    "simulation_bibtex_keys": [
        "Varma:2018mmi",
        "Boyle:2019kee",
        "SXSCatalogWebsite"
    ],
    "code_bibtex_keys": [
        "Ossokine:2013zga",
        "Hemberger:2012jz",
        "Szilagyi:2009qz",
        "Boyle:2009vi",
        "Scheel:2008rj",
        "Boyle:2007ft",
        "Scheel:2006gg",
        "Lindblom:2005qh",
        "Pfeiffer:2002wt",
        "SpECwebsite"
    ],
    "initial_data_bibtex_keys": [
        "Buchman:2012dw",
        "Lovelace:2008tw",
        "Pfeiffer:2007yz",
        "Caudill:2006hw",
        "Cook:2004kt"
    ],
    "quasicircular_bibtex_keys": [
        "Mroue:2012kv",
        "Buonanno:2010yk",
        "Mroue:2010re",
        "Boyle:2007ft"
    ],
    "initial_separation": 13.6938476562,
    "initial_orbital_frequency": 0.017634484344,
    "initial_adot": -0.000350073559358,
    "object1": "bh",
    "object2": "bh",
    "initial_ADM_energy": 0.9964970321800269,
    "initial_ADM_linear_momentum": [
        5.9251254e-08,
        -3.75068271e-08,
        -2.21293e-11
    ],
    "initial_ADM_angular_momentum": [
        -1.20854e-11,
        1.65808e-11,
        0.008776136899334
    ],
    "initial_mass1": 0.8660391306674715,
    "initial_mass2": 0.1339608640595497,
    "initial_dimensionless_spin1": [
        -4.32e-13,
        -3.57e-14,
        -0.6568806426663633
    ],
    "initial_dimensionless_spin2": [
        4.5773e-12,
        1.5296e-12,
        -0.7999999087042581
    ],
    "initial_position1": [
        1.8580509210833405,
        0.029000015393171,
        -3.7170611e-08
    ],
    "initial_position2": [
        -11.835796735116661,
        0.029000015393171,
        -3.7170611e-08
    ],
    "relaxation_time": 640.0,
    "common_horizon_time": 4407.54091762,
    "remnant_mass": 0.990722506094,
    "remnant_dimensionless_spin": [
        -3.89777098199e-07,
        1.1446428032e-06,
        -0.0929269104235
    ],
    "remnant_velocity": [
        0.000385363067335,
        0.000301705995733,
        -4.9374600201e-08
    ],
    "metadata_version": 1,
    "spec_revisions": "InitialCommit-30391-g7de1691",
    "spells_revision": "7de1691a20fa3565c2276fa60966e8a261a47fe7",
    "com_parameters": {
        "space_translation": [
            0.0183153602,
            -0.0465030258,
            3.00963383e-05
        ],
        "boost_velocity": [
            -1.29385883e-05,
            2.28535008e-05,
            -6.57716642e-08
        ]
    },
    "initial_mass_ratio": 6.464866711239565
}