{
    "simulation_name": "004/Lev3",
    "alternative_names": [
        "PRIVATE:BBH:0568",
        "SXS:BBH:1151"
    ],
    "initial_data_type": "BBH_SKS",
    "object_types": "BHBH",
    "number_of_orbits": 21.3585663709,
    "reference_mass_ratio": 2.999773381552154,
    "reference_chi_eff": 0.6750850627938262,
    "reference_chi1_perp": 6.073950980971483e-07,
    "reference_chi2_perp": 1.3541499320197956e-07,
    "reference_eccentricity": 5.27e-05,
    "reference_dimensionless_spin1": [
        5.18307675926e-07,
        -6.80529991161e-07,
        0.700145628486
    ],
    "reference_dimensionless_spin2": [
        -2.01840614063e-08,
        -2.22451156115e-07,
        0.599909044903
    ],
    "reference_orbital_frequency": [
        -8.0006752536e-10,
        -1.14371288336e-08,
        0.0191772789577
    ],
    "reference_mass1": 0.749966696161,
    "reference_mass2": 0.250007784179,
    "reference_time": 340.0,
    "reference_position1": [
        3.33882021066,
        0.555430185386,
        -2.73444187248e-05
    ],
    "reference_position2": [
        -10.0957428837,
        -1.76053865466,
        -2.92861223278e-05
    ],
    "reference_mean_anomaly": 6.128241,
    "keywords": [],
    "point_of_contact_email": "scheel@tapir.caltech.edu",
    "authors_emails": [],
    "simulation_bibtex_keys": [
        "Boyle:2019kee",
        "SXSCatalogWebsite"
    ],
    "code_bibtex_keys": [
        "Ossokine:2013zga",
        "Hemberger:2012jz",
        "Szilagyi:2009qz",
        "Boyle:2009vi",
        "Scheel:2008rj",
        "Boyle:2007ft",
        "Scheel:2006gg",
        "Lindblom:2005qh",
        "Pfeiffer:2002wt",
        "SpECwebsite"
    ],
    "initial_data_bibtex_keys": [
        "Buchman:2012dw",
        "Lovelace:2008tw",
        "Pfeiffer:2007yz",
        "Caudill:2006hw",
        "Cook:2004kt"
    ],
    "quasicircular_bibtex_keys": [
        "Mroue:2012kv",
        "Buonanno:2010yk",
        "Mroue:2010re",
        "Boyle:2007ft"
    ],
    "initial_separation": 13.2182006836,
    "initial_orbital_frequency": 0.018275603739,
    "initial_adot": 0.000259245555112,
    "object1": "bh",
    "object2": "bh",
    "initial_ADM_energy": 0.9936950356969105,
    "initial_ADM_linear_momentum": [
        5.64264445e-08,
        -1.303687331e-07,
        3.597e-13
    ],
    "initial_ADM_angular_momentum": [
        -7.80986e-11,
        3.7125e-11,
        1.196846348120132
    ],
    "initial_mass1": 0.7500000064969043,
    "initial_mass2": 0.2499999880503588,
    "initial_dimensionless_spin1": [
        -3.48199999999e-13,
        6.641e-13,
        0.700000011823
    ],
    "initial_dimensionless_spin2": [
        6.198e-13,
        -1.0888e-12,
        0.599999976928
    ],
    "initial_position1": [
        3.2973051723259705,
        0.0288120821447915,
        5.192721e-09
    ],
    "initial_position2": [
        -9.92089551127403,
        0.0288120821447915,
        5.192721e-09
    ],
    "relaxation_time": 340.0,
    "common_horizon_time": 4550.09102517,
    "remnant_mass": 0.948916185747,
    "remnant_dimensionless_spin": [
        2.37874974155e-07,
        -8.46586197332e-07,
        0.851830589826
    ],
    "remnant_velocity": [
        6.13929320396e-05,
        0.000100986879444,
        -1.95799600912e-07
    ],
    "metadata_version": 1,
    "spec_revisions": [
        "InitialCommit-29563-gfb84698",
        "InitialCommit-29569-gd4f455c"
    ],
    "spells_revision": "fb84698ae3438f76f7f4f9e0a351c2e11277db0e",
    "com_parameters": {
        "space_translation": [
            -0.0112668137,
            -0.00331895941,
            4.44409368e-05
        ],
        "boost_velocity": [
            1.71342438e-05,
            -2.53317813e-06,
            -1.86982845e-07
        ]
    },
    "initial_mass_ratio": 3.00000016938332
}