{
    "simulation_name": "019/Lev3",
    "alternative_names": [
        "BFI:q8_3dAl:019",
        "SXS:BBH:1431"
    ],
    "initial_data_type": "BBH_SKS",
    "object_types": "BHBH",
    "number_of_orbits": 22.4458181049,
    "reference_mass_ratio": 7.99945666582823,
    "reference_chi_eff": -0.016998296152410827,
    "reference_chi1_perp": 3.8048100544894257e-07,
    "reference_chi2_perp": 8.027895311497312e-08,
    "reference_eccentricity": 0.0005339,
    "reference_dimensionless_spin1": [
        3.98640016079e-08,
        3.79757126687e-07,
        0.0778726348925
    ],
    "reference_dimensionless_spin2": [
        -9.78370933052e-08,
        -8.45151508445e-08,
        -0.775914197893
    ],
    "reference_orbital_frequency": [
        2.75628747877e-09,
        1.17321670936e-10,
        0.0210415569134
    ],
    "reference_mass1": 0.889056833413,
    "reference_mass2": 0.111139652423,
    "reference_time": 330.0,
    "reference_position1": [
        1.13811402697,
        0.810541817218,
        -1.32729429205e-05
    ],
    "reference_position2": [
        -9.15829480682,
        -6.75121893031,
        -1.18820277296e-05
    ],
    "reference_mean_anomaly": 2.850195,
    "keywords": [],
    "point_of_contact_email": "scheel@tapir.caltech.edu",
    "authors_emails": [],
    "simulation_bibtex_keys": [
        "Varma:2018mmi",
        "Boyle:2019kee",
        "SXSCatalogWebsite"
    ],
    "code_bibtex_keys": [
        "Ossokine:2013zga",
        "Hemberger:2012jz",
        "Szilagyi:2009qz",
        "Boyle:2009vi",
        "Scheel:2008rj",
        "Boyle:2007ft",
        "Scheel:2006gg",
        "Lindblom:2005qh",
        "Pfeiffer:2002wt",
        "SpECwebsite"
    ],
    "initial_data_bibtex_keys": [
        "Buchman:2012dw",
        "Lovelace:2008tw",
        "Pfeiffer:2007yz",
        "Caudill:2006hw",
        "Cook:2004kt"
    ],
    "quasicircular_bibtex_keys": [
        "Mroue:2012kv",
        "Buonanno:2010yk",
        "Mroue:2010re",
        "Boyle:2007ft"
    ],
    "initial_separation": 12.3812866211,
    "initial_orbital_frequency": 0.020121477276,
    "initial_adot": -0.0003137938569652,
    "object1": "bh",
    "object2": "bh",
    "initial_ADM_energy": 0.9966222986068015,
    "initial_ADM_linear_momentum": [
        -1.16099817e-08,
        8.22968374e-08,
        -1.52366e-11
    ],
    "initial_ADM_angular_momentum": [
        3.365e-12,
        -3.92043e-11,
        0.4606396773155995
    ],
    "initial_mass1": 0.888888891531265,
    "initial_mass2": 0.1111111121508638,
    "initial_dimensionless_spin1": [
        8.8e-15,
        2.251e-13,
        0.0778309414207668
    ],
    "initial_dimensionless_spin2": [
        3.7574e-12,
        1.0005e-12,
        -0.7768153087461416
    ],
    "initial_position1": [
        1.3805785916712512,
        0.0238386331263482,
        -2.4609507e-09
    ],
    "initial_position2": [
        -11.000708029428749,
        0.0238386331263482,
        -2.4609507e-09
    ],
    "relaxation_time": 330.0,
    "common_horizon_time": 4799.2517603,
    "remnant_mass": 0.989394152203,
    "remnant_dimensionless_spin": [
        -6.72800096251e-08,
        6.83813082467e-07,
        0.357768505747
    ],
    "remnant_velocity": [
        0.000131410693056,
        0.000260698377388,
        -4.27476903921e-07
    ],
    "metadata_version": 1,
    "spec_revisions": "InitialCommit-30391-g7de1691",
    "spells_revision": "7de1691a20fa3565c2276fa60966e8a261a47fe7",
    "com_parameters": {
        "space_translation": [
            0.01498947,
            -0.0449875,
            0.00021402
        ],
        "boost_velocity": [
            -2.89815305e-05,
            3.39599674e-05,
            -4.26787905e-07
        ]
    },
    "initial_mass_ratio": 7.999999948919192
}