{
    "simulation_name": "q_1.01_chi1z_0.25_chi2z_0.5_om0_0.015/Lev5",
    "alternative_names": "SXS:BBH:1376",
    "initial_data_type": "BBH_SKS",
    "object_types": "BHBH",
    "number_of_orbits": 21.0494627439,
    "reference_mass_ratio": 1.0099924284935216,
    "reference_chi_eff": 0.37434457205156996,
    "reference_chi1_perp": 2.889045637133985e-08,
    "reference_chi2_perp": 2.6743715756050527e-08,
    "reference_eccentricity": 0.0005848,
    "reference_dimensionless_spin1": [
        1.89281100649e-08,
        1.93295096388e-08,
        0.249968490735
    ],
    "reference_dimensionless_spin2": [
        -2.4641734959e-08,
        -1.77491729412e-08,
        0.499963472467
    ],
    "reference_orbital_frequency": [
        -2.31838528043e-10,
        8.29041337328e-11,
        0.0158756826372
    ],
    "reference_mass1": 0.502478006513,
    "reference_mass2": 0.497506706325,
    "reference_time": 640.0,
    "reference_position1": [
        -6.65163569863,
        -3.90089445437,
        -3.04127040479e-06
    ],
    "reference_position2": [
        6.78975763447,
        3.99025296043,
        -2.88618894084e-06
    ],
    "reference_mean_anomaly": 2.289399,
    "keywords": [],
    "point_of_contact_email": "ian.hinder@aei.mpg.de",
    "authors_emails": [],
    "simulation_bibtex_keys": [
        "Boyle:2019kee",
        "SXSCatalogWebsite"
    ],
    "code_bibtex_keys": [
        "Ossokine:2013zga",
        "Hemberger:2012jz",
        "Szilagyi:2009qz",
        "Boyle:2009vi",
        "Scheel:2008rj",
        "Boyle:2007ft",
        "Scheel:2006gg",
        "Lindblom:2005qh",
        "Pfeiffer:2002wt",
        "SpECwebsite"
    ],
    "initial_data_bibtex_keys": [
        "Buchman:2012dw",
        "Lovelace:2008tw",
        "Pfeiffer:2007yz",
        "Caudill:2006hw",
        "Cook:2004kt"
    ],
    "quasicircular_bibtex_keys": [
        "Mroue:2012kv",
        "Buonanno:2010yk",
        "Mroue:2010re",
        "Boyle:2007ft"
    ],
    "initial_separation": 15.3760986328,
    "initial_orbital_frequency": 0.015097792096,
    "initial_adot": 6.98990874762e-05,
    "object1": "bh",
    "object2": "bh",
    "initial_ADM_energy": 0.9926882591854065,
    "initial_ADM_linear_momentum": [
        -3.8153e-12,
        -1.524051e-10,
        -1.59e-14
    ],
    "initial_ADM_angular_momentum": [
        2.442e-13,
        -1.8599e-12,
        1.284737054969525
    ],
    "initial_mass1": 0.502487558855696,
    "initial_mass2": 0.4975124357416394,
    "initial_dimensionless_spin1": [
        8.196e-13,
        3.615e-13,
        0.2499999982416004
    ],
    "initial_dimensionless_spin2": [
        4.199e-13,
        2.018e-13,
        0.4999999985279888
    ],
    "initial_position1": [
        7.6978413375337675,
        0.0232739467340981,
        0.0
    ],
    "initial_position2": [
        -7.678257295266232,
        0.0232739467340981,
        0.0
    ],
    "relaxation_time": 640.0,
    "common_horizon_time": 5571.60840596,
    "remnant_mass": 0.938727310148,
    "remnant_dimensionless_spin": [
        -1.06634279057e-08,
        3.79870945783e-09,
        0.796195822397
    ],
    "remnant_velocity": [
        0.000149801499821,
        5.70939939338e-05,
        -2.92483411104e-09
    ],
    "metadata_version": 1,
    "spec_revisions": "InitialCommit-30515-g0a16660",
    "spells_revision": "0a16660c022abaa3f560dc49b5f2b792b1131b1e",
    "com_parameters": {
        "space_translation": [
            0.0407151231,
            0.0236478761,
            -6.21928313e-07
        ],
        "boost_velocity": [
            4.41849761e-07,
            -1.10198035e-07,
            -4.32802156e-09
        ]
    },
    "initial_mass_ratio": 1.0099999975008467
}