{
    "simulation_name": "093/Lev3",
    "alternative_names": [
        "BFI:q8_3dAl:093",
        "SXS:BBH:1503"
    ],
    "initial_data_type": "BBH_SKS",
    "object_types": "BHBH",
    "number_of_orbits": 20.1098574191,
    "reference_mass_ratio": 0.999952663104814,
    "reference_chi_eff": 0.43110436512436084,
    "reference_chi1_perp": 3.5954327183315003e-08,
    "reference_chi2_perp": 3.124112566363156e-08,
    "reference_eccentricity": 0.0007405,
    "reference_dimensionless_spin1": [
        2.044445984e-08,
        2.9810869566e-08,
        0.135561751554
    ],
    "reference_dimensionless_spin2": [
        -2.81840119647e-08,
        -1.41742916845e-08,
        0.726632988625
    ],
    "reference_orbital_frequency": [
        -4.00016989282e-11,
        5.6639049148e-11,
        0.0165380598841
    ],
    "reference_mass1": 0.499999428869,
    "reference_mass2": 0.50002309841,
    "reference_time": 640.0,
    "reference_position1": [
        -4.56069115961,
        -6.07333908504,
        2.27342552045e-06
    ],
    "reference_position2": [
        4.53468653202,
        6.06829704838,
        2.25384280229e-06
    ],
    "reference_mean_anomaly": 2.501879,
    "keywords": [],
    "point_of_contact_email": "vvarma@caltech.edu",
    "authors_emails": [],
    "simulation_bibtex_keys": [
        "Varma:2018mmi",
        "Boyle:2019kee",
        "SXSCatalogWebsite"
    ],
    "code_bibtex_keys": [
        "Ossokine:2013zga",
        "Hemberger:2012jz",
        "Szilagyi:2009qz",
        "Boyle:2009vi",
        "Scheel:2008rj",
        "Boyle:2007ft",
        "Scheel:2006gg",
        "Lindblom:2005qh",
        "Pfeiffer:2002wt",
        "SpECwebsite"
    ],
    "initial_data_bibtex_keys": [
        "Buchman:2012dw",
        "Lovelace:2008tw",
        "Pfeiffer:2007yz",
        "Caudill:2006hw",
        "Cook:2004kt"
    ],
    "quasicircular_bibtex_keys": [
        "Mroue:2012kv",
        "Buonanno:2010yk",
        "Mroue:2010re",
        "Boyle:2007ft"
    ],
    "initial_separation": 14.9574584961,
    "initial_orbital_frequency": 0.0155560385,
    "initial_adot": 0.0001397494507343,
    "object1": "bh",
    "object2": "bh",
    "initial_ADM_energy": 0.992517358544302,
    "initial_ADM_linear_momentum": [
        2.06126072e-08,
        1.42069071e-08,
        2.0657e-12
    ],
    "initial_ADM_angular_momentum": [
        -5.2944e-12,
        2.5605e-12,
        1.2995364196108972
    ],
    "initial_mass1": 0.5000000080649665,
    "initial_mass2": 0.4999999933485793,
    "initial_dimensionless_spin1": [
        5.1e-15,
        1.992e-13,
        0.1355386722879889
    ],
    "initial_dimensionless_spin2": [
        3.32e-13,
        -4.099e-13,
        0.7266860201086749
    ],
    "initial_position1": [
        7.495357662069955,
        -0.0019876245263521,
        1.2474423e-09
    ],
    "initial_position2": [
        -7.4621008340300445,
        -0.0019876245263521,
        1.2474423e-09
    ],
    "relaxation_time": 640.0,
    "common_horizon_time": 5110.0564926,
    "remnant_mass": 0.936004254771,
    "remnant_dimensionless_spin": [
        -2.704601886e-09,
        4.82167726925e-09,
        0.811762032187
    ],
    "remnant_velocity": [
        0.000247923572766,
        0.000250302105122,
        1.11097550665e-08
    ],
    "metadata_version": 1,
    "spec_revisions": "InitialCommit-30634-g448720d",
    "spells_revision": "448720dc58696549c0f553eeacf3d11ac19d0dce",
    "com_parameters": {
        "space_translation": [
            -8.27140852e-05,
            -0.00140106566,
            -3.17564488e-06
        ],
        "boost_velocity": [
            4.52054906e-08,
            7.89737035e-07,
            6.71586375e-09
        ]
    },
    "initial_mass_ratio": 1.0000000294327747
}