{
    "simulation_name": "015/Lev3",
    "alternative_names": [
        "BFI:q8_3dAl:015",
        "SXS:BBH:1427"
    ],
    "initial_data_type": "BBH_SKS",
    "object_types": "BHBH",
    "number_of_orbits": 17.7692915441,
    "reference_mass_ratio": 7.4106822116969555,
    "reference_chi_eff": -0.6245599296084575,
    "reference_chi1_perp": 1.2899659803501922e-06,
    "reference_chi2_perp": 2.589638983661924e-07,
    "reference_eccentricity": 0.0004001,
    "reference_dimensionless_spin1": [
        -5.46870281228e-07,
        8.88278278768e-07,
        -0.61019369966
    ],
    "reference_dimensionless_spin2": [
        -3.25274626591e-07,
        -4.00371594322e-07,
        -0.73102349434
    ],
    "reference_orbital_frequency": [
        1.84886600069e-09,
        9.84588462549e-09,
        0.0196864846997
    ],
    "reference_mass1": 0.881170936484,
    "reference_mass2": 0.118905508469,
    "reference_time": 630.0,
    "reference_position1": [
        1.45519584375,
        -0.645009906361,
        2.85028677948e-05
    ],
    "reference_position2": [
        -10.9448851905,
        4.64156524372,
        2.70234304444e-05
    ],
    "reference_mean_anomaly": 5.200593,
    "keywords": [],
    "point_of_contact_email": "vvarma@caltech.edu",
    "authors_emails": [],
    "simulation_bibtex_keys": [
        "Varma:2018mmi",
        "Boyle:2019kee",
        "SXSCatalogWebsite"
    ],
    "code_bibtex_keys": [
        "Ossokine:2013zga",
        "Hemberger:2012jz",
        "Szilagyi:2009qz",
        "Boyle:2009vi",
        "Scheel:2008rj",
        "Boyle:2007ft",
        "Scheel:2006gg",
        "Lindblom:2005qh",
        "Pfeiffer:2002wt",
        "SpECwebsite"
    ],
    "initial_data_bibtex_keys": [
        "Buchman:2012dw",
        "Lovelace:2008tw",
        "Pfeiffer:2007yz",
        "Caudill:2006hw",
        "Cook:2004kt"
    ],
    "quasicircular_bibtex_keys": [
        "Mroue:2012kv",
        "Buonanno:2010yk",
        "Mroue:2010re",
        "Boyle:2007ft"
    ],
    "initial_separation": 13.3317871094,
    "initial_orbital_frequency": 0.01844033485,
    "initial_adot": -0.0002807435454462,
    "object1": "bh",
    "object2": "bh",
    "initial_ADM_energy": 0.9967518518301174,
    "initial_ADM_linear_momentum": [
        1.00382725e-08,
        6.55679022e-08,
        -2.3217e-12
    ],
    "initial_ADM_angular_momentum": [
        4.085e-12,
        3.8409e-12,
        -0.0231483134884095
    ],
    "initial_mass1": 0.8811167446021991,
    "initial_mass2": 0.1188832492617969,
    "initial_dimensionless_spin1": [
        -3e-14,
        -9.7e-15,
        -0.6102191940970169
    ],
    "initial_dimensionless_spin2": [
        5.43e-13,
        1.396e-13,
        -0.7316817503137426
    ],
    "initial_position1": [
        1.6064018464694378,
        0.0271547287245716,
        5.1498945e-09
    ],
    "initial_position2": [
        -11.725385262930562,
        0.0271547287245716,
        5.1498945e-09
    ],
    "relaxation_time": 630.0,
    "common_horizon_time": 4354.53757695,
    "remnant_mass": 0.991777793729,
    "remnant_dimensionless_spin": [
        -1.17687586674e-06,
        1.36994636853e-06,
        -0.110714385118
    ],
    "remnant_velocity": [
        -0.000379511569815,
        0.000149989966019,
        2.37074262199e-07
    ],
    "metadata_version": 1,
    "spec_revisions": "InitialCommit-30391-g7de1691",
    "spells_revision": "7de1691a20fa3565c2276fa60966e8a261a47fe7",
    "com_parameters": {
        "space_translation": [
            -0.00327751,
            0.01531064,
            -0.0001341
        ],
        "boost_velocity": [
            -1.13578446e-05,
            -4.46699576e-07,
            2.2895947e-07
        ]
    },
    "initial_mass_ratio": 7.411613915950948
}