{
    "simulation_name": "0239/Lev3",
    "alternative_names": [
        "BFI:q4_7d:0239",
        "SXS:BBH:1730"
    ],
    "initial_data_type": "BBH_SKS",
    "object_types": "BHBH",
    "number_of_orbits": 18.9073990844,
    "reference_mass_ratio": 2.527220141866707,
    "reference_chi_eff": -0.15885602208925348,
    "reference_chi1_perp": 0.05434621570977732,
    "reference_chi2_perp": 0.4026537517869152,
    "reference_eccentricity": 0.0001489,
    "reference_dimensionless_spin1": [
        -0.0337316276242,
        -0.0454428800353,
        -0.0732981810297
    ],
    "reference_dimensionless_spin2": [
        -0.401565063604,
        -0.0452614460797,
        -0.369244314339
    ],
    "reference_orbital_frequency": [
        5.61228955729e-06,
        0.000636192554505,
        0.016765213423
    ],
    "reference_mass1": 0.716512904438,
    "reference_mass2": 0.28351819953,
    "reference_time": 600.0,
    "reference_position1": [
        -3.84821246805,
        -1.80957186808,
        0.0647308457114
    ],
    "reference_position2": [
        9.74789883486,
        4.63167835344,
        -0.184247836564
    ],
    "reference_mean_anomaly": 0.585956,
    "keywords": [],
    "point_of_contact_email": "nd357@cornell.edu",
    "authors_emails": [],
    "simulation_bibtex_keys": [
        "Varma:2019csw",
        "Boyle:2019kee",
        "SXSCatalogWebsite"
    ],
    "code_bibtex_keys": [
        "Ossokine:2013zga",
        "Hemberger:2012jz",
        "Szilagyi:2009qz",
        "Boyle:2009vi",
        "Scheel:2008rj",
        "Boyle:2007ft",
        "Scheel:2006gg",
        "Lindblom:2005qh",
        "Pfeiffer:2002wt",
        "SpECwebsite"
    ],
    "initial_data_bibtex_keys": [
        "Buchman:2012dw",
        "Lovelace:2008tw",
        "Pfeiffer:2007yz",
        "Caudill:2006hw",
        "Cook:2004kt"
    ],
    "quasicircular_bibtex_keys": [
        "Mroue:2012kv",
        "Buonanno:2010yk",
        "Mroue:2010re",
        "Boyle:2007ft"
    ],
    "initial_separation": 14.8590087891,
    "initial_orbital_frequency": 0.015987784924,
    "initial_adot": -0.0001430943388714,
    "object1": "bh",
    "object2": "bh",
    "initial_ADM_energy": 0.9939992040424059,
    "initial_ADM_linear_momentum": [
        1.14086004e-08,
        -5.88903333e-08,
        -1.4082299e-09
    ],
    "initial_ADM_angular_momentum": [
        -0.0504178510011457,
        0.0054766021822994,
        0.8331110643251434
    ],
    "initial_mass1": 0.7164875619085772,
    "initial_mass2": 0.2835124106000537,
    "initial_dimensionless_spin1": [
        -0.0478987562337099,
        -0.0302788805213053,
        -0.0732139024267845
    ],
    "initial_dimensionless_spin2": [
        -0.3173750985444366,
        0.2535048464838754,
        -0.3670319273454019
    ],
    "initial_position1": [
        4.218628604454898,
        0.024813991205338,
        0.0023388814084109
    ],
    "initial_position2": [
        -10.640380184645103,
        0.024813991205338,
        0.0023388814084109
    ],
    "relaxation_time": 600.0,
    "common_horizon_time": 4984.85115708,
    "remnant_mass": 0.969197460178,
    "remnant_dimensionless_spin": [
        -0.0379621025222,
        0.00169633665613,
        0.534795905669
    ],
    "remnant_velocity": [
        -0.000277045437699,
        -0.000558698278869,
        -0.000521555105707
    ],
    "metadata_version": 1,
    "spec_revisions": "InitialCommit-30548-g8a39246",
    "spells_revision": "8a392465d586c8ca817d062b58522dabb63df692",
    "com_parameters": {
        "space_translation": [
            0.00312147,
            0.00505613,
            0.00079864
        ],
        "boost_velocity": [
            -4.21640331e-06,
            -2.96584446e-05,
            -9.04187955e-07
        ]
    },
    "initial_mass_ratio": 2.527182356469447
}