{
    "simulation_name": "0068/Lev3",
    "alternative_names": [
        "BFI:q4_7d:0068",
        "SXS:BBH:1564"
    ],
    "initial_data_type": "BBH_SKS",
    "object_types": "BHBH",
    "number_of_orbits": 21.1878862834,
    "reference_mass_ratio": 2.479117645289041,
    "reference_chi_eff": 0.3923927910106186,
    "reference_chi1_perp": 0.5609277454176025,
    "reference_chi2_perp": 0.4895817311086934,
    "reference_eccentricity": 0.0004527,
    "reference_dimensionless_spin1": [
        -0.461475509982,
        -0.294985389984,
        0.400443708774
    ],
    "reference_dimensionless_spin2": [
        -0.353903589814,
        -0.301616786531,
        0.446047276723
    ],
    "reference_orbital_frequency": [
        -0.00111764276668,
        0.0025621603185,
        0.0173563168514
    ],
    "reference_mass1": 0.712565637876,
    "reference_mass2": 0.287427117156,
    "reference_time": 580.0,
    "reference_position1": [
        -3.48283588722,
        -2.25713425791,
        0.113842941383
    ],
    "reference_position2": [
        8.64937798736,
        5.66692809639,
        -0.274674801322
    ],
    "reference_mean_anomaly": 2.326045,
    "keywords": [],
    "point_of_contact_email": "kidder@astro.cornell.edu",
    "authors_emails": [],
    "simulation_bibtex_keys": [
        "Varma:2019csw",
        "Boyle:2019kee",
        "SXSCatalogWebsite"
    ],
    "code_bibtex_keys": [
        "Ossokine:2013zga",
        "Hemberger:2012jz",
        "Szilagyi:2009qz",
        "Boyle:2009vi",
        "Scheel:2008rj",
        "Boyle:2007ft",
        "Scheel:2006gg",
        "Lindblom:2005qh",
        "Pfeiffer:2002wt",
        "SpECwebsite"
    ],
    "initial_data_bibtex_keys": [
        "Buchman:2012dw",
        "Lovelace:2008tw",
        "Pfeiffer:2007yz",
        "Caudill:2006hw",
        "Cook:2004kt"
    ],
    "quasicircular_bibtex_keys": [
        "Mroue:2012kv",
        "Buonanno:2010yk",
        "Mroue:2010re",
        "Boyle:2007ft"
    ],
    "initial_separation": 14.2548217773,
    "initial_orbital_frequency": 0.016495247984,
    "initial_adot": 0.0001845487299449,
    "object1": "bh",
    "object2": "bh",
    "initial_ADM_energy": 0.9936306255961893,
    "initial_ADM_linear_momentum": [
        -5.3839626e-09,
        -5.91721138e-08,
        7.539188e-10
    ],
    "initial_ADM_angular_momentum": [
        -0.3218520529254386,
        -0.0505393038223136,
        1.0975252366159967
    ],
    "initial_mass1": 0.7125793159545325,
    "initial_mass2": 0.2874206557991997,
    "initial_dimensionless_spin1": [
        -0.5489767844327399,
        -0.1233087224462506,
        0.3790762553027396
    ],
    "initial_dimensionless_spin2": [
        -0.5057281800251152,
        0.0179532234352096,
        0.3989168663728003
    ],
    "initial_position1": [
        4.098093850259551,
        0.026467636852462,
        -0.0111383059796387
    ],
    "initial_position2": [
        -10.15672792704045,
        0.026467636852462,
        -0.0111383059796387
    ],
    "relaxation_time": 580.0,
    "common_horizon_time": 5094.46327552,
    "remnant_mass": 0.952555380015,
    "remnant_dimensionless_spin": [
        -0.207583219183,
        -0.0348365440351,
        0.765279996303
    ],
    "remnant_velocity": [
        -0.000893253197098,
        -0.000483602747738,
        0.00411677833539
    ],
    "metadata_version": 1,
    "spec_revisions": "InitialCommit-30548-g8a39246",
    "spells_revision": "8a392465d586c8ca817d062b58522dabb63df692",
    "com_parameters": {
        "space_translation": [
            -0.00343204,
            0.00574245,
            0.00289436
        ],
        "boost_velocity": [
            7.80535564e-06,
            -2.05566803e-05,
            -8.53534092e-06
        ]
    },
    "initial_mass_ratio": 2.4792209661241635
}