{
    "simulation_name": "0231/Lev4",
    "alternative_names": [
        "BFI:RerunAlignedCatalog:0231",
        "SXS:BBH:2105"
    ],
    "initial_data_type": "BBH_SKS",
    "object_types": "BHBH",
    "number_of_orbits": 23.0994056004,
    "reference_mass_ratio": 1.000160923004541,
    "reference_chi_eff": 0.4499081221157325,
    "reference_chi1_perp": 3.6639656538061007e-09,
    "reference_chi2_perp": 1.3241069129750595e-09,
    "reference_eccentricity": 0.0001954,
    "reference_dimensionless_spin1": [
        5.48174792081e-10,
        3.54744997564e-10,
        0.89973612622
    ],
    "reference_dimensionless_spin2": [
        -1.27240801945e-09,
        3.66483940161e-10,
        7.73033751787e-06
    ],
    "reference_orbital_frequency": [
        -4.933320716e-11,
        2.57794528379e-11,
        0.0151851364339
    ],
    "reference_mass1": 0.500081727712,
    "reference_mass2": 0.500001266006,
    "reference_time": 640.0,
    "reference_position1": [
        -7.95440714113,
        -0.92808355385,
        -2.86102734264e-07
    ],
    "reference_position2": [
        7.98587436867,
        0.905827168322,
        -2.37429612481e-07
    ],
    "reference_mean_anomaly": 5.441615,
    "keywords": [],
    "point_of_contact_email": "harald.pfeiffer@aei.mpg.de",
    "authors_emails": [],
    "simulation_bibtex_keys": [
        "Chu:2015kft",
        "Boyle:2019kee",
        "SXSCatalogWebsite"
    ],
    "code_bibtex_keys": [
        "Ossokine:2013zga",
        "Hemberger:2012jz",
        "Szilagyi:2009qz",
        "Boyle:2009vi",
        "Scheel:2008rj",
        "Boyle:2007ft",
        "Scheel:2006gg",
        "Lindblom:2005qh",
        "Pfeiffer:2002wt",
        "SpECwebsite"
    ],
    "initial_data_bibtex_keys": [
        "Buchman:2012dw",
        "Lovelace:2008tw",
        "Pfeiffer:2007yz",
        "Caudill:2006hw",
        "Cook:2004kt"
    ],
    "quasicircular_bibtex_keys": [
        "Mroue:2012kv",
        "Buonanno:2010yk",
        "Mroue:2010re",
        "Boyle:2007ft"
    ],
    "initial_separation": 15.8015588775,
    "initial_orbital_frequency": 0.014165941241,
    "initial_adot": 0.0002486689751795,
    "object1": "bh",
    "object2": "bh",
    "initial_ADM_energy": 0.9929248926336071,
    "initial_ADM_linear_momentum": [
        -8.059283e-09,
        2.3823949e-09,
        -2.3966e-12
    ],
    "initial_ADM_angular_momentum": [
        -1.476941e-10,
        1.31476e-10,
        1.3319654109756356
    ],
    "initial_mass1": 0.500000037795984,
    "initial_mass2": 0.4999999931594885,
    "initial_dimensionless_spin1": [
        -1.1567e-12,
        1.0485e-12,
        0.9000000242657732
    ],
    "initial_dimensionless_spin2": [
        -8.24446e-11,
        1.196803e-10,
        -1.53701325e-07
    ],
    "initial_position1": [
        7.874813879061576,
        0.0033092174741382,
        1.311115e-09
    ],
    "initial_position2": [
        -7.926744998438424,
        0.0033092174741382,
        1.311115e-09
    ],
    "relaxation_time": 640.0,
    "common_horizon_time": 6318.5382169,
    "remnant_mass": 0.934942964356,
    "remnant_dimensionless_spin": [
        -2.26241397449e-09,
        1.0090810181e-09,
        0.816060598816
    ],
    "remnant_velocity": [
        -0.00040829179061,
        -0.000332585347457,
        -7.70125434609e-10
    ],
    "metadata_version": 1,
    "spec_revisions": "InitialCommit-30836-gf3a46ee",
    "spells_revision": "f3a46eeb4445f3fafcae9438518ab49d75d2b4df",
    "com_parameters": {
        "space_translation": [
            0.000459066905,
            0.00127120715,
            -1.28441057e-09
        ],
        "boost_velocity": [
            -2.14087291e-09,
            -6.14151159e-08,
            -4.84891346e-10
        ]
    },
    "initial_mass_ratio": 1.0000000892729923
}