{
    "simulation_name": "0279/Lev4",
    "alternative_names": [
        "BFI:RerunAlignedCatalog:0279",
        "SXS:BBH:2151"
    ],
    "initial_data_type": "BBH_SKS",
    "object_types": "BHBH",
    "number_of_orbits": 22.5623324578,
    "reference_mass_ratio": 2.9990179112574107,
    "reference_chi_eff": -0.03884387440203604,
    "reference_chi1_perp": 2.5179781228755834e-07,
    "reference_chi2_perp": 3.43280695659485e-07,
    "reference_eccentricity": 5.42e-05,
    "reference_dimensionless_spin1": [
        1.20058904635e-07,
        -2.6412541469e-07,
        0.231380430006
    ],
    "reference_dimensionless_spin2": [
        1.21828615915e-07,
        -1.02955542698e-07,
        -0.849251403379
    ],
    "reference_orbital_frequency": [
        -2.44061979279e-09,
        -4.61047448047e-09,
        0.016295156817
    ],
    "reference_mass1": 0.749992118896,
    "reference_mass2": 0.250079239634,
    "reference_time": 640.0,
    "reference_position1": [
        -2.60204894312,
        -2.76368083391,
        -5.52552738673e-05
    ],
    "reference_position2": [
        7.82060194823,
        8.42774852091,
        -5.0527763211e-05
    ],
    "reference_mean_anomaly": 5.761509,
    "keywords": [],
    "point_of_contact_email": "serguei.ossokine@aei.mpg.de",
    "authors_emails": [],
    "simulation_bibtex_keys": [
        "Chu:2015kft",
        "Boyle:2019kee",
        "SXSCatalogWebsite"
    ],
    "code_bibtex_keys": [
        "Ossokine:2013zga",
        "Hemberger:2012jz",
        "Szilagyi:2009qz",
        "Boyle:2009vi",
        "Scheel:2008rj",
        "Boyle:2007ft",
        "Scheel:2006gg",
        "Lindblom:2005qh",
        "Pfeiffer:2002wt",
        "SpECwebsite"
    ],
    "initial_data_bibtex_keys": [
        "Buchman:2012dw",
        "Lovelace:2008tw",
        "Pfeiffer:2007yz",
        "Caudill:2006hw",
        "Cook:2004kt"
    ],
    "quasicircular_bibtex_keys": [
        "Mroue:2012kv",
        "Buonanno:2010yk",
        "Mroue:2010re",
        "Boyle:2007ft"
    ],
    "initial_separation": 15.0948061447,
    "initial_orbital_frequency": 0.015156714026,
    "initial_adot": -0.0002895887014405,
    "object1": "bh",
    "object2": "bh",
    "initial_ADM_energy": 0.9945631324172108,
    "initial_ADM_linear_momentum": [
        7.8376614e-09,
        -6.2860826e-08,
        -1.14648e-11
    ],
    "initial_ADM_angular_momentum": [
        8.47931e-11,
        -2.2802e-12,
        0.9076288978372524
    ],
    "initial_mass1": 0.7500000018617522,
    "initial_mass2": 0.2500000163195106,
    "initial_dimensionless_spin1": [
        -5.87e-14,
        8.896e-13,
        0.2313199928863975
    ],
    "initial_dimensionless_spin2": [
        7.5184e-12,
        1.995e-12,
        -0.8500000043769322
    ],
    "initial_position1": [
        3.7664214630948165,
        0.0260232662655429,
        5.8159354e-09
    ],
    "initial_position2": [
        -11.328384681605183,
        0.0260232662655429,
        5.8159354e-09
    ],
    "relaxation_time": 640.0,
    "common_horizon_time": 6033.46920625,
    "remnant_mass": 0.969631299452,
    "remnant_dimensionless_spin": [
        -2.6024437546e-08,
        -2.78606067661e-07,
        0.615242180951
    ],
    "remnant_velocity": [
        -4.42039342987e-05,
        0.000396636215977,
        -1.84580872044e-07
    ],
    "metadata_version": 1,
    "spec_revisions": "InitialCommit-30836-gf3a46ee",
    "spells_revision": "f3a46eeb4445f3fafcae9438518ab49d75d2b4df",
    "com_parameters": {
        "space_translation": [
            -0.0045399999,
            -0.00327827175,
            6.19735199e-05
        ],
        "boost_velocity": [
            -1.47524923e-06,
            1.92947113e-07,
            -1.74506701e-07
        ]
    },
    "initial_mass_ratio": 2.999999811612894
}