{
    "simulation_name": "0228/Lev4",
    "alternative_names": [
        "BFI:RerunAlignedCatalog:0228",
        "SXS:BBH:2102"
    ],
    "initial_data_type": "BBH_SKS",
    "object_types": "BHBH",
    "number_of_orbits": 23.4506954482,
    "reference_mass_ratio": 0.9999999887763689,
    "reference_chi_eff": 0.6000203806090001,
    "reference_chi1_perp": 9.65572671825458e-09,
    "reference_chi2_perp": 8.713411452567706e-09,
    "reference_eccentricity": 0.0001629,
    "reference_dimensionless_spin1": [
        -8.34083574935e-09,
        4.02420430238e-09,
        0.600020363324
    ],
    "reference_dimensionless_spin2": [
        8.3482684249e-09,
        -3.61313133666e-09,
        0.600020397894
    ],
    "reference_orbital_frequency": [
        7.09137600643e-12,
        -8.58173889224e-12,
        0.015438291652
    ],
    "reference_mass1": 0.500016426662,
    "reference_mass2": 0.500016432274,
    "reference_time": 640.0,
    "reference_position1": [
        -7.62875647003,
        -2.13791428363,
        -1.70781075898e-06
    ],
    "reference_position2": [
        7.62872902103,
        2.13796227628,
        -1.71244223712e-06
    ],
    "reference_mean_anomaly": 2.253591,
    "keywords": [],
    "point_of_contact_email": "nils.fischer@aei.mpg.de",
    "authors_emails": [],
    "simulation_bibtex_keys": [
        "Chu:2015kft",
        "Boyle:2019kee",
        "SXSCatalogWebsite"
    ],
    "code_bibtex_keys": [
        "Ossokine:2013zga",
        "Hemberger:2012jz",
        "Szilagyi:2009qz",
        "Boyle:2009vi",
        "Scheel:2008rj",
        "Boyle:2007ft",
        "Scheel:2006gg",
        "Lindblom:2005qh",
        "Pfeiffer:2002wt",
        "SpECwebsite"
    ],
    "initial_data_bibtex_keys": [
        "Buchman:2012dw",
        "Lovelace:2008tw",
        "Pfeiffer:2007yz",
        "Caudill:2006hw",
        "Cook:2004kt"
    ],
    "quasicircular_bibtex_keys": [
        "Mroue:2012kv",
        "Buonanno:2010yk",
        "Mroue:2010re",
        "Boyle:2007ft"
    ],
    "initial_separation": 15.5952227014,
    "initial_orbital_frequency": 0.014567834119,
    "initial_adot": 0.0001670746042914,
    "object1": "bh",
    "object2": "bh",
    "initial_ADM_energy": 0.9927513211677405,
    "initial_ADM_linear_momentum": [
        -2.13775559e-08,
        3.70988002e-08,
        2.67475e-11
    ],
    "initial_ADM_angular_momentum": [
        -3.8696e-12,
        3.35327e-11,
        1.3952120990671302
    ],
    "initial_mass1": 0.5000000178523226,
    "initial_mass2": 0.5000000244637209,
    "initial_dimensionless_spin1": [
        -9.16e-14,
        1.543e-13,
        0.5999999754653106
    ],
    "initial_dimensionless_spin2": [
        8.41e-14,
        -1.419e-13,
        0.6000000087022299
    ],
    "initial_position1": [
        7.7976114318056515,
        2.686278763e-07,
        1.010886245e-07
    ],
    "initial_position2": [
        -7.797611269594349,
        2.686278763e-07,
        1.010886245e-07
    ],
    "relaxation_time": 640.0,
    "common_horizon_time": 6247.55806224,
    "remnant_mass": 0.926863723579,
    "remnant_dimensionless_spin": [
        2.95599199709e-10,
        -3.19306457664e-10,
        0.857820933708
    ],
    "remnant_velocity": [
        -2.18799226867e-08,
        3.89485915088e-08,
        -1.36212749112e-09
    ],
    "metadata_version": 1,
    "spec_revisions": "InitialCommit-30836-gf3a46ee",
    "spells_revision": "f3a46eeb4445f3fafcae9438518ab49d75d2b4df",
    "com_parameters": {
        "space_translation": [
            2.01264131e-07,
            -9.31488059e-09,
            -6.82649858e-07
        ],
        "boost_velocity": [
            -2.14429736e-08,
            3.73413764e-08,
            -2.53052463e-09
        ]
    },
    "initial_mass_ratio": 0.999999986777204
}