{
    "simulation_name": "0219/Lev4",
    "alternative_names": [
        "BFI:RerunAlignedCatalog:0219",
        "SXS:BBH:2093"
    ],
    "initial_data_type": "BBH_SKS",
    "object_types": "BHBH",
    "number_of_orbits": 22.3357453946,
    "reference_mass_ratio": 0.9998524171237609,
    "reference_chi_eff": 0.1999365456097354,
    "reference_chi1_perp": 3.3912844971651996e-09,
    "reference_chi2_perp": 2.7600616294935927e-09,
    "reference_eccentricity": 0.0001374,
    "reference_dimensionless_spin1": [
        -1.71894531086e-09,
        -2.51207763858e-09,
        -0.499971005341
    ],
    "reference_dimensionless_spin2": [
        2.98358365344e-09,
        1.07553067872e-09,
        0.899740802191
    ],
    "reference_orbital_frequency": [
        3.13750222516e-11,
        -2.41210767494e-11,
        0.0148073483466
    ],
    "reference_mass1": 0.500004315042,
    "reference_mass2": 0.500078118009,
    "reference_time": 620.0,
    "reference_position1": [
        -7.5509456886,
        3.21285357995,
        -2.3473220576e-07
    ],
    "reference_position2": [
        7.51393660062,
        -3.15675848343,
        -2.7702896976e-07
    ],
    "reference_mean_anomaly": 2.388629,
    "keywords": [],
    "point_of_contact_email": "nils.fischer@aei.mpg.de",
    "authors_emails": [],
    "simulation_bibtex_keys": [
        "Chu:2015kft",
        "Boyle:2019kee",
        "SXSCatalogWebsite"
    ],
    "code_bibtex_keys": [
        "Ossokine:2013zga",
        "Hemberger:2012jz",
        "Szilagyi:2009qz",
        "Boyle:2009vi",
        "Scheel:2008rj",
        "Boyle:2007ft",
        "Scheel:2006gg",
        "Lindblom:2005qh",
        "Pfeiffer:2002wt",
        "SpECwebsite"
    ],
    "initial_data_bibtex_keys": [
        "Buchman:2012dw",
        "Lovelace:2008tw",
        "Pfeiffer:2007yz",
        "Caudill:2006hw",
        "Cook:2004kt"
    ],
    "quasicircular_bibtex_keys": [
        "Mroue:2012kv",
        "Buonanno:2010yk",
        "Mroue:2010re",
        "Boyle:2007ft"
    ],
    "initial_separation": 16.0954749176,
    "initial_orbital_frequency": 0.01378286004,
    "initial_adot": 0.000194088716591,
    "object1": "bh",
    "object2": "bh",
    "initial_ADM_energy": 0.9930965733103899,
    "initial_ADM_linear_momentum": [
        -4.1800354e-09,
        4.31798593e-08,
        -2.2665e-12
    ],
    "initial_ADM_angular_momentum": [
        -1.77469e-11,
        3.34873e-11,
        1.2251379051620863
    ],
    "initial_mass1": 0.499999975444861,
    "initial_mass2": 0.4999999946574089,
    "initial_dimensionless_spin1": [
        -3.471e-13,
        -8.49e-14,
        -0.4999999862179983
    ],
    "initial_dimensionless_spin2": [
        -2.165e-13,
        3.516e-13,
        0.9000000535302807
    ],
    "initial_position1": [
        8.087163019000384,
        -0.0017026262782099,
        1.0504427e-09
    ],
    "initial_position2": [
        -8.008311898599617,
        -0.0017026262782099,
        1.0504427e-09
    ],
    "relaxation_time": 620.0,
    "common_horizon_time": 6357.07329593,
    "remnant_mass": 0.945059132262,
    "remnant_dimensionless_spin": [
        1.52424996526e-09,
        -1.37823408856e-09,
        0.744047684998
    ],
    "remnant_velocity": [
        -0.000221805493535,
        0.000968821672841,
        -4.50338447722e-10
    ],
    "metadata_version": 1,
    "spec_revisions": "InitialCommit-30836-gf3a46ee",
    "spells_revision": "f3a46eeb4445f3fafcae9438518ab49d75d2b4df",
    "com_parameters": {
        "space_translation": [
            -0.00265517115,
            -0.00135583823,
            -9.36727353e-08
        ],
        "boost_velocity": [
            1.37866562e-06,
            -2.88291953e-07,
            -4.03690303e-10
        ]
    },
    "initial_mass_ratio": 0.9999999615749038
}