{
    "simulation_name": "0247/Lev4",
    "alternative_names": [
        "BFI:RerunAlignedCatalog:0247",
        "SXS:BBH:2121"
    ],
    "initial_data_type": "BBH_SKS",
    "object_types": "BHBH",
    "number_of_orbits": 22.5978071097,
    "reference_mass_ratio": 1.9998310150967133,
    "reference_chi_eff": 0.2000431265921155,
    "reference_chi1_perp": 3.427013846967723e-08,
    "reference_chi2_perp": 8.232126292203162e-09,
    "reference_eccentricity": 0.0001523,
    "reference_dimensionless_spin1": [
        -1.05981789589e-08,
        3.25920314349e-08,
        0.000145817738971
    ],
    "reference_dimensionless_spin2": [
        1.81933549954e-09,
        9.45813849975e-09,
        0.599803964671
    ],
    "reference_orbital_frequency": [
        2.53290148635e-10,
        2.74474142307e-10,
        0.0152762441799
    ],
    "reference_mass1": 0.666656349291,
    "reference_mass2": 0.33335634074,
    "reference_time": 420.0,
    "reference_position1": [
        5.30343618261,
        0.344317694195,
        -1.30260657263e-06
    ],
    "reference_position2": [
        -10.6138923474,
        -0.78577363937,
        -1.01838204024e-06
    ],
    "reference_mean_anomaly": 2.691699,
    "keywords": [],
    "point_of_contact_email": "harald.pfeiffer@aei.mpg.de",
    "authors_emails": [],
    "simulation_bibtex_keys": [
        "Chu:2015kft",
        "Boyle:2019kee",
        "SXSCatalogWebsite"
    ],
    "code_bibtex_keys": [
        "Ossokine:2013zga",
        "Hemberger:2012jz",
        "Szilagyi:2009qz",
        "Boyle:2009vi",
        "Scheel:2008rj",
        "Boyle:2007ft",
        "Scheel:2006gg",
        "Lindblom:2005qh",
        "Pfeiffer:2002wt",
        "SpECwebsite"
    ],
    "initial_data_bibtex_keys": [
        "Buchman:2012dw",
        "Lovelace:2008tw",
        "Pfeiffer:2007yz",
        "Caudill:2006hw",
        "Cook:2004kt"
    ],
    "quasicircular_bibtex_keys": [
        "Mroue:2012kv",
        "Buonanno:2010yk",
        "Mroue:2010re",
        "Boyle:2007ft"
    ],
    "initial_separation": 15.5973467046,
    "initial_orbital_frequency": 0.014723899215,
    "initial_adot": 0.0001046949966381,
    "object1": "bh",
    "object2": "bh",
    "initial_ADM_energy": 0.9936354885947635,
    "initial_ADM_linear_momentum": [
        9.1714578e-09,
        9.949173e-09,
        -6.9785e-12
    ],
    "initial_ADM_angular_momentum": [
        6.97114e-11,
        2.52942e-11,
        1.055573200895993
    ],
    "initial_mass1": 0.666666665520235,
    "initial_mass2": 0.3333333330809154,
    "initial_dimensionless_spin1": [
        -2.1099e-12,
        2.7e-12,
        -2.79313922e-08
    ],
    "initial_dimensionless_spin2": [
        2.51e-14,
        -5.15e-14,
        0.6000000098705708
    ],
    "initial_position1": [
        5.215448741206928,
        0.0202523417644828,
        -3.0574612e-08
    ],
    "initial_position2": [
        -10.381897963393072,
        0.0202523417644828,
        -3.0574612e-08
    ],
    "relaxation_time": 420.0,
    "common_horizon_time": 6228.42509605,
    "remnant_mass": 0.957845030812,
    "remnant_dimensionless_spin": [
        7.67241405403e-09,
        2.04472341348e-08,
        0.658135628337
    ],
    "remnant_velocity": [
        -0.000621162209828,
        0.000170603510865,
        -1.02720770325e-08
    ],
    "metadata_version": 1,
    "spec_revisions": "InitialCommit-30836-gf3a46ee",
    "spells_revision": "f3a46eeb4445f3fafcae9438518ab49d75d2b4df",
    "com_parameters": {
        "space_translation": [
            -0.00212746704,
            0.000193979733,
            1.84917764e-06
        ],
        "boost_velocity": [
            1.83443203e-06,
            -1.46682885e-05,
            -8.47951549e-09
        ]
    },
    "initial_mass_ratio": 1.9999999980752126
}