{
    "simulation_name": "0224/Lev4",
    "alternative_names": [
        "BFI:RerunAlignedCatalog:0224",
        "SXS:BBH:2098"
    ],
    "initial_data_type": "BBH_SKS",
    "object_types": "BHBH",
    "number_of_orbits": 22.8232494744,
    "reference_mass_ratio": 0.999931454966169,
    "reference_chi_eff": -0.19996947883254632,
    "reference_chi1_perp": 4.375784553220368e-09,
    "reference_chi2_perp": 4.437694831278533e-09,
    "reference_eccentricity": 0.000155,
    "reference_dimensionless_spin1": [
        -3.20536823e-09,
        2.08149844522e-09,
        0.399960578741
    ],
    "reference_dimensionless_spin2": [
        2.96033914592e-09,
        1.75721173025e-09,
        -0.79985841418
    ],
    "reference_orbital_frequency": [
        2.02464297538e-11,
        -3.05955490335e-12,
        0.0136384116826
    ],
    "reference_mass1": 0.499999981219,
    "reference_mass2": 0.500034256084,
    "reference_time": 640.0,
    "reference_position1": [
        -5.85982395644,
        6.33515869893,
        -6.71367025236e-07
    ],
    "reference_position2": [
        5.88246996829,
        -6.4016059767,
        -6.91655924438e-07
    ],
    "reference_mean_anomaly": 2.831559,
    "keywords": [],
    "point_of_contact_email": "nils.fischer@aei.mpg.de",
    "authors_emails": [],
    "simulation_bibtex_keys": [
        "Chu:2015kft",
        "Boyle:2019kee",
        "SXSCatalogWebsite"
    ],
    "code_bibtex_keys": [
        "Ossokine:2013zga",
        "Hemberger:2012jz",
        "Szilagyi:2009qz",
        "Boyle:2009vi",
        "Scheel:2008rj",
        "Boyle:2007ft",
        "Scheel:2006gg",
        "Lindblom:2005qh",
        "Pfeiffer:2002wt",
        "SpECwebsite"
    ],
    "initial_data_bibtex_keys": [
        "Buchman:2012dw",
        "Lovelace:2008tw",
        "Pfeiffer:2007yz",
        "Caudill:2006hw",
        "Cook:2004kt"
    ],
    "quasicircular_bibtex_keys": [
        "Mroue:2012kv",
        "Buonanno:2010yk",
        "Mroue:2010re",
        "Boyle:2007ft"
    ],
    "initial_separation": 17.081620864,
    "initial_orbital_frequency": 0.012901097866,
    "initial_adot": -0.000108170807528,
    "object1": "bh",
    "object2": "bh",
    "initial_ADM_energy": 0.9934826617488147,
    "initial_ADM_linear_momentum": [
        -4.2192671e-09,
        1.21698815e-08,
        -1.1349e-12
    ],
    "initial_ADM_angular_momentum": [
        -2.4004e-12,
        2.9533e-12,
        1.0671197599102467
    ],
    "initial_mass1": 0.5000000015240628,
    "initial_mass2": 0.5000000065656095,
    "initial_dimensionless_spin1": [
        8.62e-14,
        -4.65e-14,
        0.4000000007130037
    ],
    "initial_dimensionless_spin2": [
        1.57e-14,
        2.39e-14,
        -0.7999999873494239
    ],
    "initial_position1": [
        8.507616995522188,
        -0.0032422835071523,
        -1.206048e-10
    ],
    "initial_position2": [
        -8.574003868477813,
        -0.0032422835071523,
        -1.206048e-10
    ],
    "relaxation_time": 640.0,
    "common_horizon_time": 7196.53333672,
    "remnant_mass": 0.956284321786,
    "remnant_dimensionless_spin": [
        1.1117267966e-09,
        4.18722513027e-10,
        0.623228449091
    ],
    "remnant_velocity": [
        9.80405107961e-05,
        0.000963304243772,
        -4.76747444042e-10
    ],
    "metadata_version": 1,
    "spec_revisions": "InitialCommit-30836-gf3a46ee",
    "spells_revision": "f3a46eeb4445f3fafcae9438518ab49d75d2b4df",
    "com_parameters": {
        "space_translation": [
            0.00189732457,
            8.0874333e-05,
            -1.87422738e-07
        ],
        "boost_velocity": [
            -1.89378402e-06,
            1.35210693e-06,
            -1.18790827e-09
        ]
    },
    "initial_mass_ratio": 0.9999999899169066
}