{
    "simulation_name": "0230/Lev4",
    "alternative_names": [
        "BFI:RerunAlignedCatalog:0230",
        "SXS:BBH:2104"
    ],
    "initial_data_type": "BBH_SKS",
    "object_types": "BHBH",
    "number_of_orbits": 24.1913573438,
    "reference_mass_ratio": 1.0000000167789491,
    "reference_chi_eff": 0.799846239203,
    "reference_chi1_perp": 9.184477947745351e-09,
    "reference_chi2_perp": 8.935486841178538e-09,
    "reference_eccentricity": 0.0002704,
    "reference_dimensionless_spin1": [
        4.84197955017e-09,
        -7.07516702519e-09,
        0.799846238327
    ],
    "reference_dimensionless_spin2": [
        -5.8137785173e-09,
        7.56606766995e-09,
        0.799846240079
    ],
    "reference_orbital_frequency": [
        -5.79720560861e-12,
        1.05041185575e-11,
        0.0156359460381
    ],
    "reference_mass1": 0.500031323033,
    "reference_mass2": 0.500031314643,
    "reference_time": 590.0,
    "reference_position1": [
        -7.34401149569,
        2.76653299587,
        2.16287692584e-06
    ],
    "reference_position2": [
        7.34398661165,
        -2.76650443107,
        2.17203972454e-06
    ],
    "reference_mean_anomaly": 5.174014,
    "keywords": [],
    "point_of_contact_email": "harald.pfeiffer@aei.mpg.de",
    "authors_emails": [],
    "simulation_bibtex_keys": [
        "Chu:2015kft",
        "Boyle:2019kee",
        "SXSCatalogWebsite"
    ],
    "code_bibtex_keys": [
        "Ossokine:2013zga",
        "Hemberger:2012jz",
        "Szilagyi:2009qz",
        "Boyle:2009vi",
        "Scheel:2008rj",
        "Boyle:2007ft",
        "Scheel:2006gg",
        "Lindblom:2005qh",
        "Pfeiffer:2002wt",
        "SpECwebsite"
    ],
    "initial_data_bibtex_keys": [
        "Buchman:2012dw",
        "Lovelace:2008tw",
        "Pfeiffer:2007yz",
        "Caudill:2006hw",
        "Cook:2004kt"
    ],
    "quasicircular_bibtex_keys": [
        "Mroue:2012kv",
        "Buonanno:2010yk",
        "Mroue:2010re",
        "Boyle:2007ft"
    ],
    "initial_separation": 15.4087812327,
    "initial_orbital_frequency": 0.014453321145,
    "initial_adot": 0.0003494530240409,
    "object1": "bh",
    "object2": "bh",
    "initial_ADM_energy": 0.9926873194420126,
    "initial_ADM_linear_momentum": [
        -2.06476824e-08,
        2.47027192e-08,
        1.9776e-12
    ],
    "initial_ADM_angular_momentum": [
        -3.76528e-11,
        3.4077e-11,
        1.4820270496593497
    ],
    "initial_mass1": 0.5000000025112482,
    "initial_mass2": 0.4999999937966494,
    "initial_dimensionless_spin1": [
        -2.414e-13,
        1.038e-13,
        0.7999999995801705
    ],
    "initial_dimensionless_spin2": [
        1.865e-13,
        -9.31e-14,
        0.8000000055021109
    ],
    "initial_position1": [
        7.704390358187909,
        -3.161235506e-07,
        9.102492e-10
    ],
    "initial_position2": [
        -7.704390874512092,
        -3.161235506e-07,
        9.102492e-10
    ],
    "relaxation_time": 590.0,
    "common_horizon_time": 6246.49680519,
    "remnant_mass": 0.911248298944,
    "remnant_dimensionless_spin": [
        -3.83022303451e-10,
        5.19374326787e-10,
        0.907517759356
    ],
    "remnant_velocity": [
        -1.96528336704e-08,
        2.89263157947e-08,
        5.82704791697e-09
    ],
    "metadata_version": 1,
    "spec_revisions": "InitialCommit-30836-gf3a46ee",
    "spells_revision": "f3a46eeb4445f3fafcae9438518ab49d75d2b4df",
    "com_parameters": {
        "space_translation": [
            -8.7654339e-07,
            -1.63187304e-06,
            -1.26173576e-06
        ],
        "boost_velocity": [
            -2.00289622e-08,
            2.60125933e-08,
            4.76014311e-09
        ]
    },
    "initial_mass_ratio": 1.0000000174291979
}