{
    "simulation_name": "0269/Lev4",
    "alternative_names": [
        "BFI:RerunAlignedCatalog:0269",
        "SXS:BBH:2141"
    ],
    "initial_data_type": "BBH_SKS",
    "object_types": "BHBH",
    "number_of_orbits": 22.20626794,
    "reference_mass_ratio": 2.999686275681752,
    "reference_chi_eff": -0.15011384699277966,
    "reference_chi1_perp": 1.5554682245073545e-07,
    "reference_chi2_perp": 8.0336724769153e-08,
    "reference_eccentricity": 6.99e-05,
    "reference_dimensionless_spin1": [
        -3.26481497065e-08,
        8.28316198872e-08,
        -0.400131353646
    ],
    "reference_dimensionless_spin2": [
        -2.82760951399e-08,
        2.2876783503e-08,
        0.599860236395
    ],
    "reference_orbital_frequency": [
        -2.78183235482e-10,
        2.63900214187e-09,
        0.0156331137229
    ],
    "reference_mass1": 0.749956176307,
    "reference_mass2": 0.250011537002,
    "reference_time": 600.0,
    "reference_position1": [
        -3.85741982371,
        0.761894025054,
        2.3229108721e-06
    ],
    "reference_position2": [
        11.5900018661,
        -2.11302971843,
        3.08310131611e-06
    ],
    "reference_mean_anomaly": 1.590164,
    "keywords": [],
    "point_of_contact_email": "hannes.rueter@aei.mpg.de",
    "authors_emails": [],
    "simulation_bibtex_keys": [
        "Chu:2015kft",
        "Boyle:2019kee",
        "SXSCatalogWebsite"
    ],
    "code_bibtex_keys": [
        "Ossokine:2013zga",
        "Hemberger:2012jz",
        "Szilagyi:2009qz",
        "Boyle:2009vi",
        "Scheel:2008rj",
        "Boyle:2007ft",
        "Scheel:2006gg",
        "Lindblom:2005qh",
        "Pfeiffer:2002wt",
        "SpECwebsite"
    ],
    "initial_data_bibtex_keys": [
        "Buchman:2012dw",
        "Lovelace:2008tw",
        "Pfeiffer:2007yz",
        "Caudill:2006hw",
        "Cook:2004kt"
    ],
    "quasicircular_bibtex_keys": [
        "Mroue:2012kv",
        "Buonanno:2010yk",
        "Mroue:2010re",
        "Boyle:2007ft"
    ],
    "initial_separation": 15.4903374409,
    "initial_orbital_frequency": 0.014877175117,
    "initial_adot": 0.0001146881936575,
    "object1": "bh",
    "object2": "bh",
    "initial_ADM_energy": 0.9946782325267489,
    "initial_ADM_linear_momentum": [
        -4.1032012e-09,
        -2.32555822e-08,
        6.299e-13
    ],
    "initial_ADM_angular_momentum": [
        2.91677e-11,
        -8.5179e-12,
        0.6577788711480799
    ],
    "initial_mass1": 0.7500000003726257,
    "initial_mass2": 0.2500000010924032,
    "initial_dimensionless_spin1": [
        -3.99e-14,
        1.32e-14,
        -0.3999999999323635
    ],
    "initial_dimensionless_spin2": [
        1.323e-13,
        -1.745e-13,
        0.5999999992747291
    ],
    "initial_position1": [
        3.9002669115335244,
        0.0281108972099123,
        -4.58751621e-08
    ],
    "initial_position2": [
        -11.590070529366475,
        0.0281108972099123,
        -4.58751621e-08
    ],
    "relaxation_time": 600.0,
    "common_horizon_time": 6271.65810112,
    "remnant_mass": 0.97508669244,
    "remnant_dimensionless_spin": [
        -4.82852658943e-10,
        1.28079624479e-07,
        0.381658404505
    ],
    "remnant_velocity": [
        0.000888552749077,
        -0.00015944427594,
        3.82775079465e-08
    ],
    "metadata_version": 1,
    "spec_revisions": "InitialCommit-30836-gf3a46ee",
    "spells_revision": "f3a46eeb4445f3fafcae9438518ab49d75d2b4df",
    "com_parameters": {
        "space_translation": [
            0.00293621627,
            0.00170206249,
            -2.37943615e-05
        ],
        "boost_velocity": [
            -6.20386817e-06,
            1.08457955e-05,
            4.35379696e-08
        ]
    },
    "initial_mass_ratio": 2.9999999883816644
}