{
    "simulation_name": "0236/Lev4",
    "alternative_names": [
        "BFI:RerunAlignedCatalog:0236",
        "SXS:BBH:2110"
    ],
    "initial_data_type": "BBH_SKS",
    "object_types": "BHBH",
    "number_of_orbits": 23.3307637161,
    "reference_mass_ratio": 2.000105730848576,
    "reference_chi_eff": -0.3999688094766215,
    "reference_chi1_perp": 1.0469540364328206e-08,
    "reference_chi2_perp": 5.755996284071212e-09,
    "reference_eccentricity": 5.56e-05,
    "reference_dimensionless_spin1": [
        -9.240514391e-09,
        7.03980949601e-09,
        -0.59993249696
    ],
    "reference_dimensionless_spin2": [
        -5.46985959191e-09,
        -1.79230399165e-09,
        -2.02921795026e-05
    ],
    "reference_orbital_frequency": [
        1.94734266424e-11,
        -1.74257270821e-11,
        0.0136198512821
    ],
    "reference_mass1": 0.666701093221,
    "reference_mass2": 0.333332924824,
    "reference_time": 640.0,
    "reference_position1": [
        -3.88853488777,
        4.26463384882,
        -1.24407497398e-06
    ],
    "reference_position2": [
        7.8378520563,
        -8.46812098914,
        -1.27713190224e-06
    ],
    "reference_mean_anomaly": 1.615797,
    "keywords": [],
    "point_of_contact_email": "harald.pfeiffer@aei.mpg.de",
    "authors_emails": [],
    "simulation_bibtex_keys": [
        "Chu:2015kft",
        "Boyle:2019kee",
        "SXSCatalogWebsite"
    ],
    "code_bibtex_keys": [
        "Ossokine:2013zga",
        "Hemberger:2012jz",
        "Szilagyi:2009qz",
        "Boyle:2009vi",
        "Scheel:2008rj",
        "Boyle:2007ft",
        "Scheel:2006gg",
        "Lindblom:2005qh",
        "Pfeiffer:2002wt",
        "SpECwebsite"
    ],
    "initial_data_bibtex_keys": [
        "Buchman:2012dw",
        "Lovelace:2008tw",
        "Pfeiffer:2007yz",
        "Caudill:2006hw",
        "Cook:2004kt"
    ],
    "quasicircular_bibtex_keys": [
        "Mroue:2012kv",
        "Buonanno:2010yk",
        "Mroue:2010re",
        "Boyle:2007ft"
    ],
    "initial_separation": 17.0886081741,
    "initial_orbital_frequency": 0.013163904042,
    "initial_adot": -6.12664094354e-05,
    "object1": "bh",
    "object2": "bh",
    "initial_ADM_energy": 0.9942294676628818,
    "initial_ADM_linear_momentum": [
        -6.29745754e-08,
        7.06904438e-08,
        2.27624e-11
    ],
    "initial_ADM_angular_momentum": [
        1.82069e-11,
        8.2192e-12,
        0.7798940562810136
    ],
    "initial_mass1": 0.6666666929894334,
    "initial_mass2": 0.3333333277046929,
    "initial_dimensionless_spin1": [
        -1.0692e-12,
        -6.91e-14,
        -0.59999997981625
    ],
    "initial_dimensionless_spin2": [
        -7.042e-12,
        -2.32576e-11,
        -9.28670399e-08
    ],
    "initial_position1": [
        5.722644109478527,
        0.0233584872151265,
        3.3164022e-08
    ],
    "initial_position2": [
        -11.365964064621473,
        0.0233584872151265,
        3.3164022e-08
    ],
    "relaxation_time": 640.0,
    "common_horizon_time": 7517.19162954,
    "remnant_mass": 0.969435870987,
    "remnant_dimensionless_spin": [
        -2.08435326995e-09,
        2.6823293987e-09,
        0.426840412988
    ],
    "remnant_velocity": [
        0.000720277351849,
        0.00068137745936,
        -5.67503202356e-09
    ],
    "metadata_version": 1,
    "spec_revisions": "InitialCommit-30836-gf3a46ee",
    "spells_revision": "f3a46eeb4445f3fafcae9438518ab49d75d2b4df",
    "com_parameters": {
        "space_translation": [
            -0.00382878932,
            0.00562325187,
            1.70329054e-06
        ],
        "boost_velocity": [
            7.83434795e-06,
            -1.70260365e-05,
            -4.08691367e-09
        ]
    },
    "initial_mass_ratio": 2.0000001127401443
}