{
    "simulation_name": "BBH_SKS_d15.8_q2_sA_0_0_0.300_sB_0_0_-0.300/Lev4",
    "alternative_names": "SXS:BBH:2123",
    "initial_data_type": "BBH_SKS",
    "object_types": "BHBH",
    "number_of_orbits": 22.9107876569,
    "reference_mass_ratio": 1.9999241392323133,
    "reference_chi_eff": 0.10001779260561591,
    "reference_chi1_perp": 2.391287148906153e-08,
    "reference_chi2_perp": 3.461526485797159e-08,
    "reference_eccentricity": 0.000297,
    "reference_dimensionless_spin1": [
        -4.8176763509e-09,
        2.31007560695e-08,
        0.300059917345
    ],
    "reference_dimensionless_spin2": [
        -7.00564359106e-09,
        3.09523253781e-08,
        -0.300051281524
    ],
    "reference_orbital_frequency": [
        4.52666119197e-10,
        1.80704672436e-10,
        0.0150452729756
    ],
    "reference_mass1": 0.666643895778,
    "reference_mass2": 0.333334591398,
    "reference_time": 430.0,
    "reference_position1": [
        5.31403008954,
        0.656156398996,
        -1.80195915615e-06
    ],
    "reference_position2": [
        -10.6961461393,
        -1.36648774034,
        -1.29596863008e-06
    ],
    "reference_mean_anomaly": 3.485231,
    "keywords": [],
    "point_of_contact_email": "harald.pfeiffer@aei.mpg.de",
    "authors_emails": [],
    "simulation_bibtex_keys": [
        "Chu:2015kft",
        "Boyle:2019kee",
        "SXSCatalogWebsite"
    ],
    "code_bibtex_keys": [
        "Ossokine:2013zga",
        "Hemberger:2012jz",
        "Szilagyi:2009qz",
        "Boyle:2009vi",
        "Scheel:2008rj",
        "Boyle:2007ft",
        "Scheel:2006gg",
        "Lindblom:2005qh",
        "Pfeiffer:2002wt",
        "SpECwebsite"
    ],
    "initial_data_bibtex_keys": [
        "Buchman:2012dw",
        "Lovelace:2008tw",
        "Pfeiffer:2007yz",
        "Caudill:2006hw",
        "Cook:2004kt"
    ],
    "quasicircular_bibtex_keys": [
        "Mroue:2012kv",
        "Buonanno:2010yk",
        "Mroue:2010re",
        "Boyle:2007ft"
    ],
    "initial_separation": 15.7833490992,
    "initial_orbital_frequency": 0.0146704829278,
    "initial_adot": -3.76237506019e-05,
    "object1": "bh",
    "object2": "bh",
    "initial_ADM_energy": 0.9936996199362076,
    "initial_ADM_linear_momentum": [
        3.31445833e-08,
        1.003775547e-07,
        2.8208e-11
    ],
    "initial_ADM_angular_momentum": [
        3.1038e-12,
        3.1541e-12,
        1.0957243872712743
    ],
    "initial_mass1": 0.6666666999478782,
    "initial_mass2": 0.3333333421099003,
    "initial_dimensionless_spin1": [
        1.043e-13,
        -2.92e-14,
        0.3000000586005073
    ],
    "initial_dimensionless_spin2": [
        6.38e-14,
        1.66e-14,
        -0.2999999526027536
    ],
    "initial_position1": [
        5.253536129280939,
        0.0204501253723668,
        1.167296654e-07
    ],
    "initial_position2": [
        -10.52981296991906,
        0.0204501253723668,
        1.167296654e-07
    ],
    "relaxation_time": 430.0,
    "common_horizon_time": 6415.29330435,
    "remnant_mass": 0.956945317678,
    "remnant_dimensionless_spin": [
        1.75314730981e-08,
        1.61142675327e-08,
        0.700594537921
    ],
    "remnant_velocity": [
        -0.000214897077285,
        -0.000189877439422,
        -6.23704878525e-09
    ],
    "metadata_version": 1,
    "spec_revisions": "InitialCommit-30836-gf3a46ee",
    "spells_revision": "f3a46eeb4445f3fafcae9438518ab49d75d2b4df",
    "com_parameters": {
        "space_translation": [
            -0.000995533269,
            -0.00101177539,
            2.05061839e-06
        ],
        "boost_velocity": [
            -3.16646428e-06,
            7.7622831e-07,
            -4.00133651e-09
        ]
    },
    "initial_mass_ratio": 2.0000000471842316
}