{
    "simulation_name": "0218/Lev4",
    "alternative_names": [
        "BFI:RerunAlignedCatalog:0218",
        "SXS:BBH:2092"
    ],
    "initial_data_type": "BBH_SKS",
    "object_types": "BHBH",
    "number_of_orbits": 28.2939335724,
    "reference_mass_ratio": 0.9999992833988608,
    "reference_chi_eff": -1.618458774778193e-05,
    "reference_chi1_perp": 4.001800162097748e-09,
    "reference_chi2_perp": 6.961660163164967e-09,
    "reference_eccentricity": 4.77e-05,
    "reference_dimensionless_spin1": [
        4.283725114e-11,
        4.08052067613e-09,
        -0.500000743441
    ],
    "reference_dimensionless_spin2": [
        -2.21351179272e-09,
        -6.60569299912e-09,
        0.499968015976
    ],
    "reference_orbital_frequency": [
        5.8052087681e-12,
        -2.1944606917e-12,
        0.0124298011354
    ],
    "reference_mass1": 0.500000242261,
    "reference_mass2": 0.500000600562,
    "reference_time": 640.0,
    "reference_position1": [
        -0.0880662300962,
        9.20050008324,
        -7.28671690164e-07
    ],
    "reference_position2": [
        0.111449085645,
        -9.1550860722,
        -7.32005519877e-07
    ],
    "reference_mean_anomaly": 2.80812,
    "keywords": [],
    "point_of_contact_email": "nils.fischer@aei.mpg.de",
    "authors_emails": [],
    "simulation_bibtex_keys": [
        "Chu:2015kft",
        "Boyle:2019kee",
        "SXSCatalogWebsite"
    ],
    "code_bibtex_keys": [
        "Ossokine:2013zga",
        "Hemberger:2012jz",
        "Szilagyi:2009qz",
        "Boyle:2009vi",
        "Scheel:2008rj",
        "Boyle:2007ft",
        "Scheel:2006gg",
        "Lindblom:2005qh",
        "Pfeiffer:2002wt",
        "SpECwebsite"
    ],
    "initial_data_bibtex_keys": [
        "Buchman:2012dw",
        "Lovelace:2008tw",
        "Pfeiffer:2007yz",
        "Caudill:2006hw",
        "Cook:2004kt"
    ],
    "quasicircular_bibtex_keys": [
        "Mroue:2012kv",
        "Buonanno:2010yk",
        "Mroue:2010re",
        "Boyle:2007ft"
    ],
    "initial_separation": 18.0825287444,
    "initial_orbital_frequency": 0.011990608242,
    "initial_adot": -4.2868201228e-06,
    "object1": "bh",
    "object2": "bh",
    "initial_ADM_energy": 0.9937421339470708,
    "initial_ADM_linear_momentum": [
        6.47234468e-08,
        4.33746965e-08,
        3.08974e-11
    ],
    "initial_ADM_angular_momentum": [
        -3.256e-13,
        -1.2692e-12,
        1.1851984403418745
    ],
    "initial_mass1": 0.5000000329698531,
    "initial_mass2": 0.5000000206007212,
    "initial_dimensionless_spin1": [
        -2.84e-13,
        -1.152e-13,
        -0.5000000251696518
    ],
    "initial_dimensionless_spin2": [
        1.74e-13,
        -1.53e-13,
        0.4999999968155813
    ],
    "initial_position1": [
        9.067099471384225,
        0.0008665631207017,
        -2.50822035e-08
    ],
    "initial_position2": [
        -9.015429273015776,
        0.0008665631207017,
        -2.50822035e-08
    ],
    "relaxation_time": 640.0,
    "common_horizon_time": 9568.66313289,
    "remnant_mass": 0.951421255114,
    "remnant_dimensionless_spin": [
        -1.06337103938e-10,
        -3.68087245961e-10,
        0.685544879445
    ],
    "remnant_velocity": [
        6.7504241643e-05,
        0.000766729799991,
        -9.05814784566e-10
    ],
    "metadata_version": 1,
    "spec_revisions": "InitialCommit-30836-gf3a46ee",
    "spells_revision": "f3a46eeb4445f3fafcae9438518ab49d75d2b4df",
    "com_parameters": {
        "space_translation": [
            -0.00132462457,
            0.000906702822,
            -5.28732176e-07
        ],
        "boost_velocity": [
            3.56768264e-07,
            -1.32720881e-06,
            -9.09502607e-10
        ]
    },
    "initial_mass_ratio": 1.0000000247382625
}