{
    "simulation_name": "0217/Lev4",
    "alternative_names": [
        "BFI:RerunAlignedCatalog:0217",
        "SXS:BBH:2091"
    ],
    "initial_data_type": "BBH_SKS",
    "object_types": "BHBH",
    "number_of_orbits": 22.6202921999,
    "reference_mass_ratio": 1.000004448186541,
    "reference_chi_eff": 3.904607701403476e-05,
    "reference_chi1_perp": 1.1134941279146738e-08,
    "reference_chi2_perp": 1.0559527550425936e-08,
    "reference_eccentricity": 4.46e-05,
    "reference_dimensionless_spin1": [
        -1.04849638007e-08,
        -3.92774840544e-09,
        -0.59991105657
    ],
    "reference_dimensionless_spin2": [
        1.0330653222e-08,
        2.54074451181e-09,
        0.599991817414
    ],
    "reference_orbital_frequency": [
        2.64791213959e-12,
        -2.84641882771e-12,
        0.0141943323465
    ],
    "reference_mass1": 0.500015651969,
    "reference_mass2": 0.500013427816,
    "reference_time": 640.0,
    "reference_position1": [
        -7.45678281415,
        3.97293186423,
        -2.48422270089e-07
    ],
    "reference_position2": [
        7.42055899392,
        -3.9192837466,
        -2.52780238014e-07
    ],
    "reference_mean_anomaly": 3.750671,
    "keywords": [],
    "point_of_contact_email": "nils.fischer@aei.mpg.de",
    "authors_emails": [],
    "simulation_bibtex_keys": [
        "Chu:2015kft",
        "Boyle:2019kee",
        "SXSCatalogWebsite"
    ],
    "code_bibtex_keys": [
        "Ossokine:2013zga",
        "Hemberger:2012jz",
        "Szilagyi:2009qz",
        "Boyle:2009vi",
        "Scheel:2008rj",
        "Boyle:2007ft",
        "Scheel:2006gg",
        "Lindblom:2005qh",
        "Pfeiffer:2002wt",
        "SpECwebsite"
    ],
    "initial_data_bibtex_keys": [
        "Buchman:2012dw",
        "Lovelace:2008tw",
        "Pfeiffer:2007yz",
        "Caudill:2006hw",
        "Cook:2004kt"
    ],
    "quasicircular_bibtex_keys": [
        "Mroue:2012kv",
        "Buonanno:2010yk",
        "Mroue:2010re",
        "Boyle:2007ft"
    ],
    "initial_separation": 16.5993563084,
    "initial_orbital_frequency": 0.013472907726,
    "initial_adot": -1.4268296757e-06,
    "object1": "bh",
    "object2": "bh",
    "initial_ADM_energy": 0.9932579813455198,
    "initial_ADM_linear_momentum": [
        -3.785335e-10,
        3.11547147e-08,
        1.7246e-12
    ],
    "initial_ADM_angular_momentum": [
        -1.10616e-11,
        3.3314e-12,
        1.1465274095008895
    ],
    "initial_mass1": 0.5000000032359,
    "initial_mass2": 0.500000001954823,
    "initial_dimensionless_spin1": [
        -3.25e-14,
        2.5e-15,
        -0.5999999966991106
    ],
    "initial_dimensionless_spin2": [
        6.13e-14,
        9.9e-15,
        0.6000000025070421
    ],
    "initial_position1": [
        8.332085133191029,
        0.001062248284486,
        2.038991e-10
    ],
    "initial_position2": [
        -8.267271175208972,
        0.001062248284486,
        2.038991e-10
    ],
    "relaxation_time": 640.0,
    "common_horizon_time": 6792.62200004,
    "remnant_mass": 0.951357381707,
    "remnant_dimensionless_spin": [
        2.93982547545e-11,
        -3.55270744988e-10,
        0.685164922524
    ],
    "remnant_velocity": [
        -0.000869542596415,
        -0.000310859640675,
        1.0399223374e-09
    ],
    "metadata_version": 1,
    "spec_revisions": "InitialCommit-30836-gf3a46ee",
    "spells_revision": "f3a46eeb4445f3fafcae9438518ab49d75d2b4df",
    "com_parameters": {
        "space_translation": [
            -0.0013564389,
            -0.00166972331,
            -8.76421197e-07
        ],
        "boost_velocity": [
            6.80564873e-07,
            7.40442646e-07,
            3.80639054e-11
        ]
    },
    "initial_mass_ratio": 1.000000002562154
}