{
    "simulation_name": "0213/Lev4",
    "alternative_names": [
        "BFI:RerunAlignedCatalog:0213",
        "SXS:BBH:2087"
    ],
    "initial_data_type": "BBH_SKS",
    "object_types": "BHBH",
    "number_of_orbits": 22.277183672,
    "reference_mass_ratio": 1.000006481208831,
    "reference_chi_eff": 7.794482563829751e-05,
    "reference_chi1_perp": 6.96933344412864e-09,
    "reference_chi2_perp": 9.259694350623354e-09,
    "reference_eccentricity": 4.4e-05,
    "reference_dimensionless_spin1": [
        -7.72633282254e-09,
        8.09990314214e-10,
        -0.799757681307
    ],
    "reference_dimensionless_spin2": [
        9.06669609361e-09,
        -4.62738217037e-09,
        0.79991875486
    ],
    "reference_orbital_frequency": [
        1.36659699307e-11,
        -9.4992540526e-12,
        0.014331433478
    ],
    "reference_mass1": 0.500043755613,
    "reference_mass2": 0.500040514746,
    "reference_time": 640.0,
    "reference_position1": [
        -7.71832618528,
        3.3466468853,
        -9.50136760051e-07
    ],
    "reference_position2": [
        7.66321950585,
        -3.27867757819,
        -9.69195522148e-07
    ],
    "reference_mean_anomaly": 0.378062,
    "keywords": [],
    "point_of_contact_email": "nils.fischer@aei.mpg.de",
    "authors_emails": [],
    "simulation_bibtex_keys": [
        "Chu:2015kft",
        "Boyle:2019kee",
        "SXSCatalogWebsite"
    ],
    "code_bibtex_keys": [
        "Ossokine:2013zga",
        "Hemberger:2012jz",
        "Szilagyi:2009qz",
        "Boyle:2009vi",
        "Scheel:2008rj",
        "Boyle:2007ft",
        "Scheel:2006gg",
        "Lindblom:2005qh",
        "Pfeiffer:2002wt",
        "SpECwebsite"
    ],
    "initial_data_bibtex_keys": [
        "Buchman:2012dw",
        "Lovelace:2008tw",
        "Pfeiffer:2007yz",
        "Caudill:2006hw",
        "Cook:2004kt"
    ],
    "quasicircular_bibtex_keys": [
        "Mroue:2012kv",
        "Buonanno:2010yk",
        "Mroue:2010re",
        "Boyle:2007ft"
    ],
    "initial_separation": 16.4996731142,
    "initial_orbital_frequency": 0.013293865574,
    "initial_adot": 1.63711167262e-05,
    "object1": "bh",
    "object2": "bh",
    "initial_ADM_energy": 0.9932777936400425,
    "initial_ADM_linear_momentum": [
        1.85597392e-08,
        8.28472703e-08,
        2.77952e-11
    ],
    "initial_ADM_angular_momentum": [
        2.65032e-11,
        1.25642e-11,
        1.1439582711222933
    ],
    "initial_mass1": 0.4999999918490846,
    "initial_mass2": 0.4999999948759999,
    "initial_dimensionless_spin1": [
        2.025e-13,
        9.21e-14,
        -0.8000000092172749
    ],
    "initial_dimensionless_spin2": [
        -1.885e-13,
        1.632e-13,
        0.8000000113247235
    ],
    "initial_position1": [
        8.294809324903891,
        0.0012586464103267,
        -5.3191092e-09
    ],
    "initial_position2": [
        -8.204863789296109,
        0.0012586464103267,
        -5.3191092e-09
    ],
    "relaxation_time": 640.0,
    "common_horizon_time": 6631.10321688,
    "remnant_mass": 0.951176678404,
    "remnant_dimensionless_spin": [
        5.21155603172e-10,
        -8.82625863928e-10,
        0.684156602775
    ],
    "remnant_velocity": [
        0.000372432449033,
        0.00117309170399,
        -1.68344704018e-09
    ],
    "metadata_version": 1,
    "spec_revisions": "InitialCommit-30836-gf3a46ee",
    "spells_revision": "f3a46eeb4445f3fafcae9438518ab49d75d2b4df",
    "com_parameters": {
        "space_translation": [
            -0.00297924318,
            -0.00235008586,
            -8.34962333e-08
        ],
        "boost_velocity": [
            1.04940061e-06,
            5.53400833e-07,
            -1.58772528e-09
        ]
    },
    "initial_mass_ratio": 0.9999999939461693
}