{
    "simulation_name": "0262/Lev4",
    "alternative_names": [
        "BFI:RerunAlignedCatalog:0262",
        "SXS:BBH:2134"
    ],
    "initial_data_type": "BBH_SKS",
    "object_types": "BHBH",
    "number_of_orbits": 22.4691828292,
    "reference_mass_ratio": 3.000052616376173,
    "reference_chi_eff": -0.4500587926338839,
    "reference_chi1_perp": 8.796800941473136e-08,
    "reference_chi2_perp": 6.3170677752544665e-09,
    "reference_eccentricity": 3.1e-05,
    "reference_dimensionless_spin1": [
        -3.55526273525e-08,
        -1.74064513114e-08,
        -0.600053487394
    ],
    "reference_dimensionless_spin2": [
        6.17174496216e-09,
        1.3716987948e-09,
        -6.68161762669e-05
    ],
    "reference_orbital_frequency": [
        -1.27798156391e-09,
        4.27510442515e-10,
        0.0146304122224
    ],
    "reference_mass1": 0.749996388495,
    "reference_mass2": 0.249994411565,
    "reference_time": 510.0,
    "reference_position1": [
        1.9027416728,
        3.65673128392,
        6.05805124376e-06
    ],
    "reference_position2": [
        -5.56360695222,
        -11.0182187165,
        5.83466987389e-06
    ],
    "reference_mean_anomaly": 5.917356,
    "keywords": [],
    "point_of_contact_email": "hannes.rueter@aei.mpg.de",
    "authors_emails": [],
    "simulation_bibtex_keys": [
        "Chu:2015kft",
        "Boyle:2019kee",
        "SXSCatalogWebsite"
    ],
    "code_bibtex_keys": [
        "Ossokine:2013zga",
        "Hemberger:2012jz",
        "Szilagyi:2009qz",
        "Boyle:2009vi",
        "Scheel:2008rj",
        "Boyle:2007ft",
        "Scheel:2006gg",
        "Lindblom:2005qh",
        "Pfeiffer:2002wt",
        "SpECwebsite"
    ],
    "initial_data_bibtex_keys": [
        "Buchman:2012dw",
        "Lovelace:2008tw",
        "Pfeiffer:2007yz",
        "Caudill:2006hw",
        "Cook:2004kt"
    ],
    "quasicircular_bibtex_keys": [
        "Mroue:2012kv",
        "Buonanno:2010yk",
        "Mroue:2010re",
        "Boyle:2007ft"
    ],
    "initial_separation": 16.1959624464,
    "initial_orbital_frequency": 0.01423287352,
    "initial_adot": -4.87159804023e-05,
    "object1": "bh",
    "object2": "bh",
    "initial_ADM_energy": 0.9949216295855646,
    "initial_ADM_linear_momentum": [
        -1.94958664e-08,
        -1.346770835e-07,
        3.27179e-11
    ],
    "initial_ADM_angular_momentum": [
        -3.083034e-10,
        3.25395e-11,
        0.5314854371669189
    ],
    "initial_mass1": 0.7500000014864188,
    "initial_mass2": 0.2499999988747413,
    "initial_dimensionless_spin1": [
        1.251e-13,
        -4.88e-14,
        -0.5999999763809751
    ],
    "initial_dimensionless_spin2": [
        -1.278e-13,
        4.6331e-12,
        -3.68002113e-08
    ],
    "initial_position1": [
        4.077213499216465,
        0.0294819090602998,
        -5.12890438e-08
    ],
    "initial_position2": [
        -12.118748947183533,
        0.0294819090602998,
        -5.12890438e-08
    ],
    "relaxation_time": 510.0,
    "common_horizon_time": 6831.00259494,
    "remnant_mass": 0.978045313982,
    "remnant_dimensionless_spin": [
        -3.38604459306e-08,
        1.4031638611e-09,
        0.270556088269
    ],
    "remnant_velocity": [
        0.000226209593955,
        0.000912962825689,
        1.49387994365e-08
    ],
    "metadata_version": 1,
    "spec_revisions": "InitialCommit-30836-gf3a46ee",
    "spells_revision": "f3a46eeb4445f3fafcae9438518ab49d75d2b4df",
    "com_parameters": {
        "space_translation": [
            -0.00412535589,
            0.00216874966,
            4.30285779e-06
        ],
        "boost_velocity": [
            1.12172264e-05,
            -1.5562072e-06,
            2.0967254e-08
        ]
    },
    "initial_mass_ratio": 3.0000000194487795
}