{
    "simulation_name": "0227/Lev4",
    "alternative_names": [
        "BFI:RerunAlignedCatalog:0227",
        "SXS:BBH:2101"
    ],
    "initial_data_type": "BBH_SKS",
    "object_types": "BHBH",
    "number_of_orbits": 23.0551777975,
    "reference_mass_ratio": 1.0000215342969332,
    "reference_chi_eff": 0.29998897331094837,
    "reference_chi1_perp": 9.230634768759256e-09,
    "reference_chi2_perp": 9.057238521075782e-09,
    "reference_eccentricity": 7.24e-05,
    "reference_dimensionless_spin1": [
        -9.93772439188e-09,
        4.29881320353e-10,
        0.599964597756
    ],
    "reference_dimensionless_spin2": [
        9.05262390398e-09,
        -2.88827263335e-10,
        6.88910172714e-06
    ],
    "reference_orbital_frequency": [
        -1.75074236873e-11,
        4.32927209882e-12,
        0.0147818597924
    ],
    "reference_mass1": 0.500013485358,
    "reference_mass2": 0.500002718151,
    "reference_time": 630.0,
    "reference_position1": [
        -7.8643593827,
        2.18168393745,
        5.28211071571e-07
    ],
    "reference_position2": [
        7.88164281919,
        -2.20358162856,
        5.48144756772e-07
    ],
    "reference_mean_anomaly": 5.702064,
    "keywords": [],
    "point_of_contact_email": "nils.fischer@aei.mpg.de",
    "authors_emails": [],
    "simulation_bibtex_keys": [
        "Chu:2015kft",
        "Boyle:2019kee",
        "SXSCatalogWebsite"
    ],
    "code_bibtex_keys": [
        "Ossokine:2013zga",
        "Hemberger:2012jz",
        "Szilagyi:2009qz",
        "Boyle:2009vi",
        "Scheel:2008rj",
        "Boyle:2007ft",
        "Scheel:2006gg",
        "Lindblom:2005qh",
        "Pfeiffer:2002wt",
        "SpECwebsite"
    ],
    "initial_data_bibtex_keys": [
        "Buchman:2012dw",
        "Lovelace:2008tw",
        "Pfeiffer:2007yz",
        "Caudill:2006hw",
        "Cook:2004kt"
    ],
    "quasicircular_bibtex_keys": [
        "Mroue:2012kv",
        "Buonanno:2010yk",
        "Mroue:2010re",
        "Boyle:2007ft"
    ],
    "initial_separation": 16.1011239863,
    "initial_orbital_frequency": 0.014126820908,
    "initial_adot": 6.36110251669e-05,
    "object1": "bh",
    "object2": "bh",
    "initial_ADM_energy": 0.9930029163932899,
    "initial_ADM_linear_momentum": [
        -2.2989e-12,
        1.0568988e-09,
        1.1685e-12
    ],
    "initial_ADM_angular_momentum": [
        3.67755e-11,
        1.93078e-11,
        1.2711136694113319
    ],
    "initial_mass1": 0.4999999982251929,
    "initial_mass2": 0.500000000623821,
    "initial_dimensionless_spin1": [
        9.55e-14,
        -1.778e-13,
        0.5999999925229957
    ],
    "initial_dimensionless_spin2": [
        3.6087e-12,
        9.0931e-12,
        -4.22602825e-08
    ],
    "initial_position1": [
        8.03456651408674,
        0.0011152118961897,
        5.21802e-10
    ],
    "initial_position2": [
        -8.06655747221326,
        0.0011152118961897,
        5.21802e-10
    ],
    "relaxation_time": 630.0,
    "common_horizon_time": 6534.47648453,
    "remnant_mass": 0.941723549573,
    "remnant_dimensionless_spin": [
        -1.1045308083e-09,
        9.72443418648e-11,
        0.774935677161
    ],
    "remnant_velocity": [
        -0.000382134077595,
        -0.00012004351296,
        2.16386330788e-09
    ],
    "metadata_version": 1,
    "spec_revisions": "InitialCommit-30836-gf3a46ee",
    "spells_revision": "f3a46eeb4445f3fafcae9438518ab49d75d2b4df",
    "com_parameters": {
        "space_translation": [
            0.000564624869,
            0.000602860354,
            -1.13743737e-06
        ],
        "boost_velocity": [
            -3.1115028e-07,
            -1.91691862e-07,
            1.59732436e-09
        ]
    },
    "initial_mass_ratio": 0.9999999952027439
}