{
    "simulation_name": "031/Lev3",
    "alternative_names": [
        "BFI:HybTest:031",
        "SXS:BBH:2265"
    ],
    "initial_data_type": "BBH_SKS",
    "object_types": "BHBH",
    "number_of_orbits": 65.5619735066,
    "reference_mass_ratio": 3.0000989292940003,
    "reference_chi_eff": 3.0306595130321767e-06,
    "reference_chi1_perp": 7.050306320244722e-08,
    "reference_chi2_perp": 6.723915408455722e-08,
    "reference_eccentricity": 6.89e-05,
    "reference_dimensionless_spin1": [
        5.92666485882e-08,
        -3.81859739368e-08,
        2.23669198562e-06
    ],
    "reference_dimensionless_spin2": [
        6.72324828629e-08,
        9.62943432739e-10,
        5.41264062416e-06
    ],
    "reference_orbital_frequency": [
        3.7530344956e-10,
        -5.74525984526e-10,
        0.00885514363433
    ],
    "reference_mass1": 0.749996544597,
    "reference_mass2": 0.249990604401,
    "reference_time": 530.0,
    "reference_position1": [
        -0.20335523924,
        -5.66962828329,
        1.37208835377e-05
    ],
    "reference_position2": [
        0.507575268585,
        17.0991605944,
        1.51680024895e-05
    ],
    "reference_mean_anomaly": 4.174879,
    "keywords": [],
    "point_of_contact_email": "vvarma@caltech.edu",
    "authors_emails": [],
    "simulation_bibtex_keys": "SXSCatalog",
    "code_bibtex_keys": [
        "Ossokine:2013zga",
        "Hemberger:2012jz",
        "Szilagyi:2009qz",
        "Boyle:2009vi",
        "Scheel:2008rj",
        "Boyle:2007ft",
        "Scheel:2006gg",
        "Lindblom:2005qh",
        "Pfeiffer:2002wt",
        "SpECwebsite"
    ],
    "initial_data_bibtex_keys": [
        "Buchman:2012dw",
        "Lovelace:2008tw",
        "Pfeiffer:2007yz",
        "Caudill:2006hw",
        "Cook:2004kt"
    ],
    "quasicircular_bibtex_keys": [
        "Mroue:2012kv",
        "Buonanno:2010yk",
        "Mroue:2010re",
        "Boyle:2007ft"
    ],
    "initial_separation": 22.5560302734,
    "initial_orbital_frequency": 0.008812348946,
    "initial_adot": 1.4205276802e-06,
    "object1": "bh",
    "object2": "bh",
    "initial_ADM_energy": 0.9961599321022395,
    "initial_ADM_linear_momentum": [
        -6.0057968e-09,
        3.3348583e-09,
        7.6e-13
    ],
    "initial_ADM_angular_momentum": [
        -4.6622e-12,
        5.21394e-11,
        0.9723882782229659
    ],
    "initial_mass1": 0.7500000034073938,
    "initial_mass2": 0.2500000006231067,
    "initial_dimensionless_spin1": [
        1.54177e-11,
        -4.74938e-11,
        -7.0784767e-09
    ],
    "initial_dimensionless_spin2": [
        1.64519e-11,
        -1.62843e-11,
        -6.90100228e-08
    ],
    "initial_position1": [
        5.645455642706032,
        0.0240144240539254,
        -2.3780157e-09
    ],
    "initial_position2": [
        -16.91057463069397,
        0.0240144240539254,
        -2.3780157e-09
    ],
    "relaxation_time": 530.0,
    "common_horizon_time": 30550.0389097,
    "remnant_mass": 0.971102061582,
    "remnant_dimensionless_spin": [
        5.33268609937e-08,
        -7.73507087629e-08,
        0.540609034811
    ],
    "remnant_velocity": [
        -0.000333674938298,
        0.000476971519623,
        7.2512086526e-08
    ],
    "metadata_version": 1,
    "spec_revisions": "InitialCommit-31087-gce69164379",
    "spells_revision": "ce69164379bd1e6fbda8573f5e9bbf7d5f236e62",
    "com_parameters": {
        "space_translation": [
            -0.009852348919465867,
            -0.009824897873543905,
            -5.5780106089474395e-05
        ],
        "boost_velocity": [
            -9.971891251856703e-07,
            -1.2523922734022836e-06,
            6.442052359507831e-08
        ]
    },
    "initial_mass_ratio": 3.000000006152295
}