{
    "simulation_name": "0545/Lev3",
    "alternative_names": [
        "BFI:q4_7d:0545",
        "SXS:BBH:2018"
    ],
    "initial_data_type": "BBH_SKS",
    "object_types": "BHBH",
    "number_of_orbits": 17.2922032677,
    "reference_mass_ratio": 3.9995461554100395,
    "reference_chi_eff": -0.560062545270134,
    "reference_chi1_perp": 5.438320367990636e-07,
    "reference_chi2_perp": 2.255225253759148e-08,
    "reference_eccentricity": 0.0007924,
    "reference_dimensionless_spin1": [
        5.04585935466e-07,
        -2.67433523286e-07,
        -0.800104103114
    ],
    "reference_dimensionless_spin2": [
        -5.5955947566e-08,
        -8.57425480802e-08,
        0.399994744543
    ],
    "reference_orbital_frequency": [
        -3.01747628724e-09,
        -2.92956530451e-09,
        0.0169648120321
    ],
    "reference_mass1": 0.799943882254,
    "reference_mass2": 0.200008663776,
    "reference_time": 360.0,
    "reference_position1": [
        2.92179533492,
        -0.684430636504,
        1.25940665765e-05
    ],
    "reference_position2": [
        -11.6541403137,
        2.55881966386,
        1.05615520656e-05
    ],
    "reference_mean_anomaly": 4.029536,
    "keywords": [],
    "point_of_contact_email": "sfield@astro.cornell.edu",
    "authors_emails": [],
    "simulation_bibtex_keys": [
        "Varma:2019csw",
        "Boyle:2019kee",
        "SXSCatalogWebsite"
    ],
    "code_bibtex_keys": [
        "Ossokine:2013zga",
        "Hemberger:2012jz",
        "Szilagyi:2009qz",
        "Boyle:2009vi",
        "Scheel:2008rj",
        "Boyle:2007ft",
        "Scheel:2006gg",
        "Lindblom:2005qh",
        "Pfeiffer:2002wt",
        "SpECwebsite"
    ],
    "initial_data_bibtex_keys": [
        "Buchman:2012dw",
        "Lovelace:2008tw",
        "Pfeiffer:2007yz",
        "Caudill:2006hw",
        "Cook:2004kt"
    ],
    "quasicircular_bibtex_keys": [
        "Mroue:2012kv",
        "Buonanno:2010yk",
        "Mroue:2010re",
        "Boyle:2007ft"
    ],
    "initial_separation": 14.5763549805,
    "initial_orbital_frequency": 0.01638747804,
    "initial_adot": 1.80368791157e-05,
    "object1": "bh",
    "object2": "bh",
    "initial_ADM_energy": 0.9953354500328042,
    "initial_ADM_linear_momentum": [
        -1.70469126e-08,
        -1.56272398e-07,
        -1.02126e-11
    ],
    "initial_ADM_angular_momentum": [
        -1.61727e-11,
        3.19128e-11,
        0.2248988458291885
    ],
    "initial_mass1": 0.8000000012648136,
    "initial_mass2": 0.2000000044588938,
    "initial_dimensionless_spin1": [
        -1.348e-13,
        -5.8e-15,
        -0.7999999690648968
    ],
    "initial_dimensionless_spin2": [
        8.21e-14,
        -3.858e-13,
        0.4000000785208234
    ],
    "initial_position1": [
        2.954442893438914,
        0.0331426702284886,
        -8.862121e-10
    ],
    "initial_position2": [
        -11.621912087061085,
        0.0331426702284886,
        -8.862121e-10
    ],
    "relaxation_time": 360.0,
    "common_horizon_time": 4659.19925824,
    "remnant_mass": 0.984183506637,
    "remnant_dimensionless_spin": [
        7.29694806581e-07,
        2.13913630119e-08,
        0.0485368759483
    ],
    "remnant_velocity": [
        0.00088280387927,
        2.36201121722e-05,
        2.10762498898e-07
    ],
    "metadata_version": 1,
    "spec_revisions": "InitialCommit-30548-g8a39246",
    "spells_revision": "8a392465d586c8ca817d062b58522dabb63df692",
    "com_parameters": {
        "space_translation": [
            0.0071183047,
            0.0166125335,
            -8.43853655e-05
        ],
        "boost_velocity": [
            -5.52173595e-06,
            -2.64215998e-06,
            2.09118967e-07
        ]
    },
    "initial_mass_ratio": 3.999999917146194
}