{
    "simulation_name": "0261/Lev4",
    "alternative_names": [
        "BFI:RerunAlignedCatalog:0261",
        "SXS:BBH:2133"
    ],
    "initial_data_type": "BBH_SKS",
    "object_types": "BHBH",
    "number_of_orbits": 21.6207109464,
    "reference_mass_ratio": 2.9991994821267087,
    "reference_chi_eff": -0.33608377884981316,
    "reference_chi1_perp": 1.2390300496390437e-07,
    "reference_chi2_perp": 3.710983295168056e-08,
    "reference_eccentricity": 0.0001903,
    "reference_dimensionless_spin1": [
        -6.75404750646e-08,
        -6.65666371178e-08,
        -0.731394180144
    ],
    "reference_dimensionless_spin2": [
        -4.08140552738e-08,
        2.15835088016e-08,
        0.849530971991
    ],
    "reference_orbital_frequency": [
        -1.12032701498e-09,
        9.10366507083e-10,
        0.0150860084046
    ],
    "reference_mass1": 0.749979873472,
    "reference_mass2": 0.250060016995,
    "reference_time": 480.0,
    "reference_position1": [
        2.61035755481,
        3.09683104027,
        -5.30636939158e-06
    ],
    "reference_position2": [
        -7.65874154865,
        -9.33226396042,
        -5.31894510665e-06
    ],
    "reference_mean_anomaly": 6.221512,
    "keywords": [],
    "point_of_contact_email": "hannes.rueter@aei.mpg.de",
    "authors_emails": [],
    "simulation_bibtex_keys": [
        "Chu:2015kft",
        "Boyle:2019kee",
        "SXSCatalogWebsite"
    ],
    "code_bibtex_keys": [
        "Ossokine:2013zga",
        "Hemberger:2012jz",
        "Szilagyi:2009qz",
        "Boyle:2009vi",
        "Scheel:2008rj",
        "Boyle:2007ft",
        "Scheel:2006gg",
        "Lindblom:2005qh",
        "Pfeiffer:2002wt",
        "SpECwebsite"
    ],
    "initial_data_bibtex_keys": [
        "Buchman:2012dw",
        "Lovelace:2008tw",
        "Pfeiffer:2007yz",
        "Caudill:2006hw",
        "Cook:2004kt"
    ],
    "quasicircular_bibtex_keys": [
        "Mroue:2012kv",
        "Buonanno:2010yk",
        "Mroue:2010re",
        "Boyle:2007ft"
    ],
    "initial_separation": 15.8279510151,
    "initial_orbital_frequency": 0.01405681415,
    "initial_adot": 0.0002791177820857,
    "object1": "bh",
    "object2": "bh",
    "initial_ADM_energy": 0.9948852194705652,
    "initial_ADM_linear_momentum": [
        6.8661708e-09,
        4.5803009e-09,
        2.0808e-12
    ],
    "initial_ADM_angular_momentum": [
        -2.09237e-11,
        1.53071e-11,
        0.5012060281880854
    ],
    "initial_mass1": 0.7500000090087071,
    "initial_mass2": 0.2500000095934325,
    "initial_dimensionless_spin1": [
        6.1e-14,
        1.15e-14,
        -0.7313196981247451
    ],
    "initial_dimensionless_spin2": [
        -9.01e-14,
        1.76e-14,
        0.8500000070907029
    ],
    "initial_position1": [
        3.9999283338605314,
        0.0305670051302452,
        -3.0383732e-09
    ],
    "initial_position2": [
        -11.828022681239469,
        0.0305670051302452,
        -3.0383732e-09
    ],
    "relaxation_time": 480.0,
    "common_horizon_time": 6367.01728717,
    "remnant_mass": 0.977833192449,
    "remnant_dimensionless_spin": [
        -3.0798743713e-08,
        1.51245594757e-09,
        0.239693884114
    ],
    "remnant_velocity": [
        -0.000754984405993,
        0.000823311568492,
        -1.96286980047e-08
    ],
    "metadata_version": 1,
    "spec_revisions": "InitialCommit-30836-gf3a46ee",
    "spells_revision": "f3a46eeb4445f3fafcae9438518ab49d75d2b4df",
    "com_parameters": {
        "space_translation": [
            -0.00699179155,
            0.00392747952,
            3.69197361e-06
        ],
        "boost_velocity": [
            8.07887829e-06,
            7.30335081e-07,
            -1.40218436e-08
        ]
    },
    "initial_mass_ratio": 2.9999999209136416
}