{
    "simulation_name": "0245/Lev4",
    "alternative_names": [
        "BFI:RerunAlignedCatalog:0245",
        "SXS:BBH:2119"
    ],
    "initial_data_type": "BBH_SKS",
    "object_types": "BHBH",
    "number_of_orbits": 22.7759966781,
    "reference_mass_ratio": 1.9998723158489167,
    "reference_chi_eff": -0.09999576599093725,
    "reference_chi1_perp": 3.184604882547525e-08,
    "reference_chi2_perp": 2.904246119455537e-08,
    "reference_eccentricity": 0.0001871,
    "reference_dimensionless_spin1": [
        -1.49920277613e-08,
        2.80966528062e-08,
        1.06466685453e-05
    ],
    "reference_dimensionless_spin2": [
        -3.03251377453e-08,
        3.40484447666e-10,
        -0.299995822076
    ],
    "reference_orbital_frequency": [
        1.11603473153e-10,
        3.5279332784e-10,
        0.0146570642729
    ],
    "reference_mass1": 0.666629920913,
    "reference_mass2": 0.333336241334,
    "reference_time": 610.0,
    "reference_position1": [
        -4.449103529,
        3.18199125458,
        -6.95131920233e-06
    ],
    "reference_position2": [
        8.96581033703,
        -6.33663638334,
        -6.82435262112e-06
    ],
    "reference_mean_anomaly": 1.676572,
    "keywords": [],
    "point_of_contact_email": "harald.pfeiffer@aei.mpg.de",
    "authors_emails": [],
    "simulation_bibtex_keys": [
        "Chu:2015kft",
        "Boyle:2019kee",
        "SXSCatalogWebsite"
    ],
    "code_bibtex_keys": [
        "Ossokine:2013zga",
        "Hemberger:2012jz",
        "Szilagyi:2009qz",
        "Boyle:2009vi",
        "Scheel:2008rj",
        "Boyle:2007ft",
        "Scheel:2006gg",
        "Lindblom:2005qh",
        "Pfeiffer:2002wt",
        "SpECwebsite"
    ],
    "initial_data_bibtex_keys": [
        "Buchman:2012dw",
        "Lovelace:2008tw",
        "Pfeiffer:2007yz",
        "Caudill:2006hw",
        "Cook:2004kt"
    ],
    "quasicircular_bibtex_keys": [
        "Mroue:2012kv",
        "Buonanno:2010yk",
        "Mroue:2010re",
        "Boyle:2007ft"
    ],
    "initial_separation": 16.2103096561,
    "initial_orbital_frequency": 0.014189724911,
    "initial_adot": -4.96793648736e-05,
    "object1": "bh",
    "object2": "bh",
    "initial_ADM_energy": 0.9938862793918354,
    "initial_ADM_linear_momentum": [
        -3.04465804e-08,
        -4.89881785e-08,
        -4.8008e-12
    ],
    "initial_ADM_angular_momentum": [
        8.94493e-11,
        -1.795612e-10,
        0.9805858537971163
    ],
    "initial_mass1": 0.6666666581762751,
    "initial_mass2": 0.3333333364425742,
    "initial_dimensionless_spin1": [
        1.6829e-12,
        -2.2365e-12,
        -7.660008e-10
    ],
    "initial_dimensionless_spin2": [
        -2.168e-13,
        6.55e-14,
        -0.3000000340336095
    ],
    "initial_position1": [
        5.405327708842421,
        0.0203240538155656,
        -7.4784077e-09
    ],
    "initial_position2": [
        -10.80498194725758,
        0.0203240538155656,
        -7.4784077e-09
    ],
    "relaxation_time": 610.0,
    "common_horizon_time": 6704.5264517,
    "remnant_mass": 0.962694802708,
    "remnant_dimensionless_spin": [
        -5.03154102629e-09,
        2.20526887975e-08,
        0.605442927174
    ],
    "remnant_velocity": [
        -0.000432173339319,
        -0.000120441966768,
        -2.12650386135e-08
    ],
    "metadata_version": 1,
    "spec_revisions": "InitialCommit-30836-gf3a46ee",
    "spells_revision": "f3a46eeb4445f3fafcae9438518ab49d75d2b4df",
    "com_parameters": {
        "space_translation": [
            -0.0010315608,
            0.000421641982,
            5.52252386e-06
        ],
        "boost_velocity": [
            -3.37803256e-06,
            3.4841608e-06,
            -2.07532744e-08
        ]
    },
    "initial_mass_ratio": 1.9999999558733808
}