{
    "simulation_name": "0251/Lev4",
    "alternative_names": [
        "BFI:RerunAlignedCatalog:0251",
        "SXS:BBH:2125"
    ],
    "initial_data_type": "BBH_SKS",
    "object_types": "BHBH",
    "number_of_orbits": 23.0399968054,
    "reference_mass_ratio": 2.0000576697638457,
    "reference_chi_eff": 0.29991619368183275,
    "reference_chi1_perp": 2.410127682898758e-08,
    "reference_chi2_perp": 1.7746500671517278e-08,
    "reference_eccentricity": 8.32e-05,
    "reference_dimensionless_spin1": [
        1.06222896794e-08,
        -2.8489959596e-08,
        0.29985095146
    ],
    "reference_dimensionless_spin2": [
        6.38840480672e-09,
        -2.36668826388e-08,
        0.300046681888
    ],
    "reference_orbital_frequency": [
        -1.52955710546e-10,
        -4.47970170373e-10,
        0.0157040964745
    ],
    "reference_mass1": 0.666667591583,
    "reference_mass2": 0.333324184428,
    "reference_time": 640.0,
    "reference_position1": [
        -4.70339991379,
        -2.21115912443,
        6.40302304976e-06
    ],
    "reference_position2": [
        9.43327689218,
        4.52033966723,
        6.73273295154e-06
    ],
    "reference_mean_anomaly": 6.124661,
    "keywords": [],
    "point_of_contact_email": "hannes.rueter@aei.mpg.de",
    "authors_emails": [],
    "simulation_bibtex_keys": [
        "Chu:2015kft",
        "Boyle:2019kee",
        "SXSCatalogWebsite"
    ],
    "code_bibtex_keys": [
        "Ossokine:2013zga",
        "Hemberger:2012jz",
        "Szilagyi:2009qz",
        "Boyle:2009vi",
        "Scheel:2008rj",
        "Boyle:2007ft",
        "Scheel:2006gg",
        "Lindblom:2005qh",
        "Pfeiffer:2002wt",
        "SpECwebsite"
    ],
    "initial_data_bibtex_keys": [
        "Buchman:2012dw",
        "Lovelace:2008tw",
        "Pfeiffer:2007yz",
        "Caudill:2006hw",
        "Cook:2004kt"
    ],
    "quasicircular_bibtex_keys": [
        "Mroue:2012kv",
        "Buonanno:2010yk",
        "Mroue:2010re",
        "Boyle:2007ft"
    ],
    "initial_separation": 15.4438335813,
    "initial_orbital_frequency": 0.015049154291,
    "initial_adot": 4.34571146982e-05,
    "object1": "bh",
    "object2": "bh",
    "initial_ADM_energy": 0.9935408976409571,
    "initial_ADM_linear_momentum": [
        -9.80118798e-08,
        -6.558847e-08,
        -1.81604e-11
    ],
    "initial_ADM_angular_momentum": [
        3.3877e-12,
        -6.4396e-12,
        1.1471185343785935
    ],
    "initial_mass1": 0.6666667226016272,
    "initial_mass2": 0.3333333715938354,
    "initial_dimensionless_spin1": [
        1.03e-14,
        -2.679e-13,
        0.2999999191995017
    ],
    "initial_dimensionless_spin2": [
        -7.73e-14,
        2.344e-13,
        0.3000001529283242
    ],
    "initial_position1": [
        5.149802561724337,
        0.0207996108286113,
        -9.1528093e-09
    ],
    "initial_position2": [
        -10.294031019575662,
        0.0207996108286113,
        -9.1528093e-09
    ],
    "relaxation_time": 640.0,
    "common_horizon_time": 6206.60251697,
    "remnant_mass": 0.95287948619,
    "remnant_dimensionless_spin": [
        -4.30375747359e-09,
        -2.65140826693e-08,
        0.734319137726
    ],
    "remnant_velocity": [
        0.000243533946226,
        -0.000202132504817,
        1.30587493922e-08
    ],
    "metadata_version": 1,
    "spec_revisions": "InitialCommit-30836-gf3a46ee",
    "spells_revision": "f3a46eeb4445f3fafcae9438518ab49d75d2b4df",
    "com_parameters": {
        "space_translation": [
            -0.00275597282,
            -0.00118581339,
            -2.91078719e-06
        ],
        "boost_velocity": [
            7.88837965e-06,
            1.49561847e-05,
            1.52095802e-08
        ]
    },
    "initial_mass_ratio": 1.999999938241876
}