{
    "simulation_name": "0286/Lev4",
    "alternative_names": [
        "BFI:RerunAlignedCatalog:0286",
        "SXS:BBH:2158"
    ],
    "initial_data_type": "BBH_SKS",
    "object_types": "BHBH",
    "number_of_orbits": 26.2497982487,
    "reference_mass_ratio": 3.0001041928153724,
    "reference_chi_eff": 0.49998882911050174,
    "reference_chi1_perp": 5.363628549518971e-08,
    "reference_chi2_perp": 4.28279212290522e-08,
    "reference_eccentricity": 9.68e-05,
    "reference_dimensionless_spin1": [
        1.22396085771e-08,
        4.15008953955e-08,
        0.499969403661
    ],
    "reference_dimensionless_spin2": [
        -5.62213986823e-08,
        -2.60240119911e-08,
        0.500047107483
    ],
    "reference_orbital_frequency": [
        -7.5525073726e-10,
        3.93761788244e-11,
        0.0163023816881
    ],
    "reference_mass1": 0.750010878405,
    "reference_mass2": 0.249994943576,
    "reference_time": 470.0,
    "reference_position1": [
        1.03191797519,
        3.62827769248,
        -7.75160361443e-06
    ],
    "reference_position2": [
        -3.04286363945,
        -10.9999394245,
        -7.90504613427e-06
    ],
    "reference_mean_anomaly": 2.890723,
    "keywords": [],
    "point_of_contact_email": "serguei.ossokine@aei.mpg.de",
    "authors_emails": [],
    "simulation_bibtex_keys": [
        "Chu:2015kft",
        "Boyle:2019kee",
        "SXSCatalogWebsite"
    ],
    "code_bibtex_keys": [
        "Ossokine:2013zga",
        "Hemberger:2012jz",
        "Szilagyi:2009qz",
        "Boyle:2009vi",
        "Scheel:2008rj",
        "Boyle:2007ft",
        "Scheel:2006gg",
        "Lindblom:2005qh",
        "Pfeiffer:2002wt",
        "SpECwebsite"
    ],
    "initial_data_bibtex_keys": [
        "Buchman:2012dw",
        "Lovelace:2008tw",
        "Pfeiffer:2007yz",
        "Caudill:2006hw",
        "Cook:2004kt"
    ],
    "quasicircular_bibtex_keys": [
        "Mroue:2012kv",
        "Buonanno:2010yk",
        "Mroue:2010re",
        "Boyle:2007ft"
    ],
    "initial_separation": 14.8499143921,
    "initial_orbital_frequency": 0.015690006867,
    "initial_adot": 0.000138790316569,
    "object1": "bh",
    "object2": "bh",
    "initial_ADM_energy": 0.9943344168914977,
    "initial_ADM_linear_momentum": [
        -5.6992542e-09,
        -2.55211648e-08,
        -2.18161e-11
    ],
    "initial_ADM_angular_momentum": [
        -4.1982e-12,
        -4.9168e-12,
        1.1207689294286818
    ],
    "initial_mass1": 0.7499999912228932,
    "initial_mass2": 0.2500000020324402,
    "initial_dimensionless_spin1": [
        -2.036e-13,
        -8.5e-14,
        0.4999999940492861
    ],
    "initial_dimensionless_spin2": [
        -1.469e-13,
        1.847e-13,
        0.5000000148749701
    ],
    "initial_position1": [
        3.7107209404842685,
        0.0272204126183634,
        4.03392347e-08
    ],
    "initial_position2": [
        -11.139193451615732,
        0.0272204126183634,
        4.03392347e-08
    ],
    "relaxation_time": 470.0,
    "common_horizon_time": 6667.39062699,
    "remnant_mass": 0.958171858282,
    "remnant_dimensionless_spin": [
        -5.40111680765e-08,
        2.65379118252e-08,
        0.768768397369
    ],
    "remnant_velocity": [
        0.000194806240886,
        0.000138267834438,
        -1.1991787891e-08
    ],
    "metadata_version": 1,
    "spec_revisions": "InitialCommit-30836-gf3a46ee",
    "spells_revision": "f3a46eeb4445f3fafcae9438518ab49d75d2b4df",
    "com_parameters": {
        "space_translation": [
            0.00699439678,
            -0.00683553798,
            -9.52277476e-06
        ],
        "boost_velocity": [
            -1.733507e-05,
            6.69885207e-06,
            -9.77700393e-09
        ]
    },
    "initial_mass_ratio": 2.9999999405022906
}