{
    "simulation_name": "0223/Lev4",
    "alternative_names": [
        "BFI:RerunAlignedCatalog:0223",
        "SXS:BBH:2097"
    ],
    "initial_data_type": "BBH_SKS",
    "object_types": "BHBH",
    "number_of_orbits": 22.9608601677,
    "reference_mass_ratio": 1.0000015874577037,
    "reference_chi_eff": 0.14995216948251808,
    "reference_chi1_perp": 6.1118174446320264e-09,
    "reference_chi2_perp": 6.066747609339468e-09,
    "reference_eccentricity": 6.08e-05,
    "reference_dimensionless_spin1": [
        -5.45689127113e-09,
        2.74676983206e-09,
        0.299950734213
    ],
    "reference_dimensionless_spin2": [
        5.4341072836e-09,
        -2.69738755638e-09,
        -4.6633364341e-05
    ],
    "reference_orbital_frequency": [
        1.50569189805e-12,
        2.74895736604e-12,
        0.0144348142893
    ],
    "reference_mass1": 0.499997107473,
    "reference_mass2": 0.49999631375,
    "reference_time": 640.0,
    "reference_position1": [
        -7.83115000534,
        2.76388554939,
        -4.59367248552e-07
    ],
    "reference_position2": [
        7.84037031217,
        -2.77522105798,
        -4.59947076813e-07
    ],
    "reference_mean_anomaly": 3.987043,
    "keywords": [],
    "point_of_contact_email": "nils.fischer@aei.mpg.de",
    "authors_emails": [],
    "simulation_bibtex_keys": [
        "Chu:2015kft",
        "Boyle:2019kee",
        "SXSCatalogWebsite"
    ],
    "code_bibtex_keys": [
        "Ossokine:2013zga",
        "Hemberger:2012jz",
        "Szilagyi:2009qz",
        "Boyle:2009vi",
        "Scheel:2008rj",
        "Boyle:2007ft",
        "Scheel:2006gg",
        "Lindblom:2005qh",
        "Pfeiffer:2002wt",
        "SpECwebsite"
    ],
    "initial_data_bibtex_keys": [
        "Buchman:2012dw",
        "Lovelace:2008tw",
        "Pfeiffer:2007yz",
        "Caudill:2006hw",
        "Cook:2004kt"
    ],
    "quasicircular_bibtex_keys": [
        "Mroue:2012kv",
        "Buonanno:2010yk",
        "Mroue:2010re",
        "Boyle:2007ft"
    ],
    "initial_separation": 16.3893858832,
    "initial_orbital_frequency": 0.013914796493,
    "initial_adot": 2.9683885375e-06,
    "object1": "bh",
    "object2": "bh",
    "initial_ADM_energy": 0.99313162316258,
    "initial_ADM_linear_momentum": [
        -8.91753503e-08,
        4.55234136e-08,
        1.29701e-11
    ],
    "initial_ADM_angular_momentum": [
        -3.90708e-11,
        1.56172e-11,
        1.2098809102526427
    ],
    "initial_mass1": 0.5000000192009874,
    "initial_mass2": 0.5000000073718716,
    "initial_dimensionless_spin1": [
        -6.1e-15,
        -4.83e-14,
        0.3000000461588944
    ],
    "initial_dimensionless_spin2": [
        -1.01e-14,
        1.29e-14,
        -2.039473e-10
    ],
    "initial_position1": [
        8.186906321232048,
        0.0001158617298649,
        -1.9459322e-09
    ],
    "initial_position2": [
        -8.202479561967952,
        0.0001158617298649,
        -1.9459322e-09
    ],
    "relaxation_time": 640.0,
    "common_horizon_time": 6724.78502719,
    "remnant_mass": 0.947153300648,
    "remnant_dimensionless_spin": [
        1.51558274172e-10,
        4.67837048955e-11,
        0.731546232306
    ],
    "remnant_velocity": [
        -0.000199064426847,
        9.04861444561e-05,
        -1.07629320363e-09
    ],
    "metadata_version": 1,
    "spec_revisions": "InitialCommit-30836-gf3a46ee",
    "spells_revision": "f3a46eeb4445f3fafcae9438518ab49d75d2b4df",
    "com_parameters": {
        "space_translation": [
            0.000277351992,
            0.00023651439,
            -2.02601723e-07
        ],
        "boost_velocity": [
            -2.85324657e-07,
            1.52353162e-07,
            -7.28729789e-10
        ]
    },
    "initial_mass_ratio": 1.0000000236582312
}