{
    "simulation_name": "0221/Lev4",
    "alternative_names": [
        "BFI:RerunAlignedCatalog:0221",
        "SXS:BBH:2095"
    ],
    "initial_data_type": "BBH_SKS",
    "object_types": "BHBH",
    "number_of_orbits": 22.638218041,
    "reference_mass_ratio": 0.9999331426691878,
    "reference_chi_eff": 0.19999040490358347,
    "reference_chi1_perp": 1.2535388503283153e-08,
    "reference_chi2_perp": 1.0442668056774835e-08,
    "reference_eccentricity": 0.0001571,
    "reference_dimensionless_spin1": [
        -1.2059063062e-08,
        -1.2990027238e-09,
        -0.39995737464
    ],
    "reference_dimensionless_spin2": [
        9.38785309628e-09,
        -1.40859334847e-09,
        0.79989807354
    ],
    "reference_orbital_frequency": [
        -1.59763659026e-11,
        1.01551282204e-11,
        0.0147052676839
    ],
    "reference_mass1": 0.500008098691,
    "reference_mass2": 0.500041530133,
    "reference_time": 640.0,
    "reference_position1": [
        -8.10366823267,
        1.47717233556,
        3.43592293194e-07
    ],
    "reference_position2": [
        8.06121642456,
        -1.43623756275,
        3.63166378435e-07
    ],
    "reference_mean_anomaly": 0.724071,
    "keywords": [],
    "point_of_contact_email": "nils.fischer@aei.mpg.de",
    "authors_emails": [],
    "simulation_bibtex_keys": [
        "Chu:2015kft",
        "Boyle:2019kee",
        "SXSCatalogWebsite"
    ],
    "code_bibtex_keys": [
        "Ossokine:2013zga",
        "Hemberger:2012jz",
        "Szilagyi:2009qz",
        "Boyle:2009vi",
        "Scheel:2008rj",
        "Boyle:2007ft",
        "Scheel:2006gg",
        "Lindblom:2005qh",
        "Pfeiffer:2002wt",
        "SpECwebsite"
    ],
    "initial_data_bibtex_keys": [
        "Buchman:2012dw",
        "Lovelace:2008tw",
        "Pfeiffer:2007yz",
        "Caudill:2006hw",
        "Cook:2004kt"
    ],
    "quasicircular_bibtex_keys": [
        "Mroue:2012kv",
        "Buonanno:2010yk",
        "Mroue:2010re",
        "Boyle:2007ft"
    ],
    "initial_separation": 16.1808895556,
    "initial_orbital_frequency": 0.013851529661,
    "initial_adot": 0.0001149757278113,
    "object1": "bh",
    "object2": "bh",
    "initial_ADM_energy": 0.9930861530990217,
    "initial_ADM_linear_momentum": [
        -6.13665289e-08,
        -7.05845306e-08,
        -3.3569e-12
    ],
    "initial_ADM_angular_momentum": [
        -2.761e-13,
        4.7256e-12,
        1.227425425460473
    ],
    "initial_mass1": 0.4999999668254275,
    "initial_mass2": 0.4999999671622671,
    "initial_dimensionless_spin1": [
        -1.5521e-12,
        4.765e-13,
        -0.3999999286582191
    ],
    "initial_dimensionless_spin2": [
        1.2815e-12,
        -9.378e-13,
        0.8000000156653596
    ],
    "initial_position1": [
        8.123315971842386,
        -0.0012758795617631,
        -5.5130691e-09
    ],
    "initial_position2": [
        -8.057573583757614,
        -0.0012758795617631,
        -5.5130691e-09
    ],
    "relaxation_time": 640.0,
    "common_horizon_time": 6493.99749168,
    "remnant_mass": 0.945168472608,
    "remnant_dimensionless_spin": [
        -1.00301822007e-09,
        6.80151456741e-11,
        0.74468028942
    ],
    "remnant_velocity": [
        -0.000702039057012,
        -0.000481952337322,
        1.52422251585e-09
    ],
    "metadata_version": 1,
    "spec_revisions": "InitialCommit-30836-gf3a46ee",
    "spells_revision": "f3a46eeb4445f3fafcae9438518ab49d75d2b4df",
    "com_parameters": {
        "space_translation": [
            -0.00141504549,
            -0.00211842179,
            -4.84096331e-07
        ],
        "boost_velocity": [
            4.23184492e-07,
            1.23211313e-06,
            9.25876938e-10
        ]
    },
    "initial_mass_ratio": 0.9999999993263209
}