{
    "simulation_name": "0275/Lev4",
    "alternative_names": [
        "BFI:RerunAlignedCatalog:0275",
        "SXS:BBH:2147"
    ],
    "initial_data_type": "BBH_SKS",
    "object_types": "BHBH",
    "number_of_orbits": 22.4580073666,
    "reference_mass_ratio": 2.999958242761949,
    "reference_chi_eff": -0.15004371341769443,
    "reference_chi1_perp": 8.952874087144043e-08,
    "reference_chi2_perp": 1.8798594752985632e-07,
    "reference_eccentricity": 0.000113,
    "reference_dimensionless_spin1": [
        7.96567136253e-08,
        4.08262864092e-08,
        -7.34941479086e-05
    ],
    "reference_dimensionless_spin2": [
        -2.57744165405e-08,
        6.65507304409e-08,
        -0.599948108885
    ],
    "reference_orbital_frequency": [
        3.36011417238e-09,
        2.37520176315e-09,
        0.0156832894692
    ],
    "reference_mass1": 0.749993690745,
    "reference_mass2": 0.250001376704,
    "reference_time": 450.0,
    "reference_position1": [
        2.99458452498,
        2.50507988194,
        3.35672456527e-05
    ],
    "reference_position2": [
        -8.98461180621,
        -7.62683596458,
        3.76682228026e-05
    ],
    "reference_mean_anomaly": 0.509858,
    "keywords": [],
    "point_of_contact_email": "serguei.ossokine@aei.mpg.de",
    "authors_emails": [],
    "simulation_bibtex_keys": [
        "Chu:2015kft",
        "Boyle:2019kee",
        "SXSCatalogWebsite"
    ],
    "code_bibtex_keys": [
        "Ossokine:2013zga",
        "Hemberger:2012jz",
        "Szilagyi:2009qz",
        "Boyle:2009vi",
        "Scheel:2008rj",
        "Boyle:2007ft",
        "Scheel:2006gg",
        "Lindblom:2005qh",
        "Pfeiffer:2002wt",
        "SpECwebsite"
    ],
    "initial_data_bibtex_keys": [
        "Buchman:2012dw",
        "Lovelace:2008tw",
        "Pfeiffer:2007yz",
        "Caudill:2006hw",
        "Cook:2004kt"
    ],
    "quasicircular_bibtex_keys": [
        "Mroue:2012kv",
        "Buonanno:2010yk",
        "Mroue:2010re",
        "Boyle:2007ft"
    ],
    "initial_separation": 15.377142213,
    "initial_orbital_frequency": 0.015137779736,
    "initial_adot": -0.0001246420002712,
    "object1": "bh",
    "object2": "bh",
    "initial_ADM_energy": 0.994625728841221,
    "initial_ADM_linear_momentum": [
        2.2545929e-08,
        8.7684486e-09,
        1.56698e-11
    ],
    "initial_ADM_angular_momentum": [
        3.09845e-11,
        -1.030886e-10,
        0.8033368450109499
    ],
    "initial_mass1": 0.7499999988667436,
    "initial_mass2": 0.2499999873484539,
    "initial_dimensionless_spin1": [
        1.125332e-10,
        -3.322604e-10,
        1.972788082e-07
    ],
    "initial_dimensionless_spin2": [
        1.4911e-12,
        3.086e-13,
        -0.5999999599593244
    ],
    "initial_position1": [
        3.8467781963927066,
        0.0262435798193196,
        2.54163205e-08
    ],
    "initial_position2": [
        -11.530364016607294,
        0.0262435798193196,
        2.54163205e-08
    ],
    "relaxation_time": 450.0,
    "common_horizon_time": 6223.36374197,
    "remnant_mass": 0.972666473291,
    "remnant_dimensionless_spin": [
        2.55498170031e-07,
        9.36298716e-08,
        0.521324681836
    ],
    "remnant_velocity": [
        0.000172373362112,
        0.000522061589208,
        2.52298045606e-07
    ],
    "metadata_version": 1,
    "spec_revisions": "InitialCommit-30836-gf3a46ee",
    "spells_revision": "f3a46eeb4445f3fafcae9438518ab49d75d2b4df",
    "com_parameters": {
        "space_translation": [
            0.00758389764,
            -0.00782059962,
            -8.66861374e-05
        ],
        "boost_velocity": [
            -9.77418998e-06,
            2.27933234e-05,
            2.53054432e-07
        ]
    },
    "initial_mass_ratio": 3.000000147285535
}