{
    "simulation_name": "0241/Lev4",
    "alternative_names": [
        "BFI:RerunAlignedCatalog:0241",
        "SXS:BBH:2115"
    ],
    "initial_data_type": "BBH_SKS",
    "object_types": "BHBH",
    "number_of_orbits": 22.8554612653,
    "reference_mass_ratio": 1.9999202532837863,
    "reference_chi_eff": -0.20000847516110223,
    "reference_chi1_perp": 5.410743035056034e-08,
    "reference_chi2_perp": 3.7251137169017214e-08,
    "reference_eccentricity": 5.98e-05,
    "reference_dimensionless_spin1": [
        2.54316538135e-08,
        -4.0532941351e-08,
        -0.300023644158
    ],
    "reference_dimensionless_spin2": [
        2.63277314689e-08,
        -2.63536100342e-08,
        1.38869513916e-05
    ],
    "reference_orbital_frequency": [
        -1.03391628567e-10,
        -3.93823016509e-10,
        0.0141902267398
    ],
    "reference_mass1": 0.666633043972,
    "reference_mass2": 0.333329812965,
    "reference_time": 480.0,
    "reference_position1": [
        5.03992582869,
        2.45078454539,
        -2.24277029022e-07
    ],
    "reference_position2": [
        -10.0524635083,
        -4.96248973585,
        -5.39983383425e-07
    ],
    "reference_mean_anomaly": 0.082354,
    "keywords": [],
    "point_of_contact_email": "harald.pfeiffer@aei.mpg.de",
    "authors_emails": [],
    "simulation_bibtex_keys": [
        "Chu:2015kft",
        "Boyle:2019kee",
        "SXSCatalogWebsite"
    ],
    "code_bibtex_keys": [
        "Ossokine:2013zga",
        "Hemberger:2012jz",
        "Szilagyi:2009qz",
        "Boyle:2009vi",
        "Scheel:2008rj",
        "Boyle:2007ft",
        "Scheel:2006gg",
        "Lindblom:2005qh",
        "Pfeiffer:2002wt",
        "SpECwebsite"
    ],
    "initial_data_bibtex_keys": [
        "Buchman:2012dw",
        "Lovelace:2008tw",
        "Pfeiffer:2007yz",
        "Caudill:2006hw",
        "Cook:2004kt"
    ],
    "quasicircular_bibtex_keys": [
        "Mroue:2012kv",
        "Buonanno:2010yk",
        "Mroue:2010re",
        "Boyle:2007ft"
    ],
    "initial_separation": 16.5023084726,
    "initial_orbital_frequency": 0.013861073088,
    "initial_adot": -3.22844079027e-05,
    "object1": "bh",
    "object2": "bh",
    "initial_ADM_energy": 0.994002702189736,
    "initial_ADM_linear_momentum": [
        -2.2433658e-09,
        1.8065037e-09,
        1.212e-12
    ],
    "initial_ADM_angular_momentum": [
        -2.4942e-12,
        1.71554e-11,
        0.8918145442344042
    ],
    "initial_mass1": 0.6666666655287526,
    "initial_mass2": 0.3333333319481279,
    "initial_dimensionless_spin1": [
        4.84e-14,
        -4.3e-14,
        -0.2999999981094614
    ],
    "initial_dimensionless_spin2": [
        1.673e-13,
        1.8657e-12,
        -2.44540695e-08
    ],
    "initial_position1": [
        5.516970859437907,
        0.0215499486123708,
        2.3372205e-09
    ],
    "initial_position2": [
        -10.985337613162091,
        0.0215499486123708,
        2.3372205e-09
    ],
    "relaxation_time": 480.0,
    "common_horizon_time": 6948.62154003,
    "remnant_mass": 0.965819215227,
    "remnant_dimensionless_spin": [
        7.69092486121e-09,
        -3.37147951397e-08,
        0.526305956482
    ],
    "remnant_velocity": [
        -0.000405377749415,
        -0.000626307523061,
        6.77967197634e-10
    ],
    "metadata_version": 1,
    "spec_revisions": "InitialCommit-30836-gf3a46ee",
    "spells_revision": "f3a46eeb4445f3fafcae9438518ab49d75d2b4df",
    "com_parameters": {
        "space_translation": [
            -0.00029545113,
            -0.000552111588,
            -7.67024592e-07
        ],
        "boost_velocity": [
            -2.23866476e-06,
            1.28592339e-05,
            1.29636242e-09
        ]
    },
    "initial_mass_ratio": 2.0000000048974904
}