{
    "simulation_name": "0281/Lev4",
    "alternative_names": [
        "BFI:RerunAlignedCatalog:0281",
        "SXS:BBH:2153"
    ],
    "initial_data_type": "BBH_SKS",
    "object_types": "BHBH",
    "number_of_orbits": 23.9098036013,
    "reference_mass_ratio": 2.9998991075628783,
    "reference_chi_eff": 0.14994266245210294,
    "reference_chi1_perp": 7.741101393450469e-08,
    "reference_chi2_perp": 7.16221565376306e-08,
    "reference_eccentricity": 9.85e-05,
    "reference_dimensionless_spin1": [
        -8.77197741723e-08,
        -5.25089009509e-08,
        0.29994743038
    ],
    "reference_dimensionless_spin2": [
        -4.0985854672e-08,
        5.711018696e-09,
        -0.300056506985
    ],
    "reference_orbital_frequency": [
        -1.63139578335e-09,
        -2.39241720573e-11,
        0.0160798246751
    ],
    "reference_mass1": 0.74995654183,
    "reference_mass2": 0.249993921442,
    "reference_time": 410.0,
    "reference_position1": [
        3.70406039249,
        0.930004828445,
        -1.5312590125e-05
    ],
    "reference_position2": [
        -11.1932810874,
        -2.89431564555,
        -1.68297057818e-05
    ],
    "reference_mean_anomaly": 0.976436,
    "keywords": [],
    "point_of_contact_email": "serguei.ossokine@aei.mpg.de",
    "authors_emails": [],
    "simulation_bibtex_keys": [
        "Chu:2015kft",
        "Boyle:2019kee",
        "SXSCatalogWebsite"
    ],
    "code_bibtex_keys": [
        "Ossokine:2013zga",
        "Hemberger:2012jz",
        "Szilagyi:2009qz",
        "Boyle:2009vi",
        "Scheel:2008rj",
        "Boyle:2007ft",
        "Scheel:2006gg",
        "Lindblom:2005qh",
        "Pfeiffer:2002wt",
        "SpECwebsite"
    ],
    "initial_data_bibtex_keys": [
        "Buchman:2012dw",
        "Lovelace:2008tw",
        "Pfeiffer:2007yz",
        "Caudill:2006hw",
        "Cook:2004kt"
    ],
    "quasicircular_bibtex_keys": [
        "Mroue:2012kv",
        "Buonanno:2010yk",
        "Mroue:2010re",
        "Boyle:2007ft"
    ],
    "initial_separation": 15.0322779412,
    "initial_orbital_frequency": 0.015693908492,
    "initial_adot": -3.68235031016e-05,
    "object1": "bh",
    "object2": "bh",
    "initial_ADM_energy": 0.9944471296553721,
    "initial_ADM_linear_momentum": [
        4.03730538e-08,
        1.757052e-08,
        8.239e-13
    ],
    "initial_ADM_angular_momentum": [
        3.07187e-11,
        -1.28467e-11,
        0.9731995003427176
    ],
    "initial_mass1": 0.7500000007156458,
    "initial_mass2": 0.2499999990894035,
    "initial_dimensionless_spin1": [
        -4.2e-14,
        2.38e-14,
        0.3000000033762147
    ],
    "initial_dimensionless_spin2": [
        6.7e-14,
        2.1e-15,
        -0.29999998673864
    ],
    "initial_position1": [
        3.7544725719429968,
        0.0265706473952042,
        1.42285075e-08
    ],
    "initial_position2": [
        -11.277805369257003,
        0.0265706473952042,
        1.42285075e-08
    ],
    "relaxation_time": 410.0,
    "common_horizon_time": 6303.5000508,
    "remnant_mass": 0.966646101908,
    "remnant_dimensionless_spin": [
        -1.60967965246e-07,
        -1.36545012818e-08,
        0.661903246063
    ],
    "remnant_velocity": [
        -0.00019000952985,
        -0.000293272478077,
        -9.55362146695e-08
    ],
    "metadata_version": 1,
    "spec_revisions": "InitialCommit-30836-gf3a46ee",
    "spells_revision": "f3a46eeb4445f3fafcae9438518ab49d75d2b4df",
    "com_parameters": {
        "space_translation": [
            0.0027053791,
            -0.0134027512,
            2.14963615e-05
        ],
        "boost_velocity": [
            -9.39516894e-06,
            1.99206312e-05,
            -9.10476062e-08
        ]
    },
    "initial_mass_ratio": 3.000000013789741
}