{
    "simulation_name": "0280/Lev4",
    "alternative_names": [
        "BFI:RerunAlignedCatalog:0280",
        "SXS:BBH:2152"
    ],
    "initial_data_type": "BBH_SKS",
    "object_types": "BHBH",
    "number_of_orbits": 24.0285128716,
    "reference_mass_ratio": 2.999385890179759,
    "reference_chi_eff": 0.4139545275731531,
    "reference_chi1_perp": 1.2208013030261617e-07,
    "reference_chi2_perp": 5.376642552221128e-08,
    "reference_eccentricity": 3.32e-05,
    "reference_dimensionless_spin1": [
        -9.25693971543e-08,
        -1.02096051665e-07,
        0.268691413956
    ],
    "reference_dimensionless_spin2": [
        -1.28702313033e-08,
        -3.38769930184e-09,
        0.84965466092
    ],
    "reference_orbital_frequency": [
        -2.50389086326e-10,
        -1.13031151141e-09,
        0.0168033593332
    ],
    "reference_mass1": 0.750018276046,
    "reference_mass2": 0.250057279559,
    "reference_time": 510.0,
    "reference_position1": [
        -2.08019989787,
        3.06982240771,
        -2.65269998123e-06
    ],
    "reference_position2": [
        6.3563574828,
        -9.21147613617,
        -3.3531117853e-06
    ],
    "reference_mean_anomaly": 5.943632,
    "keywords": [],
    "point_of_contact_email": "serguei.ossokine@aei.mpg.de",
    "authors_emails": [],
    "simulation_bibtex_keys": [
        "Chu:2015kft",
        "Boyle:2019kee",
        "SXSCatalogWebsite"
    ],
    "code_bibtex_keys": [
        "Ossokine:2013zga",
        "Hemberger:2012jz",
        "Szilagyi:2009qz",
        "Boyle:2009vi",
        "Scheel:2008rj",
        "Boyle:2007ft",
        "Scheel:2006gg",
        "Lindblom:2005qh",
        "Pfeiffer:2002wt",
        "SpECwebsite"
    ],
    "initial_data_bibtex_keys": [
        "Buchman:2012dw",
        "Lovelace:2008tw",
        "Pfeiffer:2007yz",
        "Caudill:2006hw",
        "Cook:2004kt"
    ],
    "quasicircular_bibtex_keys": [
        "Mroue:2012kv",
        "Buonanno:2010yk",
        "Mroue:2010re",
        "Boyle:2007ft"
    ],
    "initial_separation": 14.5959570236,
    "initial_orbital_frequency": 0.015677667755,
    "initial_adot": 0.0003904044692774,
    "object1": "bh",
    "object2": "bh",
    "initial_ADM_energy": 0.9943299963146367,
    "initial_ADM_linear_momentum": [
        3.19520937e-08,
        6.92686291e-08,
        -2.18526e-11
    ],
    "initial_ADM_angular_momentum": [
        -1.4598e-11,
        -1.4024e-12,
        1.0110095531177683
    ],
    "initial_mass1": 0.7499999682428286,
    "initial_mass2": 0.2499999031913991,
    "initial_dimensionless_spin1": [
        1.611e-13,
        -1.3824e-12,
        0.2686800138152235
    ],
    "initial_dimensionless_spin2": [
        -4.8051e-12,
        3.8115e-12,
        0.8499999737402677
    ],
    "initial_position1": [
        3.6593534704738246,
        0.0263580867234801,
        -2.6678836e-09
    ],
    "initial_position2": [
        -10.936603553126176,
        0.0263580867234801,
        -2.6678836e-09
    ],
    "relaxation_time": 510.0,
    "common_horizon_time": 6028.25705353,
    "remnant_mass": 0.963469199644,
    "remnant_dimensionless_spin": [
        -3.97434496869e-08,
        -8.88942143549e-08,
        0.681799890966
    ],
    "remnant_velocity": [
        0.000284237223551,
        -0.000353812100212,
        2.60224765812e-08
    ],
    "metadata_version": 1,
    "spec_revisions": "InitialCommit-30836-gf3a46ee",
    "spells_revision": "f3a46eeb4445f3fafcae9438518ab49d75d2b4df",
    "com_parameters": {
        "space_translation": [
            0.00444029459,
            -0.00348029524,
            -2.29493759e-05
        ],
        "boost_velocity": [
            -1.34809691e-05,
            -2.77623571e-06,
            2.941553e-08
        ]
    },
    "initial_mass_ratio": 3.0000010346749257
}