{
    "simulation_name": "0243/Lev4",
    "alternative_names": [
        "BFI:RerunAlignedCatalog:0243",
        "SXS:BBH:2117"
    ],
    "initial_data_type": "BBH_SKS",
    "object_types": "BHBH",
    "number_of_orbits": 23.317691016,
    "reference_mass_ratio": 1.999641169101154,
    "reference_chi_eff": -0.3690214804786546,
    "reference_chi1_perp": 1.1627592650704356e-07,
    "reference_chi2_perp": 1.4976310825844742e-07,
    "reference_eccentricity": 0.0001189,
    "reference_dimensionless_spin1": [
        6.79189258924e-08,
        -8.7531223414e-08,
        -0.128687213665
    ],
    "reference_dimensionless_spin2": [
        4.97225723811e-08,
        -3.447655409e-08,
        -0.849603774745
    ],
    "reference_orbital_frequency": [
        -1.62602766191e-09,
        -1.72166267438e-09,
        0.0137455965426
    ],
    "reference_mass1": 0.666667689795,
    "reference_mass2": 0.333393660871,
    "reference_time": 500.0,
    "reference_position1": [
        4.97682198122,
        2.81036834055,
        -8.51850775142e-06
    ],
    "reference_position2": [
        -9.98500090784,
        -5.70215494744,
        -1.13546183108e-05
    ],
    "reference_mean_anomaly": 6.070417,
    "keywords": [],
    "point_of_contact_email": "harald.pfeiffer@aei.mpg.de",
    "authors_emails": [],
    "simulation_bibtex_keys": [
        "Chu:2015kft",
        "Boyle:2019kee",
        "SXSCatalogWebsite"
    ],
    "code_bibtex_keys": [
        "Ossokine:2013zga",
        "Hemberger:2012jz",
        "Szilagyi:2009qz",
        "Boyle:2009vi",
        "Scheel:2008rj",
        "Boyle:2007ft",
        "Scheel:2006gg",
        "Lindblom:2005qh",
        "Pfeiffer:2002wt",
        "SpECwebsite"
    ],
    "initial_data_bibtex_keys": [
        "Buchman:2012dw",
        "Lovelace:2008tw",
        "Pfeiffer:2007yz",
        "Caudill:2006hw",
        "Cook:2004kt"
    ],
    "quasicircular_bibtex_keys": [
        "Mroue:2012kv",
        "Buonanno:2010yk",
        "Mroue:2010re",
        "Boyle:2007ft"
    ],
    "initial_separation": 16.9105171532,
    "initial_orbital_frequency": 0.013013806849,
    "initial_adot": -0.0002453868161845,
    "object1": "bh",
    "object2": "bh",
    "initial_ADM_energy": 0.9942154494001303,
    "initial_ADM_linear_momentum": [
        1.72183994e-08,
        -8.83856007e-08,
        1.46929e-11
    ],
    "initial_ADM_angular_momentum": [
        -6.88819e-11,
        6.5424e-11,
        0.8883466748543127
    ],
    "initial_mass1": 0.6666666874899441,
    "initial_mass2": 0.3333333860768926,
    "initial_dimensionless_spin1": [
        6.5e-14,
        1.246e-13,
        -0.1286539983799737
    ],
    "initial_dimensionless_spin2": [
        1.0745e-12,
        1.545e-13,
        -0.849999968794421
    ],
    "initial_position1": [
        5.633167802692745,
        0.0191114367391563,
        -2.9244207e-09
    ],
    "initial_position2": [
        -11.277349350507254,
        0.0191114367391563,
        -2.9244207e-09
    ],
    "relaxation_time": 500.0,
    "common_horizon_time": 7355.6334546,
    "remnant_mass": 0.966960030293,
    "remnant_dimensionless_spin": [
        -4.34666540448e-08,
        -1.06477544182e-07,
        0.529211169427
    ],
    "remnant_velocity": [
        0.000451707612402,
        4.79396723282e-05,
        -4.11981728727e-08
    ],
    "metadata_version": 1,
    "spec_revisions": "InitialCommit-30836-gf3a46ee",
    "spells_revision": "f3a46eeb4445f3fafcae9438518ab49d75d2b4df",
    "com_parameters": {
        "space_translation": [
            0.000196278525,
            -0.00023052153,
            1.2194761e-05
        ],
        "boost_velocity": [
            1.63556946e-06,
            -3.42236789e-07,
            -3.86418102e-08
        ]
    },
    "initial_mass_ratio": 1.9999997460085166
}