{
    "simulation_name": "0215/Lev4",
    "alternative_names": [
        "BFI:RerunAlignedCatalog:0215",
        "SXS:BBH:2089"
    ],
    "initial_data_type": "BBH_SKS",
    "object_types": "BHBH",
    "number_of_orbits": 25.7711444509,
    "reference_mass_ratio": 1.000000013141863,
    "reference_chi_eff": -0.5999718106574999,
    "reference_chi1_perp": 5.507658226820983e-09,
    "reference_chi2_perp": 5.9656681167747906e-09,
    "reference_eccentricity": 0.0001182,
    "reference_dimensionless_spin1": [
        3.01388821089e-09,
        4.65226954932e-09,
        -0.599971830692
    ],
    "reference_dimensionless_spin2": [
        -3.56500786402e-09,
        -4.74713931546e-09,
        -0.599971790623
    ],
    "reference_orbital_frequency": [
        3.527923506e-12,
        -3.25057598893e-12,
        0.0119497533899
    ],
    "reference_mass1": 0.500005226163,
    "reference_mass2": 0.500005219592,
    "reference_time": 640.0,
    "reference_position1": [
        2.7258731274,
        9.07454350747,
        -2.97415751523e-07
    ],
    "reference_position2": [
        -2.72589224563,
        -9.07453667897,
        -3.00743146806e-07
    ],
    "reference_mean_anomaly": 1.423057,
    "keywords": [],
    "point_of_contact_email": "nils.fischer@aei.mpg.de",
    "authors_emails": [],
    "simulation_bibtex_keys": [
        "Chu:2015kft",
        "Boyle:2019kee",
        "SXSCatalogWebsite"
    ],
    "code_bibtex_keys": [
        "Ossokine:2013zga",
        "Hemberger:2012jz",
        "Szilagyi:2009qz",
        "Boyle:2009vi",
        "Scheel:2008rj",
        "Boyle:2007ft",
        "Scheel:2006gg",
        "Lindblom:2005qh",
        "Pfeiffer:2002wt",
        "SpECwebsite"
    ],
    "initial_data_bibtex_keys": [
        "Buchman:2012dw",
        "Lovelace:2008tw",
        "Pfeiffer:2007yz",
        "Caudill:2006hw",
        "Cook:2004kt"
    ],
    "quasicircular_bibtex_keys": [
        "Mroue:2012kv",
        "Buonanno:2010yk",
        "Mroue:2010re",
        "Boyle:2007ft"
    ],
    "initial_separation": 18.6938426084,
    "initial_orbital_frequency": 0.011477193807,
    "initial_adot": -0.0001264831574804,
    "object1": "bh",
    "object2": "bh",
    "initial_ADM_energy": 0.9940262267227407,
    "initial_ADM_linear_momentum": [
        -1.42852068e-08,
        5.411057e-09,
        1.9778e-12
    ],
    "initial_ADM_angular_momentum": [
        1.23869e-11,
        -6.9107e-12,
        0.9232060608242545
    ],
    "initial_mass1": 0.5000000052358413,
    "initial_mass2": 0.4999999980136902,
    "initial_dimensionless_spin1": [
        -6.207e-13,
        -1.359e-13,
        -0.6000000186398226
    ],
    "initial_dimensionless_spin2": [
        7.238e-13,
        1.552e-13,
        -0.5999999805016365
    ],
    "initial_position1": [
        9.34692071066317,
        5.92319131e-08,
        2.869545e-10
    ],
    "initial_position2": [
        -9.34692189773683,
        5.92319131e-08,
        2.869545e-10
    ],
    "relaxation_time": 640.0,
    "common_horizon_time": 9375.81849464,
    "remnant_mass": 0.963747238755,
    "remnant_dimensionless_spin": [
        4.02232747399e-10,
        -5.48828234539e-10,
        0.494212181744
    ],
    "remnant_velocity": [
        -1.40480178051e-08,
        5.01483798804e-09,
        -1.40490473052e-09
    ],
    "metadata_version": 1,
    "spec_revisions": "InitialCommit-30836-gf3a46ee",
    "spells_revision": "f3a46eeb4445f3fafcae9438518ab49d75d2b4df",
    "com_parameters": {
        "space_translation": [
            -8.25313943e-07,
            7.36201519e-07,
            1.43075602e-06
        ],
        "boost_velocity": [
            -1.39615783e-08,
            5.03119603e-09,
            -1.17055985e-09
        ]
    },
    "initial_mass_ratio": 1.0000000144443022
}