{
    "simulation_name": "0263/Lev4",
    "alternative_names": [
        "BFI:RerunAlignedCatalog:0263",
        "SXS:BBH:2135"
    ],
    "initial_data_type": "BBH_SKS",
    "object_types": "BHBH",
    "number_of_orbits": 21.9891826395,
    "reference_mass_ratio": 2.9996127998289053,
    "reference_chi_eff": -0.3000079138049908,
    "reference_chi1_perp": 1.9401024479513536e-07,
    "reference_chi2_perp": 1.1735716906763898e-08,
    "reference_eccentricity": 0.0001234,
    "reference_dimensionless_spin1": [
        2.81149279653e-08,
        -1.53533397548e-07,
        -0.600007504898
    ],
    "reference_dimensionless_spin2": [
        -4.90057329826e-08,
        -5.05469284448e-08,
        0.599874699581
    ],
    "reference_orbital_frequency": [
        -1.11572918629e-09,
        -1.00181179103e-09,
        0.0151034331047
    ],
    "reference_mass1": 0.749961187485,
    "reference_mass2": 0.250019331671,
    "reference_time": 470.0,
    "reference_position1": [
        2.98923951837,
        2.712298346,
        -6.78676993095e-06
    ],
    "reference_position2": [
        -8.83081551845,
        -8.21670581282,
        -8.38486921416e-06
    ],
    "reference_mean_anomaly": 3.605989,
    "keywords": [],
    "point_of_contact_email": "hannes.rueter@aei.mpg.de",
    "authors_emails": [],
    "simulation_bibtex_keys": [
        "Chu:2015kft",
        "Boyle:2019kee",
        "SXSCatalogWebsite"
    ],
    "code_bibtex_keys": [
        "Ossokine:2013zga",
        "Hemberger:2012jz",
        "Szilagyi:2009qz",
        "Boyle:2009vi",
        "Scheel:2008rj",
        "Boyle:2007ft",
        "Scheel:2006gg",
        "Lindblom:2005qh",
        "Pfeiffer:2002wt",
        "SpECwebsite"
    ],
    "initial_data_bibtex_keys": [
        "Buchman:2012dw",
        "Lovelace:2008tw",
        "Pfeiffer:2007yz",
        "Caudill:2006hw",
        "Cook:2004kt"
    ],
    "quasicircular_bibtex_keys": [
        "Mroue:2012kv",
        "Buonanno:2010yk",
        "Mroue:2010re",
        "Boyle:2007ft"
    ],
    "initial_separation": 15.7990044562,
    "initial_orbital_frequency": 0.014461930219,
    "initial_adot": 9.43342549865e-05,
    "object1": "bh",
    "object2": "bh",
    "initial_ADM_energy": 0.9948035332695145,
    "initial_ADM_linear_momentum": [
        -9.0577016e-09,
        -6.78684152e-08,
        -7.03099e-11
    ],
    "initial_ADM_angular_momentum": [
        -9.2782e-12,
        -5.5477e-12,
        0.5568772003973772
    ],
    "initial_mass1": 0.7500000075685185,
    "initial_mass2": 0.2500000000808635,
    "initial_dimensionless_spin1": [
        -4.121e-13,
        -4.83e-14,
        -0.6000000022380273
    ],
    "initial_dimensionless_spin2": [
        5.4e-13,
        -8.106e-13,
        0.5999999951965199
    ],
    "initial_position1": [
        3.984298948712671,
        0.0294908179233275,
        -3.20491779e-08
    ],
    "initial_position2": [
        -11.814705507487329,
        0.0294908179233275,
        -3.20491779e-08
    ],
    "relaxation_time": 470.0,
    "common_horizon_time": 6435.21973904,
    "remnant_mass": 0.977060525696,
    "remnant_dimensionless_spin": [
        -2.51826759922e-08,
        -5.82247482593e-08,
        0.291161660323
    ],
    "remnant_velocity": [
        -3.50441079821e-05,
        -0.00102126310299,
        -4.21077976081e-08
    ],
    "metadata_version": 1,
    "spec_revisions": "InitialCommit-30836-gf3a46ee",
    "spells_revision": "f3a46eeb4445f3fafcae9438518ab49d75d2b4df",
    "com_parameters": {
        "space_translation": [
            -0.00399277532,
            0.0047526616,
            1.44537866e-05
        ],
        "boost_velocity": [
            6.85280178e-06,
            -2.68965048e-06,
            -3.30872428e-08
        ]
    },
    "initial_mass_ratio": 3.000000029303712
}