{
    "simulation_name": "0211/Lev4",
    "alternative_names": [
        "BFI:RerunAlignedCatalog:0211",
        "SXS:BBH:2085"
    ],
    "initial_data_type": "BBH_SKS",
    "object_types": "BHBH",
    "number_of_orbits": 22.2641341991,
    "reference_mass_ratio": 1.0000036435994668,
    "reference_chi_eff": 5.4959604141845505e-05,
    "reference_chi1_perp": 2.1164246541911594e-09,
    "reference_chi2_perp": 1.1964408418561423e-09,
    "reference_eccentricity": 8.26e-05,
    "reference_dimensionless_spin1": [
        1.00397783129e-09,
        -4.47051903232e-10,
        -0.899630844556
    ],
    "reference_dimensionless_spin2": [
        -8.84081518165e-11,
        3.78074161123e-11,
        0.899744041859
    ],
    "reference_orbital_frequency": [
        9.32244684538e-12,
        -1.51550842434e-11,
        0.0143368811337
    ],
    "reference_mass1": 0.50007764453,
    "reference_mass2": 0.500075822454,
    "reference_time": 640.0,
    "reference_position1": [
        -7.73383453956,
        3.32965919424,
        1.2153508302e-07
    ],
    "reference_position2": [
        7.67103593045,
        -3.25372816146,
        1.04559084277e-07
    ],
    "reference_mean_anomaly": 0.997728,
    "keywords": [],
    "point_of_contact_email": "nils.fischer@aei.mpg.de",
    "authors_emails": [],
    "simulation_bibtex_keys": [
        "Chu:2015kft",
        "Boyle:2019kee",
        "SXSCatalogWebsite"
    ],
    "code_bibtex_keys": [
        "Ossokine:2013zga",
        "Hemberger:2012jz",
        "Szilagyi:2009qz",
        "Boyle:2009vi",
        "Scheel:2008rj",
        "Boyle:2007ft",
        "Scheel:2006gg",
        "Lindblom:2005qh",
        "Pfeiffer:2002wt",
        "SpECwebsite"
    ],
    "initial_data_bibtex_keys": [
        "Buchman:2012dw",
        "Lovelace:2008tw",
        "Pfeiffer:2007yz",
        "Caudill:2006hw",
        "Cook:2004kt"
    ],
    "quasicircular_bibtex_keys": [
        "Mroue:2012kv",
        "Buonanno:2010yk",
        "Mroue:2010re",
        "Boyle:2007ft"
    ],
    "initial_separation": 16.4991273946,
    "initial_orbital_frequency": 0.013022858605,
    "initial_adot": 2.45623215893e-05,
    "object1": "bh",
    "object2": "bh",
    "initial_ADM_energy": 0.993353661646382,
    "initial_ADM_linear_momentum": [
        -4.7934441e-09,
        -3.24393471e-08,
        -2.442e-13
    ],
    "initial_ADM_angular_momentum": [
        -4.433e-13,
        9.097e-13,
        1.1440380038179598
    ],
    "initial_mass1": 0.5000000123444472,
    "initial_mass2": 0.5000000843399238,
    "initial_dimensionless_spin1": [
        1.786e-13,
        8.63e-14,
        -0.9000001081344796
    ],
    "initial_dimensionless_spin2": [
        -4.6e-14,
        9.45e-14,
        0.8999999813537367
    ],
    "initial_position1": [
        8.301646469686087,
        0.0012603852693781,
        -9.623702e-10
    ],
    "initial_position2": [
        -8.197480924913911,
        0.0012603852693781,
        -9.623702e-10
    ],
    "relaxation_time": 640.0,
    "common_horizon_time": 6623.9999179,
    "remnant_mass": 0.951102476671,
    "remnant_dimensionless_spin": [
        5.9417690352e-10,
        -7.76022731593e-10,
        0.683526559245
    ],
    "remnant_velocity": [
        0.0005483392925,
        0.00126895132991,
        2.80072414778e-10
    ],
    "metadata_version": 1,
    "spec_revisions": "InitialCommit-30836-gf3a46ee",
    "spells_revision": "f3a46eeb4445f3fafcae9438518ab49d75d2b4df",
    "com_parameters": {
        "space_translation": [
            -0.003425215,
            -0.00246159966,
            -1.75144409e-07
        ],
        "boost_velocity": [
            1.40217124e-06,
            -5.76334011e-07,
            3.15939669e-10
        ]
    },
    "initial_mass_ratio": 0.9999998560090712
}