{
    "simulation_name": "0277/Lev4",
    "alternative_names": [
        "BFI:RerunAlignedCatalog:0277",
        "SXS:BBH:2149"
    ],
    "initial_data_type": "BBH_SKS",
    "object_types": "BHBH",
    "number_of_orbits": 22.7418721039,
    "reference_mass_ratio": 3.0000537320096985,
    "reference_chi_eff": 0.0750049907699279,
    "reference_chi1_perp": 2.577088437253944e-08,
    "reference_chi2_perp": 4.05979001630855e-08,
    "reference_eccentricity": 7.8e-05,
    "reference_dimensionless_spin1": [
        1.45305371582e-08,
        2.12839041402e-08,
        -4.0481352936e-06
    ],
    "reference_dimensionless_spin2": [
        -6.72158207387e-09,
        3.49415961221e-08,
        0.300036137872
    ],
    "reference_orbital_frequency": [
        3.5428539458e-11,
        -2.69875002931e-10,
        0.0162570954208
    ],
    "reference_mass1": 0.749999953386,
    "reference_mass2": 0.249995506875,
    "reference_time": 560.0,
    "reference_position1": [
        -3.41236701774,
        1.69016834601,
        -9.28098144759e-06
    ],
    "reference_position2": [
        10.3280614583,
        -4.98864117047,
        -9.42179670339e-06
    ],
    "reference_mean_anomaly": 5.455186,
    "keywords": [],
    "point_of_contact_email": "serguei.ossokine@aei.mpg.de",
    "authors_emails": [],
    "simulation_bibtex_keys": [
        "Chu:2015kft",
        "Boyle:2019kee",
        "SXSCatalogWebsite"
    ],
    "code_bibtex_keys": [
        "Ossokine:2013zga",
        "Hemberger:2012jz",
        "Szilagyi:2009qz",
        "Boyle:2009vi",
        "Scheel:2008rj",
        "Boyle:2007ft",
        "Scheel:2006gg",
        "Lindblom:2005qh",
        "Pfeiffer:2002wt",
        "SpECwebsite"
    ],
    "initial_data_bibtex_keys": [
        "Buchman:2012dw",
        "Lovelace:2008tw",
        "Pfeiffer:2007yz",
        "Caudill:2006hw",
        "Cook:2004kt"
    ],
    "quasicircular_bibtex_keys": [
        "Mroue:2012kv",
        "Buonanno:2010yk",
        "Mroue:2010re",
        "Boyle:2007ft"
    ],
    "initial_separation": 15.0250237262,
    "initial_orbital_frequency": 0.015697340931,
    "initial_adot": 3.84350074012e-05,
    "object1": "bh",
    "object2": "bh",
    "initial_ADM_energy": 0.9944696581321901,
    "initial_ADM_linear_momentum": [
        5.7803086e-09,
        -2.86211106e-08,
        -5.712e-13
    ],
    "initial_ADM_angular_momentum": [
        -1.91792e-11,
        3.7501e-12,
        0.8457315206165004
    ],
    "initial_mass1": 0.7499999967945636,
    "initial_mass2": 0.2500000002445781,
    "initial_dimensionless_spin1": [
        -1.72161e-11,
        -9.2441e-12,
        -1.131795147e-07
    ],
    "initial_dimensionless_spin2": [
        -2.01e-14,
        -3.213e-13,
        0.3000000142430844
    ],
    "initial_position1": [
        3.768056134189202,
        0.0268199386605047,
        5.16679643e-08
    ],
    "initial_position2": [
        -11.256967592010799,
        0.0268199386605047,
        5.16679643e-08
    ],
    "relaxation_time": 560.0,
    "common_horizon_time": 6060.34036251,
    "remnant_mass": 0.970520144078,
    "remnant_dimensionless_spin": [
        4.52332623639e-09,
        5.69450480671e-09,
        0.549936208204
    ],
    "remnant_velocity": [
        -0.000613529141807,
        -8.58882593216e-05,
        -4.05357309572e-09
    ],
    "metadata_version": 1,
    "spec_revisions": "InitialCommit-30836-gf3a46ee",
    "spells_revision": "f3a46eeb4445f3fafcae9438518ab49d75d2b4df",
    "com_parameters": {
        "space_translation": [
            0.0044178533,
            -0.00381490041,
            -1.34765079e-05
        ],
        "boost_velocity": [
            -1.05447407e-05,
            6.64639223e-06,
            -2.70637656e-10
        ]
    },
    "initial_mass_ratio": 2.999999984243318
}