{
    "simulation_name": "0271/Lev4",
    "alternative_names": [
        "BFI:RerunAlignedCatalog:0271",
        "SXS:BBH:2143"
    ],
    "initial_data_type": "BBH_SKS",
    "object_types": "BHBH",
    "number_of_orbits": 22.2235966115,
    "reference_mass_ratio": 3.000068631810726,
    "reference_chi_eff": -0.22509907790896824,
    "reference_chi1_perp": 6.394679901501438e-08,
    "reference_chi2_perp": 4.380326673305392e-08,
    "reference_eccentricity": 2.42e-05,
    "reference_dimensionless_spin1": [
        1.72859337052e-08,
        3.8971145234e-08,
        -0.300108249055
    ],
    "reference_dimensionless_spin2": [
        2.70368877784e-09,
        4.3716597071e-08,
        -6.64164556496e-05
    ],
    "reference_orbital_frequency": [
        1.02765462684e-09,
        6.68389625838e-10,
        0.0154360473154
    ],
    "reference_mass1": 0.749987534795,
    "reference_mass2": 0.24999012584,
    "reference_time": 520.0,
    "reference_position1": [
        -0.269875622625,
        3.95074100029,
        4.79985823112e-06
    ],
    "reference_position2": [
        0.946102432841,
        -11.860163781,
        5.40352567691e-06
    ],
    "reference_mean_anomaly": 2.078927,
    "keywords": [],
    "point_of_contact_email": "hannes.rueter@aei.mpg.de",
    "authors_emails": [],
    "simulation_bibtex_keys": [
        "Chu:2015kft",
        "Boyle:2019kee",
        "SXSCatalogWebsite"
    ],
    "code_bibtex_keys": [
        "Ossokine:2013zga",
        "Hemberger:2012jz",
        "Szilagyi:2009qz",
        "Boyle:2009vi",
        "Scheel:2008rj",
        "Boyle:2007ft",
        "Scheel:2006gg",
        "Lindblom:2005qh",
        "Pfeiffer:2002wt",
        "SpECwebsite"
    ],
    "initial_data_bibtex_keys": [
        "Buchman:2012dw",
        "Lovelace:2008tw",
        "Pfeiffer:2007yz",
        "Caudill:2006hw",
        "Cook:2004kt"
    ],
    "quasicircular_bibtex_keys": [
        "Mroue:2012kv",
        "Buonanno:2010yk",
        "Mroue:2010re",
        "Boyle:2007ft"
    ],
    "initial_separation": 15.5920312912,
    "initial_orbital_frequency": 0.015023069721,
    "initial_adot": -2.86799031462e-05,
    "object1": "bh",
    "object2": "bh",
    "initial_ADM_energy": 0.9947007938842977,
    "initial_ADM_linear_momentum": [
        -2.40978583e-08,
        -1.44594531e-08,
        -1.2029e-12
    ],
    "initial_ADM_angular_momentum": [
        9.7525e-12,
        -4.601e-12,
        0.6802111519304618
    ],
    "initial_mass1": 0.7500000008368619,
    "initial_mass2": 0.2500000004449341,
    "initial_dimensionless_spin1": [
        -1.44e-14,
        4.74e-14,
        -0.3000000015255955
    ],
    "initial_dimensionless_spin2": [
        6.228e-13,
        7.997e-13,
        -1.68608973e-08
    ],
    "initial_position1": [
        3.916177655687498,
        0.0276928078960058,
        3.0146388e-09
    ],
    "initial_position2": [
        -11.675853635512501,
        0.0276928078960058,
        3.0146388e-09
    ],
    "relaxation_time": 520.0,
    "common_horizon_time": 6334.05102742,
    "remnant_mass": 0.975150588674,
    "remnant_dimensionless_spin": [
        5.90864700572e-08,
        3.92390620726e-08,
        0.406864552212
    ],
    "remnant_velocity": [
        0.000779500856361,
        -9.83430753273e-05,
        -6.20779317469e-09
    ],
    "metadata_version": 1,
    "spec_revisions": "InitialCommit-30836-gf3a46ee",
    "spells_revision": "f3a46eeb4445f3fafcae9438518ab49d75d2b4df",
    "com_parameters": {
        "space_translation": [
            -0.00622722901,
            0.00122134108,
            1.43601656e-05
        ],
        "boost_velocity": [
            1.16277936e-05,
            1.91531671e-06,
            -1.89702103e-09
        ]
    },
    "initial_mass_ratio": 2.9999999980082386
}