{
    "simulation_name": "0256/Lev4",
    "alternative_names": [
        "BFI:RerunAlignedCatalog:0256",
        "SXS:BBH:2130"
    ],
    "initial_data_type": "BBH_SKS",
    "object_types": "BHBH",
    "number_of_orbits": 23.7984672678,
    "reference_mass_ratio": 1.9999481305196651,
    "reference_chi_eff": 0.5999367826771267,
    "reference_chi1_perp": 2.1307929315254913e-07,
    "reference_chi2_perp": 1.893774008513169e-07,
    "reference_eccentricity": 0.0002069,
    "reference_dimensionless_spin1": [
        5.72428451197e-08,
        -1.81322235253e-07,
        0.600006121693
    ],
    "reference_dimensionless_spin2": [
        -5.03156881842e-08,
        -5.13243125514e-08,
        0.599798108242
    ],
    "reference_orbital_frequency": [
        -4.16519793075e-09,
        -5.6825573869e-09,
        0.0162385266237
    ],
    "reference_mass1": 0.666677879248,
    "reference_mass2": 0.333347584907,
    "reference_time": 560.0,
    "reference_position1": [
        -4.50631009717,
        2.33045775004,
        -3.50720205303e-05
    ],
    "reference_position2": [
        9.08205993157,
        -4.65289958582,
        -3.40303667951e-05
    ],
    "reference_mean_anomaly": 3.419475,
    "keywords": [],
    "point_of_contact_email": "hannes.rueter@aei.mpg.de",
    "authors_emails": [],
    "simulation_bibtex_keys": [
        "Chu:2015kft",
        "Boyle:2019kee",
        "SXSCatalogWebsite"
    ],
    "code_bibtex_keys": [
        "Ossokine:2013zga",
        "Hemberger:2012jz",
        "Szilagyi:2009qz",
        "Boyle:2009vi",
        "Scheel:2008rj",
        "Boyle:2007ft",
        "Scheel:2006gg",
        "Lindblom:2005qh",
        "Pfeiffer:2002wt",
        "SpECwebsite"
    ],
    "initial_data_bibtex_keys": [
        "Buchman:2012dw",
        "Lovelace:2008tw",
        "Pfeiffer:2007yz",
        "Caudill:2006hw",
        "Cook:2004kt"
    ],
    "quasicircular_bibtex_keys": [
        "Mroue:2012kv",
        "Buonanno:2010yk",
        "Mroue:2010re",
        "Boyle:2007ft"
    ],
    "initial_separation": 14.9965551654,
    "initial_orbital_frequency": 0.015375892694,
    "initial_adot": 0.0001796063958974,
    "object1": "bh",
    "object2": "bh",
    "initial_ADM_energy": 0.9933290361044782,
    "initial_ADM_linear_momentum": [
        1.66128371e-08,
        -1.48685382e-08,
        1.2495e-12
    ],
    "initial_ADM_angular_momentum": [
        -4.10935e-11,
        1.33939e-11,
        1.2913601408423592
    ],
    "initial_mass1": 0.6666666706990526,
    "initial_mass2": 0.333333340680037,
    "initial_dimensionless_spin1": [
        6.05e-14,
        -6.82e-14,
        0.599999981774697
    ],
    "initial_dimensionless_spin2": [
        -8.11e-14,
        1.592e-13,
        0.600000042822082
    ],
    "initial_position1": [
        4.995827552451603,
        0.0215673473368311,
        -9.844267e-09
    ],
    "initial_position2": [
        -10.000727612948397,
        0.0215673473368311,
        -9.844267e-09
    ],
    "relaxation_time": 560.0,
    "common_horizon_time": 6029.84857675,
    "remnant_mass": 0.939611779444,
    "remnant_dimensionless_spin": [
        -1.43552285485e-07,
        -2.87593856312e-07,
        0.838577660147
    ],
    "remnant_velocity": [
        -6.76086418773e-05,
        -0.000121886178867,
        -1.1657587648e-07
    ],
    "metadata_version": 1,
    "spec_revisions": "InitialCommit-30836-gf3a46ee",
    "spells_revision": "f3a46eeb4445f3fafcae9438518ab49d75d2b4df",
    "com_parameters": {
        "space_translation": [
            -0.00194484832,
            0.00283473631,
            3.10712035e-05
        ],
        "boost_velocity": [
            2.54844974e-06,
            -1.1835956e-05,
            -1.13510279e-07
        ]
    },
    "initial_mass_ratio": 1.9999999680169365
}