{
    "simulation_name": "0212/Lev4",
    "alternative_names": [
        "BFI:RerunAlignedCatalog:0212",
        "SXS:BBH:2086"
    ],
    "initial_data_type": "BBH_SKS",
    "object_types": "BHBH",
    "number_of_orbits": 28.6078150826,
    "reference_mass_ratio": 1.0000000606162793,
    "reference_chi_eff": -0.799883273664496,
    "reference_chi1_perp": 9.592695191719e-09,
    "reference_chi2_perp": 9.650890831956912e-09,
    "reference_eccentricity": 0.000296,
    "reference_dimensionless_spin1": [
        5.62032816143e-09,
        7.59729050013e-09,
        -0.799883141338
    ],
    "reference_dimensionless_spin2": [
        -6.02014523073e-09,
        -7.69761377257e-09,
        -0.799883405991
    ],
    "reference_orbital_frequency": [
        -2.62446070096e-12,
        4.27222951552e-12,
        0.0109815840192
    ],
    "reference_mass1": 0.500030720038,
    "reference_mass2": 0.500030689728,
    "reference_time": 640.0,
    "reference_position1": [
        7.82735655252,
        6.278399029,
        3.02198339631e-06
    ],
    "reference_position2": [
        -7.82740104691,
        -6.2783926981,
        3.02312714754e-06
    ],
    "reference_mean_anomaly": 5.943301,
    "keywords": [],
    "point_of_contact_email": "nils.fischer@aei.mpg.de",
    "authors_emails": [],
    "simulation_bibtex_keys": [
        "Chu:2015kft",
        "Boyle:2019kee",
        "SXSCatalogWebsite"
    ],
    "code_bibtex_keys": [
        "Ossokine:2013zga",
        "Hemberger:2012jz",
        "Szilagyi:2009qz",
        "Boyle:2009vi",
        "Scheel:2008rj",
        "Boyle:2007ft",
        "Scheel:2006gg",
        "Lindblom:2005qh",
        "Pfeiffer:2002wt",
        "SpECwebsite"
    ],
    "initial_data_bibtex_keys": [
        "Buchman:2012dw",
        "Lovelace:2008tw",
        "Pfeiffer:2007yz",
        "Caudill:2006hw",
        "Cook:2004kt"
    ],
    "quasicircular_bibtex_keys": [
        "Mroue:2012kv",
        "Buonanno:2010yk",
        "Mroue:2010re",
        "Boyle:2007ft"
    ],
    "initial_separation": 19.8043943672,
    "initial_orbital_frequency": 0.010347004132,
    "initial_adot": -0.0002257844123105,
    "object1": "bh",
    "object2": "bh",
    "initial_ADM_energy": 0.9943970824432418,
    "initial_ADM_linear_momentum": [
        -3.39061593e-08,
        3.6402088e-09,
        -9.5006e-12
    ],
    "initial_ADM_angular_momentum": [
        -3.4307e-12,
        5.07746e-11,
        0.8573747019078968
    ],
    "initial_mass1": 0.5000000171125095,
    "initial_mass2": 0.4999999866147595,
    "initial_dimensionless_spin1": [
        1.8329e-12,
        2.585e-13,
        -0.7999998754574521
    ],
    "initial_dimensionless_spin2": [
        -1.8896e-12,
        -3.52e-13,
        -0.8000001398017408
    ],
    "initial_position1": [
        9.902196559112191,
        1.0809714214e-06,
        9.6245088e-09
    ],
    "initial_position2": [
        -9.90219780808781,
        1.0809714214e-06,
        9.6245088e-09
    ],
    "relaxation_time": 640.0,
    "common_horizon_time": 11356.0178451,
    "remnant_mass": 0.966567064748,
    "remnant_dimensionless_spin": [
        -2.28215977769e-10,
        1.56384094269e-10,
        0.426851614271
    ],
    "remnant_velocity": [
        -3.3934701806e-08,
        3.66855772601e-09,
        5.30754314587e-09
    ],
    "metadata_version": 1,
    "spec_revisions": "InitialCommit-30836-gf3a46ee",
    "spells_revision": "f3a46eeb4445f3fafcae9438518ab49d75d2b4df",
    "com_parameters": {
        "space_translation": [
            -6.75650321e-07,
            1.24944911e-06,
            -1.44282135e-07
        ],
        "boost_velocity": [
            -3.35507804e-08,
            3.40990136e-09,
            5.40170799e-09
        ]
    },
    "initial_mass_ratio": 1.0000000609955018
}