{
    "simulation_name": "0233/Lev4",
    "alternative_names": [
        "BFI:RerunAlignedCatalog:0233",
        "SXS:BBH:2107"
    ],
    "initial_data_type": "BBH_SKS",
    "object_types": "BHBH",
    "number_of_orbits": 21.9806795996,
    "reference_mass_ratio": 1.9997898198126165,
    "reference_chi_eff": -0.2975492369289808,
    "reference_chi1_perp": 1.2816199712430544e-07,
    "reference_chi2_perp": 1.707901017727535e-08,
    "reference_eccentricity": 0.000113,
    "reference_dimensionless_spin1": [
        2.02705332236e-09,
        1.06196918526e-07,
        -0.871221610864
    ],
    "reference_dimensionless_spin2": [
        4.72158087411e-08,
        -7.47008522254e-09,
        0.849674936374
    ],
    "reference_orbital_frequency": [
        8.87325045063e-10,
        1.36949357342e-10,
        0.0140204280561
    ],
    "reference_mass1": 0.666718408698,
    "reference_mass2": 0.333394240781,
    "reference_time": 390.0,
    "reference_position1": [
        3.69779583684,
        -4.33115686732,
        7.17902352247e-06
    ],
    "reference_position2": [
        -7.4184203124,
        8.5046130247,
        7.75716896321e-06
    ],
    "reference_mean_anomaly": 1.572419,
    "keywords": [],
    "point_of_contact_email": "harald.pfeiffer@aei.mpg.de",
    "authors_emails": [],
    "simulation_bibtex_keys": [
        "Chu:2015kft",
        "Boyle:2019kee",
        "SXSCatalogWebsite"
    ],
    "code_bibtex_keys": [
        "Ossokine:2013zga",
        "Hemberger:2012jz",
        "Szilagyi:2009qz",
        "Boyle:2009vi",
        "Scheel:2008rj",
        "Boyle:2007ft",
        "Scheel:2006gg",
        "Lindblom:2005qh",
        "Pfeiffer:2002wt",
        "SpECwebsite"
    ],
    "initial_data_bibtex_keys": [
        "Buchman:2012dw",
        "Lovelace:2008tw",
        "Pfeiffer:2007yz",
        "Caudill:2006hw",
        "Cook:2004kt"
    ],
    "quasicircular_bibtex_keys": [
        "Mroue:2012kv",
        "Buonanno:2010yk",
        "Mroue:2010re",
        "Boyle:2007ft"
    ],
    "initial_separation": 16.6083214647,
    "initial_orbital_frequency": 0.013052518197,
    "initial_adot": 0.0001418932411446,
    "object1": "bh",
    "object2": "bh",
    "initial_ADM_energy": 0.9941750826549327,
    "initial_ADM_linear_momentum": [
        -2.91840693e-08,
        -6.85891915e-08,
        -1.2527e-12
    ],
    "initial_ADM_angular_momentum": [
        -1.24749e-11,
        1.57282e-11,
        0.7403678030796036
    ],
    "initial_mass1": 0.6666666815286237,
    "initial_mass2": 0.3333333438726235,
    "initial_dimensionless_spin1": [
        -1.743e-13,
        -1.72e-14,
        -0.8713460279516466
    ],
    "initial_dimensionless_spin2": [
        2.276e-13,
        -1.036e-13,
        0.8500000402937192
    ],
    "initial_position1": [
        5.5883509308546495,
        0.0252405901236106,
        1.2868001e-09
    ],
    "initial_position2": [
        -11.019970533845353,
        0.0252405901236106,
        1.2868001e-09
    ],
    "relaxation_time": 390.0,
    "common_horizon_time": 6802.84739838,
    "remnant_mass": 0.969361327202,
    "remnant_dimensionless_spin": [
        4.83231303092e-08,
        2.89031840444e-08,
        0.389898181684
    ],
    "remnant_velocity": [
        0.000250299900716,
        -0.00145616999023,
        3.65021375605e-08
    ],
    "metadata_version": 1,
    "spec_revisions": "InitialCommit-30836-gf3a46ee",
    "spells_revision": "f3a46eeb4445f3fafcae9438518ab49d75d2b4df",
    "com_parameters": {
        "space_translation": [
            -0.000261083108,
            -0.00104064916,
            -6.75390435e-06
        ],
        "boost_velocity": [
            5.26462622e-06,
            -4.82011482e-06,
            3.6642216e-08
        ]
    },
    "initial_mass_ratio": 1.999999981350131
}