{
    "simulation_name": "0276/Lev4",
    "alternative_names": [
        "BFI:RerunAlignedCatalog:0276",
        "SXS:BBH:2148"
    ],
    "initial_data_type": "BBH_SKS",
    "object_types": "BHBH",
    "number_of_orbits": 22.7111757805,
    "reference_mass_ratio": 2.9999964425564074,
    "reference_chi_eff": -0.07504485874663004,
    "reference_chi1_perp": 1.182093235713862e-07,
    "reference_chi2_perp": 1.6799388987695485e-07,
    "reference_eccentricity": 0.0002163,
    "reference_dimensionless_spin1": [
        -8.96416954275e-08,
        -7.70721933863e-08,
        -5.39594128582e-05
    ],
    "reference_dimensionless_spin2": [
        -1.19263683254e-07,
        7.8441149407e-08,
        -0.300017289972
    ],
    "reference_orbital_frequency": [
        1.1445502511e-09,
        3.08404796034e-09,
        0.0158807056788
    ],
    "reference_mass1": 0.75000172654,
    "reference_mass2": 0.250000871968,
    "reference_time": 560.0,
    "reference_position1": [
        -3.04118463225,
        2.39379032478,
        -1.10665980067e-05
    ],
    "reference_position2": [
        9.2499889616,
        -7.12185891572,
        -1.01044963774e-05
    ],
    "reference_mean_anomaly": 0.621261,
    "keywords": [],
    "point_of_contact_email": "serguei.ossokine@aei.mpg.de",
    "authors_emails": [],
    "simulation_bibtex_keys": [
        "Chu:2015kft",
        "Boyle:2019kee",
        "SXSCatalogWebsite"
    ],
    "code_bibtex_keys": [
        "Ossokine:2013zga",
        "Hemberger:2012jz",
        "Szilagyi:2009qz",
        "Boyle:2009vi",
        "Scheel:2008rj",
        "Boyle:2007ft",
        "Scheel:2006gg",
        "Lindblom:2005qh",
        "Pfeiffer:2002wt",
        "SpECwebsite"
    ],
    "initial_data_bibtex_keys": [
        "Buchman:2012dw",
        "Lovelace:2008tw",
        "Pfeiffer:2007yz",
        "Caudill:2006hw",
        "Cook:2004kt"
    ],
    "quasicircular_bibtex_keys": [
        "Mroue:2012kv",
        "Buonanno:2010yk",
        "Mroue:2010re",
        "Boyle:2007ft"
    ],
    "initial_separation": 15.2997182493,
    "initial_orbital_frequency": 0.015380085015,
    "initial_adot": -5.36505104308e-05,
    "object1": "bh",
    "object2": "bh",
    "initial_ADM_energy": 0.9945783170703248,
    "initial_ADM_linear_momentum": [
        4.13517741e-08,
        -1.96040278e-08,
        -2.10537e-11
    ],
    "initial_ADM_angular_momentum": [
        1.25347e-11,
        3.93129e-11,
        0.8182394038600961
    ],
    "initial_mass1": 0.7499999657028112,
    "initial_mass2": 0.2499999906176541,
    "initial_dimensionless_spin1": [
        -1.41254e-11,
        2.80684e-11,
        1.565225796e-07
    ],
    "initial_dimensionless_spin2": [
        2.098e-13,
        2.96e-14,
        -0.3000000040041804
    ],
    "initial_position1": [
        3.8306175452704405,
        0.0265597081502411,
        2.074573455e-07
    ],
    "initial_position2": [
        -11.46910070402956,
        0.0265597081502411,
        2.074573455e-07
    ],
    "relaxation_time": 560.0,
    "common_horizon_time": 6234.08124669,
    "remnant_mass": 0.972014115485,
    "remnant_dimensionless_spin": [
        -3.40521736114e-09,
        1.25803808374e-07,
        0.531033458313
    ],
    "remnant_velocity": [
        -0.000553525763709,
        0.000136844781376,
        -6.1447689567e-09
    ],
    "metadata_version": 1,
    "spec_revisions": "InitialCommit-30836-gf3a46ee",
    "spells_revision": "f3a46eeb4445f3fafcae9438518ab49d75d2b4df",
    "com_parameters": {
        "space_translation": [
            0.0110966322,
            -0.00570461651,
            -1.28429852e-05
        ],
        "boost_velocity": [
            -1.51981368e-05,
            1.82251945e-05,
            -2.8187408e-09
        ]
    },
    "initial_mass_ratio": 2.999999975399395
}