{
    "simulation_name": "0278/Lev4",
    "alternative_names": [
        "BFI:RerunAlignedCatalog:0278",
        "SXS:BBH:2150"
    ],
    "initial_data_type": "BBH_SKS",
    "object_types": "BHBH",
    "number_of_orbits": 22.7499642415,
    "reference_mass_ratio": 2.9999453133459832,
    "reference_chi_eff": 0.15003090221623774,
    "reference_chi1_perp": 7.209669381271226e-08,
    "reference_chi2_perp": 4.922705662654212e-08,
    "reference_eccentricity": 8.61e-05,
    "reference_dimensionless_spin1": [
        -1.50046666531e-08,
        7.05225010034e-08,
        4.33454057668e-05
    ],
    "reference_dimensionless_spin2": [
        -2.64109532504e-09,
        7.58206484542e-08,
        0.59998537033
    ],
    "reference_orbital_frequency": [
        -1.25490792551e-09,
        1.4280995647e-09,
        0.0164512831118
    ],
    "reference_mass1": 0.750000728065,
    "reference_mass2": 0.250004799997,
    "reference_time": 560.0,
    "reference_position1": [
        -3.54038536066,
        1.30960488746,
        -3.3244490655e-05
    ],
    "reference_position2": [
        10.7020004974,
        -3.84555877288,
        -3.17105695803e-05
    ],
    "reference_mean_anomaly": 1.706118,
    "keywords": [],
    "point_of_contact_email": "serguei.ossokine@aei.mpg.de",
    "authors_emails": [],
    "simulation_bibtex_keys": [
        "Chu:2015kft",
        "Boyle:2019kee",
        "SXSCatalogWebsite"
    ],
    "code_bibtex_keys": [
        "Ossokine:2013zga",
        "Hemberger:2012jz",
        "Szilagyi:2009qz",
        "Boyle:2009vi",
        "Scheel:2008rj",
        "Boyle:2007ft",
        "Scheel:2006gg",
        "Lindblom:2005qh",
        "Pfeiffer:2002wt",
        "SpECwebsite"
    ],
    "initial_data_bibtex_keys": [
        "Buchman:2012dw",
        "Lovelace:2008tw",
        "Pfeiffer:2007yz",
        "Caudill:2006hw",
        "Cook:2004kt"
    ],
    "quasicircular_bibtex_keys": [
        "Mroue:2012kv",
        "Buonanno:2010yk",
        "Mroue:2010re",
        "Boyle:2007ft"
    ],
    "initial_separation": 14.8882039101,
    "initial_orbital_frequency": 0.015686047853,
    "initial_adot": 0.0001463449094131,
    "object1": "bh",
    "object2": "bh",
    "initial_ADM_energy": 0.9944260054175861,
    "initial_ADM_linear_momentum": [
        1.58288293e-08,
        6.1593882e-09,
        -3.39005e-11
    ],
    "initial_ADM_angular_momentum": [
        -3.60214e-11,
        3.36137e-11,
        0.8594650464924857
    ],
    "initial_mass1": 0.7500000050514074,
    "initial_mass2": 0.249999994350129,
    "initial_dimensionless_spin1": [
        5.68e-14,
        7.1274e-12,
        -1.55373559e-08
    ],
    "initial_dimensionless_spin2": [
        3.077e-13,
        -4.447e-13,
        0.5999999784229939
    ],
    "initial_position1": [
        3.737147142332228,
        0.0266596256688876,
        -3.1055474e-09
    ],
    "initial_position2": [
        -11.151056767767772,
        0.0266596256688876,
        -3.1055474e-09
    ],
    "relaxation_time": 560.0,
    "common_horizon_time": 5971.59964951,
    "remnant_mass": 0.969724228811,
    "remnant_dimensionless_spin": [
        -5.7000011211e-08,
        1.07760767587e-07,
        0.559122979537
    ],
    "remnant_velocity": [
        -0.000621196639436,
        -0.000176021449147,
        -8.94553878179e-08
    ],
    "metadata_version": 1,
    "spec_revisions": "InitialCommit-30836-gf3a46ee",
    "spells_revision": "f3a46eeb4445f3fafcae9438518ab49d75d2b4df",
    "com_parameters": {
        "space_translation": [
            -0.000701060433,
            0.000725454029,
            1.26678397e-05
        ],
        "boost_velocity": [
            -1.37066128e-06,
            -8.27401488e-06,
            -8.28853883e-08
        ]
    },
    "initial_mass_ratio": 3.0000000880040836
}