{
    "simulation_name": "0225/Lev4",
    "alternative_names": [
        "BFI:RerunAlignedCatalog:0225",
        "SXS:BBH:2099"
    ],
    "initial_data_type": "BBH_SKS",
    "object_types": "BHBH",
    "number_of_orbits": 23.4075010543,
    "reference_mass_ratio": 0.9999303758073566,
    "reference_chi_eff": 0.5999898414250593,
    "reference_chi1_perp": 9.644995709855481e-09,
    "reference_chi2_perp": 9.453489225188938e-09,
    "reference_eccentricity": 7.88e-05,
    "reference_dimensionless_spin1": [
        -8.22317983503e-09,
        3.37743212756e-09,
        0.400041208769
    ],
    "reference_dimensionless_spin2": [
        8.5702840558e-09,
        -6.50093603125e-09,
        0.799924552819
    ],
    "reference_orbital_frequency": [
        3.02146010623e-11,
        -2.99855027871e-12,
        0.0154615142251
    ],
    "reference_mass1": 0.500009274082,
    "reference_mass2": 0.500044089248,
    "reference_time": 640.0,
    "reference_position1": [
        -7.60199242882,
        -2.22633803774,
        -1.32639289048e-06
    ],
    "reference_position2": [
        7.58828741753,
        2.23543762066,
        -1.35521214973e-06
    ],
    "reference_mean_anomaly": 3.830276,
    "keywords": [],
    "point_of_contact_email": "nils.fischer@aei.mpg.de",
    "authors_emails": [],
    "simulation_bibtex_keys": [
        "Chu:2015kft",
        "Boyle:2019kee",
        "SXSCatalogWebsite"
    ],
    "code_bibtex_keys": [
        "Ossokine:2013zga",
        "Hemberger:2012jz",
        "Szilagyi:2009qz",
        "Boyle:2009vi",
        "Scheel:2008rj",
        "Boyle:2007ft",
        "Scheel:2006gg",
        "Lindblom:2005qh",
        "Pfeiffer:2002wt",
        "SpECwebsite"
    ],
    "initial_data_bibtex_keys": [
        "Buchman:2012dw",
        "Lovelace:2008tw",
        "Pfeiffer:2007yz",
        "Caudill:2006hw",
        "Cook:2004kt"
    ],
    "quasicircular_bibtex_keys": [
        "Mroue:2012kv",
        "Buonanno:2010yk",
        "Mroue:2010re",
        "Boyle:2007ft"
    ],
    "initial_separation": 15.5837906138,
    "initial_orbital_frequency": 0.014505337164,
    "initial_adot": 0.0002120121807014,
    "object1": "bh",
    "object2": "bh",
    "initial_ADM_energy": 0.992766850880472,
    "initial_ADM_linear_momentum": [
        3.96782359e-08,
        3.61874324e-08,
        -5e-14
    ],
    "initial_ADM_angular_momentum": [
        -4.8059e-12,
        -5.2188e-12,
        1.3948674292199827
    ],
    "initial_mass1": 0.4999999983122186,
    "initial_mass2": 0.5000000132662904,
    "initial_dimensionless_spin1": [
        -8.37e-14,
        2.289e-13,
        0.3999999722157515
    ],
    "initial_dimensionless_spin2": [
        1.384e-13,
        4.427e-13,
        0.8000000424993431
    ],
    "initial_position1": [
        7.803715384490991,
        -0.0020572030325855,
        -4.5882855e-09
    ],
    "initial_position2": [
        -7.780075229309009,
        -0.0020572030325855,
        -4.5882855e-09
    ],
    "relaxation_time": 640.0,
    "common_horizon_time": 6226.81153248,
    "remnant_mass": 0.926780254557,
    "remnant_dimensionless_spin": [
        1.36010809572e-09,
        -6.2320182754e-10,
        0.857398939455
    ],
    "remnant_velocity": [
        -0.000185092645219,
        4.09125611123e-05,
        -2.99162139802e-10
    ],
    "metadata_version": 1,
    "spec_revisions": "InitialCommit-30836-gf3a46ee",
    "spells_revision": "f3a46eeb4445f3fafcae9438518ab49d75d2b4df",
    "com_parameters": {
        "space_translation": [
            -0.000201422525,
            -0.000514156785,
            -8.05299762e-07
        ],
        "boost_velocity": [
            4.25290999e-08,
            5.3607506e-07,
            -1.75478329e-09
        ]
    },
    "initial_mass_ratio": 0.9999999700918571
}