{
    "simulation_name": "0226/Lev4",
    "alternative_names": [
        "BFI:RerunAlignedCatalog:0226",
        "SXS:BBH:2100"
    ],
    "initial_data_type": "BBH_SKS",
    "object_types": "BHBH",
    "number_of_orbits": 22.9068933005,
    "reference_mass_ratio": 0.999848564914303,
    "reference_chi_eff": -0.19988646990707512,
    "reference_chi1_perp": 6.175596949834411e-09,
    "reference_chi2_perp": 9.414725480558477e-09,
    "reference_eccentricity": 7.15e-05,
    "reference_dimensionless_spin1": [
        -2.47442099897e-09,
        2.00986301158e-09,
        0.499980906682
    ],
    "reference_dimensionless_spin2": [
        2.61543235541e-09,
        3.96058677758e-09,
        -0.89964786202
    ],
    "reference_orbital_frequency": [
        9.07515770497e-11,
        -2.42605126429e-12,
        0.013611415488
    ],
    "reference_mass1": 0.500003447307,
    "reference_mass2": 0.50007917684,
    "reference_time": 640.0,
    "reference_position1": [
        -5.754304677,
        6.44182564135,
        -4.70731328955e-10
    ],
    "reference_position2": [
        5.78214473872,
        -6.52057114743,
        -7.96982310772e-08
    ],
    "reference_mean_anomaly": 2.716641,
    "keywords": [],
    "point_of_contact_email": "nils.fischer@aei.mpg.de",
    "authors_emails": [],
    "simulation_bibtex_keys": [
        "Chu:2015kft",
        "Boyle:2019kee",
        "SXSCatalogWebsite"
    ],
    "code_bibtex_keys": [
        "Ossokine:2013zga",
        "Hemberger:2012jz",
        "Szilagyi:2009qz",
        "Boyle:2009vi",
        "Scheel:2008rj",
        "Boyle:2007ft",
        "Scheel:2006gg",
        "Lindblom:2005qh",
        "Pfeiffer:2002wt",
        "SpECwebsite"
    ],
    "initial_data_bibtex_keys": [
        "Buchman:2012dw",
        "Lovelace:2008tw",
        "Pfeiffer:2007yz",
        "Caudill:2006hw",
        "Cook:2004kt"
    ],
    "quasicircular_bibtex_keys": [
        "Mroue:2012kv",
        "Buonanno:2010yk",
        "Mroue:2010re",
        "Boyle:2007ft"
    ],
    "initial_separation": 17.1055554172,
    "initial_orbital_frequency": 0.012702715199,
    "initial_adot": -0.0001645476612582,
    "object1": "bh",
    "object2": "bh",
    "initial_ADM_energy": 0.993532003581535,
    "initial_ADM_linear_momentum": [
        8.2400014e-09,
        3.384941e-10,
        -3.9669e-12
    ],
    "initial_ADM_angular_momentum": [
        5.8041e-12,
        -2.61599e-11,
        1.0677604166797625
    ],
    "initial_mass1": 0.4999999907039854,
    "initial_mass2": 0.4999999594945701,
    "initial_dimensionless_spin1": [
        -6.24e-14,
        8.08e-14,
        0.5000000012518755
    ],
    "initial_dimensionless_spin2": [
        1.269e-13,
        -4.13e-14,
        -0.9000000000402448
    ],
    "initial_position1": [
        8.513371077951684,
        -0.0037923384391353,
        -1.7303184e-09
    ],
    "initial_position2": [
        -8.592184339248318,
        -0.0037923384391353,
        -1.7303184e-09
    ],
    "relaxation_time": 640.0,
    "common_horizon_time": 7236.14335708,
    "remnant_mass": 0.956243147114,
    "remnant_dimensionless_spin": [
        3.72952501551e-09,
        1.04976184134e-09,
        0.622872913502
    ],
    "remnant_velocity": [
        -0.000459395309458,
        0.00103163755393,
        4.93204405827e-10
    ],
    "metadata_version": 1,
    "spec_revisions": "InitialCommit-30836-gf3a46ee",
    "spells_revision": "f3a46eeb4445f3fafcae9438518ab49d75d2b4df",
    "com_parameters": {
        "space_translation": [
            0.00231684017,
            -0.000160617553,
            -3.95981591e-08
        ],
        "boost_velocity": [
            -2.35708013e-07,
            2.15854842e-06,
            -1.59676705e-10
        ]
    },
    "initial_mass_ratio": 1.0000000624188357
}