{
    "simulation_name": "0265/Lev4",
    "alternative_names": [
        "BFI:RerunAlignedCatalog:0265",
        "SXS:BBH:2137"
    ],
    "initial_data_type": "BBH_SKS",
    "object_types": "BHBH",
    "number_of_orbits": 23.3601522479,
    "reference_mass_ratio": 3.000099669278297,
    "reference_chi_eff": -0.5499730723938535,
    "reference_chi1_perp": 1.594701590507986e-07,
    "reference_chi2_perp": 4.871088323984125e-08,
    "reference_eccentricity": 0.0001557,
    "reference_dimensionless_spin1": [
        -7.12421412689e-08,
        -7.29600721635e-08,
        -0.599968944129
    ],
    "reference_dimensionless_spin2": [
        8.88620063686e-09,
        -2.51883933783e-08,
        -0.399980474136
    ],
    "reference_orbital_frequency": [
        -1.3755733143e-09,
        -4.57025947309e-10,
        0.0140623284003
    ],
    "reference_mass1": 0.750027910087,
    "reference_mass2": 0.250000997556,
    "reference_time": 420.0,
    "reference_position1": [
        3.85412868718,
        -1.74124264164,
        -6.57692077749e-06
    ],
    "reference_position2": [
        -11.6173999266,
        5.09881337713,
        -7.86803973688e-06
    ],
    "reference_mean_anomaly": 2.917788,
    "keywords": [],
    "point_of_contact_email": "hannes.rueter@aei.mpg.de",
    "authors_emails": [],
    "simulation_bibtex_keys": [
        "Chu:2015kft",
        "Boyle:2019kee",
        "SXSCatalogWebsite"
    ],
    "code_bibtex_keys": [
        "Ossokine:2013zga",
        "Hemberger:2012jz",
        "Szilagyi:2009qz",
        "Boyle:2009vi",
        "Scheel:2008rj",
        "Boyle:2007ft",
        "Scheel:2006gg",
        "Lindblom:2005qh",
        "Pfeiffer:2002wt",
        "SpECwebsite"
    ],
    "initial_data_bibtex_keys": [
        "Buchman:2012dw",
        "Lovelace:2008tw",
        "Pfeiffer:2007yz",
        "Caudill:2006hw",
        "Cook:2004kt"
    ],
    "quasicircular_bibtex_keys": [
        "Mroue:2012kv",
        "Buonanno:2010yk",
        "Mroue:2010re",
        "Boyle:2007ft"
    ],
    "initial_separation": 16.5933428516,
    "initial_orbital_frequency": 0.013714047864,
    "initial_adot": -9.86449633162e-05,
    "object1": "bh",
    "object2": "bh",
    "initial_ADM_energy": 0.995042537964632,
    "initial_ADM_linear_momentum": [
        9.41396757e-08,
        -1.81621856e-08,
        5.39692e-11
    ],
    "initial_ADM_angular_momentum": [
        5.09525e-11,
        -1.74922e-11,
        0.5169357357001081
    ],
    "initial_mass1": 0.7500000075777351,
    "initial_mass2": 0.2499999878214053,
    "initial_dimensionless_spin1": [
        -3.75e-14,
        -2.78e-14,
        -0.6000000414931747
    ],
    "initial_dimensionless_spin2": [
        -5.747e-13,
        -1.557e-13,
        -0.3999998478261194
    ],
    "initial_position1": [
        4.172251020380488,
        0.0290428308892975,
        -1.1219061143e-06
    ],
    "initial_position2": [
        -12.421091831219512,
        0.0290428308892975,
        -1.1219061143e-06
    ],
    "relaxation_time": 420.0,
    "common_horizon_time": 7361.15790703,
    "remnant_mass": 0.97867889326,
    "remnant_dimensionless_spin": [
        -5.12550888278e-08,
        -2.67282471698e-08,
        0.256595429842
    ],
    "remnant_velocity": [
        0.000733632324755,
        0.00050344410248,
        -4.91826004861e-08
    ],
    "metadata_version": 1,
    "spec_revisions": "InitialCommit-30836-gf3a46ee",
    "spells_revision": "f3a46eeb4445f3fafcae9438518ab49d75d2b4df",
    "com_parameters": {
        "space_translation": [
            -0.00284402413,
            -0.00185356192,
            1.65441485e-05
        ],
        "boost_velocity": [
            3.92446422e-06,
            -2.37411285e-06,
            -4.23474096e-08
        ]
    },
    "initial_mass_ratio": 3.000000176454085
}