{
    "simulation_name": "0569/Lev3",
    "alternative_names": [
        "BFI:q4_7d:0569",
        "SXS:BBH:2040"
    ],
    "initial_data_type": "BBH_SKS",
    "object_types": "BHBH",
    "number_of_orbits": 16.7842751075,
    "reference_mass_ratio": 4.000175005276093,
    "reference_chi_eff": -0.7199871923370768,
    "reference_chi1_perp": 1.2640991936490073e-06,
    "reference_chi2_perp": 3.910187295961546e-07,
    "reference_eccentricity": 0.0003243,
    "reference_dimensionless_spin1": [
        9.24228881643e-07,
        -1.08239441893e-07,
        -0.799993364421
    ],
    "reference_dimensionless_spin2": [
        3.25493651674e-07,
        1.7350694447e-07,
        -0.399948502501
    ],
    "reference_orbital_frequency": [
        9.76436622744e-10,
        -1.50365747468e-08,
        0.0171227417035
    ],
    "reference_mass1": 0.800018561548,
    "reference_mass2": 0.199995890303,
    "reference_time": 640.0,
    "reference_position1": [
        -0.800511419967,
        -2.87650799416,
        -1.32723028148e-05
    ],
    "reference_position2": [
        2.97467690088,
        11.523527192,
        -8.419936397e-07
    ],
    "reference_mean_anomaly": 1.313384,
    "keywords": [],
    "point_of_contact_email": "sfield@astro.cornell.edu",
    "authors_emails": [],
    "simulation_bibtex_keys": [
        "Varma:2019csw",
        "Boyle:2019kee",
        "SXSCatalogWebsite"
    ],
    "code_bibtex_keys": [
        "Ossokine:2013zga",
        "Hemberger:2012jz",
        "Szilagyi:2009qz",
        "Boyle:2009vi",
        "Scheel:2008rj",
        "Boyle:2007ft",
        "Scheel:2006gg",
        "Lindblom:2005qh",
        "Pfeiffer:2002wt",
        "SpECwebsite"
    ],
    "initial_data_bibtex_keys": [
        "Buchman:2012dw",
        "Lovelace:2008tw",
        "Pfeiffer:2007yz",
        "Caudill:2006hw",
        "Cook:2004kt"
    ],
    "quasicircular_bibtex_keys": [
        "Mroue:2012kv",
        "Buonanno:2010yk",
        "Mroue:2010re",
        "Boyle:2007ft"
    ],
    "initial_separation": 14.748840332,
    "initial_orbital_frequency": 0.0162370485,
    "initial_adot": -0.0001495395010731,
    "object1": "bh",
    "object2": "bh",
    "initial_ADM_energy": 0.995405423763146,
    "initial_ADM_linear_momentum": [
        3.337021e-09,
        -9.11860344e-08,
        -4.1015e-11
    ],
    "initial_ADM_angular_momentum": [
        8.85084e-11,
        -3.55757e-11,
        0.2002761773510356
    ],
    "initial_mass1": 0.7999999306021532,
    "initial_mass2": 0.199999988379745,
    "initial_dimensionless_spin1": [
        -1.329e-13,
        6.79e-14,
        -0.7999999959110559
    ],
    "initial_dimensionless_spin2": [
        1.489e-13,
        8.49e-14,
        -0.3999999842820969
    ],
    "initial_position1": [
        2.9832726618755134,
        0.0329287605555093,
        8.1749559e-09
    ],
    "initial_position2": [
        -11.765567670124486,
        0.0329287605555093,
        8.1749559e-09
    ],
    "relaxation_time": 640.0,
    "common_horizon_time": 4609.10084287,
    "remnant_mass": 0.984883826302,
    "remnant_dimensionless_spin": [
        8.69130861423e-07,
        -9.53888763914e-08,
        0.0306811242053
    ],
    "remnant_velocity": [
        -0.000856162018008,
        6.12295707225e-05,
        -5.55135870277e-08
    ],
    "metadata_version": 1,
    "spec_revisions": "InitialCommit-30548-g8a39246",
    "spells_revision": "8a392465d586c8ca817d062b58522dabb63df692",
    "com_parameters": {
        "space_translation": [
            0.0137401729,
            -0.00295019608,
            2.8742318e-05
        ],
        "boost_velocity": [
            -3.30329706e-05,
            7.89292368e-06,
            -4.39159668e-08
        ]
    },
    "initial_mass_ratio": 3.9999998854158596
}