{
    "simulation_name": "0285/Lev4",
    "alternative_names": [
        "BFI:RerunAlignedCatalog:0285",
        "SXS:BBH:2157"
    ],
    "initial_data_type": "BBH_SKS",
    "object_types": "BHBH",
    "number_of_orbits": 25.4435512943,
    "reference_mass_ratio": 2.9998422898765673,
    "reference_chi_eff": 0.4499371316708209,
    "reference_chi1_perp": 1.7845094555685884e-07,
    "reference_chi2_perp": 8.35396201018513e-08,
    "reference_eccentricity": 0.000245,
    "reference_dimensionless_spin1": [
        -8.34035665802e-08,
        -2.52228389762e-07,
        0.399942401104
    ],
    "reference_dimensionless_spin2": [
        -8.91630143188e-08,
        -1.01306490292e-07,
        0.599913438696
    ],
    "reference_orbital_frequency": [
        -4.66136102827e-09,
        -3.11646414402e-09,
        0.0162946107768
    ],
    "reference_mass1": 0.749954488369,
    "reference_mass2": 0.24999797186,
    "reference_time": 370.0,
    "reference_position1": [
        3.60963183391,
        -1.12404244321,
        -8.46680849432e-07
    ],
    "reference_position2": [
        -10.9256740429,
        3.3064137314,
        -4.15740433202e-06
    ],
    "reference_mean_anomaly": 2.741987,
    "keywords": [],
    "point_of_contact_email": "serguei.ossokine@aei.mpg.de",
    "authors_emails": [],
    "simulation_bibtex_keys": [
        "Chu:2015kft",
        "Boyle:2019kee",
        "SXSCatalogWebsite"
    ],
    "code_bibtex_keys": [
        "Ossokine:2013zga",
        "Hemberger:2012jz",
        "Szilagyi:2009qz",
        "Boyle:2009vi",
        "Scheel:2008rj",
        "Boyle:2007ft",
        "Scheel:2006gg",
        "Lindblom:2005qh",
        "Pfeiffer:2002wt",
        "SpECwebsite"
    ],
    "initial_data_bibtex_keys": [
        "Buchman:2012dw",
        "Lovelace:2008tw",
        "Pfeiffer:2007yz",
        "Caudill:2006hw",
        "Cook:2004kt"
    ],
    "quasicircular_bibtex_keys": [
        "Mroue:2012kv",
        "Buonanno:2010yk",
        "Mroue:2010re",
        "Boyle:2007ft"
    ],
    "initial_separation": 14.8102546663,
    "initial_orbital_frequency": 0.015694117347,
    "initial_adot": 0.0001669735876711,
    "object1": "bh",
    "object2": "bh",
    "initial_ADM_energy": 0.9943359820838716,
    "initial_ADM_linear_momentum": [
        1.4308e-09,
        -5.36249373e-08,
        8.3559e-12
    ],
    "initial_ADM_angular_momentum": [
        -4.41867e-11,
        6.8066e-12,
        1.0718026183915026
    ],
    "initial_mass1": 0.7500000039292732,
    "initial_mass2": 0.2499999937252044,
    "initial_dimensionless_spin1": [
        2e-16,
        2.534e-13,
        0.4000000019524791
    ],
    "initial_dimensionless_spin2": [
        3.72e-13,
        -5.254e-13,
        0.5999999873893437
    ],
    "initial_position1": [
        3.705140307124732,
        0.0268101654318015,
        3.72867609e-08
    ],
    "initial_position2": [
        -11.105114359175268,
        0.0268101654318015,
        3.72867609e-08
    ],
    "relaxation_time": 370.0,
    "common_horizon_time": 6469.19761084,
    "remnant_mass": 0.960842289606,
    "remnant_dimensionless_spin": [
        -3.04746002047e-07,
        -2.7797960538e-07,
        0.730026898475
    ],
    "remnant_velocity": [
        -4.96136297604e-05,
        0.000346069903494,
        -3.19240884263e-08
    ],
    "metadata_version": 1,
    "spec_revisions": "InitialCommit-30836-gf3a46ee",
    "spells_revision": "f3a46eeb4445f3fafcae9438518ab49d75d2b4df",
    "com_parameters": {
        "space_translation": [
            -0.00484038034,
            -0.0139216329,
            1.39359602e-05
        ],
        "boost_velocity": [
            8.27518164e-06,
            2.08967973e-05,
            -3.03066744e-08
        ]
    },
    "initial_mass_ratio": 3.0000000910146425
}