{
    "simulation_name": "0242/Lev4",
    "alternative_names": [
        "BFI:RerunAlignedCatalog:0242",
        "SXS:BBH:2116"
    ],
    "initial_data_type": "BBH_SKS",
    "object_types": "BHBH",
    "number_of_orbits": 22.6424343749,
    "reference_mass_ratio": 1.9999250392213281,
    "reference_chi_eff": -0.10001887394565752,
    "reference_chi1_perp": 1.6808270187159425e-08,
    "reference_chi2_perp": 3.7339966276442465e-09,
    "reference_eccentricity": 3.77e-05,
    "reference_dimensionless_spin1": [
        5.18394360672e-09,
        -1.26378103481e-08,
        -0.30005038766
    ],
    "reference_dimensionless_spin2": [
        3.70974200707e-09,
        -5.86197613585e-09,
        0.300029158965
    ],
    "reference_orbital_frequency": [
        1.15681206319e-10,
        -1.15708757163e-10,
        0.0146176989377
    ],
    "reference_mass1": 0.666635724211,
    "reference_mass2": 0.333330355457,
    "reference_time": 640.0,
    "reference_position1": [
        -5.358822298,
        1.21772749247,
        1.2331786416e-06
    ],
    "reference_position2": [
        10.7301628143,
        -2.32501021308,
        1.07781089236e-06
    ],
    "reference_mean_anomaly": 3.064889,
    "keywords": [],
    "point_of_contact_email": "harald.pfeiffer@aei.mpg.de",
    "authors_emails": [],
    "simulation_bibtex_keys": [
        "Chu:2015kft",
        "Boyle:2019kee",
        "SXSCatalogWebsite"
    ],
    "code_bibtex_keys": [
        "Ossokine:2013zga",
        "Hemberger:2012jz",
        "Szilagyi:2009qz",
        "Boyle:2009vi",
        "Scheel:2008rj",
        "Boyle:2007ft",
        "Scheel:2006gg",
        "Lindblom:2005qh",
        "Pfeiffer:2002wt",
        "SpECwebsite"
    ],
    "initial_data_bibtex_keys": [
        "Buchman:2012dw",
        "Lovelace:2008tw",
        "Pfeiffer:2007yz",
        "Caudill:2006hw",
        "Cook:2004kt"
    ],
    "quasicircular_bibtex_keys": [
        "Mroue:2012kv",
        "Buonanno:2010yk",
        "Mroue:2010re",
        "Boyle:2007ft"
    ],
    "initial_separation": 16.2581984394,
    "initial_orbital_frequency": 0.01408149833,
    "initial_adot": 5.0735682884e-06,
    "object1": "bh",
    "object2": "bh",
    "initial_ADM_energy": 0.9939087477813652,
    "initial_ADM_linear_momentum": [
        2.63938675e-08,
        1.73134982e-08,
        -1.69706e-11
    ],
    "initial_ADM_angular_momentum": [
        6.1169e-12,
        -3.696e-13,
        0.9159947331621677
    ],
    "initial_mass1": 0.6666666905304959,
    "initial_mass2": 0.3333333365054043,
    "initial_dimensionless_spin1": [
        3.65e-14,
        1.13e-14,
        -0.3000000194711214
    ],
    "initial_dimensionless_spin2": [
        -4.7e-15,
        -1.49e-14,
        0.2999999940655992
    ],
    "initial_position1": [
        5.440297189516342,
        0.0215575650880752,
        2.239619533e-07
    ],
    "initial_position2": [
        -10.817901249883658,
        0.0215575650880752,
        2.239619533e-07
    ],
    "relaxation_time": 640.0,
    "common_horizon_time": 6717.15498769,
    "remnant_mass": 0.964534251755,
    "remnant_dimensionless_spin": [
        4.95001809858e-09,
        -7.93306277018e-09,
        0.544658082609
    ],
    "remnant_velocity": [
        -0.000814698938976,
        0.000206748672188,
        3.04664516134e-10
    ],
    "metadata_version": 1,
    "spec_revisions": "InitialCommit-30836-gf3a46ee",
    "spells_revision": "f3a46eeb4445f3fafcae9438518ab49d75d2b4df",
    "com_parameters": {
        "space_translation": [
            -0.00491104255,
            -0.00185838708,
            1.32600501e-06
        ],
        "boost_velocity": [
            2.93021747e-06,
            1.62827633e-05,
            1.54609445e-09
        ]
    },
    "initial_mass_ratio": 2.000000052559061
}