{
    "simulation_name": "0234/Lev4",
    "alternative_names": [
        "BFI:RerunAlignedCatalog:0234",
        "SXS:BBH:2108"
    ],
    "initial_data_type": "BBH_SKS",
    "object_types": "BHBH",
    "number_of_orbits": 27.8405181213,
    "reference_mass_ratio": 1.9997984110376785,
    "reference_chi_eff": -0.8497987711726808,
    "reference_chi1_perp": 3.0095750949580056e-08,
    "reference_chi2_perp": 3.080102696980368e-08,
    "reference_eccentricity": 0.0001132,
    "reference_dimensionless_spin1": [
        3.01013945334e-08,
        1.16886558001e-09,
        -0.849880769496
    ],
    "reference_dimensionless_spin2": [
        1.61750513855e-08,
        -3.26591558577e-09,
        -0.849634791056
    ],
    "reference_orbital_frequency": [
        -2.12394093233e-10,
        -3.75054151692e-10,
        0.0115751616589
    ],
    "reference_mass1": 0.666698555329,
    "reference_mass2": 0.333382880819,
    "reference_time": 640.0,
    "reference_position1": [
        3.20332593523,
        5.60173637421,
        1.35042666e-06
    ],
    "reference_position2": [
        -6.32544742686,
        -11.2352586906,
        6.30035850375e-07
    ],
    "reference_mean_anomaly": 1.844882,
    "keywords": [],
    "point_of_contact_email": "harald.pfeiffer@aei.mpg.de",
    "authors_emails": [],
    "simulation_bibtex_keys": [
        "Chu:2015kft",
        "Boyle:2019kee",
        "SXSCatalogWebsite"
    ],
    "code_bibtex_keys": [
        "Ossokine:2013zga",
        "Hemberger:2012jz",
        "Szilagyi:2009qz",
        "Boyle:2009vi",
        "Scheel:2008rj",
        "Boyle:2007ft",
        "Scheel:2006gg",
        "Lindblom:2005qh",
        "Pfeiffer:2002wt",
        "SpECwebsite"
    ],
    "initial_data_bibtex_keys": [
        "Buchman:2012dw",
        "Lovelace:2008tw",
        "Pfeiffer:2007yz",
        "Caudill:2006hw",
        "Cook:2004kt"
    ],
    "quasicircular_bibtex_keys": [
        "Mroue:2012kv",
        "Buonanno:2010yk",
        "Mroue:2010re",
        "Boyle:2007ft"
    ],
    "initial_separation": 19.1063430293,
    "initial_orbital_frequency": 0.010804411207,
    "initial_adot": -0.0002869718052254,
    "object1": "bh",
    "object2": "bh",
    "initial_ADM_energy": 0.9949020443299021,
    "initial_ADM_linear_momentum": [
        -6.703663e-09,
        -8.19643175e-08,
        1.04212e-11
    ],
    "initial_ADM_angular_momentum": [
        5.53865e-11,
        -1.14763e-11,
        0.6335268312381296
    ],
    "initial_mass1": 0.666666641579243,
    "initial_mass2": 0.3333333252771953,
    "initial_dimensionless_spin1": [
        1.905e-13,
        6.52e-14,
        -0.8500000202047696
    ],
    "initial_dimensionless_spin2": [
        -3.335e-13,
        -3.104e-13,
        -0.8500000115025954
    ],
    "initial_position1": [
        6.390093276637582,
        0.0236010325851186,
        3.12716e-11
    ],
    "initial_position2": [
        -12.716249752662417,
        0.0236010325851186,
        3.12716e-11
    ],
    "relaxation_time": 640.0,
    "common_horizon_time": 10623.7801395,
    "remnant_mass": 0.974089472412,
    "remnant_dimensionless_spin": [
        -5.76777861333e-09,
        -1.95960070988e-08,
        0.285378467473
    ],
    "remnant_velocity": [
        -0.00075895236982,
        -0.000508192850515,
        -4.97327659433e-09
    ],
    "metadata_version": 1,
    "spec_revisions": "InitialCommit-30836-gf3a46ee",
    "spells_revision": "f3a46eeb4445f3fafcae9438518ab49d75d2b4df",
    "com_parameters": {
        "space_translation": [
            -0.00405980295,
            0.00290271962,
            7.23186153e-06
        ],
        "boost_velocity": [
            6.0058147e-06,
            -3.09904678e-06,
            -1.51227682e-09
        ]
    },
    "initial_mass_ratio": 1.9999999730745568
}