{
    "simulation_name": "0291/Lev4",
    "alternative_names": [
        "BFI:RerunAlignedCatalog:0291",
        "SXS:BBH:2163"
    ],
    "initial_data_type": "BBH_SKS",
    "object_types": "BHBH",
    "number_of_orbits": 26.848921765,
    "reference_mass_ratio": 3.0000587876625735,
    "reference_chi_eff": 0.5999338828060472,
    "reference_chi1_perp": 7.081206993292624e-08,
    "reference_chi2_perp": 8.201080591600984e-09,
    "reference_eccentricity": 0.0001962,
    "reference_dimensionless_spin1": [
        -1.92484563924e-08,
        8.24423322149e-08,
        0.599908166244
    ],
    "reference_dimensionless_spin2": [
        1.99057752288e-08,
        2.50638771675e-08,
        0.600011034004
    ],
    "reference_orbital_frequency": [
        7.45129941891e-10,
        7.94613180551e-10,
        0.0164765017428
    ],
    "reference_mass1": 0.749994761558,
    "reference_mass2": 0.249993355011,
    "reference_time": 520.0,
    "reference_position1": [
        -2.12198202225,
        3.08817938937,
        9.01538412987e-07
    ],
    "reference_position2": [
        6.47868288732,
        -9.28360000672,
        1.10923820777e-06
    ],
    "reference_mean_anomaly": 4.947181,
    "keywords": [],
    "point_of_contact_email": "serguei.ossokine@aei.mpg.de",
    "authors_emails": [],
    "simulation_bibtex_keys": [
        "Chu:2015kft",
        "Boyle:2019kee",
        "SXSCatalogWebsite"
    ],
    "code_bibtex_keys": [
        "Ossokine:2013zga",
        "Hemberger:2012jz",
        "Szilagyi:2009qz",
        "Boyle:2009vi",
        "Scheel:2008rj",
        "Boyle:2007ft",
        "Scheel:2006gg",
        "Lindblom:2005qh",
        "Pfeiffer:2002wt",
        "SpECwebsite"
    ],
    "initial_data_bibtex_keys": [
        "Buchman:2012dw",
        "Lovelace:2008tw",
        "Pfeiffer:2007yz",
        "Caudill:2006hw",
        "Cook:2004kt"
    ],
    "quasicircular_bibtex_keys": [
        "Mroue:2012kv",
        "Buonanno:2010yk",
        "Mroue:2010re",
        "Boyle:2007ft"
    ],
    "initial_separation": 14.7584161113,
    "initial_orbital_frequency": 0.015695518177,
    "initial_adot": 0.0001945749492622,
    "object1": "bh",
    "object2": "bh",
    "initial_ADM_energy": 0.9942946836266123,
    "initial_ADM_linear_momentum": [
        -2.18530817e-08,
        -3.88038064e-08,
        -2.90331e-11
    ],
    "initial_ADM_angular_momentum": [
        2.7331e-11,
        6.0788e-12,
        1.177987391087692
    ],
    "initial_mass1": 0.7499999820721189,
    "initial_mass2": 0.2500000202492909,
    "initial_dimensionless_spin1": [
        2.01e-13,
        -5.387e-13,
        0.5999999723260209
    ],
    "initial_dimensionless_spin2": [
        -6.453e-13,
        9.917e-13,
        0.6000001230318447
    ],
    "initial_position1": [
        3.6857092987442583,
        0.0276479545098468,
        -1.666205762e-07
    ],
    "initial_position2": [
        -11.072706812555742,
        0.0276479545098468,
        -1.666205762e-07
    ],
    "relaxation_time": 520.0,
    "common_horizon_time": 6705.54949122,
    "remnant_mass": 0.953783714391,
    "remnant_dimensionless_spin": [
        2.3947276397e-08,
        7.77942466837e-08,
        0.811977392708
    ],
    "remnant_velocity": [
        -6.19263098699e-05,
        -0.000143640822594,
        5.39946414348e-08
    ],
    "metadata_version": 1,
    "spec_revisions": "InitialCommit-30836-gf3a46ee",
    "spells_revision": "f3a46eeb4445f3fafcae9438518ab49d75d2b4df",
    "com_parameters": {
        "space_translation": [
            0.00203671913,
            -0.00963733495,
            -3.64436436e-05
        ],
        "boost_velocity": [
            -9.67524438e-06,
            1.86853932e-05,
            5.57480466e-08
        ]
    },
    "initial_mass_ratio": 2.99999968529701
}