{
    "simulation_name": "0267/Lev4",
    "alternative_names": [
        "BFI:RerunAlignedCatalog:0267",
        "SXS:BBH:2139"
    ],
    "initial_data_type": "BBH_SKS",
    "object_types": "BHBH",
    "number_of_orbits": 22.7932787299,
    "reference_mass_ratio": 2.9998010324655313,
    "reference_chi_eff": -0.49997601361008936,
    "reference_chi1_perp": 9.453676387526606e-08,
    "reference_chi2_perp": 7.087477279963064e-08,
    "reference_eccentricity": "<4.3e-05",
    "reference_dimensionless_spin1": [
        -4.29227298633e-08,
        3.24840450494e-09,
        -0.499970588727
    ],
    "reference_dimensionless_spin2": [
        -4.4996912247e-08,
        -7.6920703937e-08,
        -0.49999228718
    ],
    "reference_orbital_frequency": [
        -7.05244575367e-10,
        1.81398196752e-09,
        0.0143916020355
    ],
    "reference_mass1": 0.749959988448,
    "reference_mass2": 0.250003243659,
    "reference_time": 400.0,
    "reference_position1": [
        3.49339126903,
        -2.26102671498,
        1.02329632554e-05
    ],
    "reference_position2": [
        -10.562643362,
        6.67414753392,
        8.41793341549e-06
    ],
    "reference_mean_anomaly": 0.557908,
    "keywords": [],
    "point_of_contact_email": "hannes.rueter@aei.mpg.de",
    "authors_emails": [],
    "simulation_bibtex_keys": [
        "Chu:2015kft",
        "Boyle:2019kee",
        "SXSCatalogWebsite"
    ],
    "code_bibtex_keys": [
        "Ossokine:2013zga",
        "Hemberger:2012jz",
        "Szilagyi:2009qz",
        "Boyle:2009vi",
        "Scheel:2008rj",
        "Boyle:2007ft",
        "Scheel:2006gg",
        "Lindblom:2005qh",
        "Pfeiffer:2002wt",
        "SpECwebsite"
    ],
    "initial_data_bibtex_keys": [
        "Buchman:2012dw",
        "Lovelace:2008tw",
        "Pfeiffer:2007yz",
        "Caudill:2006hw",
        "Cook:2004kt"
    ],
    "quasicircular_bibtex_keys": [
        "Mroue:2012kv",
        "Buonanno:2010yk",
        "Mroue:2010re",
        "Boyle:2007ft"
    ],
    "initial_separation": 16.3230518215,
    "initial_orbital_frequency": 0.014006385795,
    "initial_adot": -0.0001098838806192,
    "object1": "bh",
    "object2": "bh",
    "initial_ADM_energy": 0.9949608385126969,
    "initial_ADM_linear_momentum": [
        1.03936471e-08,
        -4.64323234e-08,
        4.7584e-12
    ],
    "initial_ADM_angular_momentum": [
        -1.751533e-10,
        1.36586e-11,
        0.5597986267339714
    ],
    "initial_mass1": 0.7500000054223113,
    "initial_mass2": 0.2500000025933784,
    "initial_dimensionless_spin1": [
        4.416e-13,
        -3.06e-14,
        -0.4999999897557503
    ],
    "initial_dimensionless_spin2": [
        -8.893e-13,
        -2.746e-13,
        -0.5000000124978914
    ],
    "initial_position1": [
        4.100225382014275,
        0.0282883695727403,
        -4.2757764e-09
    ],
    "initial_position2": [
        -12.222826439485722,
        0.0282883695727403,
        -4.2757764e-09
    ],
    "relaxation_time": 400.0,
    "common_horizon_time": 7001.94332106,
    "remnant_mass": 0.977913404877,
    "remnant_dimensionless_spin": [
        -2.56108220447e-08,
        7.31696866762e-08,
        0.299025219455
    ],
    "remnant_velocity": [
        -0.000791882105083,
        -0.000157057137986,
        7.55174766946e-08
    ],
    "metadata_version": 1,
    "spec_revisions": "InitialCommit-30836-gf3a46ee",
    "spells_revision": "f3a46eeb4445f3fafcae9438518ab49d75d2b4df",
    "com_parameters": {
        "space_translation": [
            -0.007025574,
            2.7372899e-05,
            -1.6979622e-05
        ],
        "boost_velocity": [
            1.11230011e-05,
            -1.10879177e-05,
            8.21983816e-08
        ]
    },
    "initial_mass_ratio": 2.9999999905687043
}