{
    "simulation_name": "BBH_SKS_d15.8_q2_sA_0_0_0_sB_0_0_0.300/Lev4",
    "alternative_names": "SXS:BBH:2120",
    "initial_data_type": "BBH_SKS",
    "object_types": "BHBH",
    "number_of_orbits": 22.5557859027,
    "reference_mass_ratio": 1.9999702079195727,
    "reference_chi_eff": 0.10000229686774897,
    "reference_chi1_perp": 2.788239687756366e-08,
    "reference_chi2_perp": 1.488545589462133e-08,
    "reference_eccentricity": 6.24e-05,
    "reference_dimensionless_spin1": [
        -2.72518594201e-08,
        5.9003075859e-09,
        3.19079256889e-05
    ],
    "reference_dimensionless_spin2": [
        -1.05090088837e-08,
        -7.77519908773e-09,
        0.299940096426
    ],
    "reference_orbital_frequency": [
        -3.56950440002e-10,
        3.38630360085e-10,
        0.0151421540759
    ],
    "reference_mass1": 0.666663819909,
    "reference_mass2": 0.333336875354,
    "reference_time": 520.0,
    "reference_position1": [
        0.464211333799,
        5.32493690603,
        -4.77410625837e-06
    ],
    "reference_position2": [
        -0.857433470506,
        -10.6861849826,
        -4.4471983263e-06
    ],
    "reference_mean_anomaly": 4.026804,
    "keywords": [],
    "point_of_contact_email": "harald.pfeiffer@aei.mpg.de",
    "authors_emails": [],
    "simulation_bibtex_keys": [
        "Chu:2015kft",
        "Boyle:2019kee",
        "SXSCatalogWebsite"
    ],
    "code_bibtex_keys": [
        "Ossokine:2013zga",
        "Hemberger:2012jz",
        "Szilagyi:2009qz",
        "Boyle:2009vi",
        "Scheel:2008rj",
        "Boyle:2007ft",
        "Scheel:2006gg",
        "Lindblom:2005qh",
        "Pfeiffer:2002wt",
        "SpECwebsite"
    ],
    "initial_data_bibtex_keys": [
        "Buchman:2012dw",
        "Lovelace:2008tw",
        "Pfeiffer:2007yz",
        "Caudill:2006hw",
        "Cook:2004kt"
    ],
    "quasicircular_bibtex_keys": [
        "Mroue:2012kv",
        "Buonanno:2010yk",
        "Mroue:2010re",
        "Boyle:2007ft"
    ],
    "initial_separation": 15.7733999999,
    "initial_orbital_frequency": 0.014674094424,
    "initial_adot": 2.08287452234e-05,
    "object1": "bh",
    "object2": "bh",
    "initial_ADM_energy": 0.9937036205441506,
    "initial_ADM_linear_momentum": [
        6.566685e-09,
        -1.3800748e-08,
        5.824e-13
    ],
    "initial_ADM_angular_momentum": [
        2.83415e-11,
        -1.10393e-11,
        1.0299414524601294
    ],
    "initial_mass1": 0.6666666752677176,
    "initial_mass2": 0.3333333323581037,
    "initial_dimensionless_spin1": [
        1.19e-14,
        -2.88e-14,
        -1.9116476e-09
    ],
    "initial_dimensionless_spin2": [
        -3.6e-15,
        4.5e-15,
        0.2999999972512024
    ],
    "initial_position1": [
        5.269143641527592,
        0.0206983788588619,
        5.3346586e-09
    ],
    "initial_position2": [
        -10.504256358372409,
        0.0206983788588619,
        5.3346586e-09
    ],
    "relaxation_time": 520.0,
    "common_horizon_time": 6342.38040338,
    "remnant_mass": 0.95962005762,
    "remnant_dimensionless_spin": [
        -2.44132217939e-08,
        1.7124493267e-08,
        0.641015593736
    ],
    "remnant_velocity": [
        -0.00044769349517,
        0.000352926066515,
        -2.20629759716e-08
    ],
    "metadata_version": 1,
    "spec_revisions": "InitialCommit-30836-gf3a46ee",
    "spells_revision": "f3a46eeb4445f3fafcae9438518ab49d75d2b4df",
    "com_parameters": {
        "space_translation": [
            -0.00115873696,
            0.0032569218,
            7.24431851e-06
        ],
        "boost_velocity": [
            1.47821816e-07,
            -9.03111715e-06,
            -2.1011574e-08
        ]
    },
    "initial_mass_ratio": 2.0000000316545306
}