{
    "simulation_name": "0272/Lev4",
    "alternative_names": [
        "BFI:RerunAlignedCatalog:0272",
        "SXS:BBH:2144"
    ],
    "initial_data_type": "BBH_SKS",
    "object_types": "BHBH",
    "number_of_orbits": 22.1968766869,
    "reference_mass_ratio": 3.0000768374723124,
    "reference_chi_eff": -0.14991362979401252,
    "reference_chi1_perp": 3.5844035522081454e-07,
    "reference_chi2_perp": 1.0668055336340832e-07,
    "reference_eccentricity": 9.79e-05,
    "reference_dimensionless_spin1": [
        1.70596253726e-07,
        1.74921303804e-07,
        -0.299890927331
    ],
    "reference_dimensionless_spin2": [
        1.84894664597e-07,
        9.42018762241e-08,
        0.300029786693
    ],
    "reference_orbital_frequency": [
        4.07409665123e-09,
        4.26530696715e-09,
        0.0155018241475
    ],
    "reference_mass1": 0.750046888836,
    "reference_mass2": 0.250009226253,
    "reference_time": 380.0,
    "reference_position1": [
        3.56687035983,
        -1.69255724368,
        2.52733760727e-05
    ],
    "reference_position2": [
        -10.7650193868,
        4.95511912098,
        2.72108979684e-05
    ],
    "reference_mean_anomaly": 3.129412,
    "keywords": [],
    "point_of_contact_email": "hannes.rueter@aei.mpg.de",
    "authors_emails": [],
    "simulation_bibtex_keys": [
        "Chu:2015kft",
        "Boyle:2019kee",
        "SXSCatalogWebsite"
    ],
    "code_bibtex_keys": [
        "Ossokine:2013zga",
        "Hemberger:2012jz",
        "Szilagyi:2009qz",
        "Boyle:2009vi",
        "Scheel:2008rj",
        "Boyle:2007ft",
        "Scheel:2006gg",
        "Lindblom:2005qh",
        "Pfeiffer:2002wt",
        "SpECwebsite"
    ],
    "initial_data_bibtex_keys": [
        "Buchman:2012dw",
        "Lovelace:2008tw",
        "Pfeiffer:2007yz",
        "Caudill:2006hw",
        "Cook:2004kt"
    ],
    "quasicircular_bibtex_keys": [
        "Mroue:2012kv",
        "Buonanno:2010yk",
        "Mroue:2010re",
        "Boyle:2007ft"
    ],
    "initial_separation": 15.4409089436,
    "initial_orbital_frequency": 0.015146092826,
    "initial_adot": 2.1403338359e-05,
    "object1": "bh",
    "object2": "bh",
    "initial_ADM_energy": 0.994647745379975,
    "initial_ADM_linear_momentum": [
        1.03694466e-08,
        6.9733269e-09,
        4.874e-13
    ],
    "initial_ADM_angular_momentum": [
        -2.63537e-11,
        1.25063e-11,
        0.6938201705251649
    ],
    "initial_mass1": 0.7499999963050171,
    "initial_mass2": 0.2500000010638497,
    "initial_dimensionless_spin1": [
        2.96e-14,
        -2.93e-14,
        -0.2999999983064828
    ],
    "initial_dimensionless_spin2": [
        3.8e-15,
        1.191e-13,
        0.2999999955374097
    ],
    "initial_position1": [
        3.881451095412068,
        0.0277458181027826,
        -1.97199623e-08
    ],
    "initial_position2": [
        -11.559457848187932,
        0.0277458181027826,
        -1.97199623e-08
    ],
    "relaxation_time": 380.0,
    "common_horizon_time": 6230.66477098,
    "remnant_mass": 0.97464906308,
    "remnant_dimensionless_spin": [
        2.80167568677e-07,
        2.81871051079e-07,
        0.416858332581
    ],
    "remnant_velocity": [
        0.00077616370484,
        -0.000233526033313,
        3.29990666799e-07
    ],
    "metadata_version": 1,
    "spec_revisions": "InitialCommit-30836-gf3a46ee",
    "spells_revision": "f3a46eeb4445f3fafcae9438518ab49d75d2b4df",
    "com_parameters": {
        "space_translation": [
            0.00989637,
            0.01543174,
            -0.00012592
        ],
        "boost_velocity": [
            -1.03170268e-05,
            -2.95261844e-05,
            3.1998973e-07
        ]
    },
    "initial_mass_ratio": 2.9999999724538724
}