{
    "simulation_name": "0239/Lev4",
    "alternative_names": [
        "BFI:RerunAlignedCatalog:0239",
        "SXS:BBH:2113"
    ],
    "initial_data_type": "BBH_SKS",
    "object_types": "BHBH",
    "number_of_orbits": 22.2922144826,
    "reference_mass_ratio": 1.9995081525906433,
    "reference_chi_eff": 0.035710434017118084,
    "reference_chi1_perp": 1.3139275750516487e-07,
    "reference_chi2_perp": 7.678852760538575e-08,
    "reference_eccentricity": 0.0002335,
    "reference_dimensionless_spin1": [
        9.26492454717e-08,
        -1.00894806094e-08,
        -0.37139537059
    ],
    "reference_dimensionless_spin2": [
        5.30128539148e-08,
        -7.03190907092e-08,
        0.849721809296
    ],
    "reference_orbital_frequency": [
        1.54317759024e-09,
        -3.11333103839e-11,
        0.0149666395696
    ],
    "reference_mass1": 0.666634029005,
    "reference_mass2": 0.333399005221,
    "reference_time": 540.0,
    "reference_position1": [
        -0.596327633875,
        5.38575649323,
        -1.29668097441e-05
    ],
    "reference_position2": [
        1.28266843859,
        -10.7106067515,
        -1.31940322738e-05
    ],
    "reference_mean_anomaly": 5.616967,
    "keywords": [],
    "point_of_contact_email": "harald.pfeiffer@aei.mpg.de",
    "authors_emails": [],
    "simulation_bibtex_keys": [
        "Chu:2015kft",
        "Boyle:2019kee",
        "SXSCatalogWebsite"
    ],
    "code_bibtex_keys": [
        "Ossokine:2013zga",
        "Hemberger:2012jz",
        "Szilagyi:2009qz",
        "Boyle:2009vi",
        "Scheel:2008rj",
        "Boyle:2007ft",
        "Scheel:2006gg",
        "Lindblom:2005qh",
        "Pfeiffer:2002wt",
        "SpECwebsite"
    ],
    "initial_data_bibtex_keys": [
        "Buchman:2012dw",
        "Lovelace:2008tw",
        "Pfeiffer:2007yz",
        "Caudill:2006hw",
        "Cook:2004kt"
    ],
    "quasicircular_bibtex_keys": [
        "Mroue:2012kv",
        "Buonanno:2010yk",
        "Mroue:2010re",
        "Boyle:2007ft"
    ],
    "initial_separation": 15.9187447685,
    "initial_orbital_frequency": 0.014015813136,
    "initial_adot": 0.0002534132798984,
    "object1": "bh",
    "object2": "bh",
    "initial_ADM_energy": 0.9938424169841584,
    "initial_ADM_linear_momentum": [
        -2.4258695e-09,
        -3.99405304e-08,
        -6.796e-12
    ],
    "initial_ADM_angular_momentum": [
        5.6954e-12,
        3.52163e-11,
        0.9332720614064015
    ],
    "initial_mass1": 0.6666666787819496,
    "initial_mass2": 0.3333333394908672,
    "initial_dimensionless_spin1": [
        -1.203e-13,
        -2.6e-15,
        -0.3713460064866809
    ],
    "initial_dimensionless_spin2": [
        3.657e-13,
        -5.85e-14,
        0.8499999925023536
    ],
    "initial_position1": [
        5.339570809031788,
        0.0208425758899203,
        -1.58300526e-08
    ],
    "initial_position2": [
        -10.57917395946821,
        0.0208425758899203,
        -1.58300526e-08
    ],
    "relaxation_time": 540.0,
    "common_horizon_time": 6397.56182692,
    "remnant_mass": 0.963048200059,
    "remnant_dimensionless_spin": [
        9.87634143223e-08,
        -4.77056319422e-09,
        0.554293620873
    ],
    "remnant_velocity": [
        0.00075743916093,
        0.000759559361074,
        -3.9304094204e-08
    ],
    "metadata_version": 1,
    "spec_revisions": "InitialCommit-30836-gf3a46ee",
    "spells_revision": "f3a46eeb4445f3fafcae9438518ab49d75d2b4df",
    "com_parameters": {
        "space_translation": [
            -0.00343999011,
            -0.00141719622,
            7.89938874e-06
        ],
        "boost_velocity": [
            -3.69588135e-06,
            1.43166981e-05,
            -3.91764363e-08
        ]
    },
    "initial_mass_ratio": 1.9999999994006459
}