{
    "simulation_name": "0582/Lev3",
    "alternative_names": [
        "BFI:q4_7d:0582",
        "SXS:BBH:2051"
    ],
    "initial_data_type": "BBH_SKS",
    "object_types": "BHBH",
    "number_of_orbits": 20.7974599174,
    "reference_mass_ratio": 3.9991473866966643,
    "reference_chi_eff": 0.11885595688818434,
    "reference_chi1_perp": 1.0150880927250028e-05,
    "reference_chi2_perp": 0.5348080437705544,
    "reference_eccentricity": 0.0005714,
    "reference_dimensionless_spin1": [
        7.08999494944e-06,
        5.30066295696e-06,
        -6.07952562334e-05
    ],
    "reference_dimensionless_spin2": [
        -0.501050783877,
        -0.169074855943,
        0.599764530182
    ],
    "reference_orbital_frequency": [
        -2.51020242813e-05,
        0.000612981044505,
        0.018191249459
    ],
    "reference_mass1": 0.79996755193,
    "reference_mass2": 0.200034526007,
    "reference_time": 350.0,
    "reference_position1": [
        2.81730566848,
        0.0556979328557,
        0.00558634897569
    ],
    "reference_position2": [
        -11.3151247798,
        -0.364550013532,
        0.000245946857742
    ],
    "reference_mean_anomaly": 5.537365,
    "keywords": [],
    "point_of_contact_email": "sfield@astro.cornell.edu",
    "authors_emails": [],
    "simulation_bibtex_keys": [
        "Varma:2019csw",
        "Boyle:2019kee",
        "SXSCatalogWebsite"
    ],
    "code_bibtex_keys": [
        "Ossokine:2013zga",
        "Hemberger:2012jz",
        "Szilagyi:2009qz",
        "Boyle:2009vi",
        "Scheel:2008rj",
        "Boyle:2007ft",
        "Scheel:2006gg",
        "Lindblom:2005qh",
        "Pfeiffer:2002wt",
        "SpECwebsite"
    ],
    "initial_data_bibtex_keys": [
        "Buchman:2012dw",
        "Lovelace:2008tw",
        "Pfeiffer:2007yz",
        "Caudill:2006hw",
        "Cook:2004kt"
    ],
    "quasicircular_bibtex_keys": [
        "Mroue:2012kv",
        "Buonanno:2010yk",
        "Mroue:2010re",
        "Boyle:2007ft"
    ],
    "initial_separation": 13.7637939453,
    "initial_orbital_frequency": 0.017224989623,
    "initial_adot": 0.0002265032176806,
    "object1": "bh",
    "object2": "bh",
    "initial_ADM_energy": 0.9949589719045661,
    "initial_ADM_linear_momentum": [
        2.2282163e-08,
        -4.01222886e-08,
        -6.569787e-10
    ],
    "initial_ADM_angular_momentum": [
        -0.0224177812807577,
        0.0163538756529444,
        0.7055790530675305
    ],
    "initial_mass1": 0.8000000126166084,
    "initial_mass2": 0.1999999895531021,
    "initial_dimensionless_spin1": [
        -3.1482447e-09,
        5.5292083e-09,
        1.207473663e-07
    ],
    "initial_dimensionless_spin2": [
        -0.5447993105431074,
        0.1355544616148598,
        0.5699273157988413
    ],
    "initial_position1": [
        2.767049487105575,
        0.0281521967801019,
        0.0035070579463542
    ],
    "initial_position2": [
        -10.996744458194424,
        0.0281521967801019,
        0.0035070579463542
    ],
    "relaxation_time": 350.0,
    "common_horizon_time": 4970.65056563,
    "remnant_mass": 0.977130164157,
    "remnant_dimensionless_spin": [
        -0.0154213275463,
        0.0120568156549,
        0.482686257803
    ],
    "remnant_velocity": [
        -0.000521376365728,
        -0.000188491402504,
        -0.000108957751792
    ],
    "metadata_version": 1,
    "spec_revisions": "InitialCommit-30548-g8a39246",
    "spells_revision": "8a392465d586c8ca817d062b58522dabb63df692",
    "com_parameters": {
        "space_translation": [
            0.00729248,
            -0.00616587,
            0.00041591
        ],
        "boost_velocity": [
            -3.38016236e-06,
            6.38931856e-06,
            6.37888777e-07
        ]
    },
    "initial_mass_ratio": 4.000000272021014
}