{
    "simulation_name": "0268/Lev4",
    "alternative_names": [
        "BFI:RerunAlignedCatalog:0268",
        "SXS:BBH:2140"
    ],
    "initial_data_type": "BBH_SKS",
    "object_types": "BHBH",
    "number_of_orbits": 22.7775068762,
    "reference_mass_ratio": 2.9999445534589357,
    "reference_chi_eff": -0.44993779620807234,
    "reference_chi1_perp": 2.6037372565600283e-07,
    "reference_chi2_perp": 1.588181956658441e-07,
    "reference_eccentricity": 0.0001044,
    "reference_dimensionless_spin1": [
        1.00450745326e-07,
        -1.81692104994e-07,
        -0.39996579895
    ],
    "reference_dimensionless_spin2": [
        5.04767719478e-08,
        -5.64442852302e-08,
        -0.599851017208
    ],
    "reference_orbital_frequency": [
        -9.7429123896e-10,
        -2.4772604687e-09,
        0.0145632856097
    ],
    "reference_mass1": 0.750020318443,
    "reference_mass2": 0.25001139357,
    "reference_time": 400.0,
    "reference_position1": [
        3.60097922345,
        -2.00485608033,
        -3.74522102411e-06
    ],
    "reference_position2": [
        -10.8946425996,
        5.919621981,
        -3.3670069975e-06
    ],
    "reference_mean_anomaly": 6.228344,
    "keywords": [],
    "point_of_contact_email": "hannes.rueter@aei.mpg.de",
    "authors_emails": [],
    "simulation_bibtex_keys": [
        "Chu:2015kft",
        "Boyle:2019kee",
        "SXSCatalogWebsite"
    ],
    "code_bibtex_keys": [
        "Ossokine:2013zga",
        "Hemberger:2012jz",
        "Szilagyi:2009qz",
        "Boyle:2009vi",
        "Scheel:2008rj",
        "Boyle:2007ft",
        "Scheel:2006gg",
        "Lindblom:2005qh",
        "Pfeiffer:2002wt",
        "SpECwebsite"
    ],
    "initial_data_bibtex_keys": [
        "Buchman:2012dw",
        "Lovelace:2008tw",
        "Pfeiffer:2007yz",
        "Caudill:2006hw",
        "Cook:2004kt"
    ],
    "quasicircular_bibtex_keys": [
        "Mroue:2012kv",
        "Buonanno:2010yk",
        "Mroue:2010re",
        "Boyle:2007ft"
    ],
    "initial_separation": 16.185981754,
    "initial_orbital_frequency": 0.014117003688,
    "initial_adot": -0.0001337443866172,
    "object1": "bh",
    "object2": "bh",
    "initial_ADM_energy": 0.9949191337432395,
    "initial_ADM_linear_momentum": [
        1.03771582e-08,
        1.61781215e-08,
        -7.52113e-11
    ],
    "initial_ADM_angular_momentum": [
        -1.095498e-10,
        -5.2989e-12,
        0.605298699838958
    ],
    "initial_mass1": 0.7500000197235115,
    "initial_mass2": 0.2500000132120044,
    "initial_dimensionless_spin1": [
        -3.09e-14,
        8.54e-14,
        -0.4000000023658587
    ],
    "initial_dimensionless_spin2": [
        -6.35e-14,
        -1.23e-14,
        -0.5999999930751265
    ],
    "initial_position1": [
        4.0615303233928115,
        0.0275783855197682,
        1.661116256e-07
    ],
    "initial_position2": [
        -12.124451430607188,
        0.0275783855197682,
        1.661116256e-07
    ],
    "relaxation_time": 400.0,
    "common_horizon_time": 6893.30612348,
    "remnant_mass": 0.977269769631,
    "remnant_dimensionless_spin": [
        -3.69616381902e-08,
        -1.73220505879e-07,
        0.341259078869
    ],
    "remnant_velocity": [
        -0.000748840160147,
        -5.33019186245e-05,
        -4.2403040861e-08
    ],
    "metadata_version": 1,
    "spec_revisions": "InitialCommit-30836-gf3a46ee",
    "spells_revision": "f3a46eeb4445f3fafcae9438518ab49d75d2b4df",
    "com_parameters": {
        "space_translation": [
            -0.000841013084,
            -0.00464485826,
            1.2340102e-05
        ],
        "boost_velocity": [
            2.28240614e-08,
            -2.32591108e-06,
            -3.35557912e-08
        ]
    },
    "initial_mass_ratio": 2.9999999203499974
}