{
    "simulation_name": "0254/Lev4",
    "alternative_names": [
        "BFI:RerunAlignedCatalog:0254",
        "SXS:BBH:2128"
    ],
    "initial_data_type": "BBH_SKS",
    "object_types": "BHBH",
    "number_of_orbits": 22.8801744129,
    "reference_mass_ratio": 1.9998282805507601,
    "reference_chi_eff": 0.20007551762860948,
    "reference_chi1_perp": 1.2567320094276025e-08,
    "reference_chi2_perp": 4.4864370618480095e-08,
    "reference_eccentricity": 0.0001265,
    "reference_dimensionless_spin1": [
        -1.1832866926e-08,
        -2.1818714933e-08,
        0.60007319103
    ],
    "reference_dimensionless_spin2": [
        6.23210074984e-09,
        -1.13134856842e-08,
        -0.599851141794
    ],
    "reference_orbital_frequency": [
        -1.88456406114e-10,
        -8.63076327561e-10,
        0.0154369138282
    ],
    "reference_mass1": 0.666647387686,
    "reference_mass2": 0.333352315381,
    "reference_time": 410.0,
    "reference_position1": [
        5.25285268255,
        -0.10352223811,
        -6.20352315469e-06
    ],
    "reference_position2": [
        -10.6090787913,
        0.183969126916,
        -6.38109463294e-06
    ],
    "reference_mean_anomaly": 5.825834,
    "keywords": [],
    "point_of_contact_email": "hannes.rueter@aei.mpg.de",
    "authors_emails": [],
    "simulation_bibtex_keys": [
        "Chu:2015kft",
        "Boyle:2019kee",
        "SXSCatalogWebsite"
    ],
    "code_bibtex_keys": [
        "Ossokine:2013zga",
        "Hemberger:2012jz",
        "Szilagyi:2009qz",
        "Boyle:2009vi",
        "Scheel:2008rj",
        "Boyle:2007ft",
        "Scheel:2006gg",
        "Lindblom:2005qh",
        "Pfeiffer:2002wt",
        "SpECwebsite"
    ],
    "initial_data_bibtex_keys": [
        "Buchman:2012dw",
        "Lovelace:2008tw",
        "Pfeiffer:2007yz",
        "Caudill:2006hw",
        "Cook:2004kt"
    ],
    "quasicircular_bibtex_keys": [
        "Mroue:2012kv",
        "Buonanno:2010yk",
        "Mroue:2010re",
        "Boyle:2007ft"
    ],
    "initial_separation": 15.4913047468,
    "initial_orbital_frequency": 0.014835292491,
    "initial_adot": -5.03669399507e-05,
    "object1": "bh",
    "object2": "bh",
    "initial_ADM_energy": 0.9935885219548642,
    "initial_ADM_linear_momentum": [
        -2.81519144e-08,
        -1.605644158e-07,
        3.6152e-12
    ],
    "initial_ADM_angular_momentum": [
        -2.7007e-12,
        3.6826e-12,
        1.18406072472637
    ],
    "initial_mass1": 0.6666666671345182,
    "initial_mass2": 0.333333341959976,
    "initial_dimensionless_spin1": [
        9.49e-14,
        -3.5e-14,
        0.599999986257893
    ],
    "initial_dimensionless_spin2": [
        1.794e-13,
        -1.3e-15,
        -0.6000000358044559
    ],
    "initial_position1": [
        5.141235258387231,
        0.0210070961333062,
        -5.1112774e-09
    ],
    "initial_position2": [
        -10.350069488412768,
        0.0210070961333062,
        -5.1112774e-09
    ],
    "relaxation_time": 410.0,
    "common_horizon_time": 6183.24490532,
    "remnant_mass": 0.951210028215,
    "remnant_dimensionless_spin": [
        -1.32532947205e-08,
        -4.60940410289e-08,
        0.775529581479
    ],
    "remnant_velocity": [
        -0.000384215890381,
        0.000101359146697,
        -4.07486197259e-08
    ],
    "metadata_version": 1,
    "spec_revisions": "InitialCommit-30836-gf3a46ee",
    "spells_revision": "f3a46eeb4445f3fafcae9438518ab49d75d2b4df",
    "com_parameters": {
        "space_translation": [
            -0.00314759874,
            -0.00141380947,
            1.07242253e-05
        ],
        "boost_velocity": [
            3.91527743e-06,
            -2.1703633e-06,
            -3.79838355e-08
        ]
    },
    "initial_mass_ratio": 1.9999999496436998
}