{
    "simulation_name": "0528/Lev3",
    "alternative_names": [
        "BFI:q4_7d:0528",
        "SXS:BBH:2002"
    ],
    "initial_data_type": "BBH_SKS",
    "object_types": "BHBH",
    "number_of_orbits": 20.8992857704,
    "reference_mass_ratio": 4.000162505719002,
    "reference_chi_eff": 0.02069976126202001,
    "reference_chi1_perp": 0.799583673282861,
    "reference_chi2_perp": 1.349600024954033e-05,
    "reference_eccentricity": 0.0003069,
    "reference_dimensionless_spin1": [
        -0.73181868563,
        -0.321284990187,
        0.0349553643056
    ],
    "reference_dimensionless_spin2": [
        7.21860232245e-08,
        3.7054493428e-06,
        -7.61571989083e-05
    ],
    "reference_orbital_frequency": [
        -0.000767683628112,
        0.00224138315426,
        0.0179159314883
    ],
    "reference_mass1": 0.79998711504,
    "reference_mass2": 0.199988653935,
    "reference_time": 350.0,
    "reference_position1": [
        2.83244419806,
        -0.049913471468,
        0.113085467283
    ],
    "reference_position2": [
        -11.3679659575,
        0.0633193578445,
        -0.509557042392
    ],
    "reference_mean_anomaly": 5.611852,
    "keywords": [],
    "point_of_contact_email": "sfield@astro.cornell.edu",
    "authors_emails": [],
    "simulation_bibtex_keys": [
        "Varma:2019csw",
        "Boyle:2019kee",
        "SXSCatalogWebsite"
    ],
    "code_bibtex_keys": [
        "Ossokine:2013zga",
        "Hemberger:2012jz",
        "Szilagyi:2009qz",
        "Boyle:2009vi",
        "Scheel:2008rj",
        "Boyle:2007ft",
        "Scheel:2006gg",
        "Lindblom:2005qh",
        "Pfeiffer:2002wt",
        "SpECwebsite"
    ],
    "initial_data_bibtex_keys": [
        "Buchman:2012dw",
        "Lovelace:2008tw",
        "Pfeiffer:2007yz",
        "Caudill:2006hw",
        "Cook:2004kt"
    ],
    "quasicircular_bibtex_keys": [
        "Mroue:2012kv",
        "Buonanno:2010yk",
        "Mroue:2010re",
        "Boyle:2007ft"
    ],
    "initial_separation": 13.8374023438,
    "initial_orbital_frequency": 0.017562476669,
    "initial_adot": 5.57330004295e-05,
    "object1": "bh",
    "object2": "bh",
    "initial_ADM_energy": 0.9949793479397016,
    "initial_ADM_linear_momentum": [
        5.7912601e-09,
        5.13657496e-08,
        -7.337046e-10
    ],
    "initial_ADM_angular_momentum": [
        -0.4980032670290562,
        -0.1144940658753438,
        0.7006077198976159
    ],
    "initial_mass1": 0.8000000003123359,
    "initial_mass2": 0.2000000001133185,
    "initial_dimensionless_spin1": [
        -0.7771000915410758,
        -0.188564240617862,
        0.0235647198402551
    ],
    "initial_dimensionless_spin2": [
        2.986313103e-07,
        -4.01952617e-08,
        -1.5828223498e-06
    ],
    "initial_position1": [
        2.776417452167359,
        0.0315923585254958,
        -0.0234634011017494
    ],
    "initial_position2": [
        -11.06098489163264,
        0.0315923585254958,
        -0.0234634011017494
    ],
    "relaxation_time": 350.0,
    "common_horizon_time": 5018.37362137,
    "remnant_mass": 0.974522065173,
    "remnant_dimensionless_spin": [
        -0.411421865727,
        -0.124365676287,
        0.548939055656
    ],
    "remnant_velocity": [
        0.000792133089052,
        2.41332880193e-05,
        0.000296905691969
    ],
    "metadata_version": 1,
    "spec_revisions": "InitialCommit-30548-g8a39246",
    "spells_revision": "8a392465d586c8ca817d062b58522dabb63df692",
    "com_parameters": {
        "space_translation": [
            -0.00688195,
            -0.01165126,
            0.00350197
        ],
        "boost_velocity": [
            1.79308716e-05,
            7.14203128e-06,
            -1.06721269e-05
        ]
    },
    "initial_mass_ratio": 3.9999999992953095
}