{
    "simulation_name": "0264/Lev4",
    "alternative_names": [
        "BFI:RerunAlignedCatalog:0264",
        "SXS:BBH:2136"
    ],
    "initial_data_type": "BBH_SKS",
    "object_types": "BHBH",
    "number_of_orbits": 23.3735098867,
    "reference_mass_ratio": 2.999858960552624,
    "reference_chi_eff": -0.5999432111068227,
    "reference_chi1_perp": 2.8836088457178996e-07,
    "reference_chi2_perp": 1.489227951176817e-07,
    "reference_eccentricity": 0.0002589,
    "reference_dimensionless_spin1": [
        -1.9401485823e-07,
        -6.67790870827e-08,
        -0.599952482296
    ],
    "reference_dimensionless_spin2": [
        -4.46057183141e-08,
        -1.28778854345e-07,
        -0.599915398847
    ],
    "reference_orbital_frequency": [
        -2.21213288112e-09,
        1.75823611165e-09,
        0.0140841565958
    ],
    "reference_mass1": 0.749989054658,
    "reference_mass2": 0.250008105221,
    "reference_time": 600.0,
    "reference_position1": [
        -1.96976798207,
        3.73158100485,
        1.20537889692e-05
    ],
    "reference_position2": [
        6.04446383159,
        -11.162913868,
        1.5171944051e-05
    ],
    "reference_mean_anomaly": 0.718587,
    "keywords": [],
    "point_of_contact_email": "hannes.rueter@aei.mpg.de",
    "authors_emails": [],
    "simulation_bibtex_keys": [
        "Chu:2015kft",
        "Boyle:2019kee",
        "SXSCatalogWebsite"
    ],
    "code_bibtex_keys": [
        "Ossokine:2013zga",
        "Hemberger:2012jz",
        "Szilagyi:2009qz",
        "Boyle:2009vi",
        "Scheel:2008rj",
        "Boyle:2007ft",
        "Scheel:2006gg",
        "Lindblom:2005qh",
        "Pfeiffer:2002wt",
        "SpECwebsite"
    ],
    "initial_data_bibtex_keys": [
        "Buchman:2012dw",
        "Lovelace:2008tw",
        "Pfeiffer:2007yz",
        "Caudill:2006hw",
        "Cook:2004kt"
    ],
    "quasicircular_bibtex_keys": [
        "Mroue:2012kv",
        "Buonanno:2010yk",
        "Mroue:2010re",
        "Boyle:2007ft"
    ],
    "initial_separation": 16.6869920954,
    "initial_orbital_frequency": 0.013507942977,
    "initial_adot": -0.0001429389571952,
    "object1": "bh",
    "object2": "bh",
    "initial_ADM_energy": 0.9950820963234449,
    "initial_ADM_linear_momentum": [
        -5.13965193e-08,
        -1.328223549e-07,
        -1.52076e-11
    ],
    "initial_ADM_angular_momentum": [
        6.04949e-11,
        5.6748e-12,
        0.5076691897097657
    ],
    "initial_mass1": 0.7500000038268059,
    "initial_mass2": 0.2500000036330298,
    "initial_dimensionless_spin1": [
        1.857e-13,
        -8.74e-14,
        -0.5999999904116764
    ],
    "initial_dimensionless_spin2": [
        1.423e-13,
        -1.12e-13,
        -0.5999999547130044
    ],
    "initial_position1": [
        4.193490590977368,
        0.0288286418999532,
        1.49503351e-08
    ],
    "initial_position2": [
        -12.493501504422632,
        0.0288286418999532,
        1.49503351e-08
    ],
    "relaxation_time": 600.0,
    "common_horizon_time": 7434.1539614,
    "remnant_mass": 0.978916057276,
    "remnant_dimensionless_spin": [
        -8.00524128752e-08,
        2.84461723658e-08,
        0.24954735907
    ],
    "remnant_velocity": [
        0.000703490194954,
        0.000516893439989,
        4.25790225969e-08
    ],
    "metadata_version": 1,
    "spec_revisions": "InitialCommit-30836-gf3a46ee",
    "spells_revision": "f3a46eeb4445f3fafcae9438518ab49d75d2b4df",
    "com_parameters": {
        "space_translation": [
            -0.0130542818,
            9.19717591e-05,
            -1.04784234e-05
        ],
        "boost_velocity": [
            2.05993452e-05,
            -9.33956825e-06,
            4.78647944e-08
        ]
    },
    "initial_mass_ratio": 2.999999971710866
}