{
    "simulation_name": "0229/Lev4",
    "alternative_names": [
        "BFI:RerunAlignedCatalog:0229",
        "SXS:BBH:2103"
    ],
    "initial_data_type": "BBH_SKS",
    "object_types": "BHBH",
    "number_of_orbits": 23.0849921396,
    "reference_mass_ratio": 1.0000271211257827,
    "reference_chi_eff": 0.44998957301060494,
    "reference_chi1_perp": 1.0781137536007051e-08,
    "reference_chi2_perp": 6.273126292611381e-09,
    "reference_eccentricity": 9.65e-05,
    "reference_dimensionless_spin1": [
        -1.08147632409e-08,
        -2.46030435021e-10,
        0.649960888856
    ],
    "reference_dimensionless_spin2": [
        6.16863654046e-09,
        -1.2253028642e-10,
        0.250012833718
    ],
    "reference_orbital_frequency": [
        -4.02667196931e-12,
        3.45273455969e-11,
        0.0151828308074
    ],
    "reference_mass1": 0.500018911099,
    "reference_mass2": 0.500005350391,
    "reference_time": 640.0,
    "reference_position1": [
        -7.96066572371,
        -0.918417024942,
        2.75124636702e-07
    ],
    "reference_position2": [
        7.97477311003,
        0.908357075563,
        2.75196634091e-07
    ],
    "reference_mean_anomaly": 5.360855,
    "keywords": [],
    "point_of_contact_email": "nils.fischer@aei.mpg.de",
    "authors_emails": [],
    "simulation_bibtex_keys": [
        "Chu:2015kft",
        "Boyle:2019kee",
        "SXSCatalogWebsite"
    ],
    "code_bibtex_keys": [
        "Ossokine:2013zga",
        "Hemberger:2012jz",
        "Szilagyi:2009qz",
        "Boyle:2009vi",
        "Scheel:2008rj",
        "Boyle:2007ft",
        "Scheel:2006gg",
        "Lindblom:2005qh",
        "Pfeiffer:2002wt",
        "SpECwebsite"
    ],
    "initial_data_bibtex_keys": [
        "Buchman:2012dw",
        "Lovelace:2008tw",
        "Pfeiffer:2007yz",
        "Caudill:2006hw",
        "Cook:2004kt"
    ],
    "quasicircular_bibtex_keys": [
        "Mroue:2012kv",
        "Buonanno:2010yk",
        "Mroue:2010re",
        "Boyle:2007ft"
    ],
    "initial_separation": 15.8029509113,
    "initial_orbital_frequency": 0.014417497373,
    "initial_adot": 0.000108083729092,
    "object1": "bh",
    "object2": "bh",
    "initial_ADM_energy": 0.9928594601644527,
    "initial_ADM_linear_momentum": [
        -1.964335312e-07,
        -6.55661401e-08,
        -4.3429e-12
    ],
    "initial_ADM_angular_momentum": [
        -8.3252e-12,
        1.16402e-11,
        1.3318734389247149
    ],
    "initial_mass1": 0.5000000023587706,
    "initial_mass2": 0.500000016169729,
    "initial_dimensionless_spin1": [
        1.684e-13,
        -3.854e-13,
        0.650000031970085
    ],
    "initial_dimensionless_spin2": [
        -1.38e-13,
        1.811e-13,
        0.2499999987652431
    ],
    "initial_position1": [
        7.890466346049108,
        0.0013483095969206,
        -3.21152924e-08
    ],
    "initial_position2": [
        -7.912484565250892,
        0.0013483095969206,
        -3.21152924e-08
    ],
    "relaxation_time": 640.0,
    "common_horizon_time": 6319.48467898,
    "remnant_mass": 0.935172991672,
    "remnant_dimensionless_spin": [
        -7.77120325829e-10,
        1.42720974204e-09,
        0.817304669563
    ],
    "remnant_velocity": [
        -0.000179086160265,
        -0.000149981334055,
        1.75053765582e-09
    ],
    "metadata_version": 1,
    "spec_revisions": "InitialCommit-30836-gf3a46ee",
    "spells_revision": "f3a46eeb4445f3fafcae9438518ab49d75d2b4df",
    "com_parameters": {
        "space_translation": [
            0.000258048833,
            0.000628896606,
            -8.4301318e-07
        ],
        "boost_velocity": [
            -2.71730945e-07,
            -2.87304923e-07,
            1.00856571e-09
        ]
    },
    "initial_mass_ratio": 0.9999999723780841
}