{
    "simulation_name": "0258/Lev4",
    "alternative_names": [
        "BFI:RerunAlignedCatalog:0258",
        "SXS:BBH:2132"
    ],
    "initial_data_type": "BBH_SKS",
    "object_types": "BHBH",
    "number_of_orbits": 22.7905446113,
    "reference_mass_ratio": 1.999853625541789,
    "reference_chi_eff": 0.2975987086181812,
    "reference_chi1_perp": 2.2251744735232384e-08,
    "reference_chi2_perp": 6.877239330534058e-08,
    "reference_eccentricity": 0.0003036,
    "reference_dimensionless_spin1": [
        3.39921470539e-08,
        1.30241232129e-08,
        0.87126253279
    ],
    "reference_dimensionless_spin2": [
        -3.38459854913e-08,
        4.24605760706e-08,
        -0.849644969994
    ],
    "reference_orbital_frequency": [
        9.8041243096e-10,
        4.5420487735e-10,
        0.0161112517906
    ],
    "reference_mass1": 0.666726423465,
    "reference_mass2": 0.333387611448,
    "reference_time": 640.0,
    "reference_position1": [
        -3.922349226,
        -3.26544053331,
        2.47519171125e-06
    ],
    "reference_position2": [
        7.95109265198,
        6.58672946835,
        1.47491104454e-06
    ],
    "reference_mean_anomaly": 3.259389,
    "keywords": [],
    "point_of_contact_email": "hannes.rueter@aei.mpg.de",
    "authors_emails": [],
    "simulation_bibtex_keys": [
        "Chu:2015kft",
        "Boyle:2019kee",
        "SXSCatalogWebsite"
    ],
    "code_bibtex_keys": [
        "Ossokine:2013zga",
        "Hemberger:2012jz",
        "Szilagyi:2009qz",
        "Boyle:2009vi",
        "Scheel:2008rj",
        "Boyle:2007ft",
        "Scheel:2006gg",
        "Lindblom:2005qh",
        "Pfeiffer:2002wt",
        "SpECwebsite"
    ],
    "initial_data_bibtex_keys": [
        "Buchman:2012dw",
        "Lovelace:2008tw",
        "Pfeiffer:2007yz",
        "Caudill:2006hw",
        "Cook:2004kt"
    ],
    "quasicircular_bibtex_keys": [
        "Mroue:2012kv",
        "Buonanno:2010yk",
        "Mroue:2010re",
        "Boyle:2007ft"
    ],
    "initial_separation": 15.1989776702,
    "initial_orbital_frequency": 0.01474860904,
    "initial_adot": -0.0001006370019307,
    "object1": "bh",
    "object2": "bh",
    "initial_ADM_energy": 0.9935449389682659,
    "initial_ADM_linear_momentum": [
        -1.061017424e-07,
        -1.079856588e-07,
        5.5614e-12
    ],
    "initial_ADM_angular_momentum": [
        3.013e-13,
        -1.8946e-12,
        1.2652950863025136
    ],
    "initial_mass1": 0.6666667688227353,
    "initial_mass2": 0.3333333536510122,
    "initial_dimensionless_spin1": [
        2.16e-13,
        -1.938e-13,
        0.8713459217565234
    ],
    "initial_dimensionless_spin2": [
        -1.631e-13,
        -4.514e-13,
        -0.8500000949385649
    ],
    "initial_position1": [
        5.028944418524791,
        0.0227946347122857,
        -2.5899118e-09
    ],
    "initial_position2": [
        -10.170033251675209,
        0.0227946347122857,
        -2.5899118e-09
    ],
    "relaxation_time": 640.0,
    "common_horizon_time": 5930.31766109,
    "remnant_mass": 0.943766633903,
    "remnant_dimensionless_spin": [
        4.1573289998e-08,
        2.43736195327e-08,
        0.841637797061
    ],
    "remnant_velocity": [
        -0.000325730678654,
        0.000443002558167,
        1.41170797602e-09
    ],
    "metadata_version": 1,
    "spec_revisions": "InitialCommit-30836-gf3a46ee",
    "spells_revision": "f3a46eeb4445f3fafcae9438518ab49d75d2b4df",
    "com_parameters": {
        "space_translation": [
            -0.00472948466,
            0.00565615785,
            3.48057612e-06
        ],
        "boost_velocity": [
            6.67679623e-06,
            -1.79057889e-05,
            -4.86810726e-10
        ]
    },
    "initial_mass_ratio": 2.0000001845621216
}