{
    "simulation_name": "0541/Lev3",
    "alternative_names": [
        "BFI:q4_7d:0541",
        "SXS:BBH:2014"
    ],
    "initial_data_type": "BBH_SKS",
    "object_types": "BHBH",
    "number_of_orbits": 24.5016608921,
    "reference_mass_ratio": 3.9999300875621286,
    "reference_chi_eff": 0.7201017793713752,
    "reference_chi1_perp": 5.157292853403989e-07,
    "reference_chi2_perp": 1.5361234700186575e-07,
    "reference_eccentricity": 0.0004193,
    "reference_dimensionless_spin1": [
        -3.51635116679e-08,
        7.03082439704e-07,
        0.800139680142
    ],
    "reference_dimensionless_spin2": [
        1.69289656356e-07,
        2.20683789046e-07,
        0.399955771933
    ],
    "reference_orbital_frequency": [
        3.20252797563e-09,
        5.24951797592e-09,
        0.0195468051648
    ],
    "reference_mass1": 0.799962527159,
    "reference_mass2": 0.199994127309,
    "reference_time": 330.0,
    "reference_position1": [
        2.6426728328,
        0.298811860416,
        5.88091957282e-06
    ],
    "reference_position2": [
        -10.670301188,
        -1.29926833634,
        8.49128592324e-06
    ],
    "reference_mean_anomaly": 5.124462,
    "keywords": [],
    "point_of_contact_email": "sfield@astro.cornell.edu",
    "authors_emails": [],
    "simulation_bibtex_keys": [
        "Varma:2019csw",
        "Boyle:2019kee",
        "SXSCatalogWebsite"
    ],
    "code_bibtex_keys": [
        "Ossokine:2013zga",
        "Hemberger:2012jz",
        "Szilagyi:2009qz",
        "Boyle:2009vi",
        "Scheel:2008rj",
        "Boyle:2007ft",
        "Scheel:2006gg",
        "Lindblom:2005qh",
        "Pfeiffer:2002wt",
        "SpECwebsite"
    ],
    "initial_data_bibtex_keys": [
        "Buchman:2012dw",
        "Lovelace:2008tw",
        "Pfeiffer:2007yz",
        "Caudill:2006hw",
        "Cook:2004kt"
    ],
    "quasicircular_bibtex_keys": [
        "Mroue:2012kv",
        "Buonanno:2010yk",
        "Mroue:2010re",
        "Boyle:2007ft"
    ],
    "initial_separation": 12.9766235352,
    "initial_orbital_frequency": 0.018859252463,
    "initial_adot": 0.0001883103267533,
    "object1": "bh",
    "object2": "bh",
    "initial_ADM_energy": 0.9945322622172984,
    "initial_ADM_linear_momentum": [
        -7.3453646e-09,
        -1.078799815e-07,
        5.146e-12
    ],
    "initial_ADM_angular_momentum": [
        3.0127e-11,
        8.8479e-12,
        1.1747813004856922
    ],
    "initial_mass1": 0.8000000212732838,
    "initial_mass2": 0.1999999893151248,
    "initial_dimensionless_spin1": [
        1.526e-13,
        -2.252e-13,
        0.7999999976155394
    ],
    "initial_dimensionless_spin2": [
        -5.67e-14,
        3.961e-13,
        0.3999999823755392
    ],
    "initial_position1": [
        2.5830349406015576,
        0.0306374773262091,
        -2.3625731e-09
    ],
    "initial_position2": [
        -10.393588594598443,
        0.0306374773262091,
        -2.3625731e-09
    ],
    "relaxation_time": 330.0,
    "common_horizon_time": 5086.37328021,
    "remnant_mass": 0.954579449406,
    "remnant_dimensionless_spin": [
        1.68198712065e-07,
        6.95494459381e-07,
        0.881766585395
    ],
    "remnant_velocity": [
        1.53570246215e-05,
        3.73944584678e-05,
        1.29691158232e-07
    ],
    "metadata_version": 1,
    "spec_revisions": "InitialCommit-30548-g8a39246",
    "spells_revision": "8a392465d586c8ca817d062b58522dabb63df692",
    "com_parameters": {
        "space_translation": [
            -0.00929107279,
            0.0138614427,
            -5.35038004e-05
        ],
        "boost_velocity": [
            3.70413813e-05,
            -2.44280506e-05,
            1.23637241e-07
        ]
    },
    "initial_mass_ratio": 4.000000320063941
}