{
    "simulation_name": "0558/Lev3",
    "alternative_names": [
        "BFI:q4_7d:0558",
        "SXS:BBH:2030"
    ],
    "initial_data_type": "BBH_SKS",
    "object_types": "BHBH",
    "number_of_orbits": 20.3843212375,
    "reference_mass_ratio": 4.000060830144142,
    "reference_chi_eff": 0.0005302999343303852,
    "reference_chi1_perp": 1.9612837702778526e-06,
    "reference_chi2_perp": 0.39990366139661393,
    "reference_eccentricity": 0.0002101,
    "reference_dimensionless_spin1": [
        -1.61810449842e-06,
        8.151627553e-08,
        5.69204090593e-05
    ],
    "reference_dimensionless_spin2": [
        -0.301592079338,
        -0.262505258073,
        0.00787532885739
    ],
    "reference_orbital_frequency": [
        -0.000106677080713,
        0.000505095868794,
        0.0184235547252
    ],
    "reference_mass1": 0.800064586334,
    "reference_mass2": 0.200013104877,
    "reference_time": 640.0,
    "reference_position1": [
        1.43238074702,
        -2.39496631071,
        0.072259247198
    ],
    "reference_position2": [
        -5.94849260729,
        9.54746998027,
        -0.297888933117
    ],
    "reference_mean_anomaly": 4.330178,
    "keywords": [],
    "point_of_contact_email": "sfield@astro.cornell.edu",
    "authors_emails": [],
    "simulation_bibtex_keys": [
        "Varma:2019csw",
        "Boyle:2019kee",
        "SXSCatalogWebsite"
    ],
    "code_bibtex_keys": [
        "Ossokine:2013zga",
        "Hemberger:2012jz",
        "Szilagyi:2009qz",
        "Boyle:2009vi",
        "Scheel:2008rj",
        "Boyle:2007ft",
        "Scheel:2006gg",
        "Lindblom:2005qh",
        "Pfeiffer:2002wt",
        "SpECwebsite"
    ],
    "initial_data_bibtex_keys": [
        "Buchman:2012dw",
        "Lovelace:2008tw",
        "Pfeiffer:2007yz",
        "Caudill:2006hw",
        "Cook:2004kt"
    ],
    "quasicircular_bibtex_keys": [
        "Mroue:2012kv",
        "Buonanno:2010yk",
        "Mroue:2010re",
        "Boyle:2007ft"
    ],
    "initial_separation": 13.8796386719,
    "initial_orbital_frequency": 0.017556638275,
    "initial_adot": -2.90500987317e-05,
    "object1": "bh",
    "object2": "bh",
    "initial_ADM_energy": 0.9949694925401954,
    "initial_ADM_linear_momentum": [
        -1.3912314e-09,
        -1.877242959e-07,
        -1.15906e-10
    ],
    "initial_ADM_angular_momentum": [
        -0.0151991745173676,
        0.0091131917956189,
        0.6880583900233262
    ],
    "initial_mass1": 0.8000000075555526,
    "initial_mass2": 0.1999999994398381,
    "initial_dimensionless_spin1": [
        5.744936e-10,
        -1.39283267e-08,
        1.092353662e-07
    ],
    "initial_dimensionless_spin2": [
        -0.372461882384329,
        0.1458325062611358,
        0.0021203359471817
    ],
    "initial_position1": [
        2.7855314210587636,
        0.0281571582672015,
        0.0024647632685834
    ],
    "initial_position2": [
        -11.094107250841237,
        0.0281571582672015,
        0.0024647632685834
    ],
    "relaxation_time": 640.0,
    "common_horizon_time": 4941.83213661,
    "remnant_mass": 0.977961562778,
    "remnant_dimensionless_spin": [
        -0.0100149227909,
        0.00672976044417,
        0.471677626777
    ],
    "remnant_velocity": [
        0.000375627914219,
        0.000371935597553,
        -0.00026942385492
    ],
    "metadata_version": 1,
    "spec_revisions": "InitialCommit-30548-g8a39246",
    "spells_revision": "8a392465d586c8ca817d062b58522dabb63df692",
    "com_parameters": {
        "space_translation": [
            -0.01047047,
            0.00088295,
            0.00036585
        ],
        "boost_velocity": [
            -9.85158836e-06,
            -1.39994716e-05,
            -7.80208483e-08
        ]
    },
    "initial_mass_ratio": 4.0000000489810015
}