{
    "simulation_name": "0289/Lev4",
    "alternative_names": [
        "BFI:RerunAlignedCatalog:0289",
        "SXS:BBH:2161"
    ],
    "initial_data_type": "BBH_SKS",
    "object_types": "BHBH",
    "number_of_orbits": 26.5857535661,
    "reference_mass_ratio": 3.000141744864603,
    "reference_chi_eff": 0.44997025247807704,
    "reference_chi1_perp": 4.047302299854767e-07,
    "reference_chi2_perp": 2.2561722419775352e-07,
    "reference_eccentricity": 0.0001645,
    "reference_dimensionless_spin1": [
        5.99632085252e-07,
        -4.46921774677e-08,
        0.599951134148
    ],
    "reference_dimensionless_spin2": [
        2.30926007774e-09,
        2.25607455413e-07,
        6.34844797509e-06
    ],
    "reference_orbital_frequency": [
        7.30538706908e-09,
        5.15515340423e-09,
        0.0161997955928
    ],
    "reference_mass1": 0.750022902878,
    "reference_mass2": 0.249995822418,
    "reference_time": 530.0,
    "reference_position1": [
        -2.20669978132,
        3.07963607324,
        3.34998393878e-05
    ],
    "reference_position2": [
        6.73327062138,
        -9.2866739083,
        3.34035592113e-05
    ],
    "reference_mean_anomaly": 4.511184,
    "keywords": [],
    "point_of_contact_email": "serguei.ossokine@aei.mpg.de",
    "authors_emails": [],
    "simulation_bibtex_keys": [
        "Chu:2015kft",
        "Boyle:2019kee",
        "SXSCatalogWebsite"
    ],
    "code_bibtex_keys": [
        "Ossokine:2013zga",
        "Hemberger:2012jz",
        "Szilagyi:2009qz",
        "Boyle:2009vi",
        "Scheel:2008rj",
        "Boyle:2007ft",
        "Scheel:2006gg",
        "Lindblom:2005qh",
        "Pfeiffer:2002wt",
        "SpECwebsite"
    ],
    "initial_data_bibtex_keys": [
        "Buchman:2012dw",
        "Lovelace:2008tw",
        "Pfeiffer:2007yz",
        "Caudill:2006hw",
        "Cook:2004kt"
    ],
    "quasicircular_bibtex_keys": [
        "Mroue:2012kv",
        "Buonanno:2010yk",
        "Mroue:2010re",
        "Boyle:2007ft"
    ],
    "initial_separation": 14.9642174858,
    "initial_orbital_frequency": 0.015689580689,
    "initial_adot": 3.94184245678e-05,
    "object1": "bh",
    "object2": "bh",
    "initial_ADM_energy": 0.9943720001979731,
    "initial_ADM_linear_momentum": [
        -1.89327e-10,
        1.975285e-10,
        4.71702e-11
    ],
    "initial_ADM_angular_momentum": [
        1.50934e-11,
        -1.5467e-12,
        1.1490226675264523
    ],
    "initial_mass1": 0.7500000005735531,
    "initial_mass2": 0.2500000000074616,
    "initial_dimensionless_spin1": [
        1.676e-13,
        -1.121e-13,
        0.5999999975739274
    ],
    "initial_dimensionless_spin2": [
        9.74e-14,
        -8.28e-14,
        -1.06684483e-08
    ],
    "initial_position1": [
        3.730828186652683,
        0.0277721101262173,
        2.0378201e-09
    ],
    "initial_position2": [
        -11.233389299147317,
        0.0277721101262173,
        2.0378201e-09
    ],
    "relaxation_time": 530.0,
    "common_horizon_time": 6812.06183915,
    "remnant_mass": 0.957051620535,
    "remnant_dimensionless_spin": [
        5.57348382385e-07,
        2.40198000437e-07,
        0.796406325071
    ],
    "remnant_velocity": [
        -0.000129002712695,
        0.000166590631856,
        1.85611875851e-07
    ],
    "metadata_version": 1,
    "spec_revisions": "InitialCommit-30836-gf3a46ee",
    "spells_revision": "f3a46eeb4445f3fafcae9438518ab49d75d2b4df",
    "com_parameters": {
        "space_translation": [
            0.010952403,
            -0.00619568813,
            -7.1474017e-05
        ],
        "boost_velocity": [
            -2.24994568e-05,
            9.91585012e-06,
            1.86574306e-07
        ]
    },
    "initial_mass_ratio": 3.0000000022046733
}