{
    "simulation_name": "0240/Lev4",
    "alternative_names": [
        "BFI:RerunAlignedCatalog:0240",
        "SXS:BBH:2114"
    ],
    "initial_data_type": "BBH_SKS",
    "object_types": "BHBH",
    "number_of_orbits": 23.2299816834,
    "reference_mass_ratio": 1.999919084602026,
    "reference_chi_eff": -0.30003546402073844,
    "reference_chi1_perp": 9.703100556573933e-09,
    "reference_chi2_perp": 1.2535064378381977e-08,
    "reference_eccentricity": 5.06e-05,
    "reference_dimensionless_spin1": [
        1.46537686321e-09,
        -8.83205652144e-09,
        -0.30005110733
    ],
    "reference_dimensionless_spin2": [
        7.13377406229e-09,
        -7.67139202484e-09,
        -0.300004178668
    ],
    "reference_orbital_frequency": [
        1.35444536892e-10,
        7.99620233522e-12,
        0.0139619211705
    ],
    "reference_mass1": 0.66663343365,
    "reference_mass2": 0.333330202598,
    "reference_time": 640.0,
    "reference_position1": [
        -4.60292858251,
        3.30862877528,
        2.77315251354e-06
    ],
    "reference_position2": [
        9.26576222193,
        -6.54735269694,
        2.64425707292e-06
    ],
    "reference_mean_anomaly": 1.067893,
    "keywords": [],
    "point_of_contact_email": "harald.pfeiffer@aei.mpg.de",
    "authors_emails": [],
    "simulation_bibtex_keys": [
        "Chu:2015kft",
        "Boyle:2019kee",
        "SXSCatalogWebsite"
    ],
    "code_bibtex_keys": [
        "Ossokine:2013zga",
        "Hemberger:2012jz",
        "Szilagyi:2009qz",
        "Boyle:2009vi",
        "Scheel:2008rj",
        "Boyle:2007ft",
        "Scheel:2006gg",
        "Lindblom:2005qh",
        "Pfeiffer:2002wt",
        "SpECwebsite"
    ],
    "initial_data_bibtex_keys": [
        "Buchman:2012dw",
        "Lovelace:2008tw",
        "Pfeiffer:2007yz",
        "Caudill:2006hw",
        "Cook:2004kt"
    ],
    "quasicircular_bibtex_keys": [
        "Mroue:2012kv",
        "Buonanno:2010yk",
        "Mroue:2010re",
        "Boyle:2007ft"
    ],
    "initial_separation": 16.7941396095,
    "initial_orbital_frequency": 0.013515249293,
    "initial_adot": -6.52702889532e-05,
    "object1": "bh",
    "object2": "bh",
    "initial_ADM_energy": 0.9941111472789568,
    "initial_ADM_linear_momentum": [
        -2.8763387e-09,
        -8.3006524e-09,
        2.6812e-12
    ],
    "initial_ADM_angular_momentum": [
        -1.6564e-12,
        1.64327e-11,
        0.8686286831313654
    ],
    "initial_mass1": 0.6666666941023165,
    "initial_mass2": 0.33333334541471,
    "initial_dimensionless_spin1": [
        -3.5e-15,
        -2.6e-14,
        -0.2999999874861881
    ],
    "initial_dimensionless_spin2": [
        1.347e-13,
        -4.42e-14,
        -0.3000000402092802
    ],
    "initial_position1": [
        5.6094530915137195,
        0.0211411620739417,
        -1.3598952e-09
    ],
    "initial_position2": [
        -11.18468651798628,
        0.0211411620739417,
        -1.3598952e-09
    ],
    "relaxation_time": 640.0,
    "common_horizon_time": 7259.20678447,
    "remnant_mass": 0.967000162526,
    "remnant_dimensionless_spin": [
        6.58995745554e-09,
        -1.14594098906e-09,
        0.507542812012
    ],
    "remnant_velocity": [
        0.00067833411906,
        6.62047084443e-05,
        5.46443393986e-09
    ],
    "metadata_version": 1,
    "spec_revisions": "InitialCommit-30836-gf3a46ee",
    "spells_revision": "f3a46eeb4445f3fafcae9438518ab49d75d2b4df",
    "com_parameters": {
        "space_translation": [
            -0.00539655989,
            -0.000390812808,
            -5.92785548e-07
        ],
        "boost_velocity": [
            3.62512317e-06,
            1.42272228e-05,
            6.04936596e-09
        ]
    },
    "initial_mass_ratio": 2.000000009818689
}