{
    "simulation_name": "0564/Lev3",
    "alternative_names": [
        "BFI:q4_7d:0564",
        "SXS:BBH:2036"
    ],
    "initial_data_type": "BBH_SKS",
    "object_types": "BHBH",
    "number_of_orbits": 20.1357164456,
    "reference_mass_ratio": 3.9997120750623263,
    "reference_chi_eff": -0.08004769573701395,
    "reference_chi1_perp": 5.965884765093003e-07,
    "reference_chi2_perp": 3.984435001107458e-07,
    "reference_eccentricity": 0.0001487,
    "reference_dimensionless_spin1": [
        -3.17601546978e-07,
        5.05007767358e-07,
        -4.20197536287e-05
    ],
    "reference_dimensionless_spin2": [
        -3.33731620248e-07,
        1.26710776402e-07,
        -0.400047364042
    ],
    "reference_orbital_frequency": [
        5.64186824438e-09,
        9.55609629382e-09,
        0.0179286234196
    ],
    "reference_mass1": 0.799932739093,
    "reference_mass2": 0.199997580846,
    "reference_time": 360.0,
    "reference_position1": [
        2.83254669697,
        0.302534741911,
        2.88855323513e-05
    ],
    "reference_position2": [
        -11.3892611263,
        -1.34144754919,
        3.42371768568e-05
    ],
    "reference_mean_anomaly": 0.050799,
    "keywords": [],
    "point_of_contact_email": "sfield@astro.cornell.edu",
    "authors_emails": [],
    "simulation_bibtex_keys": [
        "Varma:2019csw",
        "Boyle:2019kee",
        "SXSCatalogWebsite"
    ],
    "code_bibtex_keys": [
        "Ossokine:2013zga",
        "Hemberger:2012jz",
        "Szilagyi:2009qz",
        "Boyle:2009vi",
        "Scheel:2008rj",
        "Boyle:2007ft",
        "Scheel:2006gg",
        "Lindblom:2005qh",
        "Pfeiffer:2002wt",
        "SpECwebsite"
    ],
    "initial_data_bibtex_keys": [
        "Buchman:2012dw",
        "Lovelace:2008tw",
        "Pfeiffer:2007yz",
        "Caudill:2006hw",
        "Cook:2004kt"
    ],
    "quasicircular_bibtex_keys": [
        "Mroue:2012kv",
        "Buonanno:2010yk",
        "Mroue:2010re",
        "Boyle:2007ft"
    ],
    "initial_separation": 13.9624023438,
    "initial_orbital_frequency": 0.017457452916,
    "initial_adot": -7.9729642961e-05,
    "object1": "bh",
    "object2": "bh",
    "initial_ADM_energy": 0.9950052285444485,
    "initial_ADM_linear_momentum": [
        -4.23413702e-08,
        9.1389029e-09,
        -1.8697e-12
    ],
    "initial_ADM_angular_momentum": [
        1.04575e-11,
        5.1414e-12,
        0.6755143960689309
    ],
    "initial_mass1": 0.8000000191049791,
    "initial_mass2": 0.2000000003608938,
    "initial_dimensionless_spin1": [
        1.7716e-12,
        3.1263e-12,
        -4.05843498e-08
    ],
    "initial_dimensionless_spin2": [
        -3.11e-14,
        1.87e-14,
        -0.3999999595918798
    ],
    "initial_position1": [
        2.799210704247342,
        0.0280384881789186,
        2.2961905e-09
    ],
    "initial_position2": [
        -11.163191639552657,
        0.0280384881789186,
        2.2961905e-09
    ],
    "relaxation_time": 360.0,
    "common_horizon_time": 4935.19193167,
    "remnant_mass": 0.978418643901,
    "remnant_dimensionless_spin": [
        -1.25985507094e-07,
        9.37204218345e-07,
        0.463797915609
    ],
    "remnant_velocity": [
        0.000360357254284,
        -0.000345207869212,
        2.5493042513e-07
    ],
    "metadata_version": 1,
    "spec_revisions": "InitialCommit-30548-g8a39246",
    "spells_revision": "8a392465d586c8ca817d062b58522dabb63df692",
    "com_parameters": {
        "space_translation": [
            0.00175412102,
            -0.0231058832,
            -6.70255854e-05
        ],
        "boost_velocity": [
            1.28291103e-05,
            3.50824017e-05,
            2.5696322e-07
        ]
    },
    "initial_mass_ratio": 4.0000000883070195
}