{
    "simulation_name": "0606/Lev3",
    "alternative_names": [
        "BFI:q4_7d:0606",
        "SXS:BBH:2068"
    ],
    "initial_data_type": "BBH_SKS",
    "object_types": "BHBH",
    "number_of_orbits": 20.4271458612,
    "reference_mass_ratio": 3.9988439043114985,
    "reference_chi_eff": 0.0007622150169923982,
    "reference_chi1_perp": 1.9891940685320857e-05,
    "reference_chi2_perp": 0.7995135542036782,
    "reference_eccentricity": 0.0002939,
    "reference_dimensionless_spin1": [
        -9.21984575547e-07,
        1.23706400175e-05,
        -0.000124823783673
    ],
    "reference_dimensionless_spin2": [
        -0.30739007562,
        -0.737243340916,
        0.0349865401965
    ],
    "reference_orbital_frequency": [
        -0.00060703732457,
        0.00101822742666,
        0.0183907604977
    ],
    "reference_mass1": 0.799945844076,
    "reference_mass2": 0.200044278601,
    "reference_time": 640.0,
    "reference_position1": [
        1.44677098274,
        -2.37230065771,
        0.175365883106
    ],
    "reference_position2": [
        -5.95450593787,
        9.53382808759,
        -0.728131184141
    ],
    "reference_mean_anomaly": 4.885674,
    "keywords": [],
    "point_of_contact_email": "sfield@astro.cornell.edu",
    "authors_emails": [],
    "simulation_bibtex_keys": [
        "Varma:2019csw",
        "Boyle:2019kee",
        "SXSCatalogWebsite"
    ],
    "code_bibtex_keys": [
        "Ossokine:2013zga",
        "Hemberger:2012jz",
        "Szilagyi:2009qz",
        "Boyle:2009vi",
        "Scheel:2008rj",
        "Boyle:2007ft",
        "Scheel:2006gg",
        "Lindblom:2005qh",
        "Pfeiffer:2002wt",
        "SpECwebsite"
    ],
    "initial_data_bibtex_keys": [
        "Buchman:2012dw",
        "Lovelace:2008tw",
        "Pfeiffer:2007yz",
        "Caudill:2006hw",
        "Cook:2004kt"
    ],
    "quasicircular_bibtex_keys": [
        "Mroue:2012kv",
        "Buonanno:2010yk",
        "Mroue:2010re",
        "Boyle:2007ft"
    ],
    "initial_separation": 13.8778076172,
    "initial_orbital_frequency": 0.017109302382,
    "initial_adot": 0.0001522319803358,
    "object1": "bh",
    "object2": "bh",
    "initial_ADM_energy": 0.9950142547838577,
    "initial_ADM_linear_momentum": [
        1.07458371e-08,
        4.46789824e-08,
        -6.58737e-11
    ],
    "initial_ADM_angular_momentum": [
        -0.0326768182796701,
        0.0088987425433752,
        0.6880692494521639
    ],
    "initial_mass1": 0.8000000356628719,
    "initial_mass2": 0.1999999889541889,
    "initial_dimensionless_spin1": [
        3.8106043e-09,
        5.5122391e-09,
        -6.18661919e-08
    ],
    "initial_dimensionless_spin2": [
        -0.7952339555702972,
        -0.0869530836342562,
        0.0063762162333777
    ],
    "initial_position1": [
        2.7856906450834353,
        0.0280562289657394,
        0.0054826371976525
    ],
    "initial_position2": [
        -11.092116972116564,
        0.0280562289657394,
        0.0054826371976525
    ],
    "relaxation_time": 640.0,
    "common_horizon_time": 4954.05310817,
    "remnant_mass": 0.977807584426,
    "remnant_dimensionless_spin": [
        -0.0221995478377,
        0.00740596835658,
        0.471758009093
    ],
    "remnant_velocity": [
        0.000257495641134,
        0.000538648188469,
        -0.00046770908764
    ],
    "metadata_version": 1,
    "spec_revisions": "InitialCommit-30548-g8a39246",
    "spells_revision": "8a392465d586c8ca817d062b58522dabb63df692",
    "com_parameters": {
        "space_translation": [
            0.00660031,
            -0.02579221,
            -0.00116253
        ],
        "boost_velocity": [
            -1.55389825e-05,
            4.75755574e-05,
            4.46599164e-06
        ]
    },
    "initial_mass_ratio": 4.000000399230603
}