{
    "simulation_name": "0270/Lev4",
    "alternative_names": [
        "BFI:RerunAlignedCatalog:0270",
        "SXS:BBH:2142"
    ],
    "initial_data_type": "BBH_SKS",
    "object_types": "BHBH",
    "number_of_orbits": 22.4892256179,
    "reference_mass_ratio": 2.9997285363967623,
    "reference_chi_eff": -0.29997353120367015,
    "reference_chi1_perp": 1.074680159967321e-07,
    "reference_chi2_perp": 1.1697380600833181e-07,
    "reference_eccentricity": 0.0002741,
    "reference_dimensionless_spin1": [
        1.00767542621e-07,
        3.16377187256e-08,
        -0.299988451426
    ],
    "reference_dimensionless_spin2": [
        -1.89712235802e-08,
        3.67084523402e-08,
        -0.299928774587
    ],
    "reference_orbital_frequency": [
        -2.33105427407e-09,
        3.08973901571e-09,
        0.0152670986761
    ],
    "reference_mass1": 0.749956413506,
    "reference_mass2": 0.250008093868,
    "reference_time": 640.0,
    "reference_position1": [
        -3.91843351744,
        -0.751097599097,
        1.4085917077e-05
    ],
    "reference_position2": [
        11.7633008225,
        2.36804103788,
        1.58490320006e-05
    ],
    "reference_mean_anomaly": 0.895026,
    "keywords": [],
    "point_of_contact_email": "hannes.rueter@aei.mpg.de",
    "authors_emails": [],
    "simulation_bibtex_keys": [
        "Chu:2015kft",
        "Boyle:2019kee",
        "SXSCatalogWebsite"
    ],
    "code_bibtex_keys": [
        "Ossokine:2013zga",
        "Hemberger:2012jz",
        "Szilagyi:2009qz",
        "Boyle:2009vi",
        "Scheel:2008rj",
        "Boyle:2007ft",
        "Scheel:2006gg",
        "Lindblom:2005qh",
        "Pfeiffer:2002wt",
        "SpECwebsite"
    ],
    "initial_data_bibtex_keys": [
        "Buchman:2012dw",
        "Lovelace:2008tw",
        "Pfeiffer:2007yz",
        "Caudill:2006hw",
        "Cook:2004kt"
    ],
    "quasicircular_bibtex_keys": [
        "Mroue:2012kv",
        "Buonanno:2010yk",
        "Mroue:2010re",
        "Boyle:2007ft"
    ],
    "initial_separation": 15.7836907668,
    "initial_orbital_frequency": 0.014759307497,
    "initial_adot": -6.64670489556e-05,
    "object1": "bh",
    "object2": "bh",
    "initial_ADM_energy": 0.9947714101002078,
    "initial_ADM_linear_momentum": [
        -1.09165689e-08,
        -1.610248069e-07,
        1.344e-12
    ],
    "initial_ADM_angular_momentum": [
        -3.41409e-11,
        1.8954e-11,
        0.6676304817304786
    ],
    "initial_mass1": 0.7500000015377184,
    "initial_mass2": 0.24999999897882,
    "initial_dimensionless_spin1": [
        -6.06e-14,
        3.62e-14,
        -0.2999999947292214
    ],
    "initial_dimensionless_spin2": [
        9.58e-14,
        -4.3e-15,
        -0.3000000185383794
    ],
    "initial_position1": [
        3.961012826362867,
        0.0274503085292103,
        -3.64350941e-08
    ],
    "initial_position2": [
        -11.822677940437133,
        0.0274503085292103,
        -3.64350941e-08
    ],
    "relaxation_time": 640.0,
    "common_horizon_time": 6539.16680129,
    "remnant_mass": 0.975675369651,
    "remnant_dimensionless_spin": [
        -2.87148603338e-08,
        1.41515699161e-07,
        0.396914613431
    ],
    "remnant_velocity": [
        7.03333461135e-05,
        0.000707297444662,
        1.26374837016e-07
    ],
    "metadata_version": 1,
    "spec_revisions": "InitialCommit-30836-gf3a46ee",
    "spells_revision": "f3a46eeb4445f3fafcae9438518ab49d75d2b4df",
    "com_parameters": {
        "space_translation": [
            -0.00251625986,
            0.0158316789,
            -7.34370626e-05
        ],
        "boost_velocity": [
            -5.04377062e-07,
            -2.38008208e-05,
            1.25870034e-07
        ]
    },
    "initial_mass_ratio": 3.0000000184050335
}