{
    "simulation_name": "0232/Lev4",
    "alternative_names": [
        "BFI:RerunAlignedCatalog:0232",
        "SXS:BBH:2106"
    ],
    "initial_data_type": "BBH_SKS",
    "object_types": "BHBH",
    "number_of_orbits": 23.8365362703,
    "reference_mass_ratio": 1.0001145282412431,
    "reference_chi_eff": 0.699930927582678,
    "reference_chi1_perp": 6.403666113084263e-08,
    "reference_chi2_perp": 6.824006275471156e-08,
    "reference_eccentricity": 2.21e-05,
    "reference_dimensionless_spin1": [
        -5.34101714567e-08,
        4.08395796569e-08,
        0.899797939478
    ],
    "reference_dimensionless_spin2": [
        -3.53284093646e-08,
        6.86005451235e-08,
        0.50004102527
    ],
    "reference_orbital_frequency": [
        1.44391157853e-10,
        4.13573545492e-10,
        0.0155605760205
    ],
    "reference_mass1": 0.500077212388,
    "reference_mass2": 0.500019945983,
    "reference_time": 640.0,
    "reference_position1": [
        -7.40546676508,
        -2.67221924177,
        -5.80675906291e-06
    ],
    "reference_position2": [
        7.41816904218,
        2.66989104916,
        -6.08629610739e-06
    ],
    "reference_mean_anomaly": 5.690402,
    "keywords": [],
    "point_of_contact_email": "harald.pfeiffer@aei.mpg.de",
    "authors_emails": [],
    "simulation_bibtex_keys": [
        "Chu:2015kft",
        "Boyle:2019kee",
        "SXSCatalogWebsite"
    ],
    "code_bibtex_keys": [
        "Ossokine:2013zga",
        "Hemberger:2012jz",
        "Szilagyi:2009qz",
        "Boyle:2009vi",
        "Scheel:2008rj",
        "Boyle:2007ft",
        "Scheel:2006gg",
        "Lindblom:2005qh",
        "Pfeiffer:2002wt",
        "SpECwebsite"
    ],
    "initial_data_bibtex_keys": [
        "Buchman:2012dw",
        "Lovelace:2008tw",
        "Pfeiffer:2007yz",
        "Caudill:2006hw",
        "Cook:2004kt"
    ],
    "quasicircular_bibtex_keys": [
        "Mroue:2012kv",
        "Buonanno:2010yk",
        "Mroue:2010re",
        "Boyle:2007ft"
    ],
    "initial_separation": 15.5003920699,
    "initial_orbital_frequency": 0.014410221143,
    "initial_adot": 0.0003289241825745,
    "object1": "bh",
    "object2": "bh",
    "initial_ADM_energy": 0.9927565378148385,
    "initial_ADM_linear_momentum": [
        8.3343224e-09,
        4.3457683e-08,
        -5.3058e-12
    ],
    "initial_ADM_angular_momentum": [
        -4.9088e-12,
        -2.9715e-12,
        1.4387038127739884
    ],
    "initial_mass1": 0.5000000468578847,
    "initial_mass2": 0.4999999842288953,
    "initial_dimensionless_spin1": [
        -6.273e-13,
        3.558e-13,
        0.8999999556471714
    ],
    "initial_dimensionless_spin2": [
        2.621e-13,
        -4.737e-13,
        0.4999999895204575
    ],
    "initial_position1": [
        7.737357805732358,
        0.0026432436779768,
        5.532406e-10
    ],
    "initial_position2": [
        -7.763034264167642,
        0.0026432436779768,
        5.532406e-10
    ],
    "relaxation_time": 640.0,
    "common_horizon_time": 6252.05622629,
    "remnant_mass": 0.919784731352,
    "remnant_dimensionless_spin": [
        -6.69810585172e-09,
        3.33782797901e-08,
        0.88278844752
    ],
    "remnant_velocity": [
        -0.000133927802725,
        8.36214329364e-05,
        -1.10304924884e-08
    ],
    "metadata_version": 1,
    "spec_revisions": "InitialCommit-30836-gf3a46ee",
    "spells_revision": "f3a46eeb4445f3fafcae9438518ab49d75d2b4df",
    "com_parameters": {
        "space_translation": [
            0.000188226672,
            -0.000421409399,
            1.55285434e-06
        ],
        "boost_velocity": [
            5.86880849e-07,
            6.20174086e-06,
            -1.24894866e-08
        ]
    },
    "initial_mass_ratio": 1.0000001252579827
}