{
    "simulation_name": "0266/Lev4",
    "alternative_names": [
        "BFI:RerunAlignedCatalog:0266",
        "SXS:BBH:2138"
    ],
    "initial_data_type": "BBH_SKS",
    "object_types": "BHBH",
    "number_of_orbits": 22.0288275257,
    "reference_mass_ratio": 2.999991169030748,
    "reference_chi_eff": -0.35008903943941727,
    "reference_chi1_perp": 1.6093223398191196e-07,
    "reference_chi2_perp": 5.3318370601502064e-08,
    "reference_eccentricity": 0.0001551,
    "reference_dimensionless_spin1": [
        5.32351085262e-08,
        -6.73597548659e-08,
        -0.600097982423
    ],
    "reference_dimensionless_spin2": [
        -1.14088038076e-08,
        -3.37616529442e-09,
        0.39993558169
    ],
    "reference_orbital_frequency": [
        4.82775619176e-10,
        -1.89968432407e-09,
        0.014949087748
    ],
    "reference_mass1": 0.749980020865,
    "reference_mass2": 0.249994076185,
    "reference_time": 440.0,
    "reference_position1": [
        3.95823714949,
        0.921784743595,
        -9.36169424826e-06
    ],
    "reference_position2": [
        -11.8015858015,
        -2.89513094021,
        -9.3377781807e-06
    ],
    "reference_mean_anomaly": 4.050861,
    "keywords": [],
    "point_of_contact_email": "hannes.rueter@aei.mpg.de",
    "authors_emails": [],
    "simulation_bibtex_keys": [
        "Chu:2015kft",
        "Boyle:2019kee",
        "SXSCatalogWebsite"
    ],
    "code_bibtex_keys": [
        "Ossokine:2013zga",
        "Hemberger:2012jz",
        "Szilagyi:2009qz",
        "Boyle:2009vi",
        "Scheel:2008rj",
        "Boyle:2007ft",
        "Scheel:2006gg",
        "Lindblom:2005qh",
        "Pfeiffer:2002wt",
        "SpECwebsite"
    ],
    "initial_data_bibtex_keys": [
        "Buchman:2012dw",
        "Lovelace:2008tw",
        "Pfeiffer:2007yz",
        "Caudill:2006hw",
        "Cook:2004kt"
    ],
    "quasicircular_bibtex_keys": [
        "Mroue:2012kv",
        "Buonanno:2010yk",
        "Mroue:2010re",
        "Boyle:2007ft"
    ],
    "initial_separation": 15.9015855999,
    "initial_orbital_frequency": 0.014476445076,
    "initial_adot": 2.07179193328e-05,
    "object1": "bh",
    "object2": "bh",
    "initial_ADM_energy": 0.9948301364731349,
    "initial_ADM_linear_momentum": [
        -2.53841071e-08,
        -4.5043443e-08,
        -5.0935e-12
    ],
    "initial_ADM_angular_momentum": [
        -5.33644e-11,
        1.26945e-11,
        0.5478612433117318
    ],
    "initial_mass1": 0.7499999974776287,
    "initial_mass2": 0.2500000011767703,
    "initial_dimensionless_spin1": [
        1.71e-13,
        -1.96e-14,
        -0.6000000000888309
    ],
    "initial_dimensionless_spin2": [
        -1.61e-14,
        3.372e-13,
        0.4000000144858742
    ],
    "initial_position1": [
        4.007755756989612,
        0.0295798239996218,
        -5.3253425e-09
    ],
    "initial_position2": [
        -11.893829842910389,
        0.0295798239996218,
        -5.3253425e-09
    ],
    "relaxation_time": 440.0,
    "common_horizon_time": 6513.85354302,
    "remnant_mass": 0.977394238501,
    "remnant_dimensionless_spin": [
        3.88316768424e-08,
        -8.39005594821e-08,
        0.284292044366
    ],
    "remnant_velocity": [
        0.000200662375842,
        -0.000972568286662,
        -9.63002994843e-08
    ],
    "metadata_version": 1,
    "spec_revisions": "InitialCommit-30836-gf3a46ee",
    "spells_revision": "f3a46eeb4445f3fafcae9438518ab49d75d2b4df",
    "com_parameters": {
        "space_translation": [
            -0.00412517209,
            0.000685069904,
            4.3492572e-05
        ],
        "boost_velocity": [
            1.00314458e-05,
            2.01756584e-06,
            -8.75215227e-08
        ]
    },
    "initial_mass_ratio": 2.9999999757892715
}